char1,char2,similarity
丁,丁,1.0
丁,丅,0.9123657348059597
丁,丨,0.8971029735936726
丁,了,0.884190450959508
丁,亅,0.8684618046398328
丁,亍,0.8651091824860396
丁,干,0.8639509153894677
丁,工,0.8567391129460824
丁,丄,0.8549084759633222
丁,于,0.854402675120933
