char1,char2,similarity
万,万,1.0
万,兀,0.8133538243523178
万,亓,0.8117912553735295
万,丌,0.8053725858525739
万,冗,0.8053123784156578
万,奵,0.7980919240967536
万,巨,0.7890326017334295
万,爫,0.788189700263731
万,方,0.7823889368998377
万,丶,0.7819525042577405
