char1,char2,similarity
丅,丅,1.0
丅,丨,0.9256107656549771
丅,丁,0.9123657348059597
丅,了,0.9017517566846189
丅,干,0.8810039739402629
丅,丫,0.8679431377687339
丅,于,0.8631540611323206
丅,十,0.8614498710815482
丅,亅,0.8594088361534666
丅,丄,0.8560672469196995
