char1,char2,similarity
丐,丐,1.0
丐,丏,0.8816706087313525
丐,亐,0.7908953565601052
丐,弔,0.7906871003877509
丐,弓,0.7906179318230121
丐,丂,0.7866981989941548
丐,另,0.7855917405944938
丐,一,0.784733727170475
丐,帀,0.7835607939357438
丐,不,0.7802387008897528
