char1,char2,similarity
丑,丑,1.0
丑,卫,0.8281771204035682
丑,王,0.8247584978515585
丑,五,0.8145082025421478
丑,玉,0.81229779002605
丑,三,0.810753800982097
丑,壬,0.8010420195080581
丑,玊,0.7894572277525825
丑,至,0.7874321178019932
丑,彑,0.7862826469530252
