char1,char2,similarity
且,且,1.0
且,彑,0.8299091299615697
且,亖,0.8047747449046876
且,乚,0.7912473422109075
且,互,0.7881094119428157
且,冝,0.7855937769689098
且,丩,0.783352431339703
且,巨,0.7817982586357651
且,旦,0.7805608575951132
且,朾,0.777357345985925
