char1,char2,similarity
与,与,1.0
与,勺,0.8179444404373989
与,匀,0.8105649042146735
与,勻,0.7978485125779469
与,勹,0.7973065612819366
与,丆,0.7794366022364061
与,句,0.7747193726318297
与,丶,0.7702343840037782
与,亠,0.767088097315288
与,年,0.7661742110597128
