char1,char2,similarity
专,专,1.0
专,韦,0.7831594018175076
专,丶,0.7706058677084356
专,走,0.7686231467817076
专,卡,0.7658066121354282
专,赱,0.7654743612050993
专,吿,0.7651565659150202
专,亍,0.7650161723186437
专,丆,0.7646830733572596
专,宕,0.7598985842725846
