char1,char2,similarity
丘,丘,1.0
丘,止,0.8020364527343874
丘,工,0.7972692438824454
丘,三,0.7970503265153854
丘,斤,0.7921429556726653
丘,正,0.7872894751455594
丘,五,0.785651909355829
丘,上,0.7852265379118641
丘,凡,0.7850838626332193
丘,匸,0.7833273694311577
