char1,char2,similarity
丞,丞,1.0
丞,亟,0.7804107306977202
丞,孟,0.7696475549170076
丞,氶,0.7584365340031894
丞,孓,0.7446275253639917
丞,子,0.7413058008939274
丞,示,0.7383936409526953
丞,玊,0.7350444733799553
丞,了,0.730791707795071
丞,亜,0.729711232824292
