char1,char2,similarity
业,业,1.0
业,韭,0.8297127818851991
业,亚,0.8185940648573312
业,丠,0.8111663229629708
业,並,0.8026949636286317
业,血,0.7999118745041791
业,丱,0.7920881933019386
业,北,0.7912181211358001
业,亞,0.7842337195391686
业,皿,0.7764585353965632
