char1,char2,similarity
丙,丙,1.0
丙,两,0.8116630602121564
丙,而,0.8009290387500951
丙,円,0.7940149492872915
丙,冃,0.7871215971718631
丙,闪,0.7855338528451516
丙,両,0.7834340496918403
丙,冂,0.7822572340165659
丙,因,0.7752512118873615
丙,冋,0.7724447468848896
