char1,char2,similarity
东,东,1.0
东,末,0.7827114077131172
东,糸,0.7823984037560602
东,永,0.7746182559054898
东,左,0.7697764335742772
东,杀,0.7620978358085351
东,户,0.7617823931002566
东,广,0.7605768145965374
东,午,0.7600320800434051
东,车,0.7589046830439988
