char1,char2,similarity
丨,丨,1.0
丨,十,0.9286140675950664
丨,丅,0.9256107656549771
丨,亅,0.9208453254995831
丨,丄,0.9145825877631201
丨,丿,0.9046477730618353
丨,丶,0.9010697891178464
丨,丁,0.8971029735936726
丨,丫,0.8958440574523432
丨,小,0.8823792091646242
