char1,char2,similarity
両,両,1.0
両,兩,0.847857573324359
両,雨,0.8168775817967363
両,闰,0.7946731090264556
両,两,0.7884464038112311
両,丙,0.7834340496918403
両,同,0.7832714901015888
両,囘,0.7788075030713277
両,闸,0.7784496696078474
両,间,0.7760112368371128
