char1,char2,similarity
丣,丣,1.0
丣,丱,0.824800764627778
丣,戼,0.8241657368446267
丣,卯,0.7567785190783523
丣,卵,0.7539082763445696
丣,业,0.751987327810046
丣,戸,0.751883777171568
丣,覀,0.7490095331262201
丣,弜,0.7437331090035877
丣,讣,0.7436805338692828
