char1,char2,similarity
两,两,1.0
两,丙,0.8116630602121564
两,冃,0.7959485948708708
两,両,0.7884464038112311
两,冋,0.7712075692032067
两,冂,0.7663648999806253
两,冏,0.7642003492630024
两,门,0.7630022349928938
两,问,0.7617682172223603
两,而,0.7599289410578145
