char1,char2,similarity
丫,丫,1.0
丫,丨,0.8958440574523432
丫,了,0.8782905322465984
丫,丅,0.8679431377687339
丫,彳,0.8635519132599265
丫,丶,0.8626609395591804
丫,亅,0.8528444707583067
丫,丁,0.8520856841845503
丫,十,0.8432938409014806
丫,乛,0.8386342667223836
