char1,char2,similarity
丹,丹,1.0
丹,幷,0.7923414229686674
丹,舟,0.778241810624978
丹,卩,0.7736227032966481
丹,艸,0.7721976176933432
丹,冎,0.771610630980975
丹,幵,0.7603203826331035
丹,灯,0.7599818987812277
丹,亠,0.7561859961828435
丹,一,0.753700759378125
