char1,char2,similarity
丷,丷,1.0
丷,乊,0.8778523518262933
丷,丶,0.8674037082228953
丷,一,0.8583371764900138
丷,冫,0.8397883034012086
丷,亠,0.8381254719224209
丷,乛,0.8372040356483316
丷,亻,0.8366567376228216
丷,讠,0.8358845932245695
丷,丨,0.8304924804459628
