char1,char2,similarity
丸,丸,1.0
丸,九,0.8293089390960089
丸,凣,0.7930459323435387
丸,亣,0.7838404330220771
丸,凢,0.7830762063471746
丸,二,0.7794008902096883
丸,人,0.778206635205593
丸,尢,0.7736229192719366
丸,亢,0.7705313699415204
丸,丶,0.7688083434452366
