char1,char2,similarity
为,为,1.0
为,大,0.8105446218778105
为,人,0.8102333319146084
为,犬,0.7994507772590073
为,刀,0.7870885335701403
为,力,0.7860652185667176
为,太,0.7859537342353683
为,六,0.7838464319945592
为,丙,0.7671047518209042
为,丶,0.7642192877516358
