char1,char2,similarity
乇,乇,1.0
乇,壬,0.8017145531498191
乇,亠,0.797483961521155
乇,一,0.790283381276384
乇,上,0.7885296236644709
乇,卜,0.7876748693067581
乇,七,0.7865546738825925
乇,千,0.7844265730464944
乇,丨,0.7831633022336082
乇,丶,0.7806516220910779
