char1,char2,similarity
久,久,1.0
久,人,0.8091841179864392
久,乆,0.8075687156519672
久,欠,0.7911319770470904
久,巜,0.7909307941697356
久,夊,0.7896972534473803
久,丶,0.7874193383350694
久,夕,0.7867337606302712
久,乁,0.7819657978611064
久,丿,0.7811312731213438
