char1,char2,similarity
乄,乄,1.0
乄,丶,0.8218784670494365
乄,丿,0.8204747015897885
乄,丨,0.7896046366753247
乄,一,0.7887087151396078
乄,冫,0.787383948605928
乄,亅,0.7840921759856223
乄,丫,0.7820366468526734
乄,艹,0.777089856579513
乄,卜,0.7752250767523724
