char1,char2,similarity
举,举,1.0
举,車,0.7537013038114273
举,丵,0.7506249839685266
举,幸,0.741384027123248
举,卓,0.7411039997004149
举,卞,0.7373744811345269
举,平,0.7357795796340931
举,峷,0.7354363378214763
举,阜,0.7349753678255091
举,串,0.734580138092452
