char1,char2,similarity
乁,乁,1.0
乁,丶,0.8429240222994359
乁,飞,0.8377034553372689
乁,八,0.8367969490024391
乁,冖,0.8313521586294969
乁,厂,0.8307790738583711
乁,艹,0.8291401924054971
乁,冫,0.8242007172469507
乁,一,0.8219553404959277
乁,丨,0.8211797178952731
