char1,char2,similarity
乐,乐,1.0
乐,示,0.7881371552561824
乐,禾,0.7864403471851329
乐,亅,0.7807047183328569
乐,十,0.7704136718628672
乐,予,0.7675682174230255
乐,孒,0.7654488326454801
乐,千,0.764469911004394
乐,乑,0.764439537667028
乐,子,0.7641556397928493
