char1,char2,similarity
乊,乊,1.0
乊,丷,0.8778523518262933
乊,乛,0.8464749457087315
乊,丶,0.8341437479251588
乊,宀,0.8229227167088798
乊,一,0.8218274486834136
乊,亠,0.8190683779379063
乊,艹,0.8145844806206263
乊,寸,0.8144864068102585
乊,冫,0.8095259369856473
