char1,char2,similarity
义,义,1.0
义,又,0.8609919877899007
义,叉,0.8464810612232132
义,文,0.8290220554950763
义,夊,0.8026300869810387
义,父,0.8011948554986326
义,乂,0.7948892137589668
义,攵,0.7901803801207701
义,丿,0.7818833339778057
义,仌,0.7796234814380707
