char1,char2,similarity
乍,乍,1.0
乍,亇,0.8090042731000338
乍,卜,0.8021676804665258
乍,乛,0.7916741546069874
乍,亠,0.7905380055360317
乍,丶,0.7844558725778046
乍,广,0.7778854111506901
乍,丨,0.7775993355044779
乍,午,0.774200314142136
乍,扌,0.7708121800898904
