char1,char2,similarity
乌,乌,1.0
乌,鸟,0.8162025911683249
乌,一,0.7625231058560584
乌,旬,0.7578014740672127
乌,丩,0.7567490089118047
乌,丶,0.7553563448475514
乌,勹,0.7551540842387306
乌,写,0.7544792145374861
乌,丆,0.75318288447181
乌,勾,0.7478794427407279
