char1,char2,similarity
乑,乑,1.0
乑,千,0.7811412802182596
乑,禾,0.7781800232365296
乑,丨,0.7763655664503264
乑,丅,0.7719059702948929
乑,氺,0.7714102054820342
乑,乐,0.764439537667028
乑,氷,0.7627991789317583
乑,氶,0.762064397773937
乑,米,0.7611506491807254
