char1,char2,similarity
乚,乚,1.0
乚,亻,0.8701810771506492
乚,乜,0.8611535384189861
乚,讠,0.8552108564394887
乚,丶,0.8443276817974793
乚,牜,0.8408525965308846
乚,冫,0.8319322580122209
乚,它,0.8319140523462751
乚,忄,0.8308632895365023
乚,灬,0.8267448702450666
