char1,char2,similarity
乕,乕,1.0
乕,厈,0.7814946519863696
乕,屈,0.7639071467226703
乕,眉,0.7601036504970498
乕,居,0.7577347289269829
乕,周,0.7564755406662697
乕,届,0.7515662104676468
乕,严,0.7509060262700059
乕,屵,0.7508463251072655
乕,盾,0.7499199836638663
