char1,char2,similarity
乙,乙,1.0
乙,工,0.8325628570872335
乙,乚,0.8211373854935652
乙,匸,0.8187935672850212
乙,匕,0.8168560536409446
乙,丆,0.8162912038064013
乙,王,0.8144954546228754
乙,冫,0.8112337260315127
乙,亼,0.8090059176301382
乙,巳,0.8084763658390366
