char1,char2,similarity
乓,乓,1.0
乓,乒,0.8745189031805466
乓,兵,0.8615759293274212
乓,丩,0.7849137083090073
乓,乁,0.7789934034675776
乓,丶,0.7772832784930134
乓,乀,0.7744280786970021
乓,凡,0.772987553917469
乓,弌,0.7722106951645786
乓,丷,0.7679180408863548
