char1,char2,similarity
乗,乗,1.0
乗,乘,0.825666205692042
乗,琹,0.7978932737380352
乗,录,0.7717323665798093
乗,杲,0.7709714058420125
乗,籴,0.7551252946434833
乗,朵,0.7499124387708291
乗,棐,0.7498121465415151
乗,果,0.7486512731738088
乗,朶,0.7454848096646931
