char1,char2,similarity
乤,乤,1.0
乤,亨,0.7639580842422703
乤,乧,0.7635897496033824
乤,丅,0.7593684535472903
乤,匚,0.7571535122777455
乤,了,0.7556193480948182
乤,丐,0.7532828298849825
乤,忑,0.7532605299847904
乤,区,0.7439244926530406
乤,丏,0.7424381732129683
