char1,char2,similarity
习,习,1.0
习,丶,0.8002414541810412
习,厂,0.7843843002350326
习,乁,0.7786010419600568
习,月,0.7785670574211236
习,可,0.7777732167465631
习,弓,0.7769593166766021
习,爫,0.7767073707361561
习,写,0.7757855375685507
习,丁,0.7744943314036086
