char1,char2,similarity
乥,乥,1.0
乥,己,0.7759331032556576
乥,已,0.7668595707540288
乥,艺,0.7545581940691534
乥,巳,0.749128572073988
乥,乭,0.7448724548316601
乥,乤,0.7419926699667156
乥,兄,0.7410590559928517
乥,习,0.7400418001147531
乥,匚,0.7391715851479176
