char1,char2,similarity
也,也,1.0
也,亅,0.7890565626050349
也,止,0.7803986927851331
也,圡,0.7711331538653393
也,丗,0.7708539136205479
也,乜,0.7698187929381936
也,色,0.7684799053619689
也,包,0.765614310462818
也,丨,0.7652745484270491
也,正,0.7642781492389586
