char1,char2,similarity
乡,乡,1.0
乡,少,0.8066213663392401
乡,夕,0.7983178952040155
乡,丶,0.7874407777088895
乡,歺,0.7724710851239074
乡,丨,0.7708988942773053
乡,丿,0.7698868181600955
乡,扌,0.768830204325838
乡,亻,0.7678868204308013
乡,亅,0.7665603203281921
