char1,char2,similarity
乢,乢,1.0
乢,乣,0.8257817757845496
乢,扎,0.8228245575634401
乢,圠,0.8223161890065857
乢,臫,0.8069331144448488
乢,札,0.8025560274055826
乢,糺,0.7908671237418021
乢,虻,0.7847668566464916
乢,牝,0.7840347154829365
乢,齓,0.7832869586835277
