char1,char2,similarity
乞,乞,1.0
乞,亇,0.8194894660862131
乞,艺,0.8118028587797214
乞,乚,0.7912320024766144
乞,它,0.7848614341311286
乞,勺,0.7773701883146386
乞,匀,0.7749371965574131
乞,午,0.7732603556301914
乞,丶,0.7728169234484356
乞,匕,0.7709231933116074
