char1,char2,similarity
乩,乩,1.0
乩,虬,0.813979432050552
乩,乱,0.7887424237884457
乩,凡,0.7867644751938853
乩,凢,0.7837591824105627
乩,亃,0.7783230993704064
乩,亂,0.7744938576265857
乩,凣,0.7662701628724823
乩,凸,0.7660913255330029
乩,乚,0.7651785823943951
