char1,char2,similarity
乮,乮,1.0
乮,乭,0.8199216240446904
乮,乯,0.7993998210634757
乮,乼,0.786198310064483
乮,乻,0.786019089941332
乮,乷,0.7717055904127867
乮,乴,0.7700877599148777
乮,乺,0.7676644829224926
乮,乬,0.7630385023225572
乮,乲,0.7618289221039733
