char1,char2,similarity
乪,乪,1.0
乪,已,0.7641115560638072
乪,氹,0.7548852763488239
乪,己,0.7509150451771993
乪,巴,0.7417414440479596
乪,乶,0.7410926060401394
乪,丛,0.7335272685684409
乪,丑,0.7329065907067928
乪,卫,0.731446898034175
乪,巳,0.7309123966196701
