char1,char2,similarity
乭,乭,1.0
乭,乯,0.8222476433314067
乭,乮,0.8199216240446904
乭,乴,0.7988017092520178
乭,乻,0.7967968247005301
乭,乼,0.7812788465661231
乭,乶,0.7741163128484218
乭,乲,0.7688576205552884
乭,乬,0.7678590490472127
乭,乷,0.7651937618431528
