char1,char2,similarity
乷,乷,1.0
乷,乼,0.7984935904895271
乷,乺,0.7875168509325993
乷,乲,0.7744205568220686
乷,乻,0.7731784878176644
乷,乮,0.7717055904127867
乷,乯,0.7661861560350592
乷,乭,0.7651937618431528
乷,乬,0.7525104279902285
乷,乽,0.7472133708498697
