char1,char2,similarity
买,买,1.0
买,丈,0.7451063881798751
买,厌,0.7404026431274059
买,页,0.7391141125922198
买,巠,0.7387837782385942
买,芙,0.7384621536235032
买,共,0.7384074852566866
买,笑,0.7372188307121265
买,了,0.7354734017464937
买,芺,0.7349086526767342
