char1,char2,similarity
乲,乲,1.0
乲,乼,0.8096957398576325
乲,乷,0.7744205568220686
乲,乻,0.7711257785396891
乲,乭,0.7688576205552884
乲,乮,0.7618289221039733
乲,乯,0.7618218842906684
乲,乴,0.7607392422202155
乲,乬,0.7534005682496637
乲,乺,0.7492848965228162
