char1,char2,similarity
乿,乿,1.0
乿,乹,0.7941965490406978
乿,乵,0.7768363387834084
乿,札,0.7761609845231197
乿,臫,0.7728634615389998
乿,圠,0.7700524810490336
乿,扎,0.7657853248511647
乿,乢,0.763359095964591
乿,乣,0.7569921282882444
乿,乨,0.7567553211702578
