char1,char2,similarity
乻,乻,1.0
乻,乼,0.8067604143040463
乻,乭,0.7967968247005301
乻,乯,0.7890527116448096
乻,乮,0.786019089941332
乻,乴,0.7825755746116634
乻,乷,0.7731784878176644
乻,乲,0.7711257785396891
乻,乺,0.7553090561683962
乻,乬,0.7470366391314236
