char1,char2,similarity
乼,乼,1.0
乼,乲,0.8096957398576325
乼,乻,0.8067604143040463
乼,乷,0.7984935904895271
乼,乯,0.7934515182802747
乼,乮,0.786198310064483
乼,乭,0.7812788465661231
乼,乬,0.7559445206914901
乼,乺,0.74539632308166
乼,乴,0.7380023412840078
