char1,char2,similarity
乾,乾,1.0
乾,亁,0.7965550332945731
乾,乹,0.7877681778323671
乾,斡,0.7680345405762078
乾,韩,0.7673868921826226
乾,戟,0.7338707443231492
乾,朝,0.7326749811180041
乾,麧,0.7273733724872152
乾,軋,0.7268726443046897
乾,芄,0.7222401538336103
