char1,char2,similarity
亀,亀,1.0
亀,臯,0.7722984818347843
亀,筸,0.7584460956489512
亀,鲁,0.7579444422172612
亀,葟,0.7547521633625877
亀,篁,0.7541276222058123
亀,罥,0.7520063686071621
亀,篂,0.7483373781337149
亀,莗,0.7467657197778795
亀,箼,0.7423494779510018
