char1,char2,similarity
乺,乺,1.0
乺,乷,0.7875168509325993
乺,乴,0.7728353281338053
乺,乬,0.7701779126234906
乺,乮,0.7676644829224926
乺,乭,0.7624886252303306
乺,乻,0.7553090561683962
乺,乯,0.755281868445064
乺,乲,0.7492848965228162
乺,乼,0.74539632308166
