char1,char2,similarity
乽,乽,1.0
乽,乬,0.7867642926830193
乽,乯,0.7623429461484499
乽,翥,0.7590087975958631
乽,惪,0.7478806719569119
乽,乷,0.7472133708498697
乽,乮,0.7447971404626518
乽,乶,0.7359161365875844
乽,乺,0.733022824634005
乽,寡,0.7306367041813719
