char1,char2,similarity
予,予,1.0
予,孒,0.8814456811486725
予,十,0.8562243649520163
予,于,0.8406976222054484
予,子,0.8254062933933435
予,了,0.817466379117062
予,丨,0.8162811301126479
予,亅,0.8153422955994645
予,亠,0.809360871010162
予,亍,0.808554057426485
