char1,char2,similarity
云,云,1.0
云,亖,0.788013156889568
云,士,0.7851953139011105
云,亓,0.7840654664553061
云,亍,0.7826120697320599
云,斤,0.7818267945890197
云,万,0.7769602929105841
云,厹,0.772527537868964
云,土,0.7673739145164066
云,丶,0.7672729447432944
