char1,char2,similarity
于,于,1.0
于,十,0.8818024779560012
于,丅,0.8631540611323206
于,了,0.8614985559271369
于,丨,0.8570905156007361
于,丁,0.854402675120933
于,子,0.8520173136255152
于,孒,0.8477816047099319
于,士,0.8472656980647953
于,予,0.8406976222054484
