char1,char2,similarity
亓,亓,1.0
亓,亍,0.8358832885624372
亓,计,0.8235419005946709
亓,元,0.8203508498924625
亓,廾,0.817494924827433
亓,介,0.8147293457743252
亓,万,0.8117912553735295
亓,亖,0.8064099089770805
亓,厂,0.803348527756567
亓,斤,0.8031047259045746
