char1,char2,similarity
亚,亚,1.0
亚,业,0.8185940648573312
亚,亞,0.8176842981860529
亚,冮,0.8023063345689249
亚,巨,0.774955107082364
亚,皿,0.7746014768036619
亚,亖,0.7740797598194485
亚,玊,0.7730495425141647
亚,卫,0.7726268350067401
亚,丑,0.7714632555068288
