char1,char2,similarity
亝,亝,1.0
亝,些,0.7814669440335739
亝,垒,0.763905701049929
亝,垐,0.7490094467481491
亝,立,0.7488110239022795
亝,堊,0.7466864338211503
亝,坠,0.7430605845237673
亝,呈,0.7384516918516713
亝,荃,0.7367521392986401
亝,丛,0.736311562470571
