char1,char2,similarity
亘,亘,1.0
亘,里,0.8248722350089465
亘,呈,0.8104619180540708
亘,弖,0.8008796292431195
亘,旦,0.8002267931193783
亘,豆,0.787823491036715
亘,玊,0.7800959143152078
亘,圧,0.7788151660162401
亘,亙,0.7764746747687625
亘,巫,0.7737692269855497
