char1,char2,similarity
亡,亡,1.0
亡,二,0.8245336603313971
亡,丄,0.8226440046927005
亡,宀,0.8136261936144944
亡,艹,0.8100277845186471
亡,尢,0.8059207996953913
亡,亅,0.8049869187749165
亡,丨,0.8031899400136143
亡,忄,0.8028993571524546
亡,乚,0.8012715066350191
