char1,char2,similarity
亠,亠,1.0
亠,丶,0.8837311379099515
亠,一,0.8783494042813267
亠,十,0.8661866765912423
亠,千,0.863021844568564
亠,丨,0.8618069493618785
亠,乛,0.8473667006650203
亠,亅,0.8466356555562936
亠,干,0.8450499901644225
亠,子,0.844245579165356
