char1,char2,similarity
亦,亦,1.0
亦,广,0.7761196184433374
亦,乛,0.7557149937517773
亦,充,0.7488728243181874
亦,亢,0.7470319622716725
亦,交,0.7467438023305761
亦,柞,0.7446232694687064
亦,赤,0.7438093815557634
亦,拃,0.7436038772571832
亦,丱,0.7401200564748651
