char1,char2,similarity
亥,亥,1.0
亥,充,0.7788383256982537
亥,支,0.7551123552488558
亥,丆,0.7530264322403056
亥,艾,0.7518272934799138
亥,攴,0.7505537272278546
亥,安,0.7432037770902388
亥,实,0.7430365156233788
亥,艽,0.7428084676375795
亥,三,0.7420397020071045
