char1,char2,similarity
交,交,1.0
交,支,0.8206360121186058
交,艾,0.8154903854846439
交,攵,0.8123424092165786
交,文,0.7987393852442342
交,丈,0.7659843642412911
交,攴,0.7637205948793877
交,广,0.7607469949744732
交,史,0.7588849497672834
交,仌,0.7585136965164267
