char1,char2,similarity
亪,亪,1.0
亪,芞,0.7818714110393276
亪,乁,0.7800769554750712
亪,罒,0.7766709753038514
亪,覀,0.774417328360152
亪,罓,0.76468209221683
亪,弯,0.7639888739574159
亪,气,0.7630887311061078
亪,丶,0.7552890321715642
亪,冖,0.7519345997201228
