char1,char2,similarity
产,产,1.0
产,广,0.8245272583742163
产,厂,0.8192628521483608
产,冖,0.8157741390570123
产,亠,0.8094267792174432
产,丆,0.8034289818653568
产,屵,0.8033264260696704
产,罒,0.8013377977188976
产,冫,0.8008418179010212
产,丶,0.7988173397239442
