char1,char2,similarity
亲,亲,1.0
亲,余,0.7885134380917327
亲,亍,0.7850307461474434
亲,妾,0.7820666465217515
亲,手,0.7786895020863521
亲,示,0.7743251844099431
亲,佘,0.7678957143517159
亲,帝,0.7632517073865775
亲,亰,0.7615549166280247
亲,莍,0.7610289256520504
