char1,char2,similarity
亵,亵,1.0
亵,袬,0.7562786639684086
亵,袌,0.7444226368634852
亵,衰,0.7442645116076815
亵,袲,0.7348362484991791
亵,袠,0.7339132303428333
亵,衷,0.7327955828240481
亵,褏,0.7295793955306751
亵,褎,0.7239352870948239
亵,袈,0.7231857012035829
