char1,char2,similarity
亴,亴,1.0
亴,蔩,0.7489350989729792
亴,膏,0.7463796435466941
亴,雮,0.7330041265003034
亴,軍,0.7264744009483192
亴,焉,0.7249063768588424
亴,電,0.7220421702264059
亴,毳,0.7214258349314183
亴,曼,0.7180277073986668
亴,壘,0.7177580132838003
