char1,char2,similarity
亭,亭,1.0
亭,亨,0.8611831960928281
亭,亮,0.83330364704259
亭,享,0.8254833154103303
亭,事,0.7887813599073986
亭,乎,0.7766499866621418
亭,寜,0.7719207910195509
亭,髙,0.7703069411586916
亭,夢,0.7700874542848285
亭,皋,0.7684039767324934
