char1,char2,similarity
亯,亯,1.0
亯,畗,0.7967761442617558
亯,菑,0.7807151586384502
亯,畓,0.779720224036411
亯,車,0.7740791151040531
亯,彗,0.769680945112327
亯,亰,0.7667970982385118
亯,卓,0.7657972044972521
亯,菖,0.7622331157320299
亯,葘,0.7601104584698279
