char1,char2,similarity
亿,亿,1.0
亿,仃,0.8212009181420088
亿,仈,0.7983858779639698
亿,忆,0.7962925910227913
亿,仁,0.796253180172928
亿,化,0.7861078444722158
亿,付,0.7847410713624715
亿,仍,0.7838727633659108
亿,仏,0.7819185430890755
亿,仔,0.7794061803099138
