char1,char2,similarity
亽,亽,1.0
亽,一,0.82193616456904
亽,丶,0.8192546360847407
亽,丨,0.8188128564500423
亽,卜,0.8180576388947668
亽,亠,0.8145070166738428
亽,亅,0.8075047902736824
亽,丿,0.8003176071445525
亽,十,0.799185861953562
亽,丷,0.7951662561508167
