char1,char2,similarity
亼,亼,1.0
亼,亾,0.8279349807236227
亼,上,0.8236715946614483
亼,丄,0.8172305166571947
亼,圡,0.8152394675807298
亼,土,0.8150866917110071
亼,乙,0.8090059176301382
亼,亗,0.7980767651974451
亼,灬,0.7980748027071085
亼,止,0.796038011702007
