char1,char2,similarity
亸,亸,1.0
亸,蝉,0.760575046696908
亸,嚲,0.7428575864427877
亸,蛼,0.7273482637290186
亸,鋽,0.7142412697791805
亸,杵,0.7134085711698078
亸,鹑,0.7098658565445392
亸,幹,0.7090414026886521
亸,褝,0.7080028668476076
亸,幝,0.7076298593829693
