char1,char2,similarity
人,人,1.0
人,太,0.8691874781784273
人,大,0.86917260448767
人,火,0.8657431437422676
人,丨,0.8476099515005728
人,丶,0.8472137553312453
人,犬,0.8433449343133603
人,乆,0.840840746933195
人,入,0.8383250273867627
人,丿,0.8380123124004513
