char1,char2,similarity
亻,亻,1.0
亻,牜,0.875774535199631
亻,乚,0.8701810771506492
亻,讠,0.8649167701657007
亻,丶,0.8585306434828643
亻,忄,0.8518917748875442
亻,一,0.8504072671126854
亻,冫,0.8462586354905172
亻,氵,0.8401692978445081
亻,亠,0.8369536287304564
