char1,char2,similarity
仃,仃,1.0
仃,忊,0.8303983595126588
仃,忏,0.8245172647495165
仃,亿,0.8212009181420088
仃,讧,0.8162820332466648
仃,疒,0.8069823570159909
仃,仁,0.804136916689345
仃,仵,0.7993751028027248
仃,冖,0.7972500142862009
仃,什,0.7966131942169316
