char1,char2,similarity
仉,仉,1.0
仉,伉,0.8191757508836557
仉,伒,0.8121997437747374
仉,仅,0.8120970795859638
仉,伔,0.8068601359816133
仉,仨,0.7977684519898017
仉,仳,0.796128661838546
仉,讥,0.7935913408798271
仉,佤,0.7934897695796329
仉,仾,0.7918532942923399
