char1,char2,similarity
今,今,1.0
今,个,0.8336073270941581
今,仐,0.8240695120061021
今,合,0.7899892856400403
今,丶,0.7884367372597091
今,介,0.7844924907339652
今,丨,0.7842619696098178
今,仑,0.780408772492359
今,仚,0.7798389425303777
今,令,0.7792175792344557
