char1,char2,similarity
仒,仒,1.0
仒,丶,0.8178266412419921
仒,亠,0.8149647795158091
仒,一,0.8099039179909063
仒,丨,0.8062814687418817
仒,十,0.8042642283691831
仒,亅,0.796442280765478
仒,个,0.7935362259709762
仒,卜,0.7920601347098537
仒,丿,0.78975118427874
