char1,char2,similarity
仏,仏,1.0
仏,仁,0.8113657539316692
仏,仈,0.7873868675059478
仏,払,0.7823157882288756
仏,亿,0.7819185430890755
仏,化,0.773024480722798
仏,什,0.7700651638520313
仏,仃,0.7669111166301696
仏,仫,0.761368358107008
仏,讠,0.7601500282666163
