char1,char2,similarity
介,介,1.0
介,亓,0.8147293457743252
介,廾,0.8135429740127813
介,仓,0.8044589347928582
介,亻,0.7974660885443318
介,合,0.7941472843564121
介,个,0.7910729641400849
介,夰,0.790849729517683
介,仑,0.7906810078063479
介,佥,0.7876255624439947
