char1,char2,similarity
仑,仑,1.0
仑,仝,0.827789787762767
仑,仓,0.8222666861015859
仑,个,0.8214638081062913
仑,乚,0.8066157129273613
仑,企,0.8022871382276366
仑,亻,0.7934203969748985
仑,它,0.7922417443176091
仑,介,0.7906810078063479
仑,仚,0.7839286970403955
