char1,char2,similarity
仜,仜,1.0
仜,仨,0.8619049017964312
仜,任,0.8423385782467026
仜,仩,0.8353141503923489
仜,仼,0.8206429921143069
仜,伫,0.8001067696322826
仜,仛,0.7992117703679613
仜,仅,0.7923822604568892
仜,位,0.7903257348177535
仜,住,0.7895499686632329
