char1,char2,similarity
付,付,1.0
付,忖,0.8163055064146583
付,卪,0.8009464519516293
付,仁,0.8007620192165962
付,仇,0.7894550519717712
付,亿,0.7847410713624715
付,仃,0.7808227490940916
付,讨,0.7783465679711026
付,可,0.7783139642379802
付,仈,0.7774884296882227
