char1,char2,similarity
仔,仔,1.0
仔,仠,0.8612049559368784
仔,仟,0.8374213176341788
仔,伃,0.832021328928277
仔,仦,0.820617475434468
仔,忹,0.8129465993197088
仔,仼,0.8085278624120712
仔,忓,0.8022753216777659
仔,汗,0.8007131887936525
仔,仵,0.7989331482162901
