char1,char2,similarity
仛,仛,1.0
仛,讬,0.8570013757014292
仛,仠,0.8351231246726594
仛,仩,0.8302512888039822
仛,仟,0.804373775070356
仛,作,0.8011111689278985
仛,仼,0.7994934333357508
仛,仜,0.7992117703679613
仛,仔,0.7812141497077693
仛,仨,0.7807239252949393
