char1,char2,similarity
仞,仞,1.0
仞,忉,0.7917184898607038
仞,伓,0.7858919724796877
仞,朷,0.7804362890233839
仞,切,0.7796641659107614
仞,伤,0.7793547803764767
仞,仢,0.7783941848790492
仞,仼,0.7754944123958784
仞,伨,0.7744171699415111
仞,初,0.7718070401777389
