char1,char2,similarity
仧,仧,1.0
仧,夭,0.8552537417348506
仧,十,0.8403291327872326
仧,人,0.8098447220394625
仧,欠,0.8096132421882012
仧,仌,0.806604186922401
仧,圥,0.8026921691718222
仧,夬,0.8018174687476461
仧,丿,0.8016387638938914
仧,氼,0.8013610638001898
