char1,char2,similarity
令,令,1.0
令,仐,0.7814711635614722
令,今,0.7792175792344557
令,一,0.7707231407451366
令,舍,0.7680970222081274
令,少,0.7669529566914577
令,尒,0.7630277207120185
令,会,0.7612227294666193
令,伞,0.7590830390700286
令,丨,0.7581743874635928
