char1,char2,similarity
仠,仠,1.0
仠,仔,0.8612049559368784
仠,仼,0.8510838350075178
仠,伓,0.8388788879944793
仠,仟,0.8381067067624285
仠,仛,0.8351231246726594
仠,任,0.8335472247507025
仠,伃,0.8274415384999448
仠,忹,0.8141931579276672
仠,忓,0.8107950569071172
