char1,char2,similarity
仮,仮,1.0
仮,伒,0.8172565827753459
仮,伲,0.7990249759942819
仮,伬,0.7923513734888306
仮,促,0.789508558548596
仮,佤,0.7893485983188022
仮,扳,0.786837221191217
仮,伋,0.7792043648408432
仮,佀,0.7739685722640602
仮,板,0.7706657854936328
