char1,char2,similarity
仱,仱,1.0
仱,忴,0.8330859064312993
仱,怜,0.8056406706905191
仱,价,0.7999665283270039
仱,伶,0.7975867419246231
仱,恰,0.7936428524484893
仱,彾,0.7920277574150428
仱,伟,0.7916391952486836
仱,伦,0.7893798514499454
仱,仯,0.7867286898528499
