char1,char2,similarity
仰,仰,1.0
仰,忓,0.7918850752303946
仰,侗,0.7910422654336615
仰,们,0.7902149576013151
仰,佪,0.778635030263635
仰,佢,0.7781310789167305
仰,低,0.7736680924955381
仰,伸,0.7713647646580153
仰,個,0.7692335099688958
仰,佃,0.7686851095500731
