char1,char2,similarity
仪,仪,1.0
仪,仅,0.7964859925024571
仪,议,0.7894219250739727
仪,侊,0.7806505964296409
仪,俠,0.7789646150122322
仪,伿,0.7788642802942299
仪,侠,0.7745385653391162
仪,伕,0.7723121617767363
仪,伩,0.7679926082217355
仪,佒,0.7624944410064878
