char1,char2,similarity
仸,仸,1.0
仸,沃,0.8264495127045975
仸,扷,0.8122074213383772
仸,伬,0.8028671306219751
仸,伏,0.7922281995773166
仸,伕,0.7910240715996747
仸,伝,0.7890423450317462
仸,伣,0.7855227934139796
仸,仅,0.7812142587178902
仸,仜,0.7792043346486147
