char1,char2,similarity
仲,仲,1.0
仲,忡,0.8319522491269071
仲,沖,0.8308891247282733
仲,仵,0.8049475989363957
仲,仁,0.7878792454021302
仲,仃,0.7829731110181398
仲,斗,0.7816428604789762
仲,忭,0.7774094139684352
仲,仦,0.7766224870260171
仲,什,0.7727668209649088
