char1,char2,similarity
仺,仺,1.0
仺,全,0.8084134250021646
仺,夿,0.8047740661900505
仺,仓,0.8009405709464907
仺,佥,0.793323224903328
仺,佱,0.7903898244986685
仺,仝,0.7864875305611511
仺,仑,0.7702005066928698
仺,企,0.7672599013985894
仺,介,0.7645262894687881
