char1,char2,similarity
件,件,1.0
件,仵,0.8011701289824513
件,怦,0.7983559230689073
件,俜,0.7954975610671423
件,伷,0.7916896320310315
件,伶,0.7869014455350509
件,性,0.7842140885159423
件,仟,0.7792815771563052
件,侍,0.7780010527547049
件,侺,0.7773833792616042
