char1,char2,similarity
价,价,1.0
价,伦,0.8029046092080419
价,仱,0.7999665283270039
价,伉,0.7988618208844424
价,伧,0.7980777229880848
价,倴,0.7947783682825355
价,仉,0.7908886475289502
价,佮,0.7883187411770713
价,伒,0.7866945290551715
价,伶,0.7835059297408475
