char1,char2,similarity
仳,仳,1.0
仳,仉,0.796128661838546
仳,玭,0.7934557791435176
仳,阰,0.791011275785853
仳,伒,0.7819448045820948
仳,佤,0.776691238584061
仳,伉,0.7751152168134079
仳,怟,0.77437959218472
仳,坁,0.7717473322665808
仳,沘,0.7699002130050627
