char1,char2,similarity
企,企,1.0
企,仝,0.8217973221281132
企,佥,0.8137125362014408
企,个,0.8121392970198739
企,仓,0.8112272718863461
企,仚,0.8038980008678296
企,仑,0.8022871382276366
企,全,0.7988065932920324
企,芷,0.7920429545985797
企,止,0.7910608612213456
