char1,char2,similarity
仾,仾,1.0
仾,侄,0.8130366870272185
仾,伒,0.8069130787342881
仾,佤,0.803844018076038
仾,伋,0.7992509469924369
仾,伹,0.799239542466437
仾,伍,0.7989359476125093
仾,恆,0.7962549997012253
仾,佢,0.7937939512452318
仾,仉,0.7918532942923399
