char1,char2,similarity
仼,仼,1.0
仼,任,0.885502915259201
仼,仨,0.8756560501593352
仼,仠,0.8510838350075178
仼,忹,0.8381648816923303
仼,仜,0.8206429921143069
仼,仩,0.8196645568824533
仼,江,0.8107773531575205
仼,汪,0.8088983368409586
仼,仔,0.8085278624120712
