char1,char2,similarity
伃,伃,1.0
伃,仟,0.8345672550908712
伃,仔,0.832021328928277
伃,仠,0.8274415384999448
伃,忬,0.8109132772078459
伃,仹,0.8010346499210079
伃,杼,0.7952902118438699
伃,伓,0.7889884685217372
伃,仼,0.7868322408785119
伃,佧,0.781939371096223
