char1,char2,similarity
份,份,1.0
份,汾,0.7957702660898841
份,扮,0.7906692444725085
份,价,0.7827726781345257
份,伢,0.7716980598985858
份,伍,0.7691487674264376
份,佮,0.7691453598663064
份,枌,0.7691368484998596
份,伧,0.769039082933119
份,佁,0.7664906332047593
