char1,char2,similarity
伆,伆,1.0
伆,仢,0.8040067542406955
伆,伤,0.7947259287092038
伆,伨,0.7724610707470401
伆,侚,0.7677504183297291
伆,伅,0.7619583665578424
伆,仞,0.7611356426902729
伆,佑,0.7581340428096013
伆,佝,0.7559003132441906
伆,佔,0.7555389032331298
