char1,char2,similarity
伎,伎,1.0
伎,佼,0.82246772986014
伎,佶,0.812280631350746
伎,伩,0.8081224856364626
伎,佳,0.799901150938688
伎,传,0.790855289138039
伎,伖,0.7902201578363509
伎,位,0.7886483657519588
伎,侒,0.7860706959573902
伎,忮,0.7858435953309906
