char1,char2,similarity
伇,伇,1.0
伇,设,0.8247486843515343
伇,没,0.7870948711695182
伇,侒,0.778589801942386
伇,倀,0.7725705649266121
伇,伿,0.7677038604562335
伇,伎,0.7662396583068448
伇,佞,0.7620646567860563
伇,俀,0.7585436377992771
伇,倪,0.7582816188662457
