char1,char2,similarity
伉,伉,1.0
伉,仉,0.8191757508836557
伉,伩,0.8169209940946934
伉,伔,0.8131028455016882
伉,位,0.8068581809867507
伉,仿,0.8024897592543335
伉,仇,0.801035945342987
伉,价,0.7988618208844424
伉,伕,0.7962273266031878
伉,沆,0.7814328459798999
