char1,char2,similarity
伌,伌,1.0
伌,佢,0.7956568608418904
伌,伛,0.791448244701795
伌,伣,0.7830976578142557
伌,侲,0.7813280176618359
伌,偭,0.7770788174914887
伌,侕,0.7763302578399721
伌,伍,0.773352050273943
伌,佷,0.7727730263822915
伌,傆,0.7727096021492887
