char1,char2,similarity
伏,伏,1.0
伏,伙,0.8225740210808586
伏,认,0.8064558256405879
伏,汱,0.8062466597383972
伏,仩,0.7989207718523232
伏,优,0.7930225089224421
伏,仸,0.7922281995773166
伏,忲,0.7870699945903648
伏,仫,0.7855708505579851
伏,忕,0.7853479959403401
