char1,char2,similarity
伊,伊,1.0
伊,仴,0.787255693330831
伊,仔,0.7761148447295091
伊,伏,0.7760296302081832
伊,伙,0.7694091557560319
伊,仞,0.7654256018681316
伊,忸,0.765251038706087
伊,卢,0.7597195313442039
伊,佰,0.7585266753588057
伊,仵,0.7581602799306667
