char1,char2,similarity
伓,伓,1.0
伓,仠,0.8388788879944793
伓,怀,0.8316472382237037
伓,伾,0.8234976534687656
伓,伻,0.7966955846635435
伓,伄,0.7930421222566653
伓,仼,0.7901418703915501
伓,仔,0.7893445771453232
伓,伃,0.7889884685217372
伓,伴,0.7886365249448746
