char1,char2,similarity
伖,伖,1.0
伖,伋,0.7998952315791023
伖,伎,0.7902201578363509
伖,位,0.7858248666340283
伖,佊,0.7686611651664259
伖,攸,0.7683617738990572
伖,住,0.7663826153927964
伖,佅,0.766237183370752
伖,伭,0.7636492134987112
伖,伉,0.7632707356798062
