char1,char2,similarity
伔,伔,1.0
伔,伉,0.8131028455016882
伔,仉,0.8068601359816133
伔,沉,0.7990670227007991
伔,伿,0.7929339594230993
伔,仇,0.7919085921643486
伔,忨,0.7887478286362001
伔,伒,0.7882360460058883
伔,仾,0.7873582166769242
伔,仅,0.7858408880647204
