char1,char2,similarity
休,休,1.0
休,体,0.7873449152782278
休,沐,0.7813976243026667
休,伱,0.7804361210347349
休,估,0.776687935025993
休,怵,0.7668894208126955
休,侼,0.7634429708401447
休,倬,0.7615230530399966
休,佔,0.7579961485799873
休,件,0.7565501866096187
