char1,char2,similarity
伐,伐,1.0
伐,代,0.8195599652091222
伐,优,0.7881229390919033
伐,找,0.7791448044638065
伐,仜,0.7667777316531817
伐,仩,0.7656807023032081
伐,仅,0.7613423377612659
伐,伩,0.7590250354088884
伐,仨,0.7586501111707983
伐,佧,0.7577624095278914
