char1,char2,similarity
伜,伜,1.0
伜,忰,0.8060273448091938
伜,伡,0.7890146855005007
伜,伴,0.7875693886959446
伜,倅,0.7839551189710786
伜,仹,0.7825293112276634
伜,佇,0.7810101817883983
伜,佧,0.7806327680545423
伜,侘,0.775950821164386
伜,伂,0.77093489983961
