char1,char2,similarity
伟,伟,1.0
伟,伅,0.8392425539755816
伟,伂,0.8035610802173297
伟,玮,0.8013636163438077
伟,仱,0.7916391952486836
伟,伸,0.7857233262686559
伟,仕,0.7845017182811876
伟,仦,0.7837345969682706
伟,什,0.7826760056940808
伟,佶,0.7813232357577237
