char1,char2,similarity
伩,伩,1.0
伩,汶,0.8236303723816039
伩,伉,0.8169209940946934
伩,仅,0.8083938199989464
伩,伎,0.8081224856364626
伩,位,0.8039220960825174
伩,忟,0.7878922750489297
伩,抆,0.7871181633669885
伩,仉,0.7825253415030046
伩,佼,0.7805308268734635
