char1,char2,similarity
伪,伪,1.0
伪,侁,0.7698104838982092
伪,仂,0.7690128129609183
伪,侊,0.7672818877658647
伪,倲,0.7613843529869779
伪,俒,0.7590196084752358
伪,併,0.7554514612653714
伪,佉,0.7548196539567075
伪,偗,0.7546260003176106
伪,倪,0.7528194446406336
