char1,char2,similarity
伭,伭,1.0
伭,住,0.7984793247231025
伭,位,0.7947327800064642
伭,佶,0.7863197902596487
伭,仜,0.7857383709148593
伭,仨,0.7823029696402528
伭,依,0.7818720450158128
伭,伩,0.7793817052424228
伭,伅,0.7792199265074518
伭,仅,0.7783480867771948
