char1,char2,similarity
伤,伤,1.0
伤,仢,0.8165096157718524
伤,伨,0.8117141009327351
伤,佔,0.805530007321829
伤,佑,0.7969656938285851
伤,伆,0.7947259287092038
伤,仡,0.7826741201451282
伤,伕,0.7802944524417745
伤,仞,0.7793547803764767
伤,佚,0.7783260259419822
