char1,char2,similarity
伵,伵,1.0
伵,俩,0.7979238545728681
伵,侗,0.7862555171650075
伵,佪,0.7826105763207776
伵,価,0.7807531018621835
伵,佌,0.7629534308374296
伵,伔,0.7616975315534698
伵,们,0.7598141633164166
伵,偂,0.7571527290315634
伵,佰,0.7562709347199013
