char1,char2,similarity
伲,伲,1.0
伲,仮,0.7990249759942819
伲,坭,0.795935197545918
伲,伒,0.7870989639136768
伲,抳,0.7811980178291129
伲,悒,0.771343389571576
伲,仉,0.7687464416067821
伲,促,0.7682945279107162
伲,佤,0.7666468281218445
伲,佀,0.7664110763727231
