char1,char2,similarity
伷,伷,1.0
伷,仙,0.7921341566441181
伷,件,0.7916896320310315
伷,伸,0.7911567907061439
伷,估,0.787884443344285
伷,伫,0.785770196716775
伷,佔,0.7822768859085277
伷,伅,0.7821319107263986
伷,仦,0.7790627712514756
伷,偭,0.7784605910540431
