char1,char2,similarity
伽,伽,1.0
伽,侐,0.779994408822537
伽,侞,0.777451616611248
伽,倗,0.77331334363015
伽,佪,0.7665375063374301
伽,価,0.7654917316505577
伽,偭,0.7630195059836657
伽,伌,0.762222184660164
伽,傆,0.7617135171476469
伽,僶,0.7576618006834874
