char1,char2,similarity
伻,伻,1.0
伻,倸,0.8174492210563649
伻,保,0.8143601841557011
伻,仠,0.8061526558528411
伻,伾,0.7974881621268844
伻,伓,0.7966955846635435
伻,伴,0.7941295905120918
伻,俓,0.7939160270617138
伻,伄,0.7846980733517153
伻,忓,0.7816288648667954
