char1,char2,similarity
伹,伹,1.0
伹,佢,0.8191029450281231
伹,伳,0.8138462956916945
伹,伣,0.8118382574514775
伹,伿,0.8101499007748416
伹,俓,0.8032528634272758
伹,沮,0.8031802741838989
伹,怄,0.8011768271992072
伹,侱,0.8000516212135774
伹,佨,0.7997657769862231
