char1,char2,similarity
似,似,1.0
似,泤,0.8040485572588474
似,佢,0.7499095346590947
似,仪,0.7495320870840321
似,佄,0.7470622099896033
似,俋,0.7459563283801093
似,俍,0.7446499318980931
似,俔,0.7445631840671997
似,俅,0.7430044546006903
似,侎,0.7418156574092184
