char1,char2,similarity
佀,佀,1.0
佀,侣,0.8136646575035292
佀,佋,0.7848343709097397
佀,伒,0.7829667543313003
佀,仮,0.7739685722640602
佀,促,0.7720333531692614
佀,捛,0.7705220026133962
佀,栶,0.7693113271714859
佀,仳,0.7690346067818526
佀,怬,0.7683731703090987
