char1,char2,similarity
佇,佇,1.0
佇,伡,0.8257225282857275
佇,俕,0.8114446947772588
佇,侘,0.8042201218483278
佇,侼,0.802875235176993
佇,侒,0.7956880539355514
佇,泞,0.7937987692921814
佇,侏,0.7922446139196639
佇,倞,0.7884537854926824
佇,倅,0.785847622481361
