char1,char2,similarity
佂,佂,1.0
佂,泟,0.7932863026966788
佂,征,0.7895472254627833
佂,忓,0.7833221717316202
佂,伹,0.7824172451299628
佂,怔,0.7790180277155253
佂,证,0.7773987665648804
佂,彺,0.774713827262686
佂,伾,0.772274286452622
佂,俓,0.768699979447962
