char1,char2,similarity
佄,佄,1.0
佄,倂,0.8208622470368936
佄,佴,0.8066951013240612
佄,佫,0.7979605344420709
佄,伹,0.7882131101088343
佄,佁,0.7876542354721058
佄,佾,0.7813151626974262
佄,泔,0.7732362785861032
佄,卞,0.7657265312814067
佄,佤,0.7655654407861442
