char1,char2,similarity
佅,佅,1.0
佅,侏,0.8342946693657177
佅,沬,0.8149618754732323
佅,俕,0.8129654721368815
佅,倈,0.8096177998551299
佅,侎,0.8095725935525729
佅,沫,0.8081253439377013
佅,伂,0.8025094539395674
佅,俅,0.7993032907121183
佅,保,0.7942198681435017
