char1,char2,similarity
佉,佉,1.0
佉,伕,0.8561065583952121
佉,法,0.8156895439254912
佉,佔,0.8064424158250446
佉,俈,0.8035657419089988
佉,侁,0.8000509413822918
佉,位,0.7918322680759674
佉,俠,0.7913848094315631
佉,佅,0.7879159215244961
佉,伿,0.7864916998583316
