char1,char2,similarity
但,但,1.0
但,佢,0.820964950400788
但,侄,0.7986639216362174
但,伿,0.7932025847492035
但,伹,0.7902978220441008
但,侶,0.7766582394458696
但,仾,0.7758562528914545
但,偟,0.7740956284491178
但,泹,0.7737323351801971
但,侱,0.7679438182898688
