char1,char2,similarity
位,位,1.0
位,伉,0.8068581809867507
位,伩,0.8039220960825174
位,伭,0.7947327800064642
位,泣,0.7920684188823962
位,佉,0.7918322680759674
位,佔,0.7903616722071554
位,仜,0.7903257348177535
位,伎,0.7886483657519588
位,伫,0.7882327649228899
