char1,char2,similarity
佑,佑,1.0
佑,佦,0.8188187648425497
佑,佔,0.8181287578924561
佑,伤,0.7969656938285851
佑,佐,0.7900665235379409
佑,怙,0.7767188725269852
佑,伭,0.7766874155607378
佑,佲,0.7762696394207317
佑,伉,0.7745135440420933
佑,伫,0.7730910189051592
