char1,char2,similarity
佌,佌,1.0
佌,泚,0.8512598202882281
佌,倵,0.7905253430259234
佌,俹,0.7740076975119181
佌,併,0.7724864327996588
佌,忨,0.7686731326747785
佌,伔,0.7652903952522643
佌,侗,0.7648100750659087
佌,伵,0.7629534308374296
佌,価,0.7628496494905217
