char1,char2,similarity
何,何,1.0
何,河,0.7978516749506774
何,冊,0.7746834234502927
何,习,0.7711554289977718
何,血,0.7673297660214731
何,而,0.7667654984240594
何,珂,0.7628946751715469
何,厂,0.7619724837123897
何,西,0.7612853495712902
何,停,0.7580260139848282
