char1,char2,similarity
佔,佔,1.0
佔,估,0.8250846967089621
佔,伯,0.8249133401034949
佔,沾,0.8233575010698855
佔,佑,0.8181287578924561
佔,佉,0.8064424158250446
佔,伤,0.805530007321829
佔,伂,0.8039944809300545
佔,伕,0.799140577351662
佔,仨,0.795241487307362
