char1,char2,similarity
体,体,1.0
体,休,0.7873449152782278
体,倖,0.7757719108571878
体,汴,0.7678368447395109
体,俥,0.7632811870957533
体,估,0.7589372224032419
体,俸,0.7511144085367694
体,侺,0.7500742326303486
体,佯,0.7497717154865767
体,侳,0.74541928175919
