char1,char2,similarity
作,作,1.0
作,泎,0.8196573030095535
作,佧,0.8103195709121981
作,诈,0.8086857280895158
作,仛,0.8011111689278985
作,仩,0.7986722476233215
作,仠,0.7951206539780932
作,仢,0.7921711949341876
作,仟,0.7831435844300836
作,伟,0.7745899484383275
