char1,char2,similarity
佝,佝,1.0
佝,侚,0.8262292278175413
佝,仢,0.800134517755501
佝,仡,0.7991546837696443
佝,伨,0.7847961320355751
佝,们,0.7813677054731147
佝,恂,0.7794529612957543
佝,徇,0.7778703834145952
佝,拘,0.7776724470722193
佝,伸,0.7756744400878461
