char1,char2,similarity
余,余,1.0
余,佘,0.822894074277017
余,仐,0.7931324368142552
余,会,0.7926013688498154
余,亲,0.7885134380917327
余,籴,0.7788009309648647
余,尒,0.7737282316017633
余,氽,0.7733250419795151
余,宇,0.7600356761711095
余,伞,0.7575803569365672
