char1,char2,similarity
佗,佗,1.0
佗,伦,0.8127047324261901
佗,仡,0.8071672286902143
佗,忔,0.7894643123187791
佗,忋,0.7822242250660439
佗,忳,0.7762650644936698
佗,住,0.7758029703056551
佗,佇,0.7712055952703953
佗,佝,0.7709424214367371
佗,沱,0.77033628732079
