char1,char2,similarity
佥,佥,1.0
佥,金,0.8285672803868844
佥,全,0.8233682744006618
佥,企,0.8137125362014408
佥,仝,0.8090093469371729
佥,仓,0.8010682576928644
佥,仺,0.793323224903328
佥,士,0.7917023473756521
佥,介,0.7876255624439947
佥,仑,0.7806378206133282
