char1,char2,similarity
你,你,1.0
你,伱,0.7994987863016393
你,佇,0.7807976338433457
你,仢,0.7772785824136479
你,伡,0.7709455531432393
你,侔,0.7697437629802045
你,件,0.768916263498858
你,伅,0.7667648066059872
你,伂,0.7639204971538612
你,伴,0.7610318421311714
