char1,char2,similarity
佢,佢,1.0
佢,但,0.820964950400788
佢,伹,0.8191029450281231
佢,侶,0.8028409029379002
佢,俓,0.8004533338596905
佢,伛,0.7977483892086231
佢,伌,0.7956568608418904
佢,伳,0.7944451120869849
佢,侄,0.7943121229286411
佢,佰,0.7941482332493369
