char1,char2,similarity
佨,佨,1.0
佨,伹,0.7997657769862231
佨,侚,0.7926790816618925
佨,倞,0.7894125182861872
佨,泡,0.7870718992549137
佨,俋,0.7770047541184056
佨,佹,0.7766031663282982
佨,伳,0.7749168181403069
佨,佫,0.7728279651985891
佨,佢,0.771397316644949
