char1,char2,similarity
佭,佭,1.0
佭,俥,0.7945551801696326
佭,洚,0.7835792020660668
佭,佫,0.7820821798369314
佭,倬,0.7689637600751247
佭,俻,0.7683852562134297
佭,怿,0.7669417847143712
佭,偨,0.7646547926363471
佭,佁,0.7625370231040514
佭,佅,0.7621109446893962
