char1,char2,similarity
佲,佲,1.0
佲,佔,0.7844655496168876
佲,佦,0.7819000325846757
佲,佑,0.7762696394207317
佲,侬,0.7686266915083734
佲,恄,0.7681346480425515
佲,侶,0.7666830780960967
佲,怡,0.7661925475329692
佲,洺,0.7647860383074967
佲,仜,0.7640871461608572
