char1,char2,similarity
佱,佱,1.0
佱,呈,0.8005214876350105
佱,仝,0.7995869911644078
佱,仺,0.7903898244986685
佱,里,0.7735844042102863
佱,王,0.770461807319115
佱,舍,0.769298943716763
佱,玉,0.7666360085775802
佱,佥,0.7660522718814896
佱,全,0.764207947732379
