char1,char2,similarity
佷,佷,1.0
佷,佢,0.7892036025229842
佷,伬,0.7829287102943802
佷,伿,0.7821508004176603
佷,侸,0.7810205238065545
佷,俋,0.7796706290015355
佷,伹,0.7795007114243648
佷,佪,0.7783509978023087
佷,俉,0.7762761587227067
佷,侲,0.7758690899241979
