char1,char2,similarity
佶,佶,1.0
佶,洁,0.8345439559805692
佶,伎,0.812280631350746
佶,佳,0.8108145314366932
佶,恄,0.8094523708956628
佶,信,0.7990494926031528
佶,伸,0.795125224595336
佶,伅,0.7950553062185665
佶,偕,0.7928035774489721
佶,伭,0.7863197902596487
