char1,char2,similarity
佹,佹,1.0
佹,恑,0.7955262611764993
佹,诡,0.7862489429107314
佹,侃,0.7811726730264041
佹,桅,0.7778617494325185
佹,佨,0.7766031663282982
佹,洈,0.7655216515445245
佹,伳,0.7622732963977723
佹,伿,0.7607582827509007
佹,倞,0.7601410584932785
