char1,char2,similarity
佼,佼,1.0
佼,伎,0.82246772986014
佼,恔,0.7968834467356122
佼,伩,0.7805308268734635
佼,挍,0.771113742417749
佼,珓,0.7691412136033027
佼,侒,0.7664486004782989
佼,住,0.7648567284177779
佼,洨,0.7628292846253745
佼,位,0.7600043902636605
