char1,char2,similarity
佽,佽,1.0
佽,侒,0.764594042720537
佽,佇,0.762051851004056
佽,侅,0.7589397671790472
佽,侬,0.7580504245528188
佽,砍,0.7551618977207604
佽,伖,0.7549218923974623
佽,忕,0.7537748388573959
佽,侘,0.7534091796797957
佽,炊,0.7506558501989784
