char1,char2,similarity
佻,佻,1.0
佻,恌,0.8176280172642565
佻,佛,0.7813248054499067
佻,倪,0.7784357495519489
佻,併,0.7783911250536805
佻,挑,0.7676290946610393
佻,眺,0.7673202998156775
佻,倎,0.7670376432632929
佻,俒,0.7651153437898742
佻,洮,0.7596671408274815
