char1,char2,similarity
佸,佸,1.0
佸,侶,0.8201335786583207
佸,佰,0.8134982441535062
佸,佁,0.7956898818009868
佸,俖,0.7890488848602383
佸,伳,0.7852173680186899
佸,后,0.782930897624221
佸,佢,0.7825775921393229
佸,话,0.7792090395942705
佸,目,0.7763789805886915
