char1,char2,similarity
佺,佺,1.0
佺,恮,0.8620075109300642
佺,佡,0.8266383750814722
佺,诠,0.8108903604553077
佺,侳,0.8035808198233383
佺,俆,0.8001129460387009
佺,侄,0.7953764515624661
佺,俭,0.7931345686120306
佺,洤,0.7921479748981477
佺,惍,0.7921117951103084
