char1,char2,similarity
併,併,1.0
併,伔,0.7856066844572817
併,佻,0.7783911250536805
併,偔,0.7765176764442705
併,侁,0.7753652094389146
併,俒,0.7727999464158947
併,佌,0.7724864327996588
併,俔,0.7712028293357664
併,供,0.7704477825608407
併,侞,0.7702480581366487
