char1,char2,similarity
侀,侀,1.0
侀,側,0.7886038736268172
侀,佹,0.7499815813039278
侀,伣,0.7467781184435798
侀,傰,0.7443549997394961
侀,侕,0.7440936362093891
侀,伌,0.7435230555381939
侀,惆,0.7423764189504164
侀,伹,0.7415380553063569
侀,侞,0.7376632543449273
