char1,char2,similarity
侁,侁,1.0
侁,佉,0.8000509413822918
侁,俈,0.7995358797746425
侁,伕,0.7887285540341895
侁,冼,0.7763592299806159
侁,併,0.7753652094389146
侁,伪,0.7698104838982092
侁,珗,0.7638578016977186
侁,洗,0.7623404224988988
侁,忱,0.7616134795152462
