char1,char2,similarity
來,來,1.0
來,朿,0.8372498296579373
來,束,0.822708158535972
來,耒,0.8044207609689105
來,柬,0.77982803613499
來,来,0.7777728137018285
來,巿,0.7717024250706779
來,宩,0.7685255088889357
來,宗,0.760870731941313
來,柰,0.7606004957599339
