char1,char2,similarity
佾,佾,1.0
佾,佄,0.7813151626974262
佾,洕,0.7809379211556583
佾,侑,0.7769071060432816
佾,倌,0.773565251500993
佾,侜,0.7723620016995002
佾,傦,0.7646661994037955
佾,佴,0.7640813429885869
佾,佝,0.7615644659140437
佾,伒,0.7594567309221458
