char1,char2,similarity
侃,侃,1.0
侃,佹,0.7811726730264041
侃,傫,0.7696808714883878
侃,俱,0.7661482989498336
侃,侱,0.765796427385712
侃,卌,0.7654735831204026
侃,伹,0.7652621793323081
侃,伬,0.7632244101122309
侃,伳,0.7627571243104463
侃,偮,0.7618284148071003
