char1,char2,similarity
使,使,1.0
使,侇,0.7532314303429762
使,俏,0.7524349255815863
使,倥,0.7506265309279907
使,侫,0.7474546099251659
使,便,0.7456113212121461
使,俾,0.7449225746142759
使,侦,0.7435630615619457
使,俦,0.7431089331976534
使,傧,0.741963750589939
