char1,char2,similarity
侄,侄,1.0
侄,恎,0.8198056908728383
侄,仾,0.8130366870272185
侄,俓,0.8013303255931605
侄,但,0.7986639216362174
侄,佳,0.7969293460970999
侄,佺,0.7953764515624661
侄,佢,0.7943121229286411
侄,伴,0.7938206019142724
侄,伍,0.7933881084794859
