char1,char2,similarity
侎,侎,1.0
侎,洣,0.829877637854815
侎,伴,0.8296603966641267
侎,侏,0.813668691523379
侎,佅,0.8095725935525729
侎,怽,0.8067536181564198
侎,咪,0.7861911805666143
侎,倅,0.7801229040268297
侎,侊,0.7761382851573011
侎,倈,0.7754747493261419
