char1,char2,similarity
侊,侊,1.0
侊,佅,0.7845302320024129
侊,侳,0.7826578748921689
侊,仪,0.7806505964296409
侊,佉,0.7800334330923033
侊,俠,0.7787598366784857
侊,伕,0.7779313616322183
侊,倇,0.7770202751969211
侊,侎,0.7761382851573011
侊,诜,0.7679571124859126
