char1,char2,similarity
侐,侐,1.0
侐,恤,0.8070530055472723
侐,伯,0.795636463112712
侐,伽,0.779994408822537
侐,偵,0.774146584773532
侐,儖,0.7700829309188577
侐,侲,0.7700025385022077
侐,佒,0.7696104427822332
侐,儘,0.7660089702606699
侐,偟,0.7645374615570184
