char1,char2,similarity
侍,侍,1.0
侍,待,0.8425372962427913
侍,洔,0.8172447851887611
侍,持,0.8076004534472455
侍,传,0.7869196763092384
侍,件,0.7780010527547049
侍,徒,0.7737380163230736
侍,侫,0.7723721446144499
侍,恃,0.7696927664801109
侍,伶,0.7686154150021818
