char1,char2,similarity
侈,侈,1.0
侈,佟,0.7658935350093321
侈,哆,0.7623978160608943
侈,仨,0.7525981294922403
侈,恀,0.7510395051190281
侈,仜,0.7489747438809063
侈,俊,0.7458977576938826
侈,佫,0.7456280142551662
侈,住,0.7444485646073267
侈,伃,0.7443753899904783
