char1,char2,similarity
侑,侑,1.0
侑,倌,0.8010522294699952
侑,传,0.7857630842559549
侑,惜,0.7802406673606226
侑,侟,0.7788761541372786
侑,佾,0.7769071060432816
侑,侉,0.7760813197512909
侑,伡,0.7728034595868736
侑,伎,0.7715175536330617
侑,偖,0.769616157666439
