char1,char2,similarity
供,供,1.0
供,洪,0.775874081283857
供,仉,0.7756003999545915
供,併,0.7704477825608407
供,仅,0.7687188013992096
供,俁,0.767174825506916
供,价,0.7653772175981373
供,伔,0.764170570576775
供,伕,0.7624207814800066
供,伿,0.7595448417789062
