char1,char2,similarity
侔,侔,1.0
侔,伡,0.8446119867647396
侔,佯,0.7865264608847425
侔,侺,0.771574154723347
侔,侾,0.7704791111055312
侔,你,0.7697437629802045
侔,俚,0.7687134199250911
侔,件,0.7677096606527879
侔,伻,0.7650687421935268
侔,恈,0.7633230596732573
