char1,char2,similarity
侚,侚,1.0
侚,佝,0.8262292278175413
侚,佨,0.7926790816618925
侚,们,0.789671636829258
侚,恟,0.783641431042706
侚,仢,0.7836289964859342
侚,徇,0.7785376978214122
侚,恦,0.7740202728508535
侚,恂,0.7688966895920533
侚,伆,0.7677504183297291
