char1,char2,similarity
侕,侕,1.0
侕,偭,0.8333128839539083
侕,価,0.8291107701437085
侕,佪,0.7957231938832349
侕,侗,0.7815419417934825
侕,伌,0.7763302578399721
侕,侶,0.7742245441446074
侕,佢,0.774151550988254
侕,例,0.7730143989215958
侕,佸,0.7709152994851621
