char1,char2,similarity
価,価,1.0
価,侕,0.8291107701437085
価,俩,0.7900771961019242
価,倗,0.7854101889010688
価,伵,0.7807531018621835
価,偭,0.7803491583451153
価,佪,0.7757564057824399
価,俹,0.775366992493357
価,洏,0.7752581546998083
価,侗,0.7698689683189993
