char1,char2,similarity
侬,侬,1.0
侬,依,0.7910193422524492
侬,浓,0.786524103669961
侬,俫,0.777400150234993
侬,侒,0.771482231451361
侬,佲,0.7686266915083734
侬,侑,0.766381719854278
侬,佗,0.7640443343265236
侬,佇,0.7625703799551404
侬,伎,0.7617030585889583
