char1,char2,similarity
侫,侫,1.0
侫,倿,0.7753926115116743
侫,侍,0.7723721446144499
侫,偻,0.7687267834910135
侫,侅,0.7603878673689379
侫,侵,0.7540538490879021
侫,俒,0.7522148386640743
侫,倥,0.751034348011867
侫,使,0.7474546099251659
侫,侠,0.7455904504230504
