char1,char2,similarity
侨,侨,1.0
侨,俗,0.7679646808210496
侨,併,0.7659425614414355
侨,侯,0.7539092435636088
侨,侪,0.7487608016382662
侨,忼,0.7458157350348227
侨,协,0.7429316721347412
侨,挢,0.7423854938134931
侨,偻,0.7409814273738171
侨,侁,0.7392611529254097
