char1,char2,similarity
侧,侧,1.0
侧,测,0.9095870264476305
侧,俐,0.7493976243173078
侧,働,0.74483387892455
侧,例,0.7448019162042592
侧,捌,0.7441503866403096
侧,剝,0.7435047663100873
侧,倒,0.7414307880325325
侧,剳,0.7312148966136789
侧,饷,0.7271752327394159
