char1,char2,similarity
侦,侦,1.0
侦,浈,0.8038479205035173
侦,偾,0.7964528319406361
侦,佰,0.791852447478028
侦,傊,0.7907975565228272
侦,倹,0.7818343860476931
侦,偵,0.7801441794572187
侦,们,0.7781286163219903
侦,伯,0.7751152921923228
侦,佷,0.7725920796340628
