char1,char2,similarity
侭,侭,1.0
侭,侷,0.7703093611848469
侭,侱,0.7627775293435842
侭,侶,0.7610271825231726
侭,侸,0.760636664744942
侭,侲,0.7603414125355553
侭,僤,0.7560161496633551
侭,仰,0.7556082715053999
侭,伻,0.7525728518227095
侭,俬,0.751346011019735
