char1,char2,similarity
侪,侪,1.0
侪,俻,0.7889857666188427
侪,倴,0.7863678408921979
侪,价,0.7797749913431763
侪,济,0.7696629161985673
侪,佫,0.7643211290187978
侪,伔,0.7616168265536936
侪,併,0.7596748164105862
侪,份,0.7596109574870626
侪,佉,0.7576806936263144
