char1,char2,similarity
侰,侰,1.0
侰,俈,0.7774688805169118
侰,俋,0.7751501351414034
侰,佷,0.7748142260957642
侰,悟,0.7661311538675935
侰,侱,0.7639396130976454
侰,俉,0.7629325649745767
侰,捃,0.7628671106165407
侰,佦,0.760596039833108
侰,偲,0.7589507721447715
