char1,char2,similarity
侷,侷,1.0
侷,偱,0.8398100832186718
侷,侲,0.8240379357045817
侷,倜,0.8059757351496919
侷,傓,0.7902630681564066
侷,俣,0.7853005601073162
侷,侗,0.7851204906435928
侷,偳,0.7819363943686215
侷,伬,0.7805018098365379
侷,俨,0.7794484397915541
