char1,char2,similarity
侲,侲,1.0
侲,侷,0.8240379357045817
侲,偱,0.7981098279616224
侲,振,0.7919910175731923
侲,侸,0.7900949895075794
侲,倨,0.7870284241261998
侲,伌,0.7813280176618359
侲,佷,0.7758690899241979
侲,俋,0.7756763152458193
侲,侐,0.7700025385022077
