char1,char2,similarity
侴,侴,1.0
侴,俞,0.7832627246133446
侴,僉,0.7523764407167179
侴,含,0.7418978981640859
侴,兪,0.7399980789333745
侴,侖,0.7398325981816668
侴,盒,0.7289368559400304
侴,亡,0.7278755025285875
侴,卞,0.7267821556352307
侴,屳,0.7254459552304292
