char1,char2,similarity
侵,侵,1.0
侵,偒,0.7651087815756971
侵,浸,0.7553270690656038
侵,侫,0.7540538490879021
侵,傁,0.7527748930016103
侵,僾,0.7522604669176179
侵,價,0.7451903801007014
侵,倰,0.7442647836346721
侵,僊,0.7439167292361161
侵,偠,0.7418064389388583
