char1,char2,similarity
便,便,1.0
便,埂,0.8091947276059952
便,傌,0.7882902558436646
便,偵,0.7766293764797816
便,侽,0.7753329164233321
便,偶,0.7734283733908945
便,偊,0.7642813495634493
便,俔,0.7638908727986607
便,浭,0.7632023246526124
便,偟,0.7580245578574192
