char1,char2,similarity
侾,侾,1.0
侾,倖,0.8185388618309107
侾,偖,0.8048257904542832
侾,侼,0.7995585374114161
侾,涍,0.797728948037835
侾,俥,0.7852677784196948
侾,伡,0.7729460689465568
侾,侔,0.7704791111055312
侾,佇,0.7644751179918501
侾,傽,0.7621387012263083
