char1,char2,similarity
侻,侻,1.0
侻,伣,0.8074732582620311
侻,伿,0.7886979003500718
侻,俔,0.7822496123448851
侻,伩,0.7726041011774495
侻,併,0.7692417363068326
侻,侊,0.7670899727511494
侻,仨,0.767060510928588
侻,价,0.7653538009348647
侻,仉,0.7651186296754674
