char1,char2,similarity
俋,俋,1.0
俋,倱,0.8002126661260918
俋,佢,0.7888842679696589
俋,俔,0.7805025812470032
俋,佷,0.7796706290015355
俋,侱,0.7796428052981956
俋,佺,0.7773004700199043
俋,佨,0.7770047541184056
俋,侸,0.776232857881799
俋,侲,0.7756763152458193
