char1,char2,similarity
俈,俈,1.0
俈,佉,0.8035657419089988
俈,侁,0.7995358797746425
俈,偗,0.7915191907596232
俈,悟,0.7897709077028767
俈,俉,0.7853880925690497
俈,信,0.782914495668983
俈,侰,0.7774688805169118
俈,伕,0.7739338847388152
俈,倠,0.7738507687300744
