char1,char2,similarity
俄,俄,1.0
俄,饿,0.7842724801968416
俄,涐,0.7808347900229368
俄,俰,0.7707677882296174
俄,珴,0.7521651613625733
俄,俶,0.7509415227033301
俄,偖,0.7474010661314923
俄,侙,0.7461240511708352
俄,倎,0.7431821087872488
俄,佸,0.739854933925972
