char1,char2,similarity
俌,俌,1.0
俌,伂,0.7936199917491397
俌,伅,0.7918899335333758
俌,伯,0.7775050817964134
俌,伳,0.7768561544149253
俌,俠,0.776308024384485
俌,偵,0.775827999395039
俌,侤,0.7735265243365923
俌,俆,0.7725326408155875
俌,佸,0.7695755226860069
