char1,char2,similarity
俉,俉,1.0
俉,俈,0.7853880925690497
俉,佉,0.7782628732797215
俉,佷,0.7762761587227067
俉,佸,0.7760869613446314
俉,佢,0.774813798518503
俉,侱,0.7735101066408787
俉,佁,0.7723069625195442
俉,佪,0.7711415679469508
俉,伻,0.7705097381709096
