char1,char2,similarity
俅,俅,1.0
俅,佅,0.7993032907121183
俅,伂,0.7959693578472148
俅,伅,0.7917871567026971
俅,浗,0.7910743001014138
俅,倈,0.7795718523639726
俅,住,0.7747830772555636
俅,佯,0.7735345792850784
俅,位,0.7697851535821637
俅,伱,0.7686195360104922
