char1,char2,similarity
俒,俒,1.0
俒,侠,0.795190217614316
俒,俔,0.7852452437752573
俒,捖,0.7820258837497595
俒,倞,0.7800588992029464
俒,侂,0.7762999402059246
俒,併,0.7727999464158947
俒,俠,0.7711222487470389
俒,梡,0.7700106790877542
俒,垸,0.7690651097585782
