char1,char2,similarity
俐,俐,1.0
俐,浰,0.7594994838057315
俐,侧,0.7493976243173078
俐,例,0.7452172184523043
俐,劊,0.7390264616430684
俐,刵,0.7370981188349439
俐,倒,0.7367599536478053
俐,饷,0.7360433931057487
俐,脩,0.7273729378765766
俐,慚,0.7272926826772804
