char1,char2,similarity
俏,俏,1.0
俏,诮,0.8483945871119511
俏,消,0.7921945572338034
俏,伯,0.7736749461058195
俏,俱,0.7573059239147775
俏,埔,0.7544761777957548
俏,使,0.7524349255815863
俏,佰,0.7512786536864015
俏,侢,0.7496052061212175
俏,俌,0.7491492617412217
