char1,char2,similarity
俗,俗,1.0
俗,侨,0.7679646808210496
俗,浴,0.7647160553057974
俗,佄,0.7586064498326366
俗,佫,0.7560462075377529
俗,裕,0.749051645399298
俗,俻,0.741568889239855
俗,惛,0.737556712175367
俗,借,0.7357400145568797
俗,倂,0.7353195744807861
