char1,char2,similarity
俞,俞,1.0
俞,兪,0.8145383284047161
俞,侴,0.7832627246133446
俞,肏,0.7598291160444807
俞,屳,0.7579757890151427
俞,僉,0.7526395107892347
俞,盒,0.7494283497970573
俞,命,0.7395515200972579
俞,侖,0.7371901364587741
俞,卞,0.7340377040135053
