char1,char2,similarity
俛,俛,1.0
俛,傀,0.7951413546217964
俛,悗,0.7875145716926136
俛,伣,0.7761179800310072
俛,挽,0.7684527143001001
俛,仅,0.7657248238855191
俛,佒,0.7634050913077922
俛,凂,0.763019249329334
俛,浼,0.7622319849751055
俛,俔,0.7615161409235514
