char1,char2,similarity
俙,俙,1.0
俙,悕,0.7726179390960337
俙,佛,0.7621878713187261
俙,倄,0.749642503922645
俙,俤,0.741921301589774
俙,佁,0.7417116560255355
俙,伝,0.7411560898884552
俙,仰,0.7409468518694173
俙,侤,0.7403103640254624
俙,侚,0.7397771847273809
