char1,char2,similarity
俟,俟,1.0
俟,俣,0.8045068448490552
俟,侯,0.8001059881162258
俟,涘,0.791830660643981
俟,埃,0.7771122487736097
俟,俊,0.7668297584099941
俟,诶,0.7662826938331133
俟,挨,0.7660828574182726
俟,俁,0.7640809537240884
俟,伬,0.7637477701946509
