char1,char2,similarity
俘,俘,1.0
俘,浮,0.8371285500825129
俘,伴,0.7903295165208752
俘,倅,0.7774921254391937
俘,伻,0.776871211110781
俘,侼,0.7749884269299144
俘,仹,0.7742625080360285
俘,倸,0.7703642170090049
俘,伃,0.7673776780335864
俘,傜,0.7658805110990242
