char1,char2,similarity
俣,俣,1.0
俣,俁,0.8228709325464267
俣,俟,0.8045068448490552
俣,侷,0.7853005601073162
俣,侯,0.7832179082994337
俣,倨,0.7805894964832844
俣,悞,0.778358082134271
俣,伬,0.7701594826099145
俣,傥,0.7680991024042486
俣,偀,0.76782409067728
