char1,char2,similarity
俥,俥,1.0
俥,倖,0.8427573124476664
俥,倬,0.8149010958126351
俥,倲,0.8110326013420852
俥,倢,0.7962882766050526
俥,佭,0.7945551801696326
俥,俾,0.792787976128137
俥,侼,0.7919129334224561
俥,俜,0.7902460181570087
俥,侇,0.7888469193394816
