char1,char2,similarity
俫,俫,1.0
俫,倈,0.8137385829559217
俫,俕,0.8089143970771993
俫,倸,0.8007636991180876
俫,徕,0.797512427477556
俫,倞,0.7935704961981901
俫,俠,0.7882401521242596
俫,侒,0.7779535640816295
俫,侬,0.777400150234993
俫,佉,0.776612442851694
