char1,char2,similarity
俨,俨,1.0
俨,伬,0.7963751904053065
俨,倨,0.7939658928920931
俨,伒,0.7845508203778473
俨,侷,0.7794484397915541
俨,们,0.7716715233819519
俨,侲,0.7695440585872336
俨,傈,0.7620789254286053
俨,俣,0.76064311912813
俨,侃,0.7583100832720883
