char1,char2,similarity
俩,俩,1.0
俩,侗,0.8065961916106457
俩,伵,0.7979238545728681
俩,価,0.7900771961019242
俩,俑,0.7719406717999083
俩,倘,0.7662673304489336
俩,俹,0.7648926106975615
俩,俪,0.7623253351102328
俩,掚,0.7584276371935857
俩,例,0.7583205765572042
