char1,char2,similarity
俰,俰,1.0
俰,俬,0.7825799801160859
俰,倁,0.7719690176121753
俰,俄,0.7707677882296174
俰,佈,0.7690175870616249
俰,侞,0.7459597616413652
俰,啝,0.7447937922068073
俰,佲,0.7415001784420117
俰,侭,0.7392479587279
俰,悧,0.7382083932773219
