char1,char2,similarity
俯,俯,1.0
俯,僝,0.7548364579227436
俯,傠,0.7378860232852197
俯,侠,0.7358724051731848
俯,偌,0.7338970994285471
俯,倥,0.7329579482236558
俯,琦,0.7273054882892145
俯,儢,0.7271946510602302
俯,俸,0.72614533542155
俯,饹,0.7257051008817108
