char1,char2,similarity
俳,俳,1.0
俳,徘,0.8039255080903067
俳,渄,0.798288361899124
俳,佯,0.7724327764469058
俳,伉,0.7673257238521471
俳,佧,0.765600619909015
俳,伡,0.762869012950972
俳,仹,0.7549010754943831
俳,作,0.7532138470239569
俳,佑,0.7527062173156331
