char1,char2,similarity
俬,俬,1.0
俬,俰,0.7825799801160859
俬,佲,0.7567444998372609
俬,侭,0.751346011019735
俬,佄,0.7507238326458558
俬,悧,0.7464038235240337
俬,偢,0.7439195103969908
俬,倖,0.7402028299984993
俬,佈,0.7391848240346295
俬,侬,0.738191163899514
