char1,char2,similarity
俻,俻,1.0
俻,侪,0.7889857666188427
俻,借,0.7863677050474165
俻,偺,0.7779121249152335
俻,佫,0.7730408121839814
俻,佭,0.7683852562134297
俻,偣,0.7676592289212314
俻,俉,0.7644815891603095
俻,偩,0.7593453574672753
俻,佁,0.7593433571186977
