char1,char2,similarity
俸,俸,1.0
俸,淎,0.8213521093631991
俸,傣,0.7811802243565928
俸,棒,0.7761119774038667
俸,傽,0.7633422510890167
俸,佭,0.7571106243811887
俸,倅,0.7553543417986327
俸,俥,0.7542819733516386
俸,休,0.7532336593467872
俸,愅,0.7518408648739259
