char1,char2,similarity
倁,倁,1.0
倁,侞,0.7747159051052377
倁,俰,0.7719690176121753
倁,仉,0.7661333072900832
倁,併,0.7612462884358275
倁,伉,0.7573455740848148
倁,側,0.751175297721068
倁,伔,0.750248571895085
倁,供,0.7483756232405832
倁,俲,0.7454789201419769
