char1,char2,similarity
倀,倀,1.0
倀,悵,0.8114897790806661
倀,倶,0.7952995755369066
倀,涱,0.787485944433137
倀,俍,0.7762307650692175
倀,伇,0.7725705649266121
倀,徥,0.7714444944806566
倀,侒,0.7712366155433326
倀,伹,0.7700429110896334
倀,僺,0.767459936351393
