char1,char2,similarity
倄,倄,1.0
倄,傋,0.7856492632946926
倄,淆,0.783812720316299
倄,倩,0.7834109340973145
倄,偦,0.7813314578839072
倄,傮,0.7770005690641411
倄,傦,0.7658879819215834
倄,偖,0.7617655121800218
倄,传,0.7543776381923676
倄,偅,0.7543175877748077
