char1,char2,similarity
倍,倍,1.0
倍,偌,0.7998953131512729
倍,佮,0.7961895792891249
倍,信,0.7860473258946096
倍,佁,0.7737105690473007
倍,佰,0.7711038501117432
倍,培,0.7703675526018967
倍,估,0.7680864541872908
倍,侅,0.7646253117544947
倍,悎,0.761457691331154
