char1,char2,similarity
倒,倒,1.0
倒,例,0.8002184836411238
倒,們,0.757185241864651
倒,恻,0.7505704187664948
倒,倆,0.7437024511771034
倒,怮,0.7417275100230488
倒,佃,0.7414442798249798
倒,侧,0.7414307880325325
倒,挒,0.7406825546589734
倒,恫,0.7399088993205302
