char1,char2,similarity
倔,倔,1.0
倔,偓,0.7644852291497066
倔,侗,0.759895074389074
倔,俩,0.7538270717691549
倔,傯,0.7532303308242474
倔,侷,0.7527843140338312
倔,偲,0.7527023579561005
倔,便,0.7515063607998875
倔,倣,0.7505538038363821
倔,侸,0.7500721813650122
