char1,char2,similarity
倕,倕,1.0
倕,捶,0.7824925050733283
倕,伻,0.7760854104312718
倕,陲,0.7672760237500184
倕,估,0.7622270732845658
倕,锤,0.7617714569556987
倕,侜,0.7603219740625589
倕,僼,0.7591548054514478
倕,偲,0.7587807405065706
倕,伾,0.7576070638916224
