char1,char2,similarity
倡,倡,1.0
倡,偪,0.8352712286780579
倡,愊,0.8051671044455134
倡,侣,0.8032951345082019
倡,偈,0.795103933175269
倡,偎,0.7910614300737462
倡,倱,0.7835274813545934
倡,借,0.7754701058288922
倡,偣,0.774826635279445
倡,侶,0.7742157880617259
