char1,char2,similarity
借,借,1.0
借,偣,0.8575848932740688
借,俻,0.7863677050474165
借,倡,0.7754701058288922
借,偺,0.7725633950552554
借,偕,0.7719696551763702
借,佁,0.7717560251082138
借,偖,0.7694345967821327
借,佸,0.7660663797311699
借,偮,0.7659404097616382
