char1,char2,similarity
倦,倦,1.0
倦,淃,0.8105853636143576
倦,惓,0.8009246545746816
倦,偻,0.7550571360531199
倦,捲,0.7434695465056531
倦,偆,0.7392024061666645
倦,僊,0.7338150870743984
倦,傡,0.7333835464321945
倦,倒,0.7329429380412597
倦,体,0.7296455839255886
