char1,char2,similarity
倥,倥,1.0
倥,侳,0.7800028547882457
倥,控,0.7778083798487989
倥,儖,0.7720747649120976
倥,倞,0.7703119229709378
倥,佇,0.7678873228463803
倥,佺,0.7672919594705578
倥,倌,0.7664468007063854
倥,涳,0.7640330454625401
倥,椌,0.7636936494233004
