char1,char2,similarity
倣,倣,1.0
倣,傲,0.7749098889364232
倣,儌,0.7571045492105979
倣,做,0.7543315978139399
倣,伮,0.7523716683410021
倣,倔,0.7505538038363821
倣,伽,0.7476759977789601
倣,侲,0.7466538511867096
倣,侐,0.7448865469398845
倣,佌,0.743300546170688
