char1,char2,similarity
倮,倮,1.0
倮,课,0.8096111673225025
倮,偎,0.8052830950309947
倮,惈,0.793953540750892
倮,倸,0.7888812513749828
倮,保,0.7824113899361318
倮,伻,0.777954109536671
倮,偍,0.7737270787841777
倮,俱,0.7629816043082919
倮,偶,0.7613512008420816
