char1,char2,similarity
倰,倰,1.0
倰,淩,0.7877343781418562
倰,値,0.7735892493256483
倰,傁,0.7712609307710494
倰,凌,0.7709197881155706
倰,倿,0.767666830163956
倰,倢,0.7659762774170138
倰,倲,0.7653454147531809
倰,傹,0.7633882167656243
倰,棱,0.760867175085099
