char1,char2,similarity
倱,倱,1.0
倱,侽,0.8003032569670253
倱,俋,0.8002126661260918
倱,俔,0.7985475882741807
倱,偓,0.7943730951320885
倱,偪,0.7863402034921647
倱,偶,0.7836683823516534
倱,倡,0.7835274813545934
倱,惃,0.7818372179309072
倱,偮,0.7785907146704558
