char1,char2,similarity
倭,倭,1.0
倭,涹,0.8115295174707362
倭,偠,0.803634299126462
倭,偻,0.7873183493420435
倭,诿,0.7668770767254279
倭,偅,0.7496484941546537
倭,僾,0.7394826920373677
倭,俖,0.737762051896495
倭,搂,0.7374319154164558
倭,溇,0.736845668838848
