char1,char2,similarity
倪,倪,1.0
倪,掜,0.8099878625684531
倪,侸,0.7958030289064068
倪,棿,0.7889140165643502
倪,俚,0.7863268555420131
倪,伣,0.7799539486083285
倪,淣,0.7789642614298965
倪,佻,0.7784357495519489
倪,堄,0.7758574502789741
倪,伌,0.7726936336709794
