char1,char2,similarity
债,债,1.0
债,偾,0.8342590630209751
债,愦,0.8133297040233407
债,倩,0.8011788148637891
债,渍,0.7989602856120078
债,偣,0.7870169487066156
债,傋,0.7809743707395467
债,溃,0.7799463175964247
债,偵,0.7774815934643143
债,惯,0.7743794831100028
