char1,char2,similarity
倷,倷,1.0
倷,倞,0.825904041270347
倷,捺,0.8081035167427563
倷,俆,0.7897806167745502
倷,倲,0.7823983026736122
倷,倧,0.7798698563154626
倷,倢,0.7775372262820234
倷,俥,0.7762270679271537
倷,馀,0.7736344028583936
倷,佁,0.7700725995226908
