char1,char2,similarity
倶,倶,1.0
倶,俱,0.8696520969956046
倶,僺,0.807689067653031
倶,僄,0.8026904156821278
倶,倀,0.7952995755369066
倶,倛,0.7875181854289518
倶,伿,0.7755382157185294
倶,傫,0.7689082077482344
倶,偍,0.7680543501359706
倶,但,0.7649069375522075
