char1,char2,similarity
倻,倻,1.0
倻,揶,0.7814984942431202
倻,诹,0.7414768281864917
倻,掷,0.7381275903322113
倻,瑘,0.7374658037742189
倻,琊,0.7374185710553741
倻,僃,0.7296618708592585
倻,捓,0.7283768201733174
倻,価,0.7271992939114241
倻,俳,0.7247173761283774
