char1,char2,similarity
倵,倵,1.0
倵,侙,0.8179216645384548
倵,佌,0.7905253430259234
倵,儎,0.7770920329353114
倵,侗,0.7584579203324663
倵,供,0.7557051759582288
倵,億,0.7547787521484011
倵,侷,0.75204186545006
倵,傓,0.7478210985778515
倵,伌,0.7435245189564026
