char1,char2,similarity
倴,倴,1.0
倴,渀,0.8012358249771864
倴,价,0.7947783682825355
倴,侪,0.7863678408921979
倴,伴,0.777337457797567
倴,傛,0.7677632850377658
倴,佺,0.7676409894056327
倴,俼,0.7642145252697401
倴,伧,0.7614472254981408
倴,佁,0.7606918782924231
