char1,char2,similarity
倾,倾,1.0
倾,傾,0.7907933462911191
倾,频,0.7609691009083638
倾,颎,0.749856653544745
倾,颠,0.7438640155705725
倾,颒,0.7434421591092656
倾,颛,0.7394373214727127
倾,愐,0.7391519695053985
倾,颕,0.7332330067974566
倾,倆,0.7297540387764972
