char1,char2,similarity
偀,偀,1.0
偀,渶,0.808336606814255
偀,愥,0.797898066297056
偀,佒,0.7880818943141281
偀,傼,0.7870104025027741
偀,僅,0.7742976490711293
偀,俁,0.7710898908866208
偀,倛,0.7698539512079988
偀,瑛,0.7681801957091406
偀,俣,0.76782409067728
