char1,char2,similarity
偂,偂,1.0
偂,倫,0.7587884578635784
偂,伵,0.7571527290315634
偂,傰,0.7508030922147836
偂,傞,0.7486421118470057
偂,侗,0.7465150971852169
偂,俩,0.7444766839759239
偂,価,0.7433990400258794
偂,们,0.742652814411241
偂,偤,0.7414076076279886
