char1,char2,similarity
倿,倿,1.0
倿,偣,0.801147341957285
倿,偙,0.7761079585868595
倿,侫,0.7753926115116743
倿,倰,0.767666830163956
倿,唼,0.7629196033440089
倿,传,0.7628231625621552
倿,债,0.7619965798924869
倿,傎,0.7560894216671991
倿,侍,0.7555589220959715
