char1,char2,similarity
偃,偃,1.0
偃,堰,0.7803189009074241
偃,伛,0.772077175375317
偃,儃,0.7714902112152503
偃,侗,0.7620545057511477
偃,僂,0.760583243452292
偃,俹,0.7592551278071933
偃,儓,0.7582342220486185
偃,儅,0.755798658178252
偃,儂,0.7552516880994186
