char1,char2,similarity
偆,偆,1.0
偆,僐,0.8101686816741306
偆,值,0.7864118129524322
偆,俜,0.7830848580736385
偆,椿,0.7789712905901105
偆,傣,0.7762332002707797
偆,傄,0.7704775880945943
偆,偗,0.7693467427300444
偆,傕,0.7692820214809503
偆,倩,0.7692563104828086
