char1,char2,similarity
偌,偌,1.0
偌,渃,0.8060801988803294
偌,倍,0.7998953131512729
偌,诺,0.7801790554140301
偌,佮,0.758239140808496
偌,喏,0.7558775063591812
偌,帯,0.7517406261676328
偌,佲,0.7513799538307204
偌,侊,0.749452106774313
偌,借,0.7480737767097457
