char1,char2,similarity
偋,偋,1.0
偋,偓,0.7774896652634975
偋,摒,0.7750302435175207
偋,傉,0.7728462723337318
偋,侃,0.7546703698675588
偋,倱,0.7537087902039962
偋,偲,0.752444607860845
偋,倗,0.7507954970044938
偋,偄,0.7507684252944234
偋,偮,0.7459704529365572
