char1,char2,similarity
偎,偎,1.0
偎,愄,0.8189611884194077
偎,倮,0.8052830950309947
偎,倡,0.7910614300737462
偎,偔,0.7753218878814019
偎,倱,0.7692605202016455
偎,俱,0.7673611450547724
偎,偪,0.7641729428374471
偎,偶,0.7621073942996569
偎,借,0.761692557793828
