char1,char2,similarity
偏,偏,1.0
偏,傓,0.7888394728644446
偏,佪,0.7856356280702235
偏,谝,0.7801751988028324
偏,佷,0.7586436480364062
偏,恫,0.7578808302104025
偏,侢,0.7438434509641259
偏,偭,0.7420255245017898
偏,侷,0.7406146372423765
偏,俉,0.7374166940354011
