char1,char2,similarity
偘,偘,1.0
偘,侣,0.8097392778327435
偘,榀,0.7775508681727121
偘,伒,0.7735766775758312
偘,伬,0.7680692462218353
偘,仉,0.7634169312773922
偘,佤,0.7606438359645817
偘,保,0.7566819255633036
偘,傐,0.7506345718330909
偘,仅,0.7496937526639684
