char1,char2,similarity
偒,偒,1.0
偒,侵,0.7651087815756971
偒,俋,0.7544974297814052
偒,傝,0.7539984151058667
偒,侽,0.751217298820918
偒,俸,0.7497507371161439
偒,瑒,0.7495932959239409
偒,儑,0.7479529398641678
偒,佄,0.7472914384035387
偒,倢,0.7461795448655472
