char1,char2,similarity
偓,偓,1.0
偓,倱,0.7943730951320885
偓,俔,0.7854817233431229
偓,偋,0.7774896652634975
偓,喔,0.7731290421071857
偓,侽,0.7670826827553728
偓,俋,0.7656881124186159
偓,惺,0.7646810719432371
偓,倔,0.7644852291497066
偓,倗,0.7631651861602108
