char1,char2,similarity
做,做,1.0
做,倣,0.7543315978139399
做,仳,0.7493340344356727
做,供,0.7478616520513403
做,伌,0.7471687975973157
做,佚,0.746377808134415
做,俶,0.7454266265337591
做,仮,0.7447402144167535
做,估,0.744085994696152
做,佄,0.7417846730007758
