char1,char2,similarity
偤,偤,1.0
偤,湭,0.7946338710621785
偤,儅,0.7692056831683367
偤,俌,0.7630532510030136
偤,佛,0.7564636430529509
偤,侶,0.7552392164766796
偤,伅,0.7549298650581133
偤,伂,0.750574450325739
偤,偸,0.7453499605059939
偤,偂,0.7414076076279886
