char1,char2,similarity
偩,偩,1.0
偩,傊,0.8141841479552012
偩,僓,0.765740256585281
偩,恞,0.7615013506557395
偩,僕,0.7614646026737821
偩,佷,0.761218774613446
偩,催,0.7606329570281576
偩,俻,0.7593453574672753
偩,倹,0.7574757711944778
偩,倲,0.7566472416588507
