char1,char2,similarity
偶,偶,1.0
偶,偊,0.8663985353370782
偶,侽,0.8090501911518628
偶,傌,0.7899315537579424
偶,惈,0.7894596355816595
偶,倱,0.7836683823516534
偶,湡,0.7744248729600381
偶,佒,0.7735274148023243
偶,便,0.7734283733908945
偶,堣,0.7674128299682892
