char1,char2,similarity
偲,偲,1.0
偲,俧,0.7843415199722351
偲,僁,0.7802068442794067
偲,傯,0.7797893506378012
偲,倊,0.7776587922371053
偲,僡,0.7772155005095559
偲,愢,0.7764869896165931
偲,俋,0.7755338606907153
偲,侱,0.7731397043130247
偲,傆,0.7679811842254135
