char1,char2,similarity
偵,偵,1.0
偵,偟,0.7965288798504184
偵,佒,0.7948317462758232
偵,揁,0.7896709070801259
偵,侦,0.7801441794572187
偵,偼,0.7784699965261337
偵,债,0.7774815934643143
偵,便,0.7766293764797816
偵,俌,0.775827999395039
偵,偣,0.7751071545841277
