char1,char2,similarity
偮,偮,1.0
偮,俔,0.7915360210577999
偮,倱,0.7785907146704558
偮,俱,0.7776716173371694
偮,偍,0.7693321254694152
偮,借,0.7659404097616382
偮,伳,0.7640730937427616
偮,偣,0.7621773220625387
偮,侃,0.7618284148071003
偮,倶,0.7614015581336055
