char1,char2,similarity
偰,偰,1.0
偰,偄,0.7945530744020259
偰,喫,0.7743614460095649
偰,揳,0.7696199484480675
偰,俁,0.7548022958531517
偰,倛,0.7533405114231335
偰,偀,0.7459529608764492
偰,倅,0.745066700000569
偰,愌,0.741689452016132
偰,伩,0.7416861391647904
