char1,char2,similarity
偹,偹,1.0
偹,倐,0.7538236848876416
偹,倏,0.7537010314379864
偹,俵,0.746250547544221
偹,恀,0.7447876429366651
偹,佲,0.7435279961768937
偹,偆,0.7414782405854059
偹,傕,0.7400774647838985
偹,传,0.739455527034517
偹,偖,0.7392066543038253
