char1,char2,similarity
傀,傀,1.0
傀,愧,0.8519536900605411
傀,俛,0.7951413546217964
傀,俔,0.7761831251410809
傀,瑰,0.773288706332787
傀,俾,0.7725477969101706
傀,倎,0.7661448246476535
傀,伣,0.7660037045864814
傀,溾,0.7647879649474202
傀,俍,0.761668615631517
