char1,char2,similarity
偼,偼,1.0
偼,伳,0.779519395996819
偼,偵,0.7784699965261337
偼,傃,0.7771184834731137
偼,佢,0.7658661195710924
偼,偍,0.7638241783861706
偼,倳,0.7634359225117291
偼,僼,0.7611680531936548
偼,伕,0.7599863494357691
偼,促,0.7594476639957687
