char1,char2,similarity
傈,傈,1.0
傈,慄,0.8156225621092682
傈,偠,0.772384384532832
傈,俨,0.7620789254286053
傈,偞,0.7508001452308507
傈,儝,0.7483078187229515
傈,僡,0.7471886891056828
傈,偄,0.7471400865842085
傈,俣,0.7470559636749016
傈,偃,0.7448508554114558
