char1,char2,similarity
傄,傄,1.0
傄,俼,0.7989791742008192
傄,值,0.7922304376531794
傄,傕,0.7791765877058275
傄,佮,0.7774082514826782
傄,偆,0.7704775880945943
傄,僣,0.7662519622036896
傄,偝,0.7624634158892121
傄,俦,0.7592392285421695
傄,偗,0.7565680543201365
