char1,char2,similarity
傊,傊,1.0
傊,偩,0.8141841479552012
傊,侦,0.7907975565228272
傊,僎,0.7779148719245504
傊,愪,0.7748022639090902
傊,傖,0.773774601638908
傊,損,0.7731390276061765
傊,傒,0.7622140736198799
傊,儅,0.7619379840924917
傊,傹,0.7607093183123503
