char1,char2,similarity
傇,傇,1.0
傇,偝,0.7780547609192957
傇,伔,0.7616296178948578
傇,俼,0.7606764286992386
傇,倴,0.7606530314309535
傇,佹,0.7594995281257464
傇,偀,0.755416676185452
傇,佄,0.7552770235109603
傇,伿,0.7515053559769266
傇,侾,0.7488285202392558
