char1,char2,similarity
傅,傅,1.0
傅,溥,0.8185787045532588
傅,愽,0.798872139361892
傅,搏,0.7971677852381094
傅,博,0.7820317220801245
傅,侺,0.7683250222547849
傅,侉,0.7662854166086137
傅,偆,0.7606228309334784
傅,傯,0.7591497159563875
傅,侔,0.758651050206072
