char1,char2,similarity
傆,傆,1.0
傆,塬,0.7798139919142798
傆,偱,0.773957079473256
傆,伌,0.7727096021492887
傆,獂,0.7718071379198745
傆,侷,0.7679936281017838
傆,偲,0.7679811842254135
傆,倜,0.7645201416987192
傆,伽,0.7617135171476469
傆,伛,0.7598078056594381
