char1,char2,similarity
傐,傐,1.0
傐,滈,0.8447929960302059
傐,塙,0.8005441124217013
傐,儁,0.785717800267174
傐,倩,0.7856115177935762
傐,镐,0.779453615301555
傐,嗃,0.7722548209564165
傐,湸,0.7646638711301863
傐,偟,0.7632611286294235
傐,瘑,0.7631648891207596
