char1,char2,similarity
傒,傒,1.0
傒,嗘,0.810358523360649
傒,溪,0.7909593636133176
傒,徯,0.78791011025314
傒,慀,0.7875608995620931
傒,僕,0.7859584774392934
傒,俀,0.7709546703020329
傒,偁,0.7699898674893119
傒,傊,0.7622140736198799
傒,傼,0.7530901955009492
