char1,char2,similarity
傏,傏,1.0
傏,傯,0.7847302257752257
傏,搪,0.7805516568740897
傏,倲,0.7773187620308623
傏,傖,0.7752154528763953
傏,倢,0.7728837121287823
傏,傓,0.7701097399657661
傏,瑭,0.7661139562245319
傏,値,0.7654438042904415
傏,塘,0.7640370004048624
