char1,char2,similarity
傓,傓,1.0
傓,侷,0.7902630681564066
傓,偏,0.7888394728644446
傓,傏,0.7701097399657661
傓,倲,0.7674451249419295
傓,伌,0.7653575838153891
傓,佪,0.7644898906675222
傓,偱,0.760147190944148
傓,侗,0.7592846893172187
傓,傯,0.7590562727794167
