char1,char2,similarity
傔,傔,1.0
傔,缣,0.805905114421137
傔,溓,0.7854883499454699
傔,熑,0.7790645795053018
傔,谦,0.7689008785337482
傔,嫌,0.7683905403205123
傔,慊,0.7567607791402322
傔,嗛,0.7477607844436936
傔,俦,0.7448423017394774
傔,僔,0.7402036120927212
