char1,char2,similarity
傞,傞,1.0
傞,搓,0.8168169499126239
傞,倽,0.7787583223606543
傞,溠,0.7749970737421183
傞,侱,0.7667695234076823
傞,俫,0.7643934204855645
傞,佹,0.7544183070692219
傞,倀,0.7507584723025986
傞,俍,0.7505188199125941
傞,俕,0.750106040808197
