char1,char2,similarity
傝,傝,1.0
傝,傟,0.848308323248229
傝,塌,0.7964948786800179
傝,榻,0.7923442777674377
傝,溻,0.7917221021805341
傝,傰,0.7670340792092464
傝,偒,0.7539984151058667
傝,倶,0.7478727007392872
傝,儑,0.7478419082664479
傝,愓,0.7462142215254742
