char1,char2,similarity
傗,傗,1.0
傗,滀,0.7988359423413516
傗,俼,0.7864642677462613
傗,慉,0.7714877415070888
傗,搐,0.7666280499097434
傗,傮,0.7629716230321982
傗,僔,0.7622776121602813
傗,僖,0.7583421695058314
傗,備,0.7571681047607332
傗,倳,0.755023984196368
