char1,char2,similarity
傖,傖,1.0
傖,傏,0.7752154528763953
傖,傊,0.773774601638908
傖,俥,0.761883514367294
傖,俧,0.7601717612987331
傖,倢,0.7550969269284049
傖,偩,0.7503347598107822
傖,偸,0.7464319943227489
傖,儅,0.7455497142253694
傖,傯,0.7449573317930438
