char1,char2,similarity
傜,傜,1.0
傜,愮,0.8055001271495545
傜,滛,0.784719527689625
傜,徭,0.7838100518770333
傜,俘,0.7658805110990242
傜,佢,0.7640523546727946
傜,谣,0.7600112986824998
傜,偛,0.7568053119506148
傜,摇,0.7552965857284127
傜,俋,0.7517921201224885
