char1,char2,similarity
傥,傥,1.0
傥,偿,0.7706047837349663
傥,俁,0.7701673851843313
傥,俣,0.7680991024042486
傥,僥,0.7636680731747569
傥,伧,0.7620594419569651
傥,伣,0.7614593660674875
傥,恱,0.7605245426816908
傥,倪,0.7585109339962024
傥,忼,0.7576282898150756
