char1,char2,similarity
傩,傩,1.0
傩,何,0.7227179013367065
傩,体,0.7214063380753536
傩,候,0.7174026581953091
傩,雔,0.7170272038569379
傩,儆,0.7117111303195488
傩,俸,0.7093672281672209
傩,倦,0.7082901167340218
傩,储,0.7078698898574802
傩,修,0.7076724646927879
