char1,char2,similarity
傦,傦,1.0
傦,愲,0.8511930883148078
傦,偦,0.7985035147766358
傦,嗗,0.7938659305172528
傦,俼,0.784022485959017
傦,情,0.7685907285096548
傦,倄,0.7658879819215834
傦,傿,0.7647467322516244
傦,佾,0.7646661994037955
傦,搰,0.7628256135040955
