char1,char2,similarity
傭,傭,1.0
傭,慵,0.8640516727270392
傭,滽,0.8117435852476357
傭,儂,0.7796128459026708
傭,嘃,0.7636131557525121
傭,儴,0.761370758099394
傭,镛,0.7607496738666228
傭,儣,0.7553013973947711
傭,傯,0.7532622531265467
傭,伵,0.7522277198205468
