char1,char2,similarity
傲,傲,1.0
傲,傚,0.7881284180115237
傲,滶,0.7836418790975368
傲,倣,0.7749098889364232
傲,僌,0.7507994473619622
傲,微,0.750700034230775
傲,嗷,0.7457925285143839
傲,慠,0.7414940993442607
傲,黴,0.7399351661934849
傲,徼,0.7392945949108924
