char1,char2,similarity
催,催,1.0
催,摧,0.7912115045921523
催,偕,0.7875120401388486
催,凗,0.7866252909544889
催,傕,0.7746694336483745
催,倡,0.7687578293031655
催,倠,0.7643606053030403
催,佶,0.7629469657565906
催,慛,0.7624526318009514
催,墔,0.7621661746579307
