char1,char2,similarity
傱,傱,1.0
傱,瑽,0.7733692318984077
傱,僾,0.7396892762876955
傱,僋,0.7366515698932903
傱,伳,0.7356373448994749
傱,傰,0.7345860993256906
傱,僓,0.7331275876965951
傱,佪,0.7315710968934732
傱,偭,0.7312790228108644
傱,伛,0.7311256029956125
