char1,char2,similarity
傮,傮,1.0
傮,嘈,0.8267825507279251
傮,傋,0.8008694405682178
傮,槽,0.7960414242563548
傮,僼,0.7954843601956163
傮,俼,0.7881518695551545
傮,僅,0.7814009295669929
傮,偝,0.7800354139495004
傮,慒,0.779782645029477
傮,倄,0.7770005690641411
