char1,char2,similarity
傼,傼,1.0
傼,傎,0.8219953282658214
傼,偀,0.7870104025027741
傼,僼,0.7756408551826364
傼,偅,0.7734159452642848
傼,僡,0.7720632038123512
傼,倳,0.7702078044590377
傼,嘆,0.7681182087519361
傼,慎,0.766836071374846
傼,儀,0.7610048021636601
