char1,char2,similarity
傻,傻,1.0
傻,儍,0.7560445310964722
傻,惾,0.7502978904337911
傻,侫,0.7426101767775337
傻,愎,0.7332913582690151
傻,偎,0.7310390014781005
傻,停,0.7310221161940612
傻,復,0.7304837328934826
傻,使,0.7257506874583411
傻,佃,0.7243971637147096
