char1,char2,similarity
僀,僀,1.0
僀,滯,0.7917731556979045
僀,侏,0.7228692133153405
僀,佇,0.7218461128251819
僀,何,0.7208529495111456
僀,儆,0.7201436543754393
僀,傺,0.717512218578462
僀,僗,0.715269281323878
僀,偞,0.7152089015507245
僀,傪,0.7116462955177946
