char1,char2,similarity
僅,僅,1.0
僅,漌,0.8293626917069539
僅,慬,0.825647204855978
僅,僮,0.8176156574197101
僅,偅,0.8146988573214117
僅,傋,0.8048447725647878
僅,谨,0.7903888942818384
僅,傮,0.7814009295669929
僅,偀,0.7742976490711293
僅,俓,0.7735129622950261
