char1,char2,similarity
僄,僄,1.0
僄,慓,0.8289853894192408
僄,嘌,0.8123733077817754
僄,倶,0.8026904156821278
僄,徱,0.7999650724368328
僄,僸,0.7935828453331103
僄,摽,0.7924569081677081
僄,僺,0.7872531143547629
僄,俱,0.7857559023275167
僄,儤,0.771995689775612
