char1,char2,similarity
傿,傿,1.0
傿,偈,0.7756918625607576
傿,傦,0.7647467322516244
傿,偦,0.7615201024879346
傿,佤,0.7517582453386209
傿,倀,0.7508325090222651
傿,偅,0.7499183857058664
傿,俑,0.7495990537679806
傿,僑,0.7491527036684933
傿,嘕,0.748919379459971
