char1,char2,similarity
僂,僂,1.0
僂,慺,0.8198222996908736
僂,僓,0.7937143083953285
僂,債,0.7832074993911415
僂,儴,0.7712635612669414
僂,儂,0.7635487004447195
僂,傁,0.760674598455202
僂,偃,0.760583243452292
僂,儧,0.7595758937613984
僂,傊,0.7562298439062547
