char1,char2,similarity
僇,僇,1.0
僇,惨,0.774943501532684
僇,缪,0.7711026721060846
僇,僤,0.7691506461178274
僇,谬,0.7588400065931127
僇,儚,0.7584277692408499
僇,僄,0.7551776678942381
僇,嘐,0.7524211443206741
僇,儤,0.7515895469313427
僇,漻,0.7506189517465732
