char1,char2,similarity
像,像,1.0
像,潒,0.7567700772758086
像,停,0.7433182138274311
像,似,0.732282242285859
像,偟,0.7269296240557744
像,便,0.7259389838860076
像,傡,0.7222265887385837
像,侽,0.7217443665476895
像,偔,0.7214883387388551
像,倦,0.7200191300113548
