char1,char2,similarity
僑,僑,1.0
僑,憍,0.7863175938325531
僑,墧,0.7629966994294554
僑,傿,0.7491527036684933
僑,燆,0.7469440725917754
僑,倘,0.7465278369459621
僑,俑,0.7429772188842911
僑,僾,0.7397786192971616
僑,僪,0.7364917943894752
僑,偈,0.736077287761413
