char1,char2,similarity
僐,僐,1.0
僐,偆,0.8101686816741306
僐,僔,0.7757671858993468
僐,僣,0.7746762502674476
僐,僧,0.7689059364734214
僐,倢,0.7614567913738943
僐,傄,0.7535771504748859
僐,俜,0.750750632227287
僐,俸,0.750507810027634
僐,俥,0.7494717817994112
