char1,char2,similarity
僎,僎,1.0
僎,潠,0.7860958516968952
僎,傊,0.7779148719245504
僎,傫,0.7741245555174976
僎,潩,0.7685037790314522
僎,噀,0.7672521585595602
僎,偩,0.7559765716269017
僎,傉,0.753116761457953
僎,儨,0.7525763019322297
僎,傒,0.7512960616343979
