char1,char2,similarity
僈,僈,1.0
僈,慢,0.820430693125061
僈,谩,0.8040025211070947
僈,摱,0.7836172880544885
僈,墁,0.7802238524983665
僈,儤,0.768863087696415
僈,镘,0.7598071583629559
僈,槾,0.7530247931313357
僈,俣,0.7519199699989247
僈,熳,0.7517843406838893
