char1,char2,similarity
僊,僊,1.0
僊,俸,0.7449085343996643
僊,侵,0.7439167292361161
僊,僝,0.7435767375732052
僊,倦,0.7338150870743984
僊,愝,0.7273526694312082
僊,僴,0.7261633148367427
僊,惽,0.7252739540813514
僊,價,0.7231038737442284
僊,俋,0.7184494551231981
