char1,char2,similarity
僋,僋,1.0
僋,僨,0.8185706004911363
僋,僓,0.8062665173224678
僋,倹,0.7888538712166813
僋,債,0.7798144596076304
僋,價,0.7750998799392858
僋,估,0.7597308423493981
僋,儁,0.7568060216139452
僋,俍,0.7527935388904313
僋,偩,0.7526156533471303
