char1,char2,similarity
僗,僗,1.0
僗,儝,0.8118923250755686
僗,嘮,0.7581181852467971
僗,俣,0.7535742353997377
僗,備,0.7472038841682003
僗,俜,0.7427147637726901
僗,儧,0.7402499588007055
僗,儛,0.7381771835075863
僗,俁,0.7371121409041224
僗,佺,0.7370751148389727
