char1,char2,similarity
僒,僒,1.0
僒,僖,0.7744810951661214
僒,僼,0.7699532449482607
僒,僥,0.7696160824861366
僒,偅,0.7691851726700709
僒,億,0.7589569508688602
僒,倳,0.7573657474942973
僒,儚,0.7558663691764167
僒,儃,0.7539020662855623
僒,傗,0.7537262447419064
