char1,char2,similarity
僛,僛,1.0
僛,傚,0.7321072157180051
僛,俽,0.7204272146975205
僛,惞,0.7045385945059446
僛,掀,0.6939425785472018
僛,凘,0.6917803329705261
僛,滥,0.6896505192792172
僛,傲,0.6871286654470314
僛,谳,0.6864182252942035
僛,儮,0.6854978983753113
