char1,char2,similarity
僖,僖,1.0
僖,倳,0.8124039951705176
僖,僡,0.7954427596523064
僖,熺,0.7902863023285803
僖,糦,0.7802019159251862
僖,儜,0.778777531817368
僖,儘,0.7774113517849555
僖,僒,0.7744810951661214
僖,偅,0.7713549812907258
僖,橲,0.7710607003081906
