char1,char2,similarity
僙,僙,1.0
僙,横,0.8058316875910279
僙,慔,0.7926281690151588
僙,潢,0.7887253244388978
僙,演,0.7514817820601757
僙,傹,0.7434685889029837
僙,侇,0.7402589052320089
僙,撗,0.740035966406371
僙,偩,0.7377573501664499
僙,僷,0.7372033194864779
