char1,char2,similarity
僜,僜,1.0
僜,侸,0.7791449984168983
僜,撜,0.7771298390776142
僜,仾,0.7718849011943704
僜,伹,0.7657580017243761
僜,噔,0.7648968974407857
僜,佺,0.7637774081354545
僜,俹,0.7621971797953178
僜,佢,0.7620887688035127
僜,澄,0.7603479763938538
