char1,char2,similarity
僠,僠,1.0
僠,潘,0.8146100076552891
僠,偁,0.7758889097702082
僠,佸,0.7754137082344097
僠,噃,0.7706521113783387
僠,憣,0.7680930337332693
僠,偺,0.7618087788626056
僠,俖,0.7569062712726249
僠,俻,0.755756706788823
僠,璠,0.749814425543267
