char1,char2,similarity
僢,僢,1.0
僢,僲,0.7653054915814372
僢,俱,0.7363554348202135
僢,瞬,0.7339976698755704
僢,俏,0.733823526201415
僢,儞,0.7237945367819432
僢,侠,0.7222456945168927
僢,僠,0.7213546504236964
僢,俀,0.7211445344489863
僢,傠,0.7205427599519592
