char1,char2,similarity
僞,僞,1.0
僞,潙,0.7763411222216646
僞,撝,0.7603385249536435
僞,噅,0.7318322078982611
僞,僤,0.7297749651269657
僞,傝,0.7264609454706621
僞,僴,0.7213341099618478
僞,侃,0.7199528462864071
僞,優,0.7173957070385022
僞,偊,0.7150151395032406
