char1,char2,similarity
僣,僣,1.0
僣,偺,0.7760914882162818
僣,僐,0.7746762502674476
僣,俼,0.768521567602543
僣,偗,0.7667594928436183
僣,傄,0.7662519622036896
僣,備,0.757272855893949
僣,偆,0.7552330699848726
僣,值,0.7544350713278514
僣,佫,0.7506039257397104
