char1,char2,similarity
僦,僦,1.0
僦,憱,0.7484094657163991
僦,伮,0.7223525848190915
僦,借,0.7222004491847456
僦,傠,0.721945937848745
僦,偑,0.7163721662497731
僦,伇,0.7135955471472499
僦,俄,0.7126150380476493
僦,傡,0.7120898676923662
僦,悈,0.7116007387913021
