char1,char2,similarity
僬,僬,1.0
僬,潐,0.7971554716614814
僬,谯,0.7950321100546229
僬,憔,0.769240146894398
僬,撨,0.7665397246948419
僬,樵,0.7568335056403278
僬,佨,0.7495879688303438
僬,倶,0.749155034269828
僬,僺,0.7423821057757746
僬,但,0.7417170576496471
