char1,char2,similarity
僨,僨,1.0
僨,僓,0.8185885478045013
僨,僋,0.8185706004911363
僨,債,0.7906539563896968
僨,噴,0.7873628360728248
僨,儐,0.7864093073097939
僨,憒,0.7858966121651503
僨,儣,0.7809554464170627
僨,億,0.7756983138834721
僨,僮,0.7710032284068109
