char1,char2,similarity
僧,僧,1.0
僧,俜,0.7891892699721489
僧,偗,0.7722425918657965
僧,僐,0.7689059364734214
僧,増,0.7660211247054509
僧,偆,0.7602215034220033
僧,佶,0.7570266628168486
僧,值,0.7566537092256281
僧,倍,0.7512663873915589
僧,偕,0.7499920953078029
