char1,char2,similarity
僪,僪,1.0
僪,儁,0.7654901755158033
僪,倡,0.7637419864635971
僪,俑,0.7532777655847582
僪,偪,0.7484826676758871
僪,橘,0.7478676262230091
僪,倜,0.7469829364166372
僪,僶,0.746122677985451
僪,偱,0.7460216382275111
僪,僄,0.7432712317803828
