char1,char2,similarity
僭,僭,1.0
僭,憯,0.7406319789006792
僭,谮,0.7393487617535255
僭,濳,0.7371136337233317
僭,俖,0.7270591499448424
僭,潛,0.7245383916432707
僭,優,0.7191048396539401
僭,憎,0.7164098234096667
僭,墖,0.7122538480496312
僭,慅,0.711239942769389
