char1,char2,similarity
僫,僫,1.0
僫,偔,0.7957354691054003
僫,僽,0.7770523378605443
僫,俔,0.7752893493340604
僫,偪,0.7734799222956387
僫,僁,0.7711211145977156
僫,傌,0.7698103942798794
僫,偓,0.7591679266737782
僫,偟,0.7582021054878847
僫,侸,0.7553632407682689
