char1,char2,similarity
僷,僷,1.0
僷,儰,0.7431888698505914
僷,僙,0.7372033194864779
僷,僃,0.7330656739716557
僷,何,0.7265399793052311
僷,憹,0.724396716336901
僷,慔,0.7182401589846285
僷,馍,0.7152718979532455
僷,壈,0.7131328990157072
僷,侠,0.711247215219366
