char1,char2,similarity
僴,僴,1.0
僴,僩,0.7970115573922641
僴,櫩,0.7794340321985014
僴,墹,0.7787034738231086
僴,櫊,0.769653044764512
僴,撋,0.759329141529565
僴,櫚,0.7547107120122546
僴,撊,0.7508258868157531
僴,掆,0.7503176418932829
僴,瞤,0.7446331446567553
