char1,char2,similarity
僱,僱,1.0
僱,倻,0.7234976640605388
僱,傢,0.7190589600964759
僱,俯,0.7122135731269111
僱,蕹,0.7120812595246079
僱,德,0.711294837794263
僱,倔,0.7110037769547695
僱,懐,0.7100280319079845
僱,俽,0.7097889063584719
僱,倾,0.7084715783783412
