char1,char2,similarity
僶,僶,1.0
僶,憴,0.7973974005045562
僶,倡,0.7738585933649594
僶,偓,0.7582634163717419
僶,伽,0.7576618006834874
僶,倱,0.7561401982475622
僶,偪,0.7554668218687555
僶,偔,0.7552910310299039
僶,僄,0.7511830299272743
僶,儑,0.7507132770816816
