char1,char2,similarity
儁,儁,1.0
儁,傐,0.785717800267174
儁,倩,0.7735814659946227
儁,僨,0.7667952712170995
儁,僪,0.7654901755158033
儁,倘,0.7645866044542694
儁,傋,0.7630814142176773
儁,僅,0.762956128138831
儁,僮,0.7612307174109941
儁,僋,0.7568060216139452
