char1,char2,similarity
僺,僺,1.0
僺,倶,0.807689067653031
僺,僄,0.7872531143547629
僺,俱,0.784085470597092
僺,傫,0.7715670249203159
僺,倀,0.767459936351393
僺,侱,0.7626672942504293
僺,懆,0.7580672566816142
僺,俚,0.7523220837651851
僺,偍,0.7511027436598552
