char1,char2,similarity
儀,儀,1.0
儀,燨,0.7751002356926646
儀,傼,0.7610048021636601
儀,僡,0.7567312503347052
儀,倳,0.7504231977628778
儀,僖,0.7430883331874133
儀,僼,0.7418063943993246
儀,傎,0.73370281906917
儀,傃,0.7323468531386199
儀,僥,0.732252645354421
