char1,char2,similarity
儉,儉,1.0
儉,憸,0.7868195690487131
儉,澰,0.7809702935137564
儉,倹,0.7752940298033514
儉,偸,0.7622428460985828
儉,噞,0.7386015366907402
儉,僋,0.7336665986795853
儉,侐,0.7328837404740035
儉,侪,0.7325724609578329
儉,偷,0.73235505376478
