char1,char2,similarity
儍,儍,1.0
儍,傁,0.7664607259101254
儍,僾,0.7626301884277886
儍,傻,0.7560445310964722
儍,倿,0.7495581489976668
儍,僨,0.7487846430898818
儍,倰,0.7434204598974066
儍,儣,0.7411198880998656
儍,僈,0.738515342614979
儍,儃,0.7360813914223495
