char1,char2,similarity
儇,儇,1.0
儇,懁,0.8200832157758602
儇,儥,0.7590673049595918
儇,環,0.7437154700073426
儇,僤,0.741376627981834
儇,偮,0.7405834962123352
儇,彋,0.7399895381482352
儇,偓,0.7386411575983548
儇,偎,0.738419231979255
儇,倨,0.738146282975373
