char1,char2,similarity
儋,儋,1.0
儋,擔,0.8248115641469618
儋,噡,0.8078053943392232
儋,憺,0.7664981420176277
儋,檐,0.757008189359523
儋,儐,0.7560428302941766
儋,僓,0.7477406313382382
儋,儂,0.746983936132126
儋,儣,0.7461261524359616
儋,債,0.7441544519832947
