char1,char2,similarity
億,億,1.0
億,僨,0.7756983138834721
億,僡,0.7690767153071799
億,傎,0.7689897463169875
億,僔,0.7684239853699295
億,愴,0.7655724479729292
億,侸,0.763601541584258
億,僮,0.760876276712935
億,伌,0.759918489449187
億,僒,0.7589569508688602
