char1,char2,similarity
儕,儕,1.0
儕,嚌,0.8096141674989987
儕,懠,0.7983917964283254
儕,俼,0.7900609353115149
儕,擠,0.7767965433381971
儕,偝,0.7700679179214815
儕,傮,0.7581371295203847
儕,傋,0.7573122665972585
儕,備,0.7536295998245943
儕,傗,0.7533020680509632
