char1,char2,similarity
儗,儗,1.0
儗,懝,0.7927862761596011
儗,擬,0.7858573015807032
儗,侃,0.7378733255867931
儗,偍,0.7374364905107528
儗,傴,0.7245078988717679
儗,儇,0.7218863258426741
儗,侄,0.7213473027349139
儗,倆,0.7202479886430344
儗,伹,0.7201540736488515
