char1,char2,similarity
儘,儘,1.0
儘,僡,0.8010574575284425
儘,璶,0.7804221932957325
儘,僖,0.7774113517849555
儘,僼,0.7685210822742383
儘,侐,0.7660089702606699
儘,佉,0.7648649685422766
儘,偅,0.7640203496817033
儘,倫,0.7620291042918688
儘,嚍,0.7618261473997793
