char1,char2,similarity
儛,儛,1.0
儛,儕,0.7460933146657257
儛,僗,0.7381771835075863
儛,備,0.7293635267164305
儛,儜,0.7284840690312563
儛,僣,0.7262028498603135
儛,倹,0.7246494097469633
儛,傧,0.7242224978820188
儛,偩,0.7230409831048531
儛,傎,0.7226785210070144
