char1,char2,similarity
儡,儡,1.0
儡,偍,0.7568541579693521
儡,倮,0.7461570719349919
儡,偎,0.7382050447599234
儡,俱,0.7377986138214699
儡,偪,0.7325174248094339
儡,倡,0.7292827923003027
儡,俔,0.7280637989797736
儡,愊,0.7247073146090266
儡,們,0.721571266429671
