char1,char2,similarity
儜,儜,1.0
儜,懧,0.8120677208801534
儜,倳,0.7878125578967774
儜,僖,0.778777531817368
儜,僡,0.7723112274888065
儜,僤,0.7565631746493908
儜,倬,0.7488673904501634
儜,俥,0.7474915142260844
儜,儕,0.7448619556315281
儜,佇,0.7447083666142793
