char1,char2,similarity
償,償,1.0
償,儹,0.7929778602324078
償,儥,0.7916780781542234
償,儧,0.7754761759806742
償,儨,0.7747286332754302
償,偾,0.7607439781757531
償,傎,0.7578996744576695
償,債,0.751027694918087
償,偙,0.7437404713599575
償,儈,0.7424321026699117
