char1,char2,similarity
儚,儚,1.0
儚,懜,0.7925986483493606
儚,僇,0.7584277692408499
儚,僒,0.7558663691764167
儚,俉,0.7530961845315779
儚,僖,0.7491436111115493
儚,倳,0.7486507290086184
儚,傮,0.74201704801811
儚,侔,0.7409293894346416
儚,儓,0.7407249685843995
