char1,char2,similarity
儙,儙,1.0
儙,谴,0.7821020576799562
儙,僓,0.7702645283462093
儙,債,0.7594842782693103
儙,儐,0.7548601898797112
儙,僂,0.7524816138784253
儙,價,0.7496648999062202
儙,僆,0.7493467720800822
儙,傉,0.7467442856628267
儙,偃,0.7463336815109084
