char1,char2,similarity
儤,儤,1.0
儤,僄,0.771995689775612
儤,僈,0.768863087696415
儤,僿,0.7666616301858196
儤,偎,0.7594179151157078
儤,偔,0.7563330612640929
儤,爆,0.7517763267785847
儤,僇,0.7515895469313427
儤,儑,0.7504907688997906
儤,嚗,0.748521258961312
