char1,char2,similarity
儫,儫,1.0
儫,檺,0.7855475019417875
儫,壕,0.7613770116465752
儫,僓,0.75637133172059
儫,儐,0.7544403641863396
儫,儃,0.741957982803442
儫,儙,0.7403736481233931
儫,僿,0.7397988601587474
儫,債,0.7391682247596332
儫,僥,0.7389527885406766
