char1,char2,similarity
儦,儦,1.0
儦,穮,0.8061158186499628
儦,镳,0.7769828304306479
儦,僆,0.7679020311575061
儦,犥,0.7643513361949164
儦,佪,0.764068969976427
儦,偱,0.7592262788479192
儦,儣,0.7578657702112346
儦,傓,0.7535411072261484
儦,偵,0.7514957134803342
