char1,char2,similarity
儵,儵,1.0
儵,鯈,0.7248356289469231
儵,翛,0.7108689328445142
儵,爣,0.7082189045635384
儵,鞗,0.7064821872775269
儵,條,0.705816746098185
儵,絛,0.7041002583724406
儵,憻,0.683643726299823
儵,僵,0.6803447902073949
儵,瓄,0.6797754295337852
