char1,char2,similarity
儱,儱,1.0
儱,徿,0.8075244088984049
儱,曨,0.8050494196505117
儱,瀧,0.7952724562310785
儱,爖,0.7848196919391176
儱,瓏,0.7755600336668178
儱,櫳,0.7728885104814515
儱,嚨,0.7713225442373328
儱,隴,0.7515052624318358
儱,儣,0.7513941492044056
