char1,char2,similarity
儯,儯,1.0
儯,僀,0.7080208513241221
儯,俺,0.7037124966874163
儯,優,0.7021766598485021
儯,僚,0.7020885817411737
儯,傤,0.6984812049576851
儯,僊,0.6981143094059561
儯,僃,0.6978714359222334
儯,僱,0.6964826229433949
儯,僭,0.6954526610117319
