char1,char2,similarity
儭,儭,1.0
儭,儬,0.7469673103965695
儭,瀙,0.7315182364195245
儭,嚫,0.7015183690620861
儭,槻,0.6951631891197796
儭,灝,0.6913708648087803
儭,櫬,0.6897400316403993
儭,儩,0.6895163794383661
儭,瀬,0.6876173177247871
儭,卸,0.6846673602146381
