char1,char2,similarity
儻,儻,1.0
儻,僿,0.755433283673387
儻,僅,0.7500427008787325
儻,僮,0.7490972738730415
儻,償,0.7383778296758619
儻,僓,0.7353333443637543
儻,偅,0.7340784296513122
儻,債,0.7339274580781451
儻,儹,0.7297151742524984
儻,儐,0.7282866008733546
