char1,char2,similarity
儼,儼,1.0
儼,玁,0.7312147650709522
儼,傲,0.7100937131241637
儼,儆,0.7010396781526027
儼,傤,0.6998340537015085
儼,候,0.6988857269009537
儼,傾,0.6960851577637196
儼,偷,0.6947989280921005
儼,僝,0.6947489189712776
儼,僌,0.6942941320142083
