char1,char2,similarity
儹,儹,1.0
儹,儧,0.8072918002652106
儹,償,0.7929778602324078
儹,囋,0.789958256413739
儹,債,0.7896664051839061
儹,價,0.7589307839735406
儹,儨,0.7582090183402019
儹,儐,0.7458367394521732
儹,儂,0.7357124192498259
儹,偙,0.7350450096905659
