char1,char2,similarity
儾,儾,1.0
儾,攮,0.792993353144316
儾,灢,0.7825020448754326
儾,囔,0.7264402791222913
儾,壜,0.719034187181112
儾,優,0.7175586168900708
儾,儞,0.7105506106502552
儾,僭,0.702329037490133
儾,僝,0.7016155499160388
儾,懮,0.7011489991957346
