char1,char2,similarity
儽,儽,1.0
儽,僓,0.7409139903916692
儽,儅,0.7339520558641205
儽,儫,0.732686143688043
儽,僼,0.7277965873596973
儽,偿,0.7256273066064148
儽,傊,0.7246335846173405
儽,傎,0.723909172756877
儽,倳,0.7230826065235155
儽,傰,0.7210685111219604
