char1,char2,similarity
儶,儶,1.0
儶,欈,0.772268528630819
儶,瓗,0.7655100748829728
儶,攜,0.7502277876951773
儶,債,0.7493306927633656
儶,僖,0.7422188826944742
儶,僓,0.7366657575764455
儶,低,0.7303840766594791
儶,儐,0.729681403290597
儶,儫,0.7288353042367736
