char1,char2,similarity
儿,儿,1.0
儿,几,0.8741236563163582
儿,凣,0.8496149289582462
儿,凢,0.8375864390057132
儿,兀,0.830033378554382
儿,八,0.8265919399093894
儿,圠,0.8230775812560015
儿,尣,0.822432146907601
儿,丶,0.8085066852769865
儿,入,0.8080711046756325
