char1,char2,similarity
充,充,1.0
充,光,0.8023381237893569
充,圥,0.795328333736523
充,允,0.7823796894955426
充,艽,0.7816324449671913
充,亥,0.7788383256982537
充,宄,0.7769082606085486
充,灮,0.7755810295852368
充,兂,0.7729302649424068
充,宛,0.7725946320977017
