char1,char2,similarity
兂,兂,1.0
兂,先,0.8074684939429485
兂,光,0.7956264147904444
兂,夬,0.7888832473682235
兂,火,0.7846437559943829
兂,支,0.7845115921702813
兂,兕,0.7827372164903266
兂,旡,0.781532810854882
兂,史,0.7812228246201641
兂,圥,0.7795597732621179
