char1,char2,similarity
兑,兑,1.0
兑,見,0.7864118847529102
兑,关,0.7860846928547056
兑,皃,0.7813902742365731
兑,允,0.7721446416259871
兑,芫,0.7679586060653538
兑,兄,0.7645165628539311
兑,兒,0.7638450790330238
兑,茪,0.7626355884569881
兑,爿,0.7612816549393521
