char1,char2,similarity
児,児,1.0
児,圥,0.784107245125245
児,兄,0.7813419251100884
児,兕,0.7798769116922208
児,売,0.7749243090591168
児,旡,0.773377520556289
児,元,0.7697447854071848
児,光,0.7664453603154058
児,皃,0.7651450587456722
児,舁,0.7643660660107018
