char1,char2,similarity
兎,兎,1.0
兎,兔,0.7809965743444401
兎,甩,0.7751149201007472
兎,见,0.7684898690701706
兎,民,0.7683180949724088
兎,弖,0.7672278374983716
兎,兒,0.7651670750022904
兎,觅,0.7641213961958779
兎,里,0.7540921264481175
兎,丟,0.750240710744846
