char1,char2,similarity
兒,兒,1.0
兒,兇,0.8094219731564317
兒,兕,0.8092740367700458
兒,允,0.7850827543862512
兒,尢,0.7797267444014622
兒,旡,0.7783265196686017
兒,无,0.7778654678991819
兒,皃,0.7771912036241463
兒,民,0.7747090969936363
兒,尤,0.7724674571100452
