char1,char2,similarity
兌,兌,1.0
兌,兊,0.7720002651318407
兌,尢,0.7684112730758483
兌,兔,0.7541810072432997
兌,兑,0.7502888826005543
兌,亡,0.7434801677583278
兌,兇,0.7408718409388899
兌,父,0.7400876408759638
兌,兒,0.7392396647266452
兌,見,0.7387442396017176
