char1,char2,similarity
兜,兜,1.0
兜,兕,0.7764478359462518
兜,丱,0.7593332846295472
兜,兂,0.755322191899058
兜,元,0.7411731138705212
兜,灮,0.7399200432475896
兜,北,0.7393188013425874
兜,业,0.7377802250948469
兜,兀,0.7368595667572251
兜,兗,0.7365304813926473
