char1,char2,similarity
兛,兛,1.0
兛,兙,0.8715239670551647
兛,兞,0.767630249846691
兛,兡,0.764370294524277
兛,兣,0.7545868264330352
兛,勊,0.7441737129543525
兛,杄,0.7395184599211709
兛,虶,0.7352505777442822
兛,豇,0.7347852641578668
兛,贬,0.7325417500808044
