char1,char2,similarity
兖,兖,1.0
兖,兗,0.8038893346732527
兖,茺,0.782883105452111
兖,尭,0.7563230234431206
兖,窕,0.7533546788080815
兖,芫,0.7531899043312098
兖,突,0.7492977548957293
兖,兑,0.7484556889532986
兖,宨,0.7482402479022355
兖,茪,0.7480758434076742
