char1,char2,similarity
兣,兣,1.0
兣,兡,0.8184655463433161
兣,兞,0.808562824533761
兣,兝,0.7936646739407995
兣,兙,0.763420649447999
兣,兛,0.7545868264330352
兣,甅,0.7357760220394852
兣,剋,0.7202981215303128
兣,勊,0.7199041262096395
兣,尮,0.7078747693356755
