char1,char2,similarity
全,全,1.0
全,圭,0.8245013872561484
全,佥,0.8233682744006618
全,金,0.81646251395086
全,仓,0.8093673485408537
全,仺,0.8084134250021646
全,士,0.8017696820224569
全,仝,0.7997798313653806
全,个,0.7994792163056843
全,企,0.7988065932920324
