char1,char2,similarity
八,八,1.0
八,冫,0.8368671797223581
八,乁,0.8367969490024391
八,从,0.8267442355574168
八,儿,0.8265919399093894
八,氵,0.8263201171190149
八,几,0.8192726994257086
八,丶,0.8180603404312238
八,艹,0.8140435251188969
八,厶,0.8133235913779473
