char1,char2,similarity
兰,兰,1.0
兰,生,0.7878958479312482
兰,工,0.786312049499131
兰,上,0.7849277086914067
兰,彑,0.7837687314149407
兰,匸,0.7783025063122434
兰,丄,0.7759345690403477
兰,夳,0.7735453539376695
兰,厃,0.7730501671865856
兰,卫,0.7729570888992933
