char1,char2,similarity
共,共,1.0
共,艹,0.8041221927141513
共,弁,0.7797943502240553
共,井,0.7664038286501932
共,寸,0.7612584850865747
共,枀,0.757141939380371
共,茾,0.7558728855199167
共,九,0.75560208521278
共,乀,0.7532292202753397
共,八,0.7527547538913337
