char1,char2,similarity
兩,兩,1.0
兩,両,0.847857573324359
兩,同,0.7941584713197103
兩,雨,0.7882718303238844
兩,闸,0.7762653427672127
兩,冃,0.7703790647327992
兩,冋,0.7678895279019641
兩,闰,0.7674770344286834
兩,间,0.7674307536888917
兩,网,0.7635145893203746
