char1,char2,similarity
典,典,1.0
典,自,0.7769409363639118
典,冉,0.7651811659534379
典,卌,0.75372456912654
典,貝,0.7529274279285227
典,口,0.7525909686014532
典,舁,0.7362982814570608
典,興,0.7334128755454413
典,呉,0.7332141609308508
典,貞,0.7325361870634666
