char1,char2,similarity
关,关,1.0
关,失,0.8003058558667001
关,哭,0.7929897523896914
关,夨,0.7914457513145664
关,兑,0.7860846928547056
关,臾,0.7786682588972506
关,夫,0.7752452444622913
关,夹,0.7705393107715937
关,尖,0.7674644205531389
关,一,0.7668574781570188
