char1,char2,similarity
兲,兲,1.0
兲,珡,0.777778514302119
兲,开,0.7756291798532301
兲,人,0.7746597452876469
兲,吾,0.7738991328932135
兲,亠,0.7607448394179201
兲,屴,0.7576479695870473
兲,先,0.7566505384297241
兲,辰,0.7551458562385723
兲,只,0.7533761512633329
