char1,char2,similarity
兽,兽,1.0
兽,善,0.7810502264657982
兽,曽,0.7789683092436313
兽,軎,0.7777689282277563
兽,兾,0.7690162954779233
兽,粤,0.769015323011061
兽,皇,0.7654586442931782
兽,普,0.758203204070226
兽,咅,0.7519581082669101
兽,畁,0.748194517606554
