char1,char2,similarity
兿,兿,1.0
兿,奠,0.7290949539332623
兿,尊,0.7194396444888589
兿,营,0.7180461088772112
兿,莩,0.7175249243302965
兿,善,0.7138302225571048
兿,富,0.7090400966294493
兿,彗,0.7087064810668877
兿,葶,0.7086432726034667
兿,莙,0.708420629193076
