char1,char2,similarity
冁,冁,1.0
冁,輾,0.8119383360916378
冁,蹍,0.7396034513663315
冁,幈,0.719010036669395
冁,幌,0.7186314348477695
冁,褞,0.7081511537388931
冁,帪,0.7048799841514802
冁,幄,0.7043191271352248
冁,帹,0.7030732050859851
冁,幊,0.7014366560507282
