char1,char2,similarity
兾,兾,1.0
兾,兽,0.7690162954779233
兾,善,0.7665541814856844
兾,羑,0.758733702347756
兾,皇,0.7552154033112237
兾,髸,0.7406403299239283
兾,阜,0.7392715403267397
兾,龚,0.7373327421486634
兾,筭,0.7333041996107934
兾,車,0.7320605638271304
