char1,char2,similarity
冊,冊,1.0
冊,册,0.8307997940507286
冊,血,0.7808064379168719
冊,何,0.7746834234502927
冊,兕,0.7728476947179459
冊,业,0.7588900473043197
冊,岍,0.7515001040314964
冊,卌,0.7507588910954797
冊,韭,0.7462124496767389
冊,目,0.7457232721761246
