char1,char2,similarity
册,册,1.0
册,冊,0.8307997940507286
册,血,0.7644529641208604
册,斨,0.7636340781773102
册,卌,0.7518308321322749
册,用,0.7507502659966276
册,皿,0.7459041148425063
册,朋,0.7433816853818421
册,圧,0.7363400721236105
册,何,0.7357559948329142
