char1,char2,similarity
冎,冎,1.0
冎,咼,0.8188319480032918
冎,呙,0.7940221578305011
冎,门,0.7868490917699131
冎,亠,0.784550132528314
冎,闩,0.7799028513383003
冎,凸,0.7781559001044959
冎,鬥,0.7775367729260307
冎,門,0.7764690534100392
冎,同,0.7743880692915577
