char1,char2,similarity
冇,冇,1.0
冇,有,0.8118048828319846
冇,亻,0.7866735827056561
冇,丆,0.779534452473361
冇,存,0.7791086480366871
冇,冖,0.7779131558491612
冇,乚,0.7740889567949478
冇,靪,0.765855343044949
冇,克,0.7648428789817221
冇,耓,0.7630649087910204
