char1,char2,similarity
冏,冏,1.0
冏,円,0.8308965824477393
冏,冂,0.8270030508153361
冏,冋,0.78411203468355
冏,冃,0.773186737982712
冏,同,0.7702690696682516
冏,冈,0.770166198010141
冏,司,0.7674814602648297
冏,向,0.764882507857939
冏,两,0.7642003492630024
