char1,char2,similarity
冋,冋,1.0
冋,冃,0.8889772728700078
冋,问,0.8410498532707319
冋,冂,0.8342495836029361
冋,间,0.8208548088914522
冋,同,0.8155515951853914
冋,门,0.8115166336981882
冋,囬,0.7930893150135687
冋,円,0.7877908831566585
冋,囘,0.7865481074094385
