char1,char2,similarity
円,円,1.0
円,冂,0.8747667169378682
円,田,0.8391448577826744
円,冏,0.8308965824477393
円,门,0.8272130823848383
円,厂,0.7983775310619448
円,回,0.7959819477417714
円,旧,0.7954668214491477
円,丙,0.7940149492872915
円,刂,0.7938912179757895
