char1,char2,similarity
冈,冈,1.0
冈,冂,0.8088273898944833
冈,冃,0.7947108261601018
冈,闪,0.7928214326512094
冈,冋,0.7828060673140825
冈,因,0.7826163580228237
冈,同,0.7742387766420588
冈,冏,0.770166198010141
冈,囗,0.7639266935636589
冈,门,0.7613767136744743
