char1,char2,similarity
写,写,1.0
写,耳,0.7872645063294033
写,习,0.7757855375685507
写,弓,0.7625794651860931
写,亏,0.7619953741071434
写,月,0.7602655651333157
写,厅,0.7547809203073625
写,乌,0.7544792145374861
写,丏,0.7543134102212046
写,马,0.751857487565794
