char1,char2,similarity
冕,冕,1.0
冕,崑,0.7630727936374267
冕,竟,0.7565889730040474
冕,覓,0.7441963877858256
冕,贡,0.7349063830157055
冕,雰,0.7288777418172092
冕,最,0.7271242417329815
冕,腎,0.7254714990156738
冕,景,0.72337145375983
冕,頁,0.7205026755236681
