char1,char2,similarity
冒,冒,1.0
冒,冐,0.8247471271075084
冒,暋,0.7831420191882595
冒,曾,0.7761731040203255
冒,眥,0.7722221990257542
冒,骨,0.7638878753078562
冒,盲,0.7584817683858259
冒,宣,0.7566475523479224
冒,肯,0.755033925326204
冒,雪,0.7535557821376351
