char1,char2,similarity
冔,冔,1.0
冔,昘,0.749539568823391
冔,界,0.7429195913176466
冔,屏,0.7417017431522176
冔,帚,0.7397325389789337
冔,晏,0.7388419861564487
冔,昻,0.7312888561431267
冔,昇,0.7267198566111003
冔,异,0.7259927879524615
冔,巪,0.7248974990360219
