char1,char2,similarity
冘,冘,1.0
冘,尢,0.7992233317757322
冘,乛,0.7930560799113295
冘,力,0.7914967492919504
冘,尤,0.7911814056564277
冘,人,0.7903578247502459
冘,宀,0.7867609048375271
冘,二,0.7835993584598477
冘,穴,0.7794604506844939
冘,扌,0.7769291868057133
