char1,char2,similarity
冣,冣,1.0
冣,罘,0.7308153549490611
冣,珢,0.7270089342919106
冣,员,0.7256336796315891
冣,罝,0.7220170355018305
冣,顶,0.7207206378198531
冣,绂,0.7184601455229099
冣,罪,0.7183854828659396
冣,眉,0.7166393570083105
冣,误,0.7163018913562196
