char1,char2,similarity
冞,冞,1.0
冞,釆,0.8031678198932612
冞,干,0.7827638102453345
冞,罙,0.7824511617911664
冞,宋,0.7637982030759576
冞,千,0.7593963958465908
冞,采,0.7531489709766213
冞,只,0.750603137023881
冞,卐,0.7483974205759149
冞,兴,0.7461619627349495
