char1,char2,similarity
农,农,1.0
农,衣,0.8117847368377241
农,丆,0.7578632109137525
农,丶,0.752763631591733
农,钅,0.7517643071396276
农,它,0.7511941561795592
农,亅,0.7503556946825146
农,安,0.748759415320801
农,次,0.7458933941012552
农,史,0.7454783718194884
