char1,char2,similarity
冠,冠,1.0
冠,冦,0.7674261791708221
冠,宼,0.7564031154086379
冠,匚,0.7403320515115124
冠,覎,0.733510436840636
冠,司,0.7319673057441566
冠,兒,0.7312528120815799
冠,卮,0.7302774901082372
冠,厄,0.728845597604399
冠,亘,0.7278864677047229
