char1,char2,similarity
冟,冟,1.0
冟,葟,0.7772382741892813
冟,豆,0.7629721704114708
冟,乭,0.7564106907098477
冟,蒀,0.7544955938125769
冟,己,0.749979798244739
冟,邕,0.7443507182970988
冟,葲,0.7439786064587367
冟,菺,0.7426164678555845
冟,竟,0.7398877142175931
