char1,char2,similarity
冡,冡,1.0
冡,象,0.7423023647297479
冡,彖,0.7409132772366858
冡,冥,0.7263807087585316
冡,氛,0.7166094264487383
冡,豙,0.7163106788180613
冡,旯,0.7075406219597411
冡,示,0.7068244619972127
冡,砉,0.7066632068012082
冡,長,0.7066107888504131
