char1,char2,similarity
冚,冚,1.0
冚,丁,0.8327458176097834
冚,丅,0.8150082171368006
冚,币,0.8099905498607655
冚,丄,0.7977770351161384
冚,丨,0.789398447925588
冚,田,0.7854442651764878
冚,干,0.7849615580578266
冚,了,0.7841713666141762
冚,厂,0.7806030948249191
