char1,char2,similarity
军,军,1.0
军,丵,0.7741024056360049
军,罦,0.7650490727521939
军,羋,0.7631724778661705
军,秊,0.7624517729271509
军,幂,0.7575506106037405
军,孯,0.7571891007082251
军,莩,0.7555976580007375
军,车,0.7454321939116006
军,牟,0.7453344716465174
