char1,char2,similarity
冝,冝,1.0
冝,宜,0.8326568094661406
冝,亙,0.8055693139558886
冝,且,0.7855937769689098
冝,歪,0.7722764567683528
冝,玊,0.771655455648522
冝,亘,0.7716137036618435
冝,豆,0.7704627592381577
冝,苴,0.767861474398912
冝,蝱,0.7603837929417792
