char1,char2,similarity
冭,冭,1.0
冭,乛,0.802948268725934
冭,仒,0.7830519842240797
冭,丶,0.7767787917940849
冭,一,0.7736292838809911
冭,亽,0.7674118973543623
冭,卜,0.7656391112165928
冭,亠,0.764921332265419
冭,丨,0.7649162409998961
冭,宀,0.7598730145090336
