char1,char2,similarity
冤,冤,1.0
冤,寃,0.7625388425891407
冤,菟,0.7558775628113428
冤,贝,0.7323291990923247
冤,杘,0.7296510532047108
冤,丂,0.72805115608867
冤,页,0.7245927473182316
冤,男,0.7241700992116116
冤,昆,0.7239111059002187
冤,耎,0.7207759018980823
