char1,char2,similarity
冩,冩,1.0
冩,巪,0.7447415396355554
冩,晑,0.7298008427636612
冩,冨,0.7283079332638623
冩,渭,0.7257795137737187
冩,閆,0.7250796789916322
冩,鬲,0.7246635884153786
冩,舃,0.7242937906008716
冩,冒,0.7237091133521626
冩,雪,0.7157667234843164
