char1,char2,similarity
冪,冪,1.0
冪,薑,0.7222545092678461
冪,幂,0.7210033500253238
冪,雸,0.7189647535706241
冪,箒,0.7166796610274052
冪,军,0.7153345762732799
冪,雰,0.714345749507164
冪,单,0.7135144652102513
冪,電,0.7118691823177516
冪,實,0.7112718606206374
