char1,char2,similarity
冬,冬,1.0
冬,各,0.8102318344510172
冬,名,0.7568586407223648
冬,一,0.7547614759402824
冬,午,0.7492652021719847
冬,丶,0.7474477492174353
冬,丫,0.7472998504486331
冬,彳,0.7472865280268955
冬,丬,0.7441877990167679
冬,枣,0.7391073811532349
