char1,char2,similarity
冯,冯,1.0
冯,马,0.7434403540799299
冯,冫,0.7398905761345675
冯,玛,0.7370877647449692
冯,吗,0.7369366022830199
冯,叧,0.7364908467525572
冯,只,0.735465198247571
冯,卩,0.7350096934771709
冯,呙,0.7348657075065564
冯,一,0.7344766551836064
