char1,char2,similarity
决,决,1.0
决,庂,0.7617655234730518
决,诀,0.7605318125014915
决,次,0.7603239421860373
决,块,0.7563477696858663
决,冼,0.7494930578720876
决,庆,0.7479664421809081
决,一,0.7443291306775509
决,仄,0.743838095501312
决,灰,0.7408853641185479
