char1,char2,similarity
冷,冷,1.0
冷,伶,0.8236547133208296
冷,怜,0.7969456207790736
冷,冾,0.7855551240759903
冷,彾,0.782914444045127
冷,泠,0.781883261659185
冷,呤,0.7639279843008795
冷,一,0.7496689028453295
冷,丶,0.7491623086549108
冷,柃,0.7482296641680949
