char1,char2,similarity
净,净,1.0
净,芌,0.7482541601747605
净,争,0.7380809791517303
净,凈,0.736172330202741
净,诤,0.7357114851274368
净,亠,0.7292332543906848
净,伞,0.7266903000457215
净,干,0.725453283494441
净,小,0.7246454579405446
净,丶,0.7246443999545609
