char1,char2,similarity
冿,冿,1.0
冿,津,0.8099869428031581
冿,侓,0.7980912828329663
冿,律,0.7619828104682886
冿,草,0.7570267979706439
冿,聿,0.7550607186115127
冿,凍,0.7535380741572159
冿,庘,0.745956983417315
冿,垏,0.7348379117067523
冿,凊,0.7342024055917212
