char1,char2,similarity
冺,冺,1.0
冺,凅,0.7608490604012837
冺,厎,0.7489827541221308
冺,屁,0.748361495202172
冺,辰,0.7342171165912899
冺,冼,0.7256115873053889
冺,兏,0.7190542096468359
冺,卂,0.7189819895757471
冺,忌,0.7182102347020176
冺,局,0.7170437665670345
