char1,char2,similarity
冽,冽,1.0
冽,利,0.7549846121166057
冽,牱,0.7310998923194674
冽,驯,0.7288093458729485
冽,冋,0.7270544644044828
冽,跒,0.7255371020138552
冽,牁,0.724984856294364
冽,胢,0.7246284314964673
冽,冃,0.7232016796483742
冽,刂,0.7230799491894591
