char1,char2,similarity
冹,冹,1.0
冹,沷,0.7673042571051657
冹,伖,0.7408104737891908
冹,欠,0.7398058976385595
冹,祓,0.7347523369343222
冹,夫,0.7286408963271811
冹,坄,0.7244950263022668
冹,钹,0.7197429020288735
冹,去,0.7193783963813544
冹,波,0.7175252271268153
