char1,char2,similarity
凉,凉,1.0
凉,倞,0.7964539005887151
凉,凁,0.7798879524463311
凉,凃,0.7763961242745512
凉,谅,0.7614086599632776
凉,涼,0.7575285495026993
凉,琼,0.7509871478772102
凉,冻,0.7451566404033308
凉,掠,0.7365103646223871
凉,丆,0.7351833473326563
