char1,char2,similarity
凃,凃,1.0
凃,凉,0.7763961242745512
凃,俆,0.7645217381219401
凃,涂,0.7551780037144007
凃,冶,0.7530055411171341
凃,冾,0.7494689853564197
凃,凎,0.7400670757186144
凃,悇,0.7365009643022008
凃,凁,0.7359533707794508
凃,冲,0.7334713027979988
