char1,char2,similarity
准,准,1.0
准,淮,0.8210598964232452
准,倠,0.7699527261788954
准,谁,0.7438603265768928
准,凗,0.7382920926849987
准,珜,0.7364892692111727
准,浩,0.7285319642952925
准,冾,0.7256380839235562
准,玤,0.7255654685497266
准,难,0.7196264078252308
