char1,char2,similarity
凇,凇,1.0
凇,舩,0.7241114510034389
凇,蚣,0.7220605107682727
凇,曲,0.7123830433734939
凇,躮,0.7090908845987732
凇,非,0.7063930986901547
凇,北,0.7026785913763971
凇,訟,0.7012702673746724
凇,衤,0.7011379607501143
凇,淞,0.7007553838302937
