char1,char2,similarity
凈,凈,1.0
凈,凙,0.7405151866171203
凈,净,0.736172330202741
凈,厅,0.7266099127125837
凈,屌,0.7249949639993697
凈,瑗,0.721250333043833
凈,冸,0.7211611019862744
凈,尿,0.7202102225076868
凈,凒,0.7171778560507882
凈,戶,0.7164562503684654
