char1,char2,similarity
凊,凊,1.0
凊,倩,0.8043980155611636
凊,清,0.8037206119684042
凊,溝,0.7584248830599353
凊,婧,0.7565898296833865
凊,凑,0.7492692805758163
凊,凒,0.7465325888110094
凊,塙,0.7455398403730968
凊,冸,0.7435799447370928
凊,高,0.7411238987483522
