char1,char2,similarity
凂,凂,1.0
凂,凁,0.7637253099497779
凂,俛,0.763019249329334
凂,冼,0.7443938027777134
凂,庑,0.7348714653356009
凂,况,0.7325227020139097
凂,次,0.7312378766858305
凂,冶,0.7304284875725917
凂,决,0.7287677780981539
凂,戻,0.7277269222984546
