char1,char2,similarity
凐,凐,1.0
凐,湮,0.8405146111273274
凐,凕,0.757465069078762
凐,凒,0.7393133671041264
凐,堙,0.7379414914757717
凐,匧,0.7355365628154762
凐,垔,0.7348076976425806
凐,迺,0.7283916073425339
凐,洹,0.7283448553327522
凐,圧,0.7252263341689636
