char1,char2,similarity
凎,凎,1.0
凎,冾,0.7857589797686138
凎,诠,0.7471061037236105
凎,淦,0.7425649622766831
凎,凃,0.7400670757186144
凎,凒,0.7347300635138501
凎,惍,0.7309324118503511
凎,盅,0.7304814900194548
凎,唫,0.727185525972672
凎,盀,0.7267379309408379
