char1,char2,similarity
凍,凍,1.0
凍,庫,0.7712334384725497
凍,冿,0.7535380741572159
凍,庲,0.7531765598504733
凍,庘,0.7496698526526288
凍,原,0.7467989037281519
凍,廆,0.7443655232169529
凍,凁,0.740644249503999
凍,凊,0.7357104432818363
凍,凃,0.7302047278666551
