char1,char2,similarity
凗,凗,1.0
凗,嗺,0.7918109489489422
凗,催,0.7866252909544889
凗,慛,0.7438574564808085
凗,膗,0.7429721870874674
凗,准,0.7382920926849987
凗,墔,0.7366223803152251
凗,冾,0.7361835196653436
凗,漼,0.7267593078695441
凗,摧,0.7239374338013809
