char1,char2,similarity
凘,凘,1.0
凘,嘶,0.7398042436509749
凘,撕,0.7265676814752827
凘,凙,0.717251020527109
凘,澌,0.7052366249840998
凘,凐,0.6997329881879966
凘,澵,0.6971974418467477
凘,斸,0.69414794692506
凘,厕,0.6934659382188978
凘,凂,0.6926933890641798
