char1,char2,similarity
凛,凛,1.0
凛,凜,0.8089503257629856
凛,稟,0.7332631892671012
凛,廔,0.7280758969481602
凛,瘭,0.7170563634581252
凛,懔,0.7154974105547265
凛,廜,0.7082432543921188
凛,噵,0.7058668247141965
凛,寛,0.7038394894350612
凛,窧,0.7014566647050352
