char1,char2,similarity
凝,凝,1.0
凝,擬,0.7174305738331481
凝,儗,0.7043375645230728
凝,縦,0.6828772130220898
凝,英,0.6807742080522655
凝,彑,0.6765687114233557
凝,吳,0.6764492131380077
凝,吴,0.6751798277991163
凝,丂,0.6749240548822344
凝,脡,0.674363282174057
