char1,char2,similarity
凙,凙,1.0
凙,澤,0.7730717364440961
凙,懌,0.7446485050679572
凙,凈,0.7405151866171203
凙,谭,0.7403482482403394
凙,墿,0.7362278168016297
凙,曎,0.7358938974229252
凙,礋,0.7230845311328541
凙,凘,0.717251020527109
凙,屌,0.7142112601216011
