char1,char2,similarity
凟,凟,1.0
凟,儥,0.7758877710207024
凟,瀆,0.7419384870210688
凟,瓄,0.7387524429212247
凟,僵,0.7374834101838006
凟,凒,0.7291294071189436
凟,篢,0.7254935988536132
凟,量,0.7200473193289442
凟,壃,0.7188093090859822
凟,篔,0.7123371364275033
