char1,char2,similarity
凣,凣,1.0
凣,凢,0.8990153528528306
凣,几,0.8692057992604596
凣,儿,0.8496149289582462
凣,九,0.8413536527401893
凣,凡,0.8247110265797574
凣,亢,0.8240897803443118
凣,亣,0.8208226485432553
凣,人,0.8166971327144974
凣,宂,0.8140573559553752
