char1,char2,similarity
凡,凡,1.0
凡,几,0.853561977681491
凡,凢,0.8414509505711276
凡,凣,0.8247110265797574
凡,儿,0.7986638975330101
凡,圠,0.7966214529852557
凡,乁,0.7943410335559818
凡,丬,0.7937457844429798
凡,九,0.7911680503932373
凡,孔,0.7911659277884351
