char1,char2,similarity
几,几,1.0
几,凢,0.8867932011079912
几,儿,0.8741236563163582
几,凣,0.8692057992604596
几,凡,0.853561977681491
几,丬,0.8194762762411792
几,八,0.8192726994257086
几,乚,0.814076216604225
几,乁,0.8128120677089289
几,兀,0.7957818481505374
