char1,char2,similarity
処,処,1.0
処,夝,0.7449499892465402
処,舛,0.7431034243181607
処,廴,0.7399290353397534
処,佌,0.7272487996571768
処,叭,0.7169257078890843
処,丄,0.7162283385538354
処,饤,0.7141769971582951
処,仉,0.7140260799139888
処,彣,0.7139348474365885
