char1,char2,similarity
凫,凫,1.0
凫,皃,0.776106484211362
凫,鳬,0.7668452180017542
凫,皂,0.7596244516245582
凫,帛,0.7575648871675918
凫,萖,0.7474944354311924
凫,兄,0.7470293184047627
凫,巳,0.7467772435765669
凫,兕,0.7446400478166084
凫,允,0.7441472909196531
