char1,char2,similarity
凰,凰,1.0
凰,风,0.7609759556292479
凰,風,0.7575199073769382
凰,凪,0.7559557849557905
凰,夙,0.7521182387009555
凰,凤,0.7483562704003224
凰,凨,0.7480003078917759
凰,凬,0.7409689752024333
凰,凩,0.735882571324057
凰,氧,0.7338920363565115
