char1,char2,similarity
凲,凲,1.0
凲,凮,0.7484816238841968
凲,恩,0.7256815133193106
凲,风,0.7250763305217623
凲,貝,0.7245704006134152
凲,飢,0.7223397923117144
凲,珟,0.7184448153229448
凲,凬,0.7168228439120155
凲,渢,0.7143180440161635
凲,层,0.7142896862695794
