char1,char2,similarity
凹,凹,1.0
凹,凵,0.846902770682678
凹,曰,0.8449043329648652
凹,四,0.8385415995031823
凹,臼,0.8262958542483779
凹,山,0.8144506128562773
凹,囗,0.8060575812843547
凹,门,0.7979650286318378
凹,囬,0.7883013812046287
凹,旧,0.7862063694616765
