char1,char2,similarity
凸,凸,1.0
凸,囗,0.828005617857156
凸,凵,0.7998328510251012
凸,山,0.7859347638517266
凸,门,0.7842165203794869
凸,囬,0.7802722211614723
凸,冎,0.7781559001044959
凸,凹,0.7737853064023898
凸,乃,0.7714243174038753
凸,凷,0.7673889427881417
