char1,char2,similarity
出,出,1.0
出,山,0.8154092302490781
出,由,0.8096641039379832
出,土,0.8012214069102381
出,丨,0.7996969046117735
出,当,0.7928647361746566
出,士,0.7907304545979819
出,丄,0.7878876507818782
出,帠,0.7877699701695049
出,甴,0.7873358932039797
