char1,char2,similarity
凶,凶,1.0
凶,內,0.779986322905613
凶,囚,0.7786950747538225
凶,凷,0.76211141041546
凶,山,0.7621066043456648
凶,凹,0.7610966440294435
凶,凵,0.7551959277286393
凶,凸,0.7550118353488005
凶,禸,0.7549295939453357
凶,四,0.7507643014413158
