char1,char2,similarity
刁,刁,1.0
刁,刂,0.8087142684237429
刁,刃,0.8060512923918892
刁,门,0.7975413091261446
刁,丁,0.7955755975175421
刁,刀,0.7952992232532746
刁,円,0.7921494493688445
刁,厂,0.79140143602284
刁,冂,0.7908248999199019
刁,乁,0.7879264223651071
