char1,char2,similarity
分,分,1.0
分,幵,0.7671145793774203
分,公,0.763246020334214
分,丷,0.763087414496616
分,廾,0.7628383104719487
分,兮,0.760022655071824
分,亻,0.7588117387000757
分,卄,0.7550042247680311
分,介,0.7549430213994655
分,丶,0.7540420865699466
