char1,char2,similarity
刄,刄,1.0
刄,匁,0.7669811189511822
刄,只,0.765323699192092
刄,月,0.7595999725459202
刄,万,0.7561508499248355
刄,丅,0.7471923710834264
刄,亏,0.7460884922027433
刄,亐,0.744984451121561
刄,丶,0.7439809748379698
刄,几,0.7417481463194247
