char1,char2,similarity
刊,刊,1.0
刊,刂,0.7679515783750547
刊,忄,0.7660402390762999
刊,札,0.7627317488988028
刊,门,0.7614370233370134
刊,勹,0.756874013262986
刊,乁,0.755040390534286
刊,几,0.7521729537184116
刊,孔,0.7518015622620773
刊,朻,0.7516528437364135
