char1,char2,similarity
刋,刋,1.0
刋,丌,0.7745659284735659
刋,刲,0.7639305004295124
刋,列,0.7616348088167966
刋,刑,0.7578078165576936
刋,凣,0.7572063558901027
刋,釗,0.7546625573330068
刋,几,0.7432731239683665
刋,刔,0.7419546245442467
刋,乃,0.7409941904140629
