char1,char2,similarity
刑,刑,1.0
刑,刓,0.7853357210577069
刑,則,0.7746184346572731
刑,列,0.7720681636705337
刑,刋,0.7578078165576936
刑,剕,0.7564881517771134
刑,刌,0.7556702780235605
刑,刐,0.7503958174875563
刑,训,0.7497015758805516
刑,剅,0.743356558074965
