char1,char2,similarity
刈,刈,1.0
刈,刂,0.7715517958272889
刈,冫,0.7616011335580416
刈,冮,0.7494881263840574
刈,钊,0.7448342470333791
刈,邓,0.7416947653914525
刈,冏,0.7400825388557365
刈,加,0.7398805746977093
刈,冂,0.7398440133307747
刈,辿,0.7395983921979868
