char1,char2,similarity
刌,刌,1.0
刌,剕,0.7626712176926209
刌,刑,0.7556702780235605
刌,列,0.7530759411750745
刌,刢,0.7518970216414985
刌,伺,0.7490177770958554
刌,刓,0.7454362193421282
刌,七,0.7448345764181477
刌,伽,0.7432115306975479
刌,剖,0.7423871537156171
