char1,char2,similarity
刐,刐,1.0
刐,刞,0.8056879817490233
刐,刵,0.782583526876702
刐,刓,0.7764350216553367
刐,剥,0.7713200126283787
刐,則,0.7645964004286296
刐,剆,0.7636033123671833
刐,剂,0.7626383890464483
刐,刏,0.7612759247244424
刐,剔,0.7603216788221572
