char1,char2,similarity
刓,刓,1.0
刓,刑,0.7853357210577069
刓,刞,0.7841605749602822
刓,刐,0.7764350216553367
刓,刴,0.7708073028824449
刓,刢,0.7648449230944669
刓,剥,0.7646848429492112
刓,刵,0.7619535389242121
刓,剅,0.7615435872180785
刓,剔,0.758174251172577
