char1,char2,similarity
刘,刘,1.0
刘,判,0.7827060976725206
刘,划,0.768729263829689
刘,则,0.7677335177561169
刘,魝,0.7654391300392306
刘,刽,0.7647920304184922
刘,灲,0.7641918303136501
刘,削,0.7536839640906645
刘,勹,0.7511785602359426
刘,向,0.7508804631630566
