char1,char2,similarity
刚,刚,1.0
刚,刟,0.7643653433752422
刚,刿,0.7541661557337648
刚,制,0.7524633669518129
刚,眀,0.7524090342451457
刚,玔,0.7492166365286514
刚,刨,0.7467499129960737
刚,則,0.7397456124651993
刚,剐,0.7389777312696906
刚,剌,0.7379026076372374
