char1,char2,similarity
初,初,1.0
初,朷,0.8181951837432657
初,忉,0.7865361677284998
初,袒,0.7804809858256984
初,切,0.7779217841133459
初,仞,0.7718070401777389
初,裋,0.7661089892694772
初,杤,0.7514937042190128
初,补,0.7496196842842031
初,祊,0.7471849470482695
