char1,char2,similarity
別,別,1.0
別,刡,0.7595623670917452
別,刓,0.7555036947151517
別,刾,0.7508342918340563
別,刞,0.729637599975908
別,紃,0.7292322099407964
別,刔,0.727816848926453
別,洏,0.7262776980698089
別,刳,0.725534180104693
別,泀,0.7226506736825317
