char1,char2,similarity
刞,刞,1.0
刞,刵,0.8100982402941659
刞,刐,0.8056879817490233
刞,刓,0.7841605749602822
刞,刢,0.7713986020882365
刞,剥,0.7707263914578465
刞,剅,0.767106408648966
刞,剆,0.7665172469342099
刞,剔,0.7627242599849782
刞,刴,0.7615952218978901
