char1,char2,similarity
刟,刟,1.0
刟,刚,0.7643653433752422
刟,刐,0.760058814278029
刟,玔,0.7539400741424986
刟,列,0.7505246246678952
刟,刞,0.749833698356701
刟,剉,0.7478191008328448
刟,到,0.7471913270145805
刟,副,0.7453386252524414
刟,刮,0.7453311410907283
