char1,char2,similarity
刨,刨,1.0
刨,刉,0.802287481737403
刨,钏,0.7784367877667775
刨,刚,0.7467499129960737
刨,刏,0.7451042262788533
刨,剥,0.744723237070918
刨,剆,0.7431235499321195
刨,刺,0.7415839076275744
刨,刎,0.7393601907451497
刨,刟,0.738196658557456
