char1,char2,similarity
刧,刧,1.0
刧,刼,0.8434729850590441
刧,仞,0.7519055325004835
刧,劥,0.7492652992738053
刧,朸,0.746063516176112
刧,朷,0.7427689498914979
刧,虭,0.742575534201377
刧,却,0.7423591520983954
刧,劼,0.7422152390702413
刧,纫,0.7409299912916305
