char1,char2,similarity
刭,刭,1.0
刭,剁,0.7974372198587086
刭,刹,0.7953148211437011
刭,矵,0.7922214097389934
刭,到,0.7855700356796821
刭,削,0.7728482045764979
刭,别,0.7718233452243948
刭,则,0.7676614966035484
刭,判,0.7622670258654844
刭,劲,0.7491728768422009
