char1,char2,similarity
刯,刯,1.0
刯,剅,0.8155746087444369
刯,刡,0.7610194120414433
刯,刣,0.7483165363279523
刯,刔,0.7393980963868658
刯,剄,0.7393409978891744
刯,刦,0.736850959340723
刯,浏,0.732810832142059
刯,刷,0.7304884682840866
刯,則,0.7303565178910363
