char1,char2,similarity
利,利,1.0
利,胢,0.760070691422005
利,冽,0.7549846121166057
利,刮,0.7548253227616776
利,则,0.7535215065843345
利,剁,0.7503813642919583
利,冃,0.7493911573834253
利,刭,0.748659072286223
利,刹,0.7479930997781244
利,别,0.7474811670719621
