char1,char2,similarity
刮,刮,1.0
刮,乱,0.7821226691539556
刮,舏,0.7726200634566232
刮,削,0.7580256489567283
刮,利,0.7548253227616776
刮,到,0.7546426924385671
刮,判,0.7528300612094083
刮,刭,0.7488959467772798
刮,刟,0.7453311410907283
刮,剁,0.7400158835385172
