char1,char2,similarity
刲,刲,1.0
刲,剄,0.803739880195951
刲,刦,0.7861153500068673
刲,剖,0.782789970116725
刲,刾,0.7762663632835647
刲,刔,0.7728377939128414
刲,剉,0.767244791305779
刲,刣,0.764584481115345
刲,刋,0.7639305004295124
刲,制,0.7514752156189133
