char1,char2,similarity
刹,刹,1.0
刹,剁,0.8007138157652673
刹,刭,0.7953148211437011
刹,到,0.7610012323750894
刹,峲,0.7563664056949977
刹,利,0.7479930997781244
刹,矵,0.7466537592874121
刹,剌,0.73364121617093
刹,削,0.7294792443426322
刹,别,0.727092079268379
