char1,char2,similarity
刱,刱,1.0
刱,胁,0.7564884062212294
刱,朌,0.7279892268103876
刱,厛,0.7154133844192572
刱,剙,0.7136998115643526
刱,砏,0.7119066759983599
刱,脣,0.7113006832828697
刱,尬,0.7093434403424979
刱,訜,0.7081044466852785
刱,脐,0.7076480141676806
