char1,char2,similarity
刺,刺,1.0
刺,剌,0.7964286065820875
刺,剠,0.790367104713623
刺,刴,0.7691049135162008
刺,剎,0.7603975645635421
刺,剥,0.7585871260334817
刺,剆,0.7558963587110148
刺,刲,0.7456602458628985
刺,刢,0.7454172252890753
刺,割,0.744434711600396
