char1,char2,similarity
刻,刻,1.0
刻,剖,0.7749749949659525
刻,刾,0.7516590274478855
刻,刲,0.7491540590153211
刻,剞,0.7487092104797234
刻,刦,0.7384724863639547
刻,郂,0.7249554511291204
刻,剄,0.7227720598034658
刻,刔,0.7220045980958245
刻,剆,0.7214763164873802
