char1,char2,similarity
刽,刽,1.0
刽,钊,0.7709665313879327
刽,郐,0.7652138167181626
刽,刘,0.7647920304184922
刽,创,0.7514145032312247
刽,甸,0.750049659773028
刽,剃,0.7373878572393996
刽,剁,0.7361563437750189
刽,判,0.7334593517142796
刽,划,0.7304492558078068
