char1,char2,similarity
剀,剀,1.0
剀,剞,0.7387132040604873
剀,刦,0.7241282603410844
剀,剄,0.7225310093695676
剀,剖,0.7208550944015686
剀,刲,0.7189454177769775
剀,刻,0.7162440955535088
剀,刯,0.7085388520303237
剀,詞,0.7060330370816509
剀,剅,0.700803113772726
