char1,char2,similarity
剌,剌,1.0
剌,刺,0.7964286065820875
剌,剠,0.7860687906086953
剌,剁,0.7741573036626036
剌,刿,0.7706163105656542
剌,剂,0.7647386155603083
剌,剚,0.7622479914208814
剌,剥,0.7554707373161283
剌,刏,0.7519619281552749
剌,刢,0.7510071971078829
