char1,char2,similarity
剆,剆,1.0
剆,刞,0.7665172469342099
剆,刐,0.7636033123671833
剆,剂,0.7604048600272324
剆,刿,0.7579710637785481
剆,剔,0.7571454742919818
剆,刺,0.7558963587110148
剆,刓,0.7552101927532121
剆,剖,0.7549487477675194
剆,刢,0.7534631202654166
