char1,char2,similarity
則,則,1.0
則,刑,0.7746184346572731
則,则,0.7659604144651151
則,刐,0.7645964004286296
則,剅,0.7612022934493645
則,列,0.7535099236506264
則,剡,0.7495165005742908
則,刞,0.7466554830907478
則,刚,0.7397456124651993
則,剧,0.7391803359328496
