char1,char2,similarity
剅,剅,1.0
剅,刯,0.8155746087444369
剅,刞,0.767106408648966
剅,刷,0.7623937798541885
剅,刓,0.7615435872180785
剅,則,0.7612022934493645
剅,刵,0.7556781266994679
剅,刔,0.7500705841253752
剅,刢,0.744005552385465
剅,刑,0.743356558074965
