char1,char2,similarity
剄,剄,1.0
剄,刲,0.803739880195951
剄,刦,0.7617112225064211
剄,刯,0.7393409978891744
剄,刋,0.7372198870746164
剄,剖,0.7363824913627194
剄,列,0.735165508433442
剄,剉,0.7320240067773525
剄,剅,0.7303000968251852
剄,刔,0.7302835466099775
