char1,char2,similarity
削,削,1.0
削,判,0.8027004889014613
削,刭,0.7728482045764979
削,别,0.7679228902967076
削,则,0.7628910127806252
削,剡,0.7584360550072529
削,刮,0.7580256489567283
削,矵,0.7569132878162126
削,闰,0.754725521123396
削,刘,0.7536839640906645
