char1,char2,similarity
剕,剕,1.0
剕,刌,0.7626712176926209
剕,柌,0.7576043415949077
剕,刑,0.7564881517771134
剕,佪,0.7540498068560773
剕,例,0.7428463124086291
剕,刜,0.7424170608014609
剕,恫,0.736017994093291
剕,徊,0.7352450618441397
剕,怬,0.7340063582276204
