char1,char2,similarity
剓,剓,1.0
剓,劽,0.7352125285330545
剓,棃,0.7310551408454602
剓,艻,0.7298188808805788
剓,穷,0.712748231932228
剓,男,0.7106490513738716
剓,劣,0.7098963904773571
剓,屴,0.7091202940672673
剓,秀,0.7037131744938022
剓,亻,0.702543179335119
