char1,char2,similarity
剔,剔,1.0
剔,剥,0.7845934325320376
剔,刞,0.7627242599849782
剔,刐,0.7603216788221572
剔,刓,0.758174251172577
剔,剆,0.7571454742919818
剔,刵,0.7531132042279377
剔,刷,0.7468248473501786
剔,刚,0.7378007167589382
剔,刢,0.7349420406341571
