char1,char2,similarity
剗,剗,1.0
剗,劏,0.7187272501636828
剗,刲,0.7149401244818993
剗,剮,0.707918312030989
剗,剕,0.7055138003699833
剗,劁,0.7021361587814235
剗,咧,0.6990515724413935
剗,剝,0.6987227405709271
剗,浰,0.6981363383645185
剗,剬,0.6921189809003838
