char1,char2,similarity
剏,剏,1.0
剏,肕,0.727008414243252
剏,頩,0.7185390232249962
剏,厒,0.7163569895429762
剏,劥,0.7160172430197298
剏,剙,0.7145229428234899
剏,周,0.7130843598090817
剏,屃,0.7088702944726211
剏,冋,0.7070590947873718
剏,屇,0.7031534207797266
