char1,char2,similarity
剡,剡,1.0
剡,判,0.792210209138609
剡,削,0.7584360550072529
剡,则,0.7548013308065903
剡,郯,0.7544214998988401
剡,刿,0.7531363545549239
剡,制,0.7523084658551509
剡,則,0.7495165005742908
剡,别,0.7470336461332366
剡,到,0.7465651712386123
