char1,char2,similarity
剛,剛,1.0
剛,刪,0.7662041818546078
剛,剾,0.7476695205032506
剛,删,0.7307355492461405
剛,剢,0.726638498259577
剛,陑,0.7228121646347297
剛,炯,0.7198258303929637
剛,剮,0.7180150303501196
剛,剬,0.7173703687118382
剛,劋,0.7171144724781231
