char1,char2,similarity
剜,剜,1.0
剜,刜,0.7665422163195189
剜,刓,0.7479911158769373
剜,剤,0.7448630679735343
剜,刔,0.7401732236884998
剜,剅,0.7318696922389916
剜,刳,0.7283310315238751
剜,洌,0.7280360926330247
剜,剷,0.7274348465092482
剜,刴,0.7272376289149485
