char1,char2,similarity
剝,剝,1.0
剝,侧,0.7435047663100873
剝,剤,0.7366773110200846
剝,倒,0.7352847789375274
剝,剠,0.7333544317095763
剝,剰,0.73168466991692
剝,测,0.731522557652486
剝,例,0.7260872267749361
剝,刺,0.7239512156826924
剝,剩,0.7188771688152753
