char1,char2,similarity
剣,剣,1.0
剣,剠,0.7588739821522855
剣,剱,0.7430497423952156
剣,刞,0.7369795201649474
剣,剘,0.7355508935616444
剣,剫,0.734606810960113
剣,劊,0.7335157938978939
剣,創,0.7304677088745283
剣,刬,0.7304537487395916
剣,割,0.7268084920224711
