char1,char2,similarity
剪,剪,1.0
剪,尃,0.7517018971927287
剪,莮,0.7383582223930457
剪,萸,0.7346432837328437
剪,苢,0.7333478917186169
剪,芀,0.7330729747206116
剪,苕,0.7328868568725343
剪,喸,0.7326003621596341
剪,芎,0.7317628719452469
剪,至,0.7295539580651916
