char1,char2,similarity
剫,剫,1.0
剫,剷,0.7945580806578828
剫,剭,0.7450801460817599
剫,剣,0.734606810960113
剫,廁,0.7334572543643203
剫,剻,0.7324318448086172
剫,副,0.7324046288919905
剫,劘,0.7322162786963253
剫,刞,0.7318001093829467
剫,劆,0.7305969629318197
