char1,char2,similarity
剭,剭,1.0
剭,剷,0.7904733859129486
剭,劅,0.7503769937871574
剭,剻,0.7475729569583042
剭,剫,0.7450801460817599
剭,剰,0.7430955852179023
剭,劇,0.7409129817268777
剭,剥,0.7402502691354951
剭,剨,0.7400656965939333
剭,刷,0.7392241327788343
