char1,char2,similarity
剰,剰,1.0
剰,剎,0.7847912252495027
剰,刴,0.7799943186144347
剰,剩,0.7567628707747143
剰,剠,0.7472351602718743
剰,剭,0.7430955852179023
剰,剝,0.73168466991692
剰,刺,0.726075691931379
剰,刞,0.7220628896063632
剰,剥,0.7219704075492676
