char1,char2,similarity
剬,剬,1.0
剬,刪,0.7575776054614112
剬,剴,0.7341473320494251
剬,删,0.7284209056362121
剬,劏,0.7180178957434145
剬,剛,0.7173703687118382
剬,剢,0.7164404012490586
剬,剮,0.714372490568712
剬,刡,0.7138369523133179
剬,跔,0.7028047185738502
