char1,char2,similarity
割,割,1.0
割,剒,0.7783410313027765
割,副,0.7602230519088394
割,刳,0.7512719686527054
割,剳,0.7503066967417051
割,剠,0.7497589412131511
割,刺,0.744434711600396
割,剂,0.7374853991202951
割,刣,0.7350938915096402
割,刟,0.7331661315534167
