char1,char2,similarity
剴,剴,1.0
剴,劏,0.7568247067041902
剴,剬,0.7341473320494251
剴,剽,0.7336680702037753
剴,椡,0.7210493757497914
剴,剨,0.7137999141959993
剴,劃,0.710178275065969
剴,梸,0.6985237137689262
剴,剢,0.6969721997007515
剴,劐,0.6937622117850902
