char1,char2,similarity
副,副,1.0
副,剒,0.7889318159987561
副,剨,0.7650424330066301
副,割,0.7602230519088394
副,剚,0.7462881753215257
副,刟,0.7453386252524414
副,剎,0.7426741139011345
副,剆,0.7424955062109051
副,刢,0.7378564263508706
副,剷,0.7369686163954928
