char1,char2,similarity
剸,剸,1.0
剸,劃,0.7399137492399921
剸,剾,0.7303523525218604
剸,剨,0.7290578798358059
剸,剟,0.7177665316812175
剸,刳,0.715752307582382
剸,劘,0.715091832372541
剸,劍,0.714616641453537
剸,倒,0.7145374363237944
剸,劗,0.711429900812786
