char1,char2,similarity
剿,剿,1.0
剿,剎,0.7553811238040379
剿,刴,0.7387205970234522
剿,刺,0.7349037926851721
剿,割,0.7311423698282998
剿,刞,0.7305343690081783
剿,副,0.722106173152482
剿,剰,0.7211052386064983
剿,剒,0.7163981209960065
剿,剫,0.7156662559852219
