char1,char2,similarity
剼,剼,1.0
剼,剹,0.7901125511928587
剼,剶,0.7343837338561721
剼,劉,0.7286302347302706
剼,劑,0.7196135036246486
剼,侧,0.7186085916645207
剼,捌,0.7153764467699931
剼,劀,0.7145940846238267
剼,剩,0.7145896471837655
剼,剨,0.7115936033020496
