char1,char2,similarity
剷,剷,1.0
剷,剫,0.7945580806578828
剷,剭,0.7904733859129486
剷,創,0.7614745963188904
剷,剻,0.755321752551736
剷,副,0.7369686163954928
剷,剨,0.7339840509166023
剷,劆,0.733398920790848
剷,刓,0.7311195584013009
剷,剜,0.7274348465092482
