char1,char2,similarity
剺,剺,1.0
剺,漦,0.7605936664207649
剺,孷,0.712669052367496
剺,犛,0.7124094737632626
剺,螷,0.7103141137918605
剺,舃,0.6977657204205353
剺,勢,0.6959050191239208
剺,弩,0.6924540328947381
剺,彆,0.6907560466833301
剺,历,0.6901046326272708
