char1,char2,similarity
劂,劂,1.0
劂,胸,0.726674063103691
劂,駉,0.7182963296528995
劂,嬼,0.708594857346816
劂,錒,0.7078317351149566
劂,胴,0.7077973744435745
劂,膕,0.7076454007323799
劂,鰂,0.7050259322057368
劂,翢,0.7035426656631623
劂,罔,0.7015255702432719
