char1,char2,similarity
劉,劉,1.0
劉,剹,0.7694656818529733
劉,劄,0.7505090695630959
劉,剭,0.7367569230224008
劉,剼,0.7286302347302706
劉,剦,0.7238694704085062
劉,剳,0.7228550330615569
劉,劃,0.7217333907106234
劉,剨,0.7174781535840565
劉,剿,0.7139555749446226
