char1,char2,similarity
劈,劈,1.0
劈,嬖,0.7619318475238664
劈,璧,0.7551224137120446
劈,檗,0.729869571929142
劈,憵,0.7037292288527401
劈,勢,0.7015414443548503
劈,馯,0.7011265101631947
劈,櫱,0.698753057471463
劈,糪,0.6966794453017501
劈,羿,0.6926726181156063
