char1,char2,similarity
劄,劄,1.0
劄,剳,0.7675522111397618
劄,劉,0.7505090695630959
劄,剨,0.7359616695299609
劄,箚,0.7325224407421757
劄,剒,0.715378098579879
劄,劑,0.7124158833707299
劄,劊,0.7113547276746677
劄,剦,0.7099654748639281
劄,副,0.7093903627253149
