char1,char2,similarity
劑,劑,1.0
劑,剤,0.7318754319270154
劑,剚,0.7268655471614756
劑,創,0.7221163444295067
劑,劖,0.7203483440618282
劑,剼,0.7196135036246486
劑,剣,0.7181851173682907
劑,剦,0.716590183423668
劑,剩,0.7148504698746954
劑,劆,0.7133730876571172
