char1,char2,similarity
劏,劏,1.0
劏,剴,0.7568247067041902
劏,剽,0.7243915953320748
劏,剗,0.7187272501636828
劏,剬,0.7180178957434145
劏,椡,0.7162220436765885
劏,剨,0.7138826626682131
劏,剾,0.7137870536204715
劏,剢,0.7096946672933883
劏,浰,0.7089883582349106
