char1,char2,similarity
劋,劋,1.0
劋,剽,0.7292610176926392
劋,劍,0.7240387238928382
劋,刪,0.7206396059058647
劋,剛,0.7171144724781231
劋,娳,0.7152993237189582
劋,蒯,0.7134560853954441
劋,删,0.7110360153020242
劋,剢,0.7098139573980284
劋,剟,0.7047499653753754
