char1,char2,similarity
劜,劜,1.0
劜,加,0.8103384841535987
劜,凢,0.7891346696255859
劜,乨,0.7879000065173968
劜,凣,0.7876249221477247
劜,札,0.7856435130548366
劜,几,0.782288283004187
劜,凡,0.7819981400893332
劜,礼,0.7808335737710397
劜,邡,0.7771621681741855
