char1,char2,similarity
劗,劗,1.0
劗,劕,0.832772693872385
劗,剤,0.7142435756939297
劗,劖,0.7140080326110311
劗,劓,0.7123034140926255
劗,剸,0.711429900812786
劗,捌,0.7025917010763539
劗,劌,0.7024501810480304
劗,劑,0.7009296312511024
劗,剣,0.6969480088405633
