char1,char2,similarity
劔,劔,1.0
劔,劒,0.745520467145694
劔,劎,0.7266583964870079
劔,顩,0.7252294336192409
劔,歛,0.72411289900583
劔,靱,0.696130048264782
劔,罚,0.6945490020875743
劔,炄,0.6852376885927712
劔,赳,0.6847951113946926
劔,剙,0.6839047776493838
