char1,char2,similarity
办,办,1.0
办,力,0.7738495393971001
办,丸,0.7621085392840342
办,卜,0.7541624374347287
办,宀,0.7528538189155828
办,二,0.7516917178178636
办,尢,0.7494034496588436
办,人,0.7470220885862486
办,耂,0.7461609879700043
办,书,0.7458695002456531
