char1,char2,similarity
劣,劣,1.0
劣,务,0.760697757250258
劣,省,0.7588177523521711
劣,穷,0.7526887258173457
劣,丿,0.7453915194492889
劣,劽,0.742712103200834
劣,炙,0.7424992890837643
劣,宎,0.7423592057337642
劣,力,0.7351302984918312
劣,贞,0.7303958240023093
