char1,char2,similarity
劧,劧,1.0
劧,劤,0.7792232670685794
劧,劸,0.7769560767401651
劧,牞,0.7736396168940595
劧,劯,0.7685247464360326
劧,劝,0.7667026995811116
劧,忇,0.7634276501938905
劧,劼,0.7597534384305428
劧,劲,0.7576396049745059
劧,勀,0.7553627501513288
