char1,char2,similarity
劦,劦,1.0
劦,鸟,0.7222472649423982
劦,豆,0.7169075851234576
劦,茘,0.7104693800464954
劦,汇,0.7065946193590564
劦,己,0.7061730383120739
劦,凢,0.7051972805212532
劦,巟,0.7049127994292936
劦,亙,0.7037660284096527
劦,已,0.7036319356053928
