char1,char2,similarity
劥,劥,1.0
劥,劤,0.8030993457367177
劥,劼,0.7863091842308532
劥,幼,0.7809228147210086
劥,劝,0.7765894474936867
劥,肋,0.775054462039722
劥,勀,0.7725294354866816
劥,劫,0.7681089145249604
劥,勂,0.7592989762974107
劥,朸,0.7562909559191703
