char1,char2,similarity
务,务,1.0
务,条,0.7871102960758442
务,备,0.7805538958488659
务,努,0.7638654457971779
务,劣,0.760697757250258
务,多,0.7602795234963454
务,炙,0.7533905281328845
务,齐,0.7462008035378357
务,圣,0.7449575861063273
务,苵,0.7414299241049763
