char1,char2,similarity
努,努,1.0
努,帑,0.7700136912083053
努,务,0.7638654457971779
努,勞,0.7514590115930498
努,桇,0.7296930158459767
努,哿,0.7286706085746381
努,劳,0.726602973534338
努,劽,0.7219090492723428
努,夷,0.7172866402133221
努,习,0.7166802925816421
