char1,char2,similarity
助,助,1.0
助,肋,0.8172916597337516
助,劭,0.8058245167556819
助,劤,0.7990311955666094
助,劯,0.7863742133417065
助,勀,0.7854014676558526
助,勍,0.78440222758985
助,釛,0.7715734308339729
助,劢,0.7608035232296283
助,効,0.7598521184866965
