char1,char2,similarity
劮,劮,1.0
劮,劺,0.8192689772521676
劮,劯,0.7753895191856606
劮,勀,0.7704794784328765
劮,釛,0.7646212017431142
劮,助,0.7560834924434013
劮,劝,0.7477909609775204
劮,牞,0.7443620754358008
劮,効,0.7426558717900189
劮,劥,0.7424811782474331
