char1,char2,similarity
劰,劰,1.0
劰,劝,0.7940662344992437
劰,旫,0.7900478442943092
劰,糼,0.7899012181477888
劰,勆,0.784899033991469
劰,劼,0.7714108648802668
劰,虭,0.7709587845622304
劰,劫,0.762988348573238
劰,劸,0.7626184944733354
劰,幼,0.7620469389463571
