char1,char2,similarity
励,励,1.0
励,勋,0.7759633568025173
励,勄,0.752590286473107
励,勉,0.7331274725576347
励,肋,0.7315602005845169
励,助,0.7314600590852691
励,劶,0.7306149814543969
励,両,0.729874579263951
励,魝,0.7291359175662112
励,肿,0.7249436018646482
