char1,char2,similarity
劯,劯,1.0
劯,劢,0.8064054909325487
劯,劭,0.788179235507338
劯,勀,0.7873894915141922
劯,助,0.7863742133417065
劯,劤,0.7839648175447781
劯,劮,0.7753895191856606
劯,劧,0.7685247464360326
劯,肋,0.7672394924264019
劯,勍,0.7660101932310881
