char1,char2,similarity
劵,劵,1.0
劵,奍,0.7656500578595706
劵,眷,0.7567296476401769
劵,巻,0.731189127041704
劵,看,0.7194730071572065
劵,甞,0.716766109728028
劵,罯,0.716602737070525
劵,峟,0.7103024773458582
劵,廿,0.7102204159353167
劵,岢,0.71014388642019
