char1,char2,similarity
劶,劶,1.0
劶,劲,0.7836657199249705
劶,幼,0.7802122445077726
劶,糼,0.7773243029546036
劶,勆,0.776604676610547
劶,劤,0.7746800130014349
劶,勂,0.7691070278784549
劶,劝,0.7680526597353686
劶,勑,0.767548955578853
劶,劸,0.7659297666658564
