char1,char2,similarity
劸,劸,1.0
劸,劼,0.814113616692262
劸,劝,0.8005085107507294
劸,勎,0.7916300816034387
劸,勆,0.7909704438146232
劸,勁,0.7907257703995254
劸,糼,0.7873175374120172
劸,効,0.7858270389971329
劸,劤,0.7806528962870085
劸,勂,0.7781310196145405
