char1,char2,similarity
劳,劳,1.0
劳,芽,0.7859480269712931
劳,芜,0.7843192639825304
劳,芋,0.7841679524104302
劳,旁,0.782180193892893
劳,荧,0.7792388294258072
劳,荣,0.7791397775842787
劳,茾,0.7747917587106805
劳,芛,0.7744666075325845
劳,芵,0.770032533691898
