char1,char2,similarity
劲,劲,1.0
劲,劢,0.7886842030740484
劲,効,0.7858279280354168
劲,劶,0.7836657199249705
劲,勋,0.776997351520811
劲,劸,0.7730511564090601
劲,劭,0.7691926821306793
劲,勂,0.7684716598930472
劲,劤,0.7665346492967215
劲,勑,0.7607445036991809
