char1,char2,similarity
労,労,1.0
労,峃,0.7520726390058008
労,丏,0.7503069292903095
労,夯,0.7500828773317734
労,爿,0.7488335468677375
労,尹,0.7447813450944806
労,另,0.7364314508186893
労,力,0.7322184278443342
労,亐,0.7322045979833598
労,亡,0.7300064065354239
