char1,char2,similarity
勀,勀,1.0
勀,勅,0.8209315363600808
勀,効,0.7995100029692043
勀,勍,0.7910965087877418
勀,勎,0.7874737762555131
勀,劯,0.7873894915141922
勀,助,0.7854014676558526
勀,劤,0.7757313303431776
勀,劸,0.7728848635942989
勀,劥,0.7725294354866816
