char1,char2,similarity
勁,勁,1.0
勁,劸,0.7907257703995254
勁,勂,0.779036524438432
勁,劲,0.7607042334884859
勁,劶,0.7603537494811846
勁,勆,0.7564241661262207
勁,勎,0.7561068889992498
勁,劼,0.7544809857191428
勁,効,0.7523123550141149
勁,勫,0.7503065078035781
