char1,char2,similarity
势,势,1.0
势,哲,0.7291197013044791
势,耓,0.7203411854919025
势,美,0.7199009165675302
势,言,0.7174071235547295
势,务,0.7150464149994882
势,勢,0.714744034335628
势,努,0.7144212565434735
势,隽,0.7132800174726335
势,勥,0.7097752077253416
