char1,char2,similarity
勃,勃,1.0
勃,勑,0.767601610583687
勃,効,0.7446488886252387
勃,动,0.7436587052544658
勃,勆,0.7423697251691309
勃,勅,0.7372017229579056
勃,勎,0.7316696241068931
勃,劲,0.7315983221216166
勃,勍,0.7282658095290337
勃,訒,0.72450360543927
