char1,char2,similarity
勅,勅,1.0
勅,勍,0.8390864571987622
勅,勀,0.8209315363600808
勅,勎,0.8035477316666084
勅,勑,0.7950354232045077
勅,勆,0.7871318743188728
勅,効,0.7865595421376471
勅,欶,0.7761952191576639
勅,劸,0.7698502139048579
勅,釛,0.7663039559217891
