char1,char2,similarity
勈,勈,1.0
勈,劻,0.7756424622134733
勈,劶,0.7515932543481284
勈,劰,0.7443493923351822
勈,勭,0.7426214267209632
勈,糼,0.7405025112265823
勈,勆,0.7392920990628539
勈,勏,0.7344168198295769
勈,勦,0.7321433450659433
勈,勔,0.729707878222401
