char1,char2,similarity
勌,勌,1.0
勌,动,0.7646224758466229
勌,勏,0.7527707350389851
勌,勋,0.7524096241352372
勌,勨,0.7507227256869929
勌,劲,0.7467193321179357
勌,勂,0.7398192572374932
勌,勆,0.7358951337497883
勌,勮,0.7321713294050902
勌,勦,0.7314817265538696
