char1,char2,similarity
勏,勏,1.0
勏,勂,0.7972141718345438
勏,勆,0.7744595395054272
勏,动,0.7727512957189921
勏,劫,0.7598226042168311
勏,勑,0.7577585093953172
勏,劼,0.7543996316597638
勏,糼,0.753786683374253
勏,勌,0.7527707350389851
勏,劸,0.7527194224760195
