char1,char2,similarity
勖,勖,1.0
勖,勛,0.7545588064877338
勖,勘,0.7501375431847519
勖,動,0.7397553685921968
勖,劾,0.73711709845572
勖,勣,0.7237567561717937
勖,勓,0.7202264078133147
勖,勔,0.7197542439777643
勖,勐,0.7132227701523237
勖,觔,0.7079233054574483
