char1,char2,similarity
動,動,1.0
動,勛,0.7960743330244646
動,勡,0.7713930410496151
動,勳,0.7608446825731834
動,勔,0.7605864519237964
動,勭,0.7503857093880318
動,勚,0.7485477260976536
動,勯,0.7409317140849865
動,勖,0.7397553685921968
動,勓,0.7337075886334222
