char1,char2,similarity
勓,勓,1.0
勓,勚,0.7832707281330918
勓,勯,0.7640483189440938
勓,勔,0.7474457490743432
勓,勭,0.7398331024919989
勓,勛,0.7397070904480639
勓,動,0.7337075886334222
勓,勤,0.7280341021826824
勓,勡,0.7256533941715758
勓,勘,0.7241154284933634
