char1,char2,similarity
勐,勐,1.0
勐,勴,0.7295365309361771
勐,勵,0.7230173039147745
勐,泐,0.7188781784869045
勐,勘,0.7180813459247746
勐,觔,0.7133474821012113
勐,勖,0.7132227701523237
勐,坳,0.7130702313766665
勐,勳,0.7090712837343062
勐,剱,0.7078723328919979
