char1,char2,similarity
勒,勒,1.0
勒,靭,0.7737059724334586
勒,靮,0.7592876304360504
勒,靯,0.7573084467515235
勒,勏,0.739131372666224
勒,鞅,0.7368381996557242
勒,靪,0.7361469155363535
勒,靳,0.7303257008887416
勒,勱,0.7296300824443472
勒,动,0.7264553781163743
