char1,char2,similarity
勞,勞,1.0
勞,努,0.7514590115930498
勞,劽,0.7289543537846019
勞,务,0.7179626964738117
勞,螢,0.7158961754473525
勞,熒,0.7121605292445701
勞,癸,0.7099480368843265
勞,嫈,0.7085623626141639
勞,男,0.7073923128702649
勞,苦,0.7063393195003311
