char1,char2,similarity
勡,勡,1.0
勡,動,0.7713930410496151
勡,勚,0.7640238900982312
勡,勔,0.7595225817364367
勡,勠,0.7425611965881698
勡,鳨,0.7423047737274353
勡,勛,0.7420307817218311
勡,勳,0.7350343306941929
勡,勭,0.7331179486307008
勡,勯,0.7317292466047594
