char1,char2,similarity
募,募,1.0
募,慕,0.8174079341719298
募,專,0.7544711792298883
募,菶,0.750385108725571
募,幂,0.740342863554799
募,暮,0.7331715858800212
募,豪,0.7322797015705315
募,摹,0.732175935334534
募,稁,0.7309061341905014
募,臰,0.7267044780091384
