char1,char2,similarity
勛,勛,1.0
勛,動,0.7960743330244646
勛,勔,0.765249218559514
勛,勚,0.7607603056294774
勛,勤,0.7560348933194176
勛,勖,0.7545588064877338
勛,勡,0.7420307817218311
勛,勓,0.7397070904480639
勛,勯,0.7320352827739568
勛,劾,0.731230528974742
