char1,char2,similarity
勥,勥,1.0
勥,勢,0.7342327086262744
勥,犟,0.7322793485923547
勥,雳,0.7111742320830527
勥,势,0.7097752077253416
勥,昘,0.7072594084688524
勥,艻,0.7055648790116029
勥,昙,0.7025412964380413
勥,胥,0.7008941496279656
勥,隽,0.7008198118978117
