char1,char2,similarity
勩,勩,1.0
勩,勚,0.7619904075801269
勩,勮,0.7525489992815338
勩,勋,0.7462789623196845
勩,勦,0.7459608690589281
勩,勏,0.7442902312898769
勩,勣,0.7424594771902672
勩,勬,0.7417186815363992
勩,勭,0.7374045379787671
勩,动,0.7330449210890051
