char1,char2,similarity
勦,勦,1.0
勦,勮,0.7524714509094749
勦,勩,0.7459608690589281
勦,勭,0.7431212847992215
勦,勨,0.7392038553790409
勦,勈,0.7321433450659433
勦,勌,0.7314817265538696
勦,动,0.7292015250300781
勦,勫,0.7289645947148009
勦,勡,0.7265547521214233
