char1,char2,similarity
勭,勭,1.0
勭,勯,0.802825592792723
勭,鳨,0.7657023417248884
勭,勚,0.7602340900177796
勭,動,0.7503857093880318
勭,勮,0.7476674966655095
勭,勦,0.7431212847992215
勭,勈,0.7426214267209632
勭,勓,0.7398331024919989
勭,勩,0.7374045379787671
