char1,char2,similarity
勶,勶,1.0
勶,勥,0.693204707990259
勶,莮,0.6923343489087174
勶,舁,0.6920480043189873
勶,勢,0.6914348054655429
勶,彎,0.6865507501807079
勶,宆,0.6858863402929802
勶,勺,0.6832758133334704
勶,丐,0.6806278346000953
勶,艻,0.6802798098391247
