char1,char2,similarity
勳,勳,1.0
勳,動,0.7608446825731834
勳,勪,0.7529741117096297
勳,勤,0.7488481181560033
勳,勬,0.7426440634437891
勳,勴,0.7415400441803918
勳,勮,0.7374754922895175
勳,勡,0.7350343306941929
勳,鳨,0.7313140186254101
勳,勘,0.7295863938092421
