char1,char2,similarity
勰,勰,1.0
勰,颛,0.6928778627567825
勰,齦,0.6833928839392809
勰,郒,0.6823839441389975
勰,颜,0.6812344004728086
勰,橆,0.6791420130332019
勰,恛,0.6771489902934815
勰,躵,0.6761277146080495
勰,衅,0.6748566075710823
勰,俪,0.6744930933321749
