char1,char2,similarity
勴,勴,1.0
勴,勮,0.7714059421414216
勴,勵,0.7591912631230465
勴,勳,0.7415400441803918
勴,虧,0.7311740809467183
勴,勐,0.7295365309361771
勴,勤,0.7154606587142615
勴,勪,0.7152045328158435
勴,勣,0.7145142692872013
勴,勷,0.7068407289156425
