char1,char2,similarity
勸,勸,1.0
勸,鳨,0.7488953306559815
勸,勷,0.748019092606266
勸,勤,0.7446155618024024
勸,觔,0.7386434323018796
勸,勚,0.727307611727501
勸,勩,0.7271511641143604
勸,颧,0.7235057428037225
勸,鹳,0.7159165178633011
勸,勠,0.7154163970997239
