char1,char2,similarity
匁,匁,1.0
匁,刄,0.7669811189511822
匁,勺,0.755588655764705
匁,乞,0.7539121974103564
匁,火,0.7516216227877603
匁,包,0.7500797508422712
匁,勻,0.7462757500560924
匁,矢,0.7428078732160676
匁,兮,0.7425779450042104
匁,仃,0.7395521273498575
