char1,char2,similarity
勻,勻,1.0
勻,勹,0.833703260255599
勻,句,0.8201223635727081
勻,勺,0.8146975647896826
勻,勾,0.8039940267323739
勻,勽,0.8004643387108077
勻,与,0.7978485125779469
勻,匂,0.7971707197212168
勻,匀,0.7957028219530891
勻,匉,0.7945789444552048
