char1,char2,similarity
匇,匇,1.0
匇,勽,0.8373335738931371
匇,匂,0.836742622792447
匇,匄,0.8344163188710582
匇,匉,0.8339807491967806
匇,匌,0.8335831672412866
匇,勼,0.8334404653529104
匇,匋,0.8275302837570992
匇,匃,0.8180116929956703
匇,匊,0.8134974367816077
