char1,char2,similarity
匋,匋,1.0
匋,匂,0.8618668693499254
匋,匉,0.858001015091651
匋,匃,0.8491534738748671
匋,匄,0.8422167189777695
匋,勽,0.8400941063003307
匋,勼,0.8315448809172268
匋,匊,0.8313648555242953
匋,匌,0.8293800838221919
匋,匇,0.8275302837570992
