char1,char2,similarity
匂,匂,1.0
匂,匄,0.8977080941246793
匂,勽,0.8663858738530926
匂,匃,0.8641594445091796
匂,匋,0.8618668693499254
匂,勼,0.857025065221781
匂,匉,0.8527832813972986
匂,匇,0.836742622792447
匂,匌,0.8353416165342206
匂,匊,0.8289952259244469
