char1,char2,similarity
匊,匊,1.0
匊,匉,0.8463397380492229
匊,勽,0.8414198282146942
匊,匋,0.8313648555242953
匊,匂,0.8289952259244469
匊,勼,0.8271036523502379
匊,匄,0.8263023483430382
匊,匌,0.8255171696098728
匊,匎,0.8242407822052108
匊,匇,0.8134974367816077
