char1,char2,similarity
匃,匃,1.0
匃,匂,0.8641594445091796
匃,匄,0.8556640988985525
匃,匋,0.8491534738748671
匃,勽,0.8440739855570946
匃,勼,0.8409727944234546
匃,匉,0.8363973441004959
匃,匌,0.8330319209701871
匃,匇,0.8180116929956703
匃,匊,0.813194124288892
