char1,char2,similarity
匄,匄,1.0
匄,匂,0.8977080941246793
匄,勽,0.8640240451785351
匄,勼,0.8605759613986439
匄,匃,0.8556640988985525
匄,匌,0.8483850855682968
匄,匋,0.8422167189777695
匄,匉,0.8365578322939518
匄,匇,0.8344163188710582
匄,匊,0.8263023483430382
