char1,char2,similarity
匏,匏,1.0
匏,軳,0.7638175153567787
匏,赩,0.7498335016493901
匏,刳,0.7351880318492713
匏,艴,0.7305629720322663
匏,鉋,0.7304228796689747
匏,綔,0.7193136260459523
匏,靘,0.718338967507975
匏,苋,0.7138622739258125
匏,鞄,0.7132676817086728
