char1,char2,similarity
匔,匔,1.0
匔,匑,0.7871931096199776
匔,匒,0.7774962871836522
匔,匓,0.7397883606175713
匔,訇,0.7220930945103256
匔,恫,0.705572011106971
匔,佪,0.7053184505035486
匔,气,0.7024825790262109
匔,錒,0.7024825519004655
匔,釖,0.7005266209149336
