char1,char2,similarity
匎,匎,1.0
匎,匌,0.841622423565766
匎,匊,0.8242407822052108
匎,匉,0.8222236411278603
匎,匄,0.8217380178691429
匎,匂,0.8216403983267331
匎,勽,0.8198743711899908
匎,匋,0.8128533645813645
匎,勼,0.8080228219110609
匎,匇,0.8059716174377767
