char1,char2,similarity
匑,匑,1.0
匑,匔,0.7871931096199776
匑,匓,0.7541266091314496
匑,訇,0.727988364965228
匑,匍,0.7257303143134047
匑,佪,0.7229470148703095
匑,恫,0.7161336424835635
匑,匐,0.7158096697500652
匑,恛,0.712191923144409
匑,灳,0.7096425043217292
