char1,char2,similarity
匞,匞,1.0
匞,匤,0.8540413828472155
匞,匡,0.8360299259985076
匞,匟,0.8083695852919525
匞,匧,0.8057064058944273
匞,匝,0.7969464095819658
匞,匚,0.7957827762386626
匞,区,0.7907059794825407
匞,医,0.7815906998705494
匞,匢,0.7775521308192942
