char1,char2,similarity
北,北,1.0
北,元,0.800447071389804
北,圠,0.7956899884943301
北,业,0.7912181211358001
北,此,0.7852902085955022
北,苝,0.7847810704239836
北,儿,0.7760556523562404
北,灬,0.7753793853295922
北,丶,0.7701335908053748
北,允,0.7698417431576885
