char1,char2,similarity
匟,匟,1.0
匟,匞,0.8083695852919525
匟,匢,0.79573262405391
匟,匩,0.790563269698081
匟,匤,0.7895962266822442
匟,區,0.7826619421576074
匟,匧,0.7745437713382658
匟,匚,0.7645382627902667
匟,匽,0.7597327328600606
匟,匦,0.7596569053172305
