char1,char2,similarity
匜,匜,1.0
匜,匚,0.7984166305518898
匜,匡,0.7763472486145754
匜,匼,0.7719461777466473
匜,匝,0.7711535285307668
匜,区,0.7707162451142466
匜,匞,0.7645032235575379
匜,叵,0.7634686840135485
匜,亾,0.7624719025682001
匜,匧,0.7601263907966822
