char1,char2,similarity
化,化,1.0
化,朼,0.7978407710039888
化,仁,0.7936239665790563
化,仃,0.7866443005886409
化,亿,0.7861078444722158
化,仩,0.7742913353707529
化,止,0.7741548854454325
化,仏,0.773024480722798
化,仕,0.771332689490524
化,什,0.7698126511524355
