char1,char2,similarity
匨,匨,1.0
匨,匩,0.7643695994607986
匨,匢,0.750325477968043
匨,匽,0.7485792877542387
匨,區,0.747205715804753
匨,匲,0.74287820389522
匨,匞,0.7399116955799108
匨,匟,0.73941450944418
匨,匾,0.739136423601065
匨,匥,0.737449111989173
