char1,char2,similarity
匢,匢,1.0
匢,匟,0.79573262405391
匢,医,0.7823337114204933
匢,匞,0.7775521308192942
匢,匩,0.7766276956811158
匢,匝,0.7726214986895743
匢,匳,0.7712087668169131
匢,匥,0.7631543536588178
匢,匼,0.7509864257277741
匢,匨,0.750325477968043
