char1,char2,similarity
匤,匤,1.0
匤,匞,0.8540413828472155
匤,匡,0.830623087548706
匤,匧,0.8063907648442834
匤,匟,0.7895962266822442
匤,匚,0.7637443042219967
匤,匿,0.762608469079615
匤,匯,0.7522169804417459
匤,匩,0.7518700696042185
匤,匜,0.7500606727672802
