char1,char2,similarity
匠,匠,1.0
匠,匣,0.8029587170767364
匠,匮,0.7916336378623626
匠,匚,0.7843845014810474
匠,匡,0.7671371143810966
匠,匝,0.7663011065735826
匠,匜,0.7592201616106597
匠,匯,0.7580185647139648
匠,囧,0.7572231802483327
匠,匬,0.7542968729665991
