char1,char2,similarity
匦,匦,1.0
匦,匭,0.7899559889002703
匦,匝,0.7701746566516905
匦,匟,0.7596569053172305
匦,医,0.7590927907040419
匦,區,0.7566399261034328
匦,匾,0.755615824247716
匦,匞,0.7550263902404653
匦,匿,0.7549493374829507
匦,匡,0.7543648585212869
