char1,char2,similarity
匱,匱,1.0
匱,匮,0.7747010509171954
匱,匲,0.7642413211476444
匱,匫,0.7638036283931892
匱,匳,0.7617134668926188
匱,匶,0.7536086163980213
匱,匵,0.7462189103053035
匱,匴,0.7455518578900144
匱,匰,0.7435370789924013
匱,医,0.7429771894932289
