char1,char2,similarity
匬,匬,1.0
匬,匫,0.7872439900138609
匬,匮,0.759068391103887
匬,匝,0.758388672209591
匬,匳,0.7575270094244768
匬,匠,0.7542968729665991
匬,匣,0.7469973899085421
匬,医,0.7467240221378483
匬,匥,0.7420291189656193
匬,匛,0.734611691241435
