char1,char2,similarity
匲,匲,1.0
匲,匫,0.7729761633105723
匲,匱,0.7642413211476444
匲,医,0.7497420516089703
匲,匮,0.7494452463537264
匲,匳,0.7480858604279408
匲,匽,0.7480655031953315
匲,區,0.7476225469463764
匲,匩,0.7457638318447046
匲,匵,0.7448201403147116
