char1,char2,similarity
匰,匰,1.0
匰,匷,0.7730168347117911
匰,畺,0.7471354292694019
匰,匣,0.7442299429061547
匰,匱,0.7435370789924013
匰,匴,0.7427916871574609
匰,匞,0.7407090461636143
匰,匤,0.7368540078461581
匰,匵,0.7288254717458081
匰,圛,0.7273191112391643
