char1,char2,similarity
匪,匪,1.0
匪,匿,0.78578479548791
匪,匚,0.78144728661196
匪,厞,0.7767853931338417
匪,区,0.7754997558427758
匪,叵,0.7675823732595677
匪,冋,0.7495549442902996
匪,匹,0.749523423483293
匪,匦,0.7479606609059027
匪,匟,0.7470619735574253
