char1,char2,similarity
匽,匽,1.0
匽,匮,0.7990640833529106
匽,匥,0.7853241026973428
匽,医,0.77593424463283
匽,區,0.7757105577096524
匽,匫,0.7703418612348725
匽,匩,0.7685103274163757
匽,匝,0.7684195427282361
匽,匼,0.7680199062527472
匽,匟,0.7597327328600606
