char1,char2,similarity
区,区,1.0
区,匚,0.807953407813098
区,匞,0.7907059794825407
区,匿,0.7869742806241798
区,匪,0.7754997558427758
区,冃,0.7735439034885064
区,匜,0.7707162451142466
区,冋,0.7699802975859713
区,匼,0.7659810530703952
区,叵,0.7604972859001639
