char1,char2,similarity
匹,匹,1.0
匹,匸,0.7916039889050583
匹,匚,0.7893860334705043
匹,巨,0.7887735707672237
匹,刀,0.7810515769194776
匹,至,0.7782227904632303
匹,丑,0.7695430325394267
匹,巴,0.762140379271415
匹,玉,0.7596174706375044
匹,卫,0.7570184404507624
