char1,char2,similarity
匵,匵,1.0
匵,匷,0.762566937650203
匵,匱,0.7462189103053035
匵,匲,0.7448201403147116
匵,匢,0.7433184486651405
匵,匩,0.7367590863975486
匵,匳,0.7334740328219806
匵,匫,0.7307116868611568
匵,匰,0.7288254717458081
匵,匾,0.7245306087845389
