char1,char2,similarity
千,千,1.0
千,干,0.9041934618587862
千,子,0.8833361947451073
千,丨,0.8697109039592913
千,亠,0.863021844568564
千,十,0.8600313934233286
千,丅,0.8551842565733511
千,丁,0.8464959987060008
千,于,0.8400565901073211
千,丫,0.8235669454131174
