char1,char2,similarity
升,升,1.0
升,丌,0.8222835827311684
升,廾,0.8071969651929638
升,歼,0.795327789812725
升,卝,0.7835541241279376
升,旰,0.7816859848916343
升,玕,0.7810644665792098
升,吁,0.7791499570049405
升,奷,0.7790360363115667
升,扞,0.7778827234982486
