char1,char2,similarity
华,华,1.0
华,皁,0.7649935769649175
华,毕,0.7540372361731879
华,旱,0.7516164453127109
华,丫,0.7427571026582763
华,丨,0.7396866873861301
华,羋,0.7377330805777217
华,圤,0.7333823082108343
华,卭,0.7311242844144218
华,丶,0.7300603827494573
