char1,char2,similarity
卋,卋,1.0
卋,卉,0.8456774862472031
卋,夹,0.7701279168875225
卋,杏,0.7649827310997197
卋,一,0.7624699894723651
卋,甘,0.7607579394094726
卋,丨,0.7600615039671452
卋,丆,0.7599173754313446
卋,甞,0.7578099167978876
卋,吉,0.7558700316694872
