char1,char2,similarity
半,半,1.0
半,丰,0.8348813338299664
半,丨,0.8239877033402955
半,孚,0.8210305211534114
半,申,0.8200237255448937
半,十,0.8144263251298999
半,早,0.811407952043202
半,丫,0.8038604715832401
半,士,0.7996829003516268
半,于,0.7983532158687499
