char1,char2,similarity
协,协,1.0
协,犰,0.747833017962293
协,忼,0.7450989690019396
协,侨,0.7429316721347412
协,丈,0.7354335423536275
协,扏,0.7322814976599101
协,侪,0.7316993802376617
协,口,0.7310856978302677
协,恲,0.730516900193631
协,讨,0.7274458985776283
