char1,char2,similarity
午,午,1.0
午,牛,0.8534990613086971
午,亇,0.8286708568579382
午,一,0.8206312923720886
午,亅,0.8134533483940036
午,丶,0.8077466568809093
午,丨,0.8074014893819845
午,乛,0.8072488358317108
午,广,0.8021419034547632
午,苧,0.7999643556154006
