char1,char2,similarity
卛,卛,1.0
卛,欒,0.7951513562108792
卛,罕,0.7410574246847519
卛,卒,0.7405627151160546
卛,曫,0.7385798882443384
卛,奱,0.738378529189942
卛,孌,0.7360853737348085
卛,毕,0.7359318337656487
卛,攣,0.7358407130054073
卛,癷,0.7331588556492944
