char1,char2,similarity
卓,卓,1.0
卓,車,0.8628858529696156
卓,亰,0.7870128033235074
卓,单,0.7778093586121058
卓,阜,0.7756469226194117
卓,肻,0.7738837205226597
卓,中,0.7731929523554574
卓,率,0.7658429467199992
卓,亯,0.7657972044972521
卓,窣,0.7639665804242005
