char1,char2,similarity
单,单,1.0
单,筚,0.7862425513360086
单,阜,0.7781404734601006
单,卓,0.7778093586121058
单,車,0.7773896245813775
单,杲,0.7633634746643748
单,革,0.7578462308940056
单,帠,0.7570918477531615
单,丨,0.7512237803874644
单,傘,0.7480214725894037
