char1,char2,similarity
協,協,1.0
協,恊,0.7499733336031814
協,拹,0.736833656006608
協,栛,0.7264297187243152
協,摌,0.7065321223304734
協,皿,0.7050881058728222
協,悷,0.7040097896911762
協,愱,0.7039426270266492
協,诡,0.7026506469608295
協,笸,0.7017041405989791
