char1,char2,similarity
博,博,1.0
博,傅,0.7820317220801245
博,溥,0.7725977389686867
博,何,0.7266131464048173
博,谇,0.7254685404690701
博,壿,0.7242129443081639
博,搏,0.7227001645109038
博,淒,0.7223868622984776
博,垮,0.7219535597759195
博,遧,0.7214201595121998
