char1,char2,similarity
単,単,1.0
単,旱,0.7749336538599025
単,享,0.763887202964846
単,皁,0.7600398948913465
単,凖,0.7592859583198838
単,爯,0.7559895836356705
単,寕,0.7544174874452836
単,巿,0.7452875400348908
単,岸,0.7423707169400153
単,丨,0.7394423495156924
