char1,char2,similarity
卥,卥,1.0
卥,峝,0.7472825121560971
卥,菡,0.7454403000296793
卥,凷,0.7423590259973506
卥,卤,0.7399115329720748
卥,大,0.7356955385215179
卥,卢,0.7268535754985397
卥,岀,0.7224513571548734
卥,園,0.7223747590974607
卥,圏,0.721566350961041
