char1,char2,similarity
卟,卟,1.0
卟,圤,0.8018468437066393
卟,咔,0.7976101022998094
卟,叩,0.788280589895022
卟,吖,0.7692733882297972
卟,癿,0.7683976469424828
卟,咋,0.7662865681217117
卟,丶,0.7654773390141668
卟,一,0.7570361557986692
卟,非,0.7538021551966952
