char1,char2,similarity
卝,卝,1.0
卝,丬,0.8339836719852416
卝,亠,0.8082416185037622
卝,廾,0.8065202796898291
卝,艹,0.8053114612408198
卝,丶,0.7982019122609427
卝,亻,0.7926117331685449
卝,丷,0.789246298160013
卝,卂,0.786863887408637
卝,仟,0.7865385772461594
