char1,char2,similarity
卢,卢,1.0
卢,厃,0.807354095112108
卢,片,0.8050252377675474
卢,户,0.799766598521261
卢,丶,0.7951487844836727
卢,芹,0.7946065180447922
卢,丨,0.7943967848265658
卢,冫,0.7923560622064886
卢,月,0.7901787199003822
卢,庐,0.7882242022831744
