char1,char2,similarity
卨,卨,1.0
卨,髙,0.78640884824482
卨,高,0.7620740622428062
卨,呙,0.756715895633919
卨,蔄,0.7524393768330423
卨,尚,0.7500191362053846
卨,夫,0.7472101996580682
卨,冎,0.7468470161179918
卨,啇,0.7468361109782959
卨,亮,0.7456642748614682
