char1,char2,similarity
卩,卩,1.0
卩,讠,0.8344777918638122
卩,忄,0.8213883693038281
卩,卄,0.8153374966702825
卩,亻,0.8135581008722583
卩,丷,0.8087656834316878
卩,乚,0.8026611192607795
卩,丶,0.8016394504361932
卩,卪,0.801352914981381
卩,仆,0.7995511802173185
