char1,char2,similarity
卯,卯,1.0
卯,卵,0.8328029461910742
卯,丱,0.8073833629699497
卯,印,0.7985209615029244
卯,叩,0.7817595451628063
卯,夘,0.7738863524298819
卯,茆,0.7727101358049755
卯,卲,0.7646308331500242
卯,丣,0.7567785190783523
卯,即,0.7544394505842715
