char1,char2,similarity
卪,卪,1.0
卪,日,0.8318520879813722
卪,只,0.8016828579841567
卪,卩,0.801352914981381
卪,付,0.8009464519516293
卪,忖,0.7830918239723036
卪,丶,0.7812286533364471
卪,尸,0.7800165702538746
卪,冄,0.7790192020831402
卪,尺,0.7740119498891044
