char1,char2,similarity
卧,卧,1.0
卧,卦,0.7722650318181234
卧,肺,0.7663866584616811
卧,肚,0.766297296195223
卧,肿,0.7641756615591113
卧,廿,0.7588851578535715
卧,叶,0.7513724367730139
卧,升,0.7494512966452856
卧,旰,0.7490978389784538
卧,計,0.7490644860261935
