char1,char2,similarity
卭,卭,1.0
卭,卬,0.819473260387713
卭,叩,0.7762714860311273
卭,圤,0.7741171837210093
卭,邛,0.7686969458428791
卭,印,0.760524162808938
卭,巧,0.7563740416030451
卭,刂,0.7526695912086002
卭,汈,0.751378447002993
卭,冫,0.7480100940875732
