char1,char2,similarity
卲,卲,1.0
卲,巶,0.7723540690787799
卲,卯,0.7646308331500242
卲,卵,0.7526627184449702
卲,夘,0.7472914917101672
卲,即,0.7325656793540163
卲,欩,0.7304280177166474
卲,邔,0.728865733826461
卲,叩,0.7275666239544204
卲,団,0.7214866785356437
