char1,char2,similarity
卹,卹,1.0
卹,却,0.7679795634460023
卹,卸,0.7631467273551299
卹,蚛,0.7550657061807192
卹,厀,0.7495522917869536
卹,衄,0.7446128751859523
卹,蛔,0.7363177898424688
卹,卶,0.736023498122677
卹,郫,0.7359494517679628
卹,唨,0.7358620319994282
