char1,char2,similarity
卷,卷,1.0
卷,春,0.7714713844600058
卷,尝,0.7551983156461776
卷,券,0.7392625326919432
卷,奉,0.7386684006469583
卷,党,0.729452913592949
卷,仑,0.725062226684381
卷,堂,0.7215442774560179
卷,十,0.7191188804908599
卷,立,0.7183462956222497
