char1,char2,similarity
卶,卶,1.0
卶,卻,0.7475274969698801
卶,卹,0.736023498122677
卶,卸,0.7346415041474299
卶,卽,0.7258367400567614
卶,邬,0.725231844555749
卶,却,0.7219999379462236
卶,邭,0.7209244874009735
卶,缷,0.7179086619533277
卶,厀,0.7172820683132888
