char1,char2,similarity
卺,卺,1.0
卺,邑,0.7273612437153429
卺,弖,0.7245768996019002
卺,登,0.7213306376835293
卺,胷,0.7207934631513346
卺,丟,0.7201630626167863
卺,誉,0.7165949887905755
卺,匩,0.7162779366328382
卺,重,0.7154121875451097
卺,眚,0.7134314784670979
