char1,char2,similarity
厁,厁,1.0
厁,自,0.7165085795757116
厁,弚,0.7139636267248489
厁,韦,0.7129781621228113
厁,节,0.707871887551583
厁,引,0.7069579233455847
厁,刍,0.7064196605435911
厁,习,0.7043217122602267
厁,甲,0.7023956135148167
厁,佸,0.701464804599135
