char1,char2,similarity
卼,卼,1.0
卼,噟,0.7450724540266049
卼,脈,0.7374459720945674
卼,庇,0.7302855503426564
卼,廇,0.7242051113998071
卼,腷,0.7241488247535739
卼,麿,0.7221248898315983
卼,脱,0.7194688122407947
卼,朑,0.718590235994131
卼,廎,0.7181668170250527
