char1,char2,similarity
卾,卾,1.0
卾,鄂,0.7847678872322074
卾,卻,0.7364566613175145
卾,郀,0.7200908077213319
卾,郬,0.7160541460506051
卾,厀,0.7155790736477974
卾,呯,0.715265558103722
卾,环,0.7150742419324655
卾,沖,0.7130758185722385
卾,仲,0.7126743202283371
