char1,char2,similarity
卽,卽,1.0
卽,卶,0.7258367400567614
卽,旣,0.7118691271419835
卽,邬,0.7108948396768279
卽,缷,0.7096696194386347
卽,郍,0.7095381118219513
卽,圷,0.7014476754981873
卽,丬,0.6988016625049085
卽,邭,0.6981999774583947
卽,邿,0.697028628537681
