char1,char2,similarity
厀,厀,1.0
厀,卹,0.7495522917869536
厀,却,0.7481386672916754
厀,卸,0.7418457920386105
厀,卻,0.7324688958636907
厀,郀,0.7306169176723086
厀,邿,0.7254284551093083
厀,卶,0.7172820683132888
厀,卾,0.7155790736477974
厀,邮,0.7155109765908347
