char1,char2,similarity
卻,卻,1.0
卻,郤,0.7860657194439563
卻,卶,0.7475274969698801
卻,卾,0.7364566613175145
卻,厀,0.7324688958636907
卻,却,0.7268586770171446
卻,征,0.7239588106536362
卻,卹,0.7231163414049936
卻,邙,0.7227882154774063
卻,郆,0.7195848343938968
