char1,char2,similarity
厈,厈,1.0
厈,厒,0.833648856862969
厈,厇,0.8152682740127638
厈,厂,0.8021248739752996
厈,厗,0.7998440377380707
厈,厅,0.7912756169071818
厈,戸,0.7904916030626287
厈,严,0.7864037886448741
厈,厍,0.7854090649846759
厈,乕,0.7814946519863696
