char1,char2,similarity
厌,厌,1.0
厌,仄,0.8186515923705222
厌,历,0.8020678401005034
厌,圧,0.7919543280285944
厌,厂,0.791875474734284
厌,庆,0.7787160183508604
厌,尸,0.7704884831893662
厌,夭,0.7630446462823396
厌,厅,0.76283038213758
厌,庚,0.762272465276146
