char1,char2,similarity
厄,厄,1.0
厄,厂,0.8286559339941159
厄,卮,0.8026769047149898
厄,厅,0.7995479988552522
厄,圧,0.7916706112466579
厄,庀,0.7781312721691757
厄,仄,0.7764352987514893
厄,凤,0.7719878453491474
厄,兒,0.7648492920790275
厄,尫,0.7642361958973586
