char1,char2,similarity
厇,厇,1.0
厇,厈,0.8152682740127638
厇,厒,0.7868375146628398
厇,屁,0.771724678850621
厇,民,0.7609725198610063
厇,厑,0.7604800540423519
厇,屎,0.7548235563030233
厇,屉,0.7539755990346595
厇,厓,0.7530041928600082
厇,丐,0.7527589747955188
