char1,char2,similarity
厗,厗,1.0
厗,厍,0.8434415796440021
厗,厈,0.7998440377380707
厗,厊,0.7938936871929324
厗,厏,0.7750382432543734
厗,厓,0.7673531658502035
厗,杘,0.7548745123441067
厗,岸,0.754250987415887
厗,帍,0.7520100984815806
厗,戸,0.7517384382918657
