char1,char2,similarity
厕,厕,1.0
厕,厠,0.7895466664895395
厕,酠,0.7368042141790716
厕,爬,0.7315031356158821
厕,国,0.7263800508415623
厕,剧,0.7255729586923512
厕,屄,0.724308493509447
厕,圇,0.7238588033043648
厕,罽,0.7232999104640142
厕,圔,0.7231538801584193
