char1,char2,similarity
厒,厒,1.0
厒,厈,0.833648856862969
厒,厇,0.7868375146628398
厒,厓,0.768395854729392
厒,厜,0.7664973848543667
厒,丐,0.76122045520782
厒,酉,0.7578549394905191
厒,屁,0.7575967223911221
厒,屈,0.7574223436511871
厒,呂,0.7526539819509367
