char1,char2,similarity
厏,厏,1.0
厏,厗,0.7750382432543734
厏,厂,0.7644890121825554
厏,厊,0.7637873093307048
厏,厍,0.7628810628864433
厏,厓,0.756749624221229
厏,兏,0.7559009962312829
厏,厈,0.7514009070416376
厏,厅,0.7503755525633915
厏,卮,0.7500539855367915
