char1,char2,similarity
厡,厡,1.0
厡,屌,0.7862472552454866
厡,厣,0.7707737871343844
厡,屚,0.7599668074216943
厡,厘,0.7441089558885359
厡,厙,0.7429041424061484
厡,屃,0.7406923039868722
厡,厔,0.7391517879598014
厡,厊,0.7356307914048221
厡,屄,0.7328925550693303
