char1,char2,similarity
厠,厠,1.0
厠,厕,0.7895466664895395
厠,廁,0.7634623779900002
厠,罽,0.7428016076395051
厠,囻,0.7401693870649695
厠,屆,0.7289527484197807
厠,剻,0.7241549021987518
厠,屚,0.7219738556121266
厠,厙,0.7215068649756704
厠,圚,0.7169058658351602
