char1,char2,similarity
厘,厘,1.0
厘,屟,0.7546941092231508
厘,渑,0.7524591755946901
厘,尾,0.745588183284746
厘,屈,0.7442559583010698
厘,厡,0.7441089558885359
厘,厜,0.7429068731670728
厘,湦,0.7424497139250218
厘,展,0.7405243655500118
厘,腥,0.7388185386108702
