char1,char2,similarity
厢,厢,1.0
厢,囬,0.739081712812561
厢,囗,0.7344562565193745
厢,肜,0.7332196407031735
厢,囡,0.7300592070603774
厢,頎,0.7282530532487281
厢,囚,0.7264002485400569
厢,照,0.7247738028952898
厢,印,0.7225707519378268
厢,届,0.7223895238064899
