char1,char2,similarity
厤,厤,1.0
厤,厧,0.740307048674925
厤,厛,0.7394305328728487
厤,屝,0.7324019621560132
厤,厔,0.7296152449899144
厤,孱,0.7237085050296784
厤,屄,0.7233953464030191
厤,压,0.7217698872354658
厤,屛,0.7216646160946485
厤,属,0.7209575836057907
