char1,char2,similarity
厩,厩,1.0
厩,脹,0.7160086265929135
厩,夙,0.7145830604180788
厩,厕,0.7141896844377323
厩,鼠,0.7136315080462451
厩,屠,0.7084022202011692
厩,屙,0.7080574727196355
厩,厠,0.7079855401706607
厩,删,0.7074232043935155
厩,屗,0.705962566149669
