char1,char2,similarity
厰,厰,1.0
厰,厫,0.7686286803050334
厰,廠,0.7499274704612188
厰,厥,0.734644125503208
厰,厪,0.7288729544487479
厰,屙,0.7237763414512209
厰,服,0.7194478813000406
厰,压,0.7144735077689177
厰,雁,0.713996968780347
厰,厉,0.7092161529902491
