char1,char2,similarity
厭,厭,1.0
厭,厴,0.7244179920707446
厭,庶,0.7121850392996049
厭,厥,0.7095462890774937
厭,屬,0.7053650680698101
厭,厫,0.7042269445818468
厭,厝,0.7033894636145483
厭,蜃,0.7006209527329088
厭,厬,0.6997791309251084
厭,厖,0.6994430981095077
