char1,char2,similarity
厴,厴,1.0
厴,蟨,0.7388400646248581
厴,厣,0.7264708893240923
厴,嬮,0.7245732747438001
厴,厭,0.7244179920707446
厴,擪,0.715904193229588
厴,鳫,0.7130469155665136
厴,廇,0.7126217062551232
厴,厮,0.7085287028731395
厴,厝,0.7084343455659652
