char1,char2,similarity
厲,厲,1.0
厲,屚,0.7480721051170635
厲,属,0.7453757529981959
厲,層,0.7332786080983027
厲,厦,0.7332591977114364
厲,靥,0.7301775815100596
厲,屌,0.720021367170226
厲,屃,0.7197869435677126
厲,屓,0.7189220309683593
厲,厘,0.7136719215310305
