char1,char2,similarity
厾,厾,1.0
厾,丮,0.7729634496138901
厾,尹,0.7640481617895685
厾,盯,0.743608891661111
厾,汞,0.7386214437710475
厾,卂,0.7355561201717844
厾,讥,0.7332503315584303
厾,肌,0.729111814643091
厾,虱,0.7288166006979298
厾,亐,0.727095633681489
