char1,char2,similarity
去,去,1.0
去,夫,0.8299573309469975
去,丟,0.7922393408730207
去,丿,0.7813536603316474
去,一,0.7765704313911347
去,古,0.775233469519133
去,夬,0.7746172146250649
去,佐,0.77199147974203
去,壬,0.771209393294034
去,央,0.7679773095940386
