char1,char2,similarity
厼,厼,1.0
厼,尒,0.8182418320532526
厼,尔,0.7858760719564306
厼,丨,0.784170195712868
厼,示,0.7756719452461527
厼,亇,0.7747925036465265
厼,朩,0.7742129702450858
厼,水,0.7702019373541229
厼,小,0.7693698487430939
厼,氺,0.769346716429228
