char1,char2,similarity
厷,厷,1.0
厷,左,0.7765285183217829
厷,广,0.7674595405413185
厷,友,0.7653233425707098
厷,八,0.7606131102105621
厷,厶,0.7540549966078622
厷,东,0.7538620167502323
厷,右,0.7525197164850617
厷,乛,0.750099106996783
厷,二,0.7466972562785938
