char1,char2,similarity
厹,厹,1.0
厹,厺,0.8256507344356964
厹,云,0.772527537868964
厹,公,0.76181567879431
厹,叴,0.7601302731410644
厹,卆,0.7541957234645381
厹,彐,0.7534582639017641
厹,一,0.7483762489909046
厹,杂,0.7450893321348493
厹,旮,0.7447892064626416
