char1,char2,similarity
县,县,1.0
县,尝,0.8014480086163531
县,镸,0.7726386652454792
县,呉,0.7646375273804396
县,吳,0.763866205833388
县,吴,0.7595100328355787
县,乓,0.754296865208306
县,君,0.7531645701345989
县,罢,0.7518260112245934
县,乒,0.7494402542508611
