char1,char2,similarity
叄,叄,1.0
叄,盎,0.7312664580983582
叄,荁,0.7253654031749613
叄,參,0.7250552553902715
叄,茎,0.7191622208719578
叄,饏,0.7170420370406242
叄,冬,0.7154947277359888
叄,昼,0.7084494738805948
叄,各,0.7064234302693994
叄,葢,0.7060521862288033
