char1,char2,similarity
參,參,1.0
參,叅,0.8134887364794797
參,翏,0.7353616945400193
參,冬,0.7265900502442237
參,叄,0.7250552553902715
參,多,0.7033436695132387
參,莕,0.7010150430584922
參,各,0.6972294456716502
參,桼,0.6969778960560229
參,怣,0.6962436799482337
