char1,char2,similarity
叅,叅,1.0
叅,參,0.8134887364794797
叅,怣,0.7150596647073051
叅,桼,0.7150031014414264
叅,冬,0.7144437319490557
叅,汞,0.7101337723886053
叅,厃,0.7078304531390586
叅,茮,0.7062832150469154
叅,恭,0.7040686376155834
叅,宰,0.6990554235999945
