char1,char2,similarity
叉,叉,1.0
叉,又,0.8997774224167542
叉,义,0.8464810612232132
叉,父,0.7990572892394319
叉,乂,0.7826592535984451
叉,夊,0.7726663905928735
叉,文,0.7717927660297889
叉,乁,0.7700693453688724
叉,兄,0.7651475845380976
叉,元,0.7624748865784836
