char1,char2,similarity
叀,叀,1.0
叀,東,0.7821318848157457
叀,畗,0.7820380018281126
叀,寅,0.7785253764874537
叀,柬,0.7733446038253456
叀,芸,0.7646832884908191
叀,恵,0.7596896189718234
叀,宭,0.7538567993213457
叀,害,0.7508676363245149
叀,吏,0.7505290897939138
