char1,char2,similarity
又,又,1.0
又,叉,0.8997774224167542
又,义,0.8609919877899007
又,乂,0.8164322119003188
又,父,0.81470796046263
又,夊,0.8115851000153015
又,乁,0.784330612917504
又,夂,0.7842925028146365
又,文,0.772420657672287
又,兄,0.7722776145310495
