char1,char2,similarity
叆,叆,1.0
叆,暖,0.7421360543806019
叆,嵈,0.739995603170702
叆,魂,0.7263252512845717
叆,禐,0.7261812650862302
叆,蝯,0.7156181374990039
叆,緩,0.7088892862502115
叆,諼,0.7013538418909618
叆,暧,0.6972220848821628
叆,煖,0.6948503416621745
