char1,char2,similarity
叁,叁,1.0
叁,畚,0.7786366315324666
叁,参,0.7484324847793495
叁,巷,0.7278894884909843
叁,室,0.7257720390477428
叁,奙,0.7250203395434588
叁,鱼,0.7249366588141624
叁,峚,0.7227700874312837
叁,昱,0.7218484476466427
叁,寻,0.7176225348285238
