char1,char2,similarity
叒,叒,1.0
叒,叕,0.8011709267938948
叒,叧,0.7463935230888118
叒,是,0.7348036806209316
叒,晶,0.7281454627111742
叒,晸,0.7213011666672168
叒,人,0.7207783210698193
叒,尺,0.7188599154572228
叒,夫,0.7178654788519273
叒,昰,0.7173006080433242
