char1,char2,similarity
发,发,1.0
发,叐,0.7717080445738115
发,术,0.7578762707064678
发,龙,0.745978591189172
发,皮,0.7456535713896573
发,犮,0.7439031509394112
发,亡,0.7364529283337601
发,友,0.7352358638754908
发,哀,0.7322103753601464
发,罗,0.7320134040964342
