char1,char2,similarity
叚,叚,1.0
叚,殴,0.7423536161311285
叚,殸,0.7402429455619909
叚,敗,0.7295708088863403
叚,罘,0.7265038602237935
叚,隉,0.7222012626616316
叚,陧,0.721284758946085
叚,兲,0.7185847630899242
叚,囥,0.7181781522019233
叚,開,0.7153938647320411
