char1,char2,similarity
变,变,1.0
变,娈,0.8125859387705493
变,芰,0.7980496872107425
变,蛮,0.7910853219323355
变,叏,0.7686305075818649
变,叓,0.7657021228353561
变,変,0.7641767592274823
变,峦,0.75800667060984
变,麦,0.7514230428160561
变,弈,0.7476798423866887
