char1,char2,similarity
取,取,1.0
取,耴,0.816361058469033
取,堩,0.7331130527639873
取,馭,0.7305552991053239
取,叞,0.7279081275214211
取,耶,0.7244652737297738
取,严,0.7123725266797233
取,臤,0.7122633632358556
取,驭,0.7119696359821199
取,乁,0.7106603950518601
