char1,char2,similarity
叜,叜,1.0
叜,受,0.7695034060175159
叜,叓,0.7570783089369402
叜,更,0.7477760344283657
叜,麦,0.7265849602155443
叜,歹,0.7248243320052635
叜,芰,0.723063384430509
叜,寬,0.7201575581110867
叜,变,0.7186692968489146
叜,寛,0.7186310388522734
