char1,char2,similarity
受,受,1.0
受,叜,0.7695034060175159
受,芰,0.7629963244888125
受,殳,0.7468567868513142
受,叓,0.7435338361417826
受,旻,0.73354509518373
受,更,0.7323190581688644
受,亍,0.7286348968857157
受,元,0.727897046609198
受,亓,0.7271465005037455
