char1,char2,similarity
叔,叔,1.0
叔,敊,0.7582166803262016
叔,牧,0.7421730844696097
叔,叙,0.7420563447003882
叔,攼,0.7302399794501407
叔,救,0.7285776546004716
叔,臤,0.7206236835798904
叔,驭,0.7203178582696426
叔,灰,0.7156446806267343
叔,政,0.7138504965368727
