char1,char2,similarity
叛,叛,1.0
叛,畈,0.7325665465024912
叛,飯,0.7310353121485827
叛,钑,0.7261183083230849
叛,贩,0.7222619780179841
叛,钣,0.7219253889829592
叛,粄,0.711496393515546
叛,州,0.7109534482516786
叛,頻,0.7106355822777044
叛,駏,0.7090924071117611
