char1,char2,similarity
叝,叝,1.0
叝,服,0.7416855103455948
叝,炄,0.7161653860472307
叝,蛆,0.715801250566698
叝,蚎,0.7133978271622212
叝,胡,0.7129844395007615
叝,压,0.7110806988274454
叝,飯,0.7096322228906697
叝,規,0.7062002503701172
叝,畈,0.7056969903049342
