char1,char2,similarity
古,古,1.0
古,占,0.8345650054850898
古,宀,0.789156695339428
古,朩,0.7843139016792319
古,丿,0.777955380533913
古,丨,0.7765959472462108
古,去,0.775233469519133
古,中,0.7732540666777884
古,帇,0.7729176750241539
古,木,0.7719744231383168
