char1,char2,similarity
叢,叢,1.0
叢,蕞,0.699299249565734
叢,熹,0.6908761438732843
叢,樷,0.6866285085770495
叢,篝,0.6860910616188335
叢,簔,0.6860606726208944
叢,賈,0.6835896090532081
叢,箑,0.6827294064905157
叢,晸,0.6822951787817126
叢,箐,0.6804674435407474
