char1,char2,similarity
叠,叠,1.0
叠,疊,0.7699306493011261
叠,疂,0.7517801386718164
叠,薹,0.7489667234271246
叠,曡,0.7411110811946416
叠,亹,0.7325940981782114
叠,匶,0.7184058862980679
叠,霻,0.7124798912237681
叠,譻,0.7080908978271013
叠,櫜,0.7035885355081547
