char1,char2,similarity
叡,叡,1.0
叡,壡,0.7138554447011881
叡,依,0.6990953830103444
叡,歔,0.6930705446255528
叡,歆,0.691064942832949
叡,歙,0.6893016248423814
叡,欲,0.6885023423456649
叡,慰,0.6882808112741753
叡,取,0.6882022956343248
叡,欹,0.68800167386002
