char1,char2,similarity
口,口,1.0
口,自,0.8857139887514777
口,白,0.8432480662021054
口,广,0.8194331925830521
口,占,0.80812632908087
口,冉,0.8074474370921351
口,亩,0.8060563030172078
口,乛,0.8024488159714337
口,市,0.7947149788911944
口,勹,0.7944611787785733
