char1,char2,similarity
另,另,1.0
另,呂,0.827522718804489
另,吕,0.8172430381162729
另,弓,0.8085533260087339
另,吊,0.8038968630705139
另,叧,0.7953337205538115
另,丐,0.7855917405944938
另,目,0.7852281087006933
另,贝,0.780734940612178
另,月,0.7771133208469083
