char1,char2,similarity
叞,叞,1.0
叞,馭,0.7677808686112569
叞,臤,0.7329282124989545
叞,取,0.7279081275214211
叞,叙,0.7240738443810572
叞,馼,0.7217920447136261
叞,驭,0.7175675722932933
叞,駇,0.7161582119595193
叞,歑,0.714452706960566
叞,尉,0.7144227117185505
