char1,char2,similarity
叩,叩,1.0
叩,卬,0.8033432023805709
叩,卟,0.788280589895022
叩,印,0.7869552012167454
叩,卯,0.7817595451628063
叩,卭,0.7762714860311273
叩,叨,0.7742426859980802
叩,非,0.7560185017920023
叩,闶,0.7509122216418143
叩,癿,0.746861538122986
