char1,char2,similarity
叨,叨,1.0
叨,叼,0.8245525396355857
叨,叩,0.7742426859980802
叨,吜,0.7594394185901393
叨,吚,0.7559794742037891
叨,阴,0.7487228712168721
叨,昕,0.745179154409409
叨,门,0.7448754479632254
叨,问,0.7448571813452032
叨,切,0.7428613335012328
