char1,char2,similarity
叮,叮,1.0
叮,盯,0.8316203847965692
叮,旴,0.8095476937561872
叮,灯,0.795110190612528
叮,玎,0.792684926156765
叮,叿,0.7851244434583164
叮,叼,0.7841176770472652
叮,吖,0.7832044792730164
叮,吇,0.7828554717591478
叮,厂,0.7791869616766253
