char1,char2,similarity
台,台,1.0
台,百,0.7649982711250914
台,吿,0.7649767960771898
台,目,0.7633618209068458
台,舌,0.7629598102942474
台,吉,0.7618776028133497
台,召,0.7615780348194495
台,会,0.7608543499590195
台,帝,0.7565928734146524
台,夻,0.7564595691258931
