char1,char2,similarity
叻,叻,1.0
叻,阞,0.7968380785694881
叻,肋,0.7803381300250807
叻,劝,0.7739103061821
叻,忇,0.7661179897031093
叻,功,0.7649336393893165
叻,扐,0.7635592620384323
叻,吙,0.7597444189298097
叻,劼,0.7579392749763407
叻,叱,0.7573744796778946
