char1,char2,similarity
司,司,1.0
司,同,0.7939405000454761
司,冂,0.7932518559720062
司,刂,0.773726430720365
司,冃,0.7700583196437351
司,冏,0.7674814602648297
司,冋,0.766769608395151
司,罚,0.7617906157277964
司,汈,0.7534455839490584
司,円,0.7501340382158989
