char1,char2,similarity
叺,叺,1.0
叺,圦,0.799675730881573
叺,队,0.7889911358702257
叺,叭,0.7834790368111243
叺,扖,0.7750370059027721
叺,吙,0.7745812140681244
叺,吷,0.7677314899722462
叺,认,0.761956630585662
叺,八,0.7562664927226335
叺,丶,0.7555814902551111
