char1,char2,similarity
号,号,1.0
号,芌,0.7976010255855743
号,亠,0.7859260501749795
号,子,0.7859033460622499
号,肎,0.7828382795703416
号,虽,0.7789377434630912
号,千,0.7755821956854636
号,气,0.765240199098102
号,忢,0.7615018269789534
号,丶,0.7597481581286405
