char1,char2,similarity
吂,吂,1.0
吂,亩,0.8153924042814187
吂,吿,0.8040332583916634
吂,吉,0.8038645159549266
吂,咅,0.8037336086331397
吂,自,0.7959269491142689
吂,宙,0.7827619832159847
吂,呰,0.7762840985450388
吂,吢,0.7745492492610689
吂,告,0.7700914292786438
