char1,char2,similarity
叼,叼,1.0
叼,叨,0.8245525396355857
叼,叮,0.7841176770472652
叼,昭,0.7646677289819372
叼,问,0.7624098362030877
叼,门,0.7593543432033649
叼,囘,0.7570219219597191
叼,闩,0.7543939631025998
叼,汈,0.75320874248652
叼,旴,0.7524050997167234
