char1,char2,similarity
合,合,1.0
合,告,0.7997567499691564
合,个,0.7989522809697331
合,介,0.7941472843564121
合,金,0.790989298122315
合,仚,0.7903402073710079
合,今,0.7899892856400403
合,吉,0.7894103633801545
合,吢,0.7870418719822214
合,仓,0.7868032941551587
