char1,char2,similarity
吉,吉,1.0
吉,告,0.8607068700988139
吉,吿,0.8315394270366723
吉,杏,0.8183758990444878
吉,呇,0.8161872581849596
吉,市,0.8074396612223624
吉,吂,0.8038645159549266
吉,吢,0.7991517888216236
吉,苦,0.7976749551550418
吉,宙,0.793320971901575
