char1,char2,similarity
吏,吏,1.0
吏,史,0.7720053873440175
吏,臾,0.7718077211859663
吏,夷,0.7694232436146915
吏,柬,0.7683017337075788
吏,奌,0.7677887821922016
吏,工,0.7614206045883013
吏,壳,0.7581164211304277
吏,怘,0.7572688320692772
吏,茁,0.7524987079022531
