char1,char2,similarity
吊,吊,1.0
吊,用,0.814987710421558
吊,呆,0.8129390852085514
吊,呂,0.8055392201561827
吊,另,0.8038968630705139
吊,吕,0.8027272004020488
吊,帀,0.7840391754547925
吊,丐,0.7767516773356757
吊,甩,0.7764917040321581
吊,弔,0.7725893864855258
