char1,char2,similarity
名,名,1.0
名,冬,0.7568586407223648
名,亻,0.755600335339809
名,牜,0.7532935510185659
名,后,0.7493556234052499
名,丶,0.7478784356420978
名,吕,0.7391389976370646
名,冖,0.7389678501073268
名,启,0.7381593818137603
名,乀,0.7377140983927069
