char1,char2,similarity
后,后,1.0
后,吕,0.8137080983200324
后,舌,0.7983735724320041
后,佸,0.782930897624221
后,厅,0.7746154520675843
后,西,0.7689749496408692
后,反,0.766981464997985
后,厂,0.7664347330777292
后,呂,0.764950594791862
后,目,0.7645641556632814
