char1,char2,similarity
吋,吋,1.0
吋,討,0.8089424327150208
吋,时,0.8055564698678916
吋,对,0.7978645264449824
吋,村,0.794019463887935
吋,呌,0.7932491914249975
吋,対,0.7885691409931825
吋,吘,0.7824177780179608
吋,纣,0.7741445697611264
吋,肘,0.7716794199501817
