char1,char2,similarity
吕,吕,1.0
吕,呂,0.8606316786322649
吕,另,0.8172430381162729
吕,后,0.8137080983200324
吕,吊,0.8027272004020488
吕,目,0.8017468138565942
吕,舌,0.7700506919522006
吕,弓,0.769373525562869
吕,百,0.7645017469830448
吕,侣,0.763830103279899
