char1,char2,similarity
吔,吔,1.0
吔,訑,0.7797568434212094
吔,叶,0.7590285561553515
吔,吐,0.7490016198945433
吔,吽,0.7484651367111973
吔,吘,0.7431120077492651
吔,杣,0.7427290599231412
吔,呛,0.74192645260211
吔,咆,0.7413354138436481
吔,奾,0.7410499501362661
