char1,char2,similarity
向,向,1.0
向,内,0.8126883306572251
向,肉,0.7999276406495626
向,禸,0.7968731169784671
向,闪,0.7782071072746075
向,广,0.7700248577242322
向,甶,0.7693958031388451
向,円,0.7688569893023691
向,冏,0.764882507857939
向,內,0.7633819850222142
