char1,char2,similarity
吐,吐,1.0
吐,叿,0.7917949247365016
吐,旺,0.7912282321632859
吐,壮,0.7787667131180237
吐,吇,0.7782541535863899
吐,旽,0.7774212529676617
吐,哇,0.7728347231166944
吐,叶,0.7728071816747484
吐,廾,0.7727928910047124
吐,叱,0.7694219607934795
