char1,char2,similarity
吚,吚,1.0
吚,吤,0.7848708712930081
吚,吥,0.7669937665121724
吚,吇,0.765895381456478
吚,吜,0.7644922851876839
吚,吷,0.7622216187773629
吚,呍,0.761722248635835
吚,旷,0.7577690370141158
吚,吋,0.7574373495182849
吚,呌,0.756956148018174
