char1,char2,similarity
吣,吣,1.0
吣,咇,0.76662116027608
吣,咔,0.7561108198472454
吣,咜,0.7526518287301329
吣,抋,0.7513171600029702
吣,牤,0.7499947787064134
吣,癿,0.7487799272981346
吣,咾,0.7457225121688948
吣,呫,0.7435622844669083
吣,阝,0.7412552855855009
