char1,char2,similarity
吟,吟,1.0
吟,呛,0.7996097493054257
吟,哈,0.7846783304190296
吟,钤,0.7829828278619186
吟,玪,0.7819066514351073
吟,枔,0.7764012802519901
吟,扲,0.772847181958074
吟,砛,0.7700372368712834
吟,訡,0.769657482126088
吟,坅,0.7672452042005906
