char1,char2,similarity
吜,吜,1.0
吜,纽,0.7804920476431394
吜,咺,0.770791078152238
吜,吚,0.7644922851876839
吜,钮,0.7636116334488163
吜,叿,0.7603660294830893
吜,哣,0.7594467078989934
吜,叨,0.7594394185901393
吜,呍,0.7542994287046154
吜,呾,0.7510190238206997
