char1,char2,similarity
吝,吝,1.0
吝,各,0.7909583643918903
吝,咨,0.7893372326370319
吝,咅,0.7692432628655091
吝,育,0.7676834196387589
吝,盲,0.7654531851843718
吝,苔,0.7599648840697514
吝,荅,0.7576861854191476
吝,音,0.7564300233151741
吝,备,0.750688647827051
