char1,char2,similarity
吧,吧,1.0
吧,咀,0.7771778849380797
吧,呾,0.7728143071908358
吧,把,0.7718503368612885
吧,咱,0.7690125504523699
吧,咺,0.7686975049426514
吧,吨,0.7682421223243665
吧,哣,0.7662291484104105
吧,吃,0.7638360160842478
吧,唱,0.7623504336348476
