char1,char2,similarity
否,否,1.0
否,舌,0.7898925604641135
否,百,0.7805032515784471
否,召,0.7791146562327431
否,合,0.7767103691511764
否,告,0.7727413886197956
否,吉,0.767603458736314
否,目,0.7639518190140605
否,夻,0.7628316405607366
否,呇,0.7609094574743032
