char1,char2,similarity
吩,吩,1.0
吩,盼,0.8298442351672907
吩,纷,0.7999240783050962
吩,吤,0.796441163822409
吩,玢,0.7945695221385196
吩,扮,0.7826046928397122
吩,吃,0.7801671816477982
吩,咞,0.7749368356245332
吩,呏,0.7714683180735886
吩,坋,0.7695962516337651
