char1,char2,similarity
听,听,1.0
听,圻,0.806793360150751
听,岓,0.7932879406364183
听,妡,0.7821264454037
听,昕,0.7794817312459007
听,炘,0.7787299989392729
听,忻,0.7752980005955166
听,叭,0.7716628062527753
听,叮,0.7682368726394925
听,旷,0.7634675829736618
