char1,char2,similarity
启,启,1.0
启,店,0.8394741210969353
启,庙,0.8124758416944245
启,自,0.7845616398484284
启,刍,0.7835435614858786
启,衁,0.7723930744866024
启,尸,0.7698626596990911
启,出,0.7637488235240902
启,宕,0.7561847409709351
启,口,0.7532849418955904
