char1,char2,similarity
吱,吱,1.0
吱,忮,0.8017437768633248
吱,晈,0.7944270560345585
吱,技,0.772950191167269
吱,皎,0.7685860056461234
吱,呋,0.7653662079437618
吱,晙,0.7647165787699921
吱,波,0.7641037057476616
吱,呚,0.7613189561962035
吱,咬,0.7607925399501929
