char1,char2,similarity
吲,吲,1.0
吲,咟,0.7672033343042175
吲,呯,0.7667082461516078
吲,粌,0.758571989531101
吲,哩,0.7571868507670044
吲,呾,0.7564584175372441
吲,吧,0.7503828845882872
吲,呼,0.7493161022141354
吲,咕,0.7453710954959865
吲,呵,0.7452512912287472
