char1,char2,similarity
吶,吶,1.0
吶,呐,0.8021969003298278
吶,呥,0.7560122739022236
吶,咛,0.7483190625931866
吶,晍,0.7477532887895924
吶,咰,0.7455088181922236
吶,昞,0.7422063033390374
吶,呜,0.7396686488027332
吶,衲,0.7366782257209088
吶,訥,0.7343853925991933
