char1,char2,similarity
吴,吴,1.0
吴,矣,0.8020434136195935
吴,虽,0.800583926965781
吴,奐,0.7961587831112777
吴,巬,0.7875820677013861
吴,艮,0.7834366967082383
吴,耎,0.7795255232463069
吴,奕,0.7745638508441708
吴,页,0.7703812775982867
吴,罢,0.7688319268462809
