char1,char2,similarity
吾,吾,1.0
吾,兲,0.7738991328932135
吾,呑,0.771235343583716
吾,忢,0.7680593496115139
吾,晉,0.7675644477456582
吾,唘,0.7671443756123985
吾,罟,0.7602987364448431
吾,哥,0.7543647951488646
吾,啠,0.7523153230152422
吾,君,0.7499279544593397
