char1,char2,similarity
吽,吽,1.0
吽,叶,0.8118556651382504
吽,吘,0.7893158093887538
吽,吀,0.7853589864123328
吽,吥,0.7781557677641925
吽,丩,0.7734195769785487
吽,吖,0.7700308376019129
吽,吇,0.7699547506394763
吽,吵,0.7678730084325683
吽,訲,0.7648997925596038
