char1,char2,similarity
呋,呋,1.0
呋,呿,0.7961635413437858
呋,映,0.7881198729622959
呋,呹,0.78170472017859
呋,吷,0.7809325540715927
呋,妋,0.770181599776267
呋,咉,0.7701072790635062
呋,畉,0.7687408496342125
呋,吱,0.7653662079437618
呋,昳,0.7625431062971526
