char1,char2,similarity
呃,呃,1.0
呃,呢,0.8270875187381118
呃,昵,0.7633683896987736
呃,阨,0.7452826816109027
呃,呎,0.7424976466933033
呃,唲,0.7364621824782617
呃,叨,0.7357687743304737
呃,坭,0.7352735343456842
呃,呡,0.7338882034143613
呃,哫,0.7331370152654765
