char1,char2,similarity
告,告,1.0
告,吉,0.8607068700988139
告,吿,0.8103730305931567
告,合,0.7997567499691564
告,峕,0.789929214974625
告,吢,0.7867038599477607
告,苦,0.7854411864487517
告,呇,0.7802969926159549
告,咅,0.775307587189543
告,否,0.7727413886197956
