char1,char2,similarity
呇,呇,1.0
呇,咅,0.8163623545061072
呇,吉,0.8161872581849596
呇,吢,0.8017849097229195
呇,吿,0.8005959485128212
呇,杏,0.7998253683320641
呇,苦,0.7893441379646084
呇,叴,0.7857027385343399
呇,告,0.7802969926159549
呇,沓,0.7767927782841704
