char1,char2,similarity
呈,呈,1.0
呈,里,0.8508819235253859
呈,亘,0.8104619180540708
呈,玊,0.801287049419505
呈,佱,0.8005214876350105
呈,弖,0.7965194310824032
呈,壬,0.7946153264375115
呈,垔,0.7903326722392214
呈,王,0.7849805709857732
呈,皁,0.7842716567989166
