char1,char2,similarity
呆,呆,1.0
呆,采,0.8237135647684696
呆,吊,0.8129390852085514
呆,栄,0.790821499984192
呆,呙,0.781333140979042
呆,汞,0.7805484923658009
呆,束,0.7722694157344907
呆,朵,0.7718958519729666
呆,叧,0.7712075387751024
呆,耒,0.7691689768865642
