char1,char2,similarity
呉,呉,1.0
呉,吳,0.8061113808040301
呉,异,0.7948961322637764
呉,貝,0.7785579653777251
呉,县,0.7646375273804396
呉,舁,0.7644041833074776
呉,早,0.7549168634462522
呉,氕,0.7444452472961604
呉,矣,0.7430759200696806
呉,夭,0.7409057117973689
