char1,char2,similarity
员,员,1.0
员,贠,0.8071004987819201
员,贡,0.8067193434192349
员,日,0.7946351223808559
员,艮,0.7810777712495124
员,貝,0.7615978820486304
员,凮,0.7553212073518992
员,贝,0.7550867551432517
员,吴,0.7527083353622874
员,旵,0.7493768324817999
