char1,char2,similarity
呛,呛,1.0
呛,哈,0.8009851424438619
呛,吟,0.7996097493054257
呛,抢,0.7712796410223428
呛,吤,0.7658546580671595
呛,炝,0.7610994646831993
呛,硂,0.7453518762833724
呛,吔,0.74192645260211
呛,抡,0.7360111214065118
呛,吹,0.7343734787624505
