char1,char2,similarity
呟,呟,1.0
呟,昡,0.8149073931457245
呟,詃,0.8041256779294014
呟,炫,0.8003708042980164
呟,咘,0.7922568905595958
呟,哊,0.7910055759871959
呟,眩,0.7815474133293737
呟,胘,0.7747123640556586
呟,袨,0.7714567315371796
呟,唅,0.770691802219723
