char1,char2,similarity
呝,呝,1.0
呝,哱,0.7453228773702116
呝,啶,0.7445976812649087
呝,唳,0.7444296926395598
呝,呢,0.7387866171479631
呝,啘,0.735254337199244
呝,唕,0.7345426226467239
呝,啤,0.7344830923140735
呝,呖,0.7311590965654091
呝,睻,0.7267840940174443
