char1,char2,similarity
呧,呧,1.0
呧,阺,0.7917269756795674
呧,呡,0.7909896091755726
呧,怟,0.7748320130184436
呧,呪,0.7742283450359277
呧,诋,0.7713018669485032
呧,坻,0.7704514887944086
呧,眡,0.7618490799068642
呧,呹,0.7595771392172264
呧,哯,0.7586811511039967
