char1,char2,similarity
呠,呠,1.0
呠,泍,0.7731353299231146
呠,呩,0.7689311715138214
呠,咮,0.7632371715969352
呠,咉,0.7577060760506208
呠,哤,0.7568971367780283
呠,钵,0.7560675741449878
呠,唀,0.7557386854164949
呠,唋,0.7553022796486767
呠,丬,0.7539221445640962
