char1,char2,similarity
呩,呩,1.0
呩,际,0.8129900267648837
呩,咊,0.7956650323093281
呩,眎,0.7927789646911098
呩,哫,0.7837740054915386
呩,呠,0.7689311715138214
呩,咶,0.7671880710538844
呩,吥,0.7666199854128364
呩,呡,0.7647813470160867
呩,唋,0.7593650127492863
