char1,char2,similarity
呥,呥,1.0
呥,呻,0.8039738740595053
呥,哊,0.794575366379797
呥,咱,0.7885849806497842
呥,哠,0.7861038800986144
呥,唅,0.7813233711767565
呥,呾,0.7759005176178896
呥,呺,0.7688260843676976
呥,咁,0.7667936691666064
呥,呐,0.7666955390763893
