char1,char2,similarity
周,周,1.0
周,原,0.7718533677001375
周,屁,0.7668318044835373
周,局,0.7665391172459364
周,历,0.764585987782335
周,凥,0.7643449829996393
周,届,0.7593828416846337
周,厈,0.7579841987856483
周,用,0.7573843720782402
周,厚,0.7564933319004611
