char1,char2,similarity
呡,呡,1.0
呡,呧,0.7909896091755726
呡,哴,0.7861648938591194
呡,怋,0.7857990628181657
呡,咓,0.7713640762996424
呡,呪,0.7671804133694161
呡,咉,0.7651672686298947
呡,呩,0.7647813470160867
呡,哯,0.7619252925152904
呡,眠,0.7594362033040251
