char1,char2,similarity
呭,呭,1.0
呭,玴,0.8248642824761927
呭,绁,0.7884151214219421
呭,呾,0.7825418669677222
呭,呵,0.7663409698917492
呭,喳,0.7658225144305121
呭,枻,0.7649932842730894
呭,咀,0.7602276506177904
呭,怈,0.7589548135492978
呭,唫,0.7558496187683673
