char1,char2,similarity
呪,呪,1.0
呪,呮,0.7961021056058049
呪,咞,0.7939340614627812
呪,咷,0.789203525383032
呪,哯,0.785452908461509
呪,眖,0.7832023860814658
呪,唲,0.7830189895461349
呪,吮,0.7796951233342571
呪,炾,0.7783187272150375
呪,呺,0.7748334875947706
