char1,char2,similarity
味,味,1.0
味,昧,0.8226610697847132
味,抺,0.811223742530414
味,咪,0.8069630398459565
味,沬,0.7856114513543248
味,唻,0.7796224552318544
味,吭,0.7707379161152959
味,诛,0.7698958492115122
味,哇,0.7660071804144823
味,怽,0.763114033723112
