char1,char2,similarity
呯,呯,1.0
呯,哻,0.8102077964944552
呯,呼,0.804991147188072
呯,啋,0.7938840343352903
呯,哷,0.7890925273757801
呯,吥,0.7881816920891636
呯,咡,0.7820449620897245
呯,呮,0.7808614375141378
呯,泙,0.7805361222189485
呯,呻,0.7738520896801591
