char1,char2,similarity
呫,呫,1.0
呫,呿,0.8106804796751879
呫,咕,0.7721975831275758
呫,咟,0.7670029491487073
呫,咗,0.7645134889145961
呫,唒,0.7640812877046556
呫,坫,0.7621118468746485
呫,咲,0.7539637001949365
呫,呟,0.7539055778072163
呫,一,0.7533078644068467
