char1,char2,similarity
呶,呶,1.0
呶,怓,0.7478454358776909
呶,噭,0.74465116416057
呶,伮,0.7355462025624071
呶,嗞,0.7350511638789249
呶,喈,0.7279317528157783
呶,喴,0.7259837861843356
呶,嘋,0.7259736582187735
呶,噠,0.7256682530916704
呶,噉,0.725195103352092
