char1,char2,similarity
呹,呹,1.0
呹,咉,0.8539255130614957
呹,咲,0.8381586821782481
呹,眣,0.7955225139446169
呹,怢,0.7954288802825789
呹,呋,0.78170472017859
呹,吷,0.7788530020483815
呹,唊,0.7757701143528672
呹,铁,0.7752495022616538
呹,哯,0.7738889715799637
