char1,char2,similarity
呻,呻,1.0
呻,呥,0.8039738740595053
呻,喵,0.7783195579148378
呻,咩,0.7782807250472514
呻,哶,0.7764735054665083
呻,呯,0.7738520896801591
呻,坤,0.7724952605878842
呻,啈,0.7700442498714594
呻,神,0.7692321336393275
呻,抻,0.7690792443011544
