char1,char2,similarity
呼,呼,1.0
呼,呯,0.804991147188072
呼,评,0.7799618634985606
呼,垀,0.7695323314037293
呼,吁,0.7655535946215101
呼,啍,0.7638846118386025
呼,啴,0.7551245263234801
呼,坪,0.7507605381699569
呼,吲,0.7493161022141354
呼,啈,0.7484195223814313
