char1,char2,similarity
呷,呷,1.0
呷,咿,0.7791055414572571
呷,仲,0.7720143921078191
呷,唓,0.7664740619461617
呷,押,0.7651777811886687
呷,坤,0.7634561198435365
呷,呯,0.7579805381816915
呷,眫,0.7512980463666868
呷,哔,0.7503637188883878
呷,暺,0.7496226223110287
