char1,char2,similarity
呴,呴,1.0
呴,咰,0.8485887684736492
呴,呞,0.790152941766839
呴,坸,0.789053827115432
呴,呁,0.7805604541606116
呴,昫,0.7780083165845992
呴,哅,0.7763242872149495
呴,訽,0.7722294321980371
呴,眴,0.7698839187730979
呴,玽,0.7642397777317458
