char1,char2,similarity
咂,咂,1.0
咂,哂,0.7692789106072181
咂,哑,0.768173312992259
咂,哐,0.7666396674337974
咂,唖,0.7535061672538935
咂,嗑,0.7504222558992503
咂,嗵,0.7463679819146543
咂,啞,0.7398743057904802
咂,顿,0.7389706102546449
咂,唾,0.7378639738290554
