char1,char2,similarity
咁,咁,1.0
咁,咕,0.8300913109895094
咁,咐,0.7921776715912302
咁,咶,0.7831984474811587
咁,咍,0.7821138311079534
咁,哣,0.7747671438382767
咁,呥,0.7667936691666064
咁,由,0.7644853748376534
咁,呮,0.7639029712981172
咁,唅,0.7613539429300717
