char1,char2,similarity
咃,咃,1.0
咃,哋,0.7483578326125148
咃,唗,0.7480742354945493
咃,唖,0.7363256811489898
咃,唶,0.7362067612541068
咃,唒,0.734091175460329
咃,乢,0.733923168775659
咃,咷,0.733332307088847
咃,喺,0.7319673764931905
咃,喻,0.7313772775790779
