char1,char2,similarity
咆,咆,1.0
咆,炮,0.7996425797205039
咆,饱,0.7878732956535002
咆,孢,0.7767813468357108
咆,吃,0.7756142231997811
咆,咱,0.774336236422634
咆,吧,0.7590825489091299
咆,狍,0.7589613145324319
咆,吨,0.7559415611062735
咆,响,0.752187136840759
