char1,char2,similarity
咈,咈,1.0
咈,昲,0.7772291587317187
咈,绋,0.7722524970108269
咈,柫,0.7657784869263443
咈,咷,0.7634699418236789
咈,唺,0.7633222795882122
咈,咘,0.7618900902077125
咈,咰,0.750393128469675
咈,坲,0.747388635624074
咈,哊,0.7472116961326306
