char1,char2,similarity
和,和,1.0
和,亻,0.7395185074489613
和,牜,0.7368315181884934
和,昨,0.7364435294054424
和,如,0.7288522338938374
和,丶,0.7245375482393006
和,圠,0.7245223955334562
和,利,0.7245220099933446
和,乚,0.7243007827112291
和,劧,0.7221240957975394
