char1,char2,similarity
咏,咏,1.0
咏,咪,0.7996992299660491
咏,咊,0.761648655009232
咏,味,0.7524592909139254
咏,眿,0.7512605039790636
咏,哚,0.7498957843539586
咏,咩,0.7399202189220082
咏,咔,0.739892431354617
咏,眯,0.7387449463331949
咏,呻,0.7303261999599311
