char1,char2,similarity
咐,咐,1.0
咐,咁,0.7921776715912302
咐,坿,0.7819787373235424
咐,柎,0.7818322574359734
咐,弣,0.7771360215750018
咐,咕,0.7651734196535962
咐,咡,0.7598698471000349
咐,呣,0.7596856193699789
咐,呺,0.7565069030335446
咐,吪,0.7554137597614433
