char1,char2,similarity
咍,咍,1.0
咍,唅,0.7971598301755798
咍,咶,0.790124940286806
咍,咱,0.7889969781922497
咍,咁,0.7821138311079534
咍,咕,0.7814717896151976
咍,咭,0.7771346871563721
咍,唋,0.7747385036088967
咍,怡,0.7699063250770076
咍,哴,0.7662835705520712
