char1,char2,similarity
咋,咋,1.0
咋,咔,0.8151692484090136
咋,昨,0.8006373196458619
咋,诈,0.7996454570426564
咋,咛,0.7698051061419373
咋,炸,0.7690830950725902
咋,作,0.7665853300130555
咋,卟,0.7662865681217117
咋,呴,0.762906905892016
咋,咩,0.753594188866946
