char1,char2,similarity
咗,咗,1.0
咗,咜,0.7748181104106981
咗,咺,0.7724797232908888
咗,吰,0.7671956060352679
咗,呫,0.7645134889145961
咗,呾,0.7589993022817028
咗,哣,0.7538091657621735
咗,哇,0.7512181886685851
咗,吘,0.7510346408016759
咗,吃,0.7506306010712935
