char1,char2,similarity
咒,咒,1.0
咒,几,0.7899060267843478
咒,兕,0.788878744471017
咒,冗,0.7863757617814421
咒,凣,0.7862539912941264
咒,儿,0.7829620597394533
咒,九,0.781327091580426
咒,尣,0.7700981170908048
咒,凢,0.768988595035768
咒,兀,0.7676919126725025
