char1,char2,similarity
咔,咔,1.0
咔,咋,0.8151692484090136
咔,卟,0.7976101022998094
咔,佧,0.7690573995869309
咔,咾,0.7679082815594355
咔,味,0.7615278815858488
咔,哇,0.757736215285406
咔,昨,0.7561251005499153
咔,吣,0.7561108198472454
咔,咪,0.7515711720823404
