char1,char2,similarity
咓,咓,1.0
咓,瓨,0.7969796078341692
咓,哣,0.7767514205972004
咓,呡,0.7713640762996424
咓,咺,0.7562737775523262
咓,佤,0.7529591981025833
咓,呢,0.7505906815211015
咓,吪,0.749529322502574
咓,吧,0.7461790719353769
咓,咥,0.7442196677967544
