char1,char2,similarity
咕,咕,1.0
咕,咁,0.8300913109895094
咕,怙,0.7884484334047109
咕,枮,0.785566236452588
咕,咍,0.7814717896151976
咕,唅,0.7791494239333855
咕,咶,0.775958627854474
咕,沽,0.7758344980624315
咕,呫,0.7721975831275758
咕,唁,0.7659969868077607
