char1,char2,similarity
咥,咥,1.0
咥,哣,0.826751470380353
咥,咺,0.8096944651426582
咥,哇,0.7972716639205863
咥,呾,0.7937930343842231
咥,唈,0.7819485768222753
咥,眰,0.7819003467276259
咥,铚,0.7807660963968595
咥,峌,0.7721194487080072
咥,叿,0.7720875684826839
