char1,char2,similarity
咞,咞,1.0
咞,呏,0.8333276337273171
咞,呪,0.7939340614627812
咞,咡,0.7900613457792478
咞,昕,0.776264907827894
咞,吩,0.7749368356245332
咞,呺,0.7723134069404197
咞,哢,0.7706285757949414
咞,呮,0.7693001213046744
咞,呀,0.768526267138933
