char1,char2,similarity
咣,咣,1.0
咣,洸,0.7955940476705154
咣,珖,0.7870014960423595
咣,恍,0.7661837250459781
咣,吮,0.7597484255465574
咣,咦,0.7532804880517309
咣,晲,0.7528491999545844
咣,侊,0.7465221806839059
咣,哓,0.7460036919789212
咣,呪,0.7452563135623512
