char1,char2,similarity
咡,咡,1.0
咡,呮,0.7928506924674242
咡,咞,0.7900613457792478
咡,呯,0.7820449620897245
咡,呺,0.780762302430008
咡,饵,0.7670731162699269
咡,咐,0.7598698471000349
咡,哷,0.7594347613778611
咡,呣,0.7591914802611293
咡,咁,0.7563744363883991
