char1,char2,similarity
咟,咟,1.0
咟,咶,0.810018807366694
咟,洦,0.7985180050895455
咟,吲,0.7672033343042175
咟,呫,0.7670029491487073
咟,呯,0.7584010490032975
咟,哠,0.7569549663321344
咟,咡,0.753604553037249
咟,呮,0.7524126681227101
咟,咱,0.7523839917565196
