char1,char2,similarity
咝,咝,1.0
咝,呦,0.7424469154770514
咝,嗌,0.7334649355326135
咝,咻,0.7301505725465691
咝,哐,0.7286376477062172
咝,嗢,0.7211810063049943
咝,噬,0.7203645936049337
咝,唑,0.7200611167424471
咝,喱,0.7172144077795393
咝,啦,0.7161245713740666
