char1,char2,similarity
咢,咢,1.0
咢,甼,0.7868582808518566
咢,昌,0.7767761480253907
咢,旱,0.7741592892196053
咢,罴,0.7717546519383497
咢,是,0.7585588595838781
咢,昰,0.7554681125230206
咢,署,0.7548718298020605
咢,岸,0.7524848646213447
咢,差,0.7513159566158714
