char1,char2,similarity
咫,咫,1.0
咫,屁,0.7405027813788293
咫,严,0.7379260748563574
咫,厇,0.7370159809388748
咫,戺,0.7364992717059018
咫,斦,0.7364369115381962
咫,厒,0.7358191906168602
咫,屃,0.7350533845776519
咫,刈,0.7347497221417848
咫,朋,0.7343446957844291
