char1,char2,similarity
咬,咬,1.0
咬,皎,0.8226118517055219
咬,珓,0.8117700089869958
咬,狡,0.7865859080509096
咬,晈,0.7835364417465644
咬,饺,0.763371161025448
咬,吱,0.7607925399501929
咬,哎,0.7576621931299286
咬,晥,0.7492789502901618
咬,恔,0.7483444957608009
