char1,char2,similarity
咩,咩,1.0
咩,眻,0.8443308889355912
咩,哶,0.8142640895612255
咩,样,0.8014675384878323
咩,祥,0.7935902918728239
咩,羘,0.7900562455734396
咩,哻,0.7889490386735071
咩,呻,0.7782807250472514
咩,啐,0.7726059816601933
咩,啴,0.7720636923384203
