char1,char2,similarity
咧,咧,1.0
咧,例,0.7422555329225307
咧,唎,0.7421365392597005
咧,噣,0.7333475979914852
咧,嘀,0.7237630029283582
咧,啁,0.7231834118133257
咧,呬,0.7227854802480278
咧,浰,0.7211083648555182
咧,哵,0.7173816441675556
咧,哟,0.716814944937929
