char1,char2,similarity
咦,咦,1.0
咦,嗩,0.7823094377167709
咦,啅,0.7807448016841918
咦,唳,0.7569963654216689
咦,嗼,0.7554753633801738
咦,哎,0.7544324168749741
咦,洟,0.7543604573184634
咦,咣,0.7532804880517309
咦,啸,0.7514701199728885
咦,喤,0.7438483440227134
