char1,char2,similarity
咮,咮,1.0
咮,姝,0.8045055480097807
咮,殊,0.8041866586283822
咮,株,0.7979217156171727
咮,陎,0.7921049375909457
咮,唻,0.7828570123564613
咮,珠,0.7741161439129433
咮,啋,0.767104432634121
咮,呹,0.7663216601556371
咮,呠,0.7632371715969352
