char1,char2,similarity
咲,咲,1.0
咲,呹,0.8381586821782481
咲,浂,0.8068933474158065
咲,咉,0.8052487581185135
咲,哾,0.8028251615255232
咲,唊,0.7770809982632806
咲,吷,0.7745324014006377
咲,哸,0.7717796976396978
咲,唍,0.7674480339071189
咲,哯,0.7666452220553146
