char1,char2,similarity
哀,哀,1.0
哀,表,0.7617208062908845
哀,良,0.7551820393110779
哀,宸,0.7456098779050991
哀,荩,0.7455736450556479
哀,夷,0.7431583669486249
哀,宫,0.7421057376183471
哀,彐,0.7414136500148318
哀,育,0.7400206734088708
哀,宮,0.7386034025822648
