char1,char2,similarity
咾,咾,1.0
咾,咜,0.7959116365292562
咾,咔,0.7679082815594355
咾,哶,0.7629596329887143
咾,哇,0.7606425487713916
咾,姥,0.7594805793248355
咾,唈,0.7529767481497085
咾,峔,0.7499196885315035
咾,呾,0.749818835775645
咾,咗,0.7496502692462148
