char1,char2,similarity
品,品,1.0
品,晶,0.8034091484302602
品,呂,0.7503640114376096
品,凸,0.7501042854204631
品,嗭,0.7480449041839458
品,吕,0.744910382524644
品,長,0.7421125074753003
品,暃,0.7401444589084347
品,且,0.7381150113232596
品,一,0.7374969088963679
