char1,char2,similarity
咿,咿,1.0
咿,呷,0.7791055414572571
咿,喈,0.750982655508301
咿,哬,0.7486265854411754
咿,哗,0.7450577610818235
咿,哳,0.7421800201193832
咿,嘻,0.7410459792461379
咿,晰,0.7362969699328838
咿,哺,0.7341308550741495
咿,咂,0.7314103931230578
