char1,char2,similarity
咺,咺,1.0
咺,哣,0.8556152329748015
咺,呾,0.8261197425951375
咺,咥,0.8096944651426582
咺,晅,0.7865584655953985
咺,烜,0.7746557267408382
咺,咗,0.7724797232908888
咺,眶,0.7714615681236155
咺,吜,0.770791078152238
咺,吧,0.7686975049426514
