char1,char2,similarity
哂,哂,1.0
哂,晒,0.8119052644268093
哂,咂,0.7692789106072181
哂,呬,0.7630888663296188
哂,徆,0.7612175672733865
哂,牺,0.7586566018950056
哂,恓,0.7570765655213314
哂,唖,0.7532132316325111
哂,唡,0.7524614166575695
哂,洒,0.7438169318588957
