char1,char2,similarity
哇,哇,1.0
哇,咭,0.8063416629326371
哇,咥,0.7972716639205863
哇,晆,0.7865202032456377
哇,珪,0.7830439992382253
哇,洼,0.7808759007069641
哇,吃,0.7734808790877772
哇,吐,0.7728347231166944
哇,陆,0.7697457970958713
哇,味,0.7660071804144823
