char1,char2,similarity
哅,哅,1.0
哅,呴,0.7763242872149495
哅,啕,0.7721001944510458
哅,哃,0.7702702287329692
哅,唃,0.7661277046484256
哅,咰,0.76541316849096
哅,呞,0.7640502545510323
哅,暔,0.7482695320108483
哅,咄,0.7362090453280242
哅,詾,0.7328040740290146
