char1,char2,similarity
哈,哈,1.0
哈,呛,0.8009851424438619
哈,给,0.799696684117412
哈,铪,0.7940188700765503
哈,跲,0.7901923739761457
哈,吟,0.7846783304190296
哈,垥,0.7841464035657043
哈,詥,0.7802524718829859
哈,姶,0.7743634904612053
哈,帢,0.7715717369580013
