char1,char2,similarity
哊,哊,1.0
哊,咘,0.819819107367335
哊,呥,0.794575366379797
哊,珛,0.7936427873680914
哊,呟,0.7910055759871959
哊,栯,0.7896487524417465
哊,烠,0.7809000720648379
哊,啫,0.766427748682295
哊,呏,0.758350448644951
哊,咜,0.7562938373719177
