char1,char2,similarity
响,响,1.0
响,咽,0.7835187960333981
响,呲,0.7691031371488646
响,啮,0.7570203631306571
响,咱,0.7534905378526838
响,咆,0.752187136840759
响,哌,0.7489150430559504
响,垧,0.745396567545594
响,呥,0.7452224434046855
响,珦,0.7444999304498312
