char1,char2,similarity
哋,哋,1.0
哋,呲,0.7490741153148671
哋,咃,0.7483578326125148
哋,唗,0.7333503337520333
哋,喕,0.7318997441546881
哋,乢,0.7287827165414399
哋,哚,0.7270206880771094
哋,吒,0.724598988335371
哋,畃,0.7243932500620588
哋,唵,0.7209674826971976
