char1,char2,similarity
哒,哒,1.0
哒,垯,0.7742896988529668
哒,挞,0.748883203146805
哒,唝,0.7452652791797177
哒,哐,0.743413641784868
哒,吡,0.7425243976645518
哒,喳,0.740210164965202
哒,咕,0.7382802094698714
哒,吻,0.7342043165127813
哒,咄,0.7321063707584266
