char1,char2,similarity
哖,哖,1.0
哖,哰,0.7928289956626122
哖,哶,0.7853782440112225
哖,咘,0.765920671029661
哖,呯,0.7573904249494644
哖,哱,0.7558418753322319
哖,呥,0.7555370304502799
哖,呻,0.7545388728049386
哖,唅,0.7534040750354644
哖,呪,0.7526953602791178
