char1,char2,similarity
哑,哑,1.0
哑,啞,0.7685984208472596
哑,咂,0.768173312992259
哑,且,0.7441960632710711
哑,艃,0.736379663208846
哑,鲃,0.7360712287942656
哑,刚,0.7356905126743694
哑,啘,0.7349472015916098
哑,喅,0.7347470865408384
哑,哐,0.7338400585558369
