char1,char2,similarity
哐,哐,1.0
哐,诓,0.7700475398771485
哐,咂,0.7666396674337974
哐,眶,0.7562424309008898
哐,啀,0.7507677744058129
哐,哩,0.7487231871019788
哐,咺,0.7457275380680396
哐,哒,0.743413641784868
哐,唾,0.7393001935922136
哐,呕,0.7390010301962268
