char1,char2,similarity
哙,哙,1.0
哙,喈,0.7563286455613929
哙,呤,0.7498706143375811
哙,烩,0.7488766788190256
哙,浍,0.7465457476694102
哙,唼,0.7452212463963209
哙,绘,0.7441340792225181
哙,桧,0.7432499085296557
哙,哧,0.7400580113402747
哙,唫,0.7397086575278513
