char1,char2,similarity
哞,哞,1.0
哞,眸,0.8028090436132772
哞,噑,0.7582780357165381
哞,哔,0.7487702325644113
哞,哗,0.7477461276227806
哞,呷,0.747033816031621
哞,啍,0.7469165022496843
哞,哮,0.7449284292504658
哞,嗥,0.7431198299176021
哞,啴,0.7411428293323791
