char1,char2,similarity
哝,哝,1.0
哝,唏,0.7310258217756717
哝,喏,0.7307546572529035
哝,哧,0.7206438229100112
哝,依,0.7200060464199557
哝,啅,0.7194108277865903
哝,噫,0.7152737515051895
哝,啴,0.7152225020472053
哝,啫,0.7141128005617075
哝,咤,0.7135703278831157
