char1,char2,similarity
哛,哛,1.0
哛,棼,0.7503295911785862
哛,容,0.7112043844659269
哛,万,0.7106595363570594
哛,跬,0.7037813535224133
哛,卯,0.7009587446516837
哛,肨,0.7008402007971857
哛,皆,0.700735417000042
哛,毕,0.7004490302431289
哛,肚,0.6993849245526728
