char1,char2,similarity
哨,哨,1.0
哨,琑,0.7566867098448061
哨,陠,0.7539199090538453
哨,哴,0.7498251354333068
哨,呐,0.7482750829620962
哨,暔,0.7476326765779573
哨,陗,0.7473519299994456
哨,捎,0.7473502234041812
哨,呫,0.7471664709401158
哨,啮,0.7466523153168285
