char1,char2,similarity
哩,哩,1.0
哩,埋,0.8371683210532045
哩,呾,0.7871663496021524
哩,理,0.7786298996177456
哩,睡,0.7774515385881048
哩,呕,0.7644616693684492
哩,咺,0.7627708310016954
哩,啤,0.7583561283407708
哩,吲,0.7571868507670044
哩,喤,0.7567121183815864
