char1,char2,similarity
哪,哪,1.0
哪,娜,0.7957835248845119
哪,梛,0.7430151453948276
哪,卿,0.7346911585511635
哪,咃,0.7275869416308441
哪,刪,0.7217445232848012
哪,踯,0.720914315557153
哪,呃,0.7195337842821408
哪,鄉,0.7169622556875055
哪,鎯,0.7166934015837
