char1,char2,similarity
哵,哵,1.0
哵,唎,0.7726312368216921
哵,喞,0.7349667714914777
哵,啣,0.7229428414501529
哵,側,0.7228840340356903
哵,測,0.7184597985607171
哵,咧,0.7173816441675556
哵,侀,0.7136092721601488
哵,啁,0.7131994496095195
哵,啲,0.7130779771829048
