char1,char2,similarity
哱,哱,1.0
哱,唕,0.8430952156605098
哱,桲,0.8146435056227197
哱,饽,0.8129031576945455
哱,悖,0.7978077115729264
哱,脖,0.791250588074373
哱,哰,0.788240487108353
哱,哶,0.7831890807136132
哱,哮,0.7794097326559349
哱,綍,0.7782528649863312
