char1,char2,similarity
哯,哯,1.0
哯,哾,0.8150213174618575
哯,唍,0.8047763447462359
哯,呪,0.785452908461509
哯,哫,0.7763564912505468
哯,呹,0.7738889715799637
哯,唲,0.772475983080683
哯,晛,0.7721332502635774
哯,哻,0.7718623315860921
哯,咉,0.7688220499960315
