char1,char2,similarity
哬,哬,1.0
哬,嘚,0.7521478471571603
哬,咿,0.7486265854411754
哬,酠,0.7486016912384412
哬,軻,0.7474376013078315
哬,响,0.7431309775711874
哬,咟,0.7410177990884299
哬,恛,0.7408990190721219
哬,嗵,0.7399602635579499
哬,唒,0.7392888481568847
