char1,char2,similarity
哰,哰,1.0
哰,咘,0.8101899879873786
哰,哶,0.800348302038767
哰,哖,0.7928289956626122
哰,哱,0.788240487108353
哰,呺,0.7769013023108611
哰,吘,0.774106163078072
哰,咛,0.7701910887096768
哰,哻,0.7659321586319694
哰,誶,0.759662114109583
