char1,char2,similarity
哳,哳,1.0
哳,晰,0.802045887418901
哳,唽,0.8011304988380642
哳,狾,0.786366188438152
哳,晣,0.7711950340953057
哳,咿,0.7421800201193832
哳,嘧,0.7370137605244553
哳,唢,0.736292718347882
哳,啃,0.7350158892490164
哳,啪,0.7346880021062325
