char1,char2,similarity
哲,哲,1.0
哲,晢,0.7602751911085943
哲,言,0.750530351759406
哲,仾,0.738277030479254
哲,苔,0.7379902209666555
哲,唘,0.7331796166363655
哲,乴,0.7299971990996336
哲,势,0.7291197013044791
哲,忖,0.7280232996719678
哲,宫,0.7277224634204571
