char1,char2,similarity
哼,哼,1.0
哼,悙,0.7928434288469207
哼,啐,0.7689854247159043
哼,涥,0.7513151599068072
哼,喤,0.7474034737667287
哼,啤,0.7438737162082565
哼,梈,0.7437222869375824
哼,哹,0.7425975276091755
哼,吽,0.7419223619197647
哼,鸣,0.7417594760150035
