char1,char2,similarity
哹,哹,1.0
哹,哷,0.8271272591194563
哹,哶,0.77910637382344
哹,呣,0.777883060013258
哹,哸,0.7773370848780792
哹,啋,0.7712296895190502
哹,哻,0.7704722063389701
哹,稃,0.7668819394282049
哹,吇,0.7655271250407597
哹,呺,0.7635101416353574
