char1,char2,similarity
哿,哿,1.0
哿,毌,0.7487483107523133
哿,驾,0.7391141934995511
哿,奇,0.7340964918303308
哿,争,0.7315910051618577
哿,缶,0.728823604744848
哿,努,0.7286706085746381
哿,千,0.728594480852049
哿,气,0.7274703895992505
哿,育,0.7273620247209002
