char1,char2,similarity
哷,哷,1.0
哷,哹,0.8271272591194563
哷,哸,0.8230351102883087
哷,啋,0.8026720883544157
哷,呯,0.7890925273757801
哷,呣,0.7849644496435654
哷,呺,0.7830266427764736
哷,哻,0.7796866846313941
哷,咡,0.7594347613778611
哷,哯,0.7546064227010735
