char1,char2,similarity
哺,哺,1.0
哺,晡,0.7839892385047573
哺,嗤,0.7709673991575061
哺,啴,0.7649126784122737
哺,陠,0.7627695641660774
哺,喈,0.7550668349067019
哺,喋,0.7418705799499793
哺,哽,0.7400720938295535
哺,嘻,0.738136450643351
哺,浦,0.736032995454998
