char1,char2,similarity
唈,唈,1.0
唈,咥,0.7819485768222753
唈,呾,0.7795993261214399
唈,喵,0.7714927528870863
唈,呥,0.7607932826518363
唈,呺,0.7598482611949144
唈,咺,0.7589982554654604
唈,咾,0.7529767481497085
唈,皑,0.7510898169252258
唈,哣,0.7499376547455652
