char1,char2,similarity
唅,唅,1.0
唅,晗,0.8100843114388612
唅,啥,0.8024419683065561
唅,咍,0.7971598301755798
唅,呥,0.7813233711767565
唅,咕,0.7791494239333855
唅,咶,0.7759059631399169
唅,梒,0.7717923823436968
唅,呟,0.770691802219723
唅,琀,0.7702604257268891
