char1,char2,similarity
唁,唁,1.0
唁,啱,0.7751614527271163
唁,啃,0.7744843861937235
唁,咕,0.7659969868077607
唁,唣,0.7638411007857384
唁,咴,0.7597469948653501
唁,噌,0.7564967112584595
唁,信,0.7533517050561953
唁,喷,0.7524629824760174
唁,唅,0.751716492071556
