char1,char2,similarity
唇,唇,1.0
唇,貭,0.7679964731384599
唇,屃,0.7650205030188088
唇,屍,0.7647848696196257
唇,垦,0.7586078562827734
唇,屈,0.7450110199065088
唇,巵,0.7421350550730398
唇,厔,0.7416385668515888
唇,岸,0.7393605572224676
唇,恳,0.7392691770170818
