char1,char2,similarity
唀,唀,1.0
唀,绣,0.7687301325275727
唀,呹,0.763649107669735
唀,咉,0.7626726201588614
唀,呠,0.7557386854164949
唀,锈,0.7547351297850082
唀,琇,0.7535135146605484
唀,呧,0.7511983845999296
唀,吚,0.7494615376355367
唀,呺,0.7483386560582747
