char1,char2,similarity
唄,唄,1.0
唄,垻,0.7740805033191839
唄,狽,0.7571843712642018
唄,狠,0.7545123312290045
唄,眼,0.7490204679158601
唄,浿,0.748983494539702
唄,吹,0.744170497683803
唄,咉,0.7391533173187445
唄,哫,0.7383594704966125
唄,嗊,0.7382336829643921
