char1,char2,similarity
唊,唊,1.0
唊,陝,0.8005187069853144
唊,唻,0.7960243885094499
唊,咉,0.7953858136000884
唊,悏,0.7924897512666482
唊,咲,0.7770809982632806
唊,呹,0.7757701143528672
唊,陕,0.7698135924270227
唊,哴,0.7682305741346745
唊,哎,0.7634448083956575
