char1,char2,similarity
唐,唐,1.0
唐,庢,0.7808022789482081
唐,庌,0.7744035693087621
唐,康,0.7714516311704098
唐,恴,0.7687682830564482
唐,售,0.7656361743453634
唐,庮,0.761295116850542
唐,废,0.760329823946087
唐,序,0.7582569288433583
唐,庒,0.7579096930478769
