char1,char2,similarity
唛,唛,1.0
唛,啑,0.789016053012294
唛,啧,0.7842930229152688
唛,嗅,0.7736567493705833
唛,喑,0.7715896669715164
唛,嗼,0.7579657047135863
唛,喘,0.7558076696771179
唛,嗖,0.7538456976239826
唛,唆,0.7493277871259788
唛,曉,0.7479145452356737
