char1,char2,similarity
唘,唘,1.0
唘,嗸,0.7794563356256927
唘,吾,0.7671443756123985
唘,啔,0.7570346562371154
唘,啓,0.7471916288281871
唘,晉,0.7451275069579769
唘,仾,0.7447649228630964
唘,苔,0.7432922791574106
唘,怪,0.7367987058805794
唘,伍,0.7335805268283977
