char1,char2,similarity
唗,唗,1.0
唗,徒,0.8115410655682317
唗,唫,0.7680831584045691
唗,呻,0.7565996937112894
唗,啑,0.7543174371890793
唗,喳,0.75139032536886
唗,呟,0.7494520249132828
唗,咃,0.7480742354945493
唗,哊,0.7478031553146107
唗,唻,0.7476408191095653
