char1,char2,similarity
唚,唚,1.0
唚,啺,0.7743012984167131
唚,唆,0.7494186533717703
唚,咹,0.7475024654617106
唚,啌,0.7437367647814981
唚,哠,0.7411971121665291
唚,嘎,0.7400821522635576
唚,谡,0.740055702656039
唚,啱,0.7396098361559027
唚,暥,0.7394036213605727
