char1,char2,similarity
唝,唝,1.0
唝,陨,0.7651860678915993
唝,咕,0.7502835495372967
唝,顼,0.7499741839175506
唝,唢,0.7493793288067898
唝,唺,0.7460533990191238
唝,哒,0.7452652791797177
唝,啅,0.7432288913788738
唝,咟,0.7432253596999716
唝,嗩,0.7426001228635922
