char1,char2,similarity
唖,唖,1.0
唖,啞,0.8433983492869636
唖,呬,0.756529962532067
唖,咂,0.7535061672538935
唖,哂,0.7532132316325111
唖,咥,0.7460578215962693
唖,咺,0.7451179086230388
唖,埡,0.7435979167948245
唖,呾,0.7402925634157489
唖,嘣,0.7366107486781084
