char1,char2,similarity
唙,唙,1.0
唙,瞅,0.7809417876835124
唙,閄,0.7431303223796363
唙,梑,0.7370647421677576
唙,偢,0.7264891860871763
唙,愀,0.7231713000930642
唙,唥,0.7179832520172317
唙,啂,0.715900609024714
唙,啩,0.715385495053578
唙,啴,0.7141471912641512
