char1,char2,similarity
唢,唢,1.0
唢,琐,0.7790191695831257
唢,啃,0.7616507081644555
唢,啖,0.7573186383953313
唢,哽,0.7517106929134778
唢,呗,0.7513754707367343
唢,唝,0.7493793288067898
唢,呭,0.7473956201236238
唢,喋,0.744477717926897
唢,瞆,0.7433161194675671
