char1,char2,similarity
唧,唧,1.0
唧,卿,0.7789037376442899
唧,啒,0.757933745343224
唧,唡,0.7482288537056653
唧,噿,0.7404472256573326
唧,揤,0.7391343728972517
唧,暱,0.7371978030180867
唧,哂,0.7361659030185614
唧,喔,0.7312224863661027
唧,呬,0.7310722599440391
