char1,char2,similarity
唠,唠,1.0
唠,喏,0.7621464054720085
唠,咤,0.7478115030561889
唠,铹,0.7400186591869977
唠,哙,0.7343478525322239
唠,哽,0.7308246170706604
唠,唶,0.7297354288378683
唠,嘮,0.7271673528425198
唠,涝,0.724289203430974
唠,啕,0.7233401516406468
