char1,char2,similarity
唱,唱,1.0
唱,哻,0.7977335563641461
唱,琩,0.7804612869571673
唱,晿,0.7790972194417826
唱,椙,0.7674799366243739
唱,哯,0.7643331088999411
唱,吧,0.7623504336348476
唱,猖,0.7530267094320822
唱,呡,0.743093964623051
唱,呮,0.741211532966518
