char1,char2,similarity
唨,唨,1.0
唨,噛,0.7454367390410123
唨,卹,0.7358620319994282
唨,呷,0.7247355054781474
唨,唽,0.7201443654824751
唨,啊,0.7186809154764436
唨,嘔,0.7164136188373488
唨,咟,0.7161430390194075
唨,噹,0.7160087653574133
唨,峺,0.7144408396148284
