char1,char2,similarity
唫,唫,1.0
唫,琻,0.800349251926739
唫,唸,0.7893838414261979
唫,捦,0.7888675480040459
唫,唋,0.7866563510938553
唫,唵,0.7739469000432648
唫,喳,0.7682865808458835
唫,唗,0.7680831584045691
唫,唅,0.7678862485050627
唫,牷,0.7660352137854537
