char1,char2,similarity
售,售,1.0
售,唐,0.7656361743453634
售,害,0.7654215902342185
售,音,0.7485417627024574
售,偆,0.7439633841421653
售,筶,0.7424539190694013
售,痦,0.7384991651992712
售,筨,0.7344578291437764
售,集,0.7342819403089947
售,惶,0.7336075675519602
