char1,char2,similarity
唯,唯,1.0
唯,陮,0.8169696755947173
唯,睢,0.7930116172158139
唯,惟,0.7823236489571116
唯,雉,0.7734274294377359
唯,堆,0.7730490257090611
唯,咱,0.7701778738154328
唯,维,0.7635563175382781
唯,咭,0.7626527793226598
唯,呥,0.7521915211632709
