char1,char2,similarity
唰,唰,1.0
唰,峢,0.7193131600669669
唰,岹,0.7181944865555062
唰,琍,0.7162479866976275
唰,猘,0.7116555673875647
唰,哵,0.7105500318007169
唰,唎,0.7097653757124749
唰,栵,0.709402161742386
唰,嚠,0.7070079611830951
唰,喇,0.7036227460694667
