char1,char2,similarity
唻,唻,1.0
唻,猍,0.8181252143147197
唻,唊,0.7960243885094499
唻,睞,0.7919863790274884
唻,唵,0.7845494212592028
唻,咮,0.7828570123564613
唻,味,0.7796224552318544
唻,啋,0.7786564807353528
唻,昧,0.7759380142262854
唻,唓,0.7720935571704877
