char1,char2,similarity
唹,唹,1.0
唹,唬,0.751699016736978
唹,唦,0.7266730103216477
唹,噉,0.7202315654731491
唹,唥,0.7201432788128778
唹,呶,0.7144001904354235
唹,帆,0.7126274463347457
唹,嗷,0.7077723711622996
唹,喥,0.7063973833248378
唹,帕,0.7028456304121308
