char1,char2,similarity
唸,唸,1.0
唸,唫,0.7893838414261979
唸,捻,0.7616539469411018
唸,唋,0.7582463364516575
唸,腍,0.7528516391348216
唸,稔,0.7524119704609762
唸,咜,0.7512565373455925
唸,焾,0.7445160386926428
唸,谂,0.741099452455962
唸,吤,0.7395563730884638
