char1,char2,similarity
啂,啂,1.0
啂,唦,0.7500758437567148
啂,吪,0.7428728061105131
啂,咑,0.7350730584416117
啂,叽,0.7330480590178822
啂,咣,0.728722002784357
啂,蚘,0.7269259201601687
啂,千,0.7253374625990119
啂,吡,0.7251050507224617
啂,屼,0.7248269376893459
