char1,char2,similarity
啁,啁,1.0
啁,睭,0.8130122912035909
啁,啯,0.7961812362614116
啁,淍,0.7574040014468217
啁,喎,0.7554263331769223
啁,喁,0.7547948300519104
啁,啕,0.7520661567299884
啁,啒,0.7518355913118657
啁,倜,0.7518102092499225
啁,哃,0.7468108962173068
