char1,char2,similarity
啄,啄,1.0
啄,琢,0.8222220631384919
啄,涿,0.7663786980843305
啄,诼,0.7629351130782422
啄,呼,0.7312845481913312
啄,啹,0.7275562425633244
啄,咏,0.7268364976386259
啄,啍,0.7262292020514455
啄,呯,0.7259525027054723
啄,呩,0.7247884350694523
