char1,char2,similarity
唿,唿,1.0
唿,惚,0.7916176059153661
唿,嗯,0.7501075628140425
唿,淴,0.7353206571766127
唿,咑,0.7339765532599262
唿,喼,0.7321477297151853
唿,喳,0.7303603739151794
唿,唶,0.7281679187550958
唿,哮,0.7269044687531687
唿,揔,0.7268929185456919
