char1,char2,similarity
啃,啃,1.0
啃,暄,0.7748209188653137
啃,唁,0.7744843861937235
啃,唢,0.7616507081644555
啃,啨,0.761049447438617
啃,唓,0.7587915160750404
啃,嗗,0.749874641137223
啃,喧,0.7493623279131656
啃,啱,0.7484817279083714
啃,咟,0.7472337425271358
