char1,char2,similarity
問,問,1.0
問,閃,0.840007010396039
問,閂,0.8370338906357913
問,閆,0.8369749716507954
問,閁,0.8338537309014847
問,閈,0.8194066400642493
問,閊,0.815686965086422
問,罔,0.8078474741760746
問,閗,0.8063521996980147
問,閇,0.8060851934724762
