char1,char2,similarity
啌,啌,1.0
啌,唵,0.775177302498836
啌,啞,0.7676897390413818
啌,唫,0.763805020004497
啌,唻,0.7618898349787258
啌,控,0.7609316890696285
啌,唊,0.7566708805115797
啌,涳,0.7522660985345074
啌,哰,0.7491865070905362
啌,咳,0.7482200859571272
