char1,char2,similarity
商,商,1.0
商,茼,0.8062560419050614
商,啇,0.7913385631032801
商,苪,0.7824267164277684
商,苘,0.779021527799019
商,荋,0.7739923781436566
商,而,0.7720444471391162
商,简,0.7657285845053743
商,苬,0.7654782226504369
商,筒,0.7647844756722805
