char1,char2,similarity
啍,啍,1.0
啍,埻,0.7931994713550418
啍,惇,0.7890998679889321
啍,啈,0.7833683572958783
啍,啑,0.7769521674755496
啍,啅,0.7726498984565096
啍,啴,0.7695107990997959
啍,朜,0.7660330215023096
啍,呼,0.7638846118386025
啍,噑,0.763360175503468
