char1,char2,similarity
啔,啔,1.0
啔,啓,0.8716472881278544
啔,呰,0.7715379332662954
啔,啠,0.7625319285616337
啔,唘,0.7570346562371154
啔,曾,0.7560162402396143
啔,苦,0.7556765568384686
啔,咅,0.754312112945032
啔,暓,0.7515360231015221
啔,叴,0.7435088370324872
