char1,char2,similarity
啙,啙,1.0
啙,呰,0.8235278996443844
啙,柴,0.720601488122607
啙,韶,0.7126663293862132
啙,曲,0.7112302230468287
啙,此,0.7029485736558475
啙,盐,0.7023584196367394
啙,艁,0.7006609802733829
啙,凹,0.7005972139695266
啙,向,0.7005607542955709
