char1,char2,similarity
啘,啘,1.0
啘,焥,0.8024337265370581
啘,腕,0.7933291955423117
啘,唍,0.7884290749570245
啘,埦,0.7851072812972164
啘,婉,0.7842886931481653
啘,碗,0.7803939841647038
啘,晼,0.7751721059287425
啘,捥,0.7699304628254297
啘,豌,0.7668903934697229
