char1,char2,similarity
啕,啕,1.0
啕,哅,0.7721001944510458
啕,啁,0.7520661567299884
啕,陶,0.7472235286210293
啕,眴,0.742891600479225
啕,咤,0.74005219853222
啕,嘀,0.7375675417225396
啕,掏,0.734146462694798
啕,呴,0.7335199820659444
啕,噣,0.7331505428474867
