char1,char2,similarity
啓,啓,1.0
啓,啔,0.8716472881278544
啓,咅,0.7665736441269118
啓,暋,0.7630322590160463
啓,呰,0.7597961852425451
啓,昚,0.7542375285712463
啓,苦,0.7507817692198886
啓,啠,0.7504442013854712
啓,唘,0.7471916288281871
啓,言,0.7471677402857068
