char1,char2,similarity
啛,啛,1.0
啛,悽,0.813727379032509
啛,啑,0.7758541135804748
啛,啨,0.7697708114481712
啛,啍,0.7604925238079062
啛,捿,0.7567986269278576
啛,棲,0.7544139051469219
啛,嗅,0.7486072137991497
啛,喷,0.7484655202330877
啛,唛,0.7444804370217893
