char1,char2,similarity
啜,啜,1.0
啜,涰,0.7625811836527717
啜,惙,0.7620986156895854
啜,娺,0.751275348766167
啜,呮,0.7282744032701142
啜,啋,0.7214956533205638
啜,呪,0.721301106206501
啜,唲,0.7202106016160217
啜,哻,0.7200865883718034
啜,咲,0.7194469385546967
