char1,char2,similarity
啞,啞,1.0
啞,唖,0.8433983492869636
啞,哑,0.7685984208472596
啞,啌,0.7676897390413818
啞,唩,0.7630250297874549
啞,咺,0.7622500457893497
啞,埡,0.759595936368073
啞,咥,0.7571679129540679
啞,喅,0.7557752770035612
啞,呲,0.7537600578742479
