char1,char2,similarity
啤,啤,1.0
啤,睥,0.815593612689873
啤,陴,0.7830586238486731
啤,嗅,0.7716659781831624
啤,埤,0.7624816431504136
啤,猈,0.7617414011358868
啤,哾,0.7614698908921008
啤,唲,0.7590803788455137
啤,哩,0.7583561283407708
啤,唤,0.7564816225122326
