char1,char2,similarity
啪,啪,1.0
啪,喖,0.7792754863025926
啪,哳,0.7346880021062325
啪,哟,0.7330135645045959
啪,怗,0.7147149043839065
啪,扌,0.7127594143230759
啪,唾,0.7116663510051143
啪,啦,0.7116584599777502
啪,呐,0.7073388877346755
啪,喽,0.7063619794981347
