char1,char2,similarity
啭,啭,1.0
啭,昁,0.7151713284477524
啭,啾,0.7084798343733761
啭,啲,0.7042952423346952
啭,畦,0.6994708839539499
啭,啉,0.6982960085334676
啭,嚇,0.6944489148334938
啭,吶,0.6944225263826184
啭,嘋,0.6934861889031149
啭,呦,0.693290452637245
