char1,char2,similarity
啦,啦,1.0
啦,咻,0.7381793978879365
啦,唞,0.7331095097937619
啦,唽,0.733025398806288
啦,哳,0.7319999070269693
啦,哐,0.7236173224447945
啦,噲,0.7232745206774648
啦,哒,0.7201023091377479
啦,吐,0.7187544566376216
啦,嘡,0.7181350370940403
