char1,char2,similarity
啨,啨,1.0
啨,皘,0.8009479681677343
啨,睛,0.7969236941647778
啨,埥,0.7908776240079669
啨,猜,0.7894989162108887
啨,棈,0.7865653514543328
啨,掅,0.7839511221871536
啨,啛,0.7697708114481712
啨,哘,0.7696156137577869
啨,精,0.7693409981533492
