char1,char2,similarity
啫,啫,1.0
啫,陼,0.7982493608498047
啫,堵,0.7890967649449386
啫,暏,0.788380631001023
啫,琽,0.7803079705987809
啫,啈,0.7711456344083156
啫,哊,0.766427748682295
啫,唶,0.7598715781934167
啫,楮,0.7584336100756252
啫,绪,0.7569094416971605
