char1,char2,similarity
啱,啱,1.0
啱,唁,0.7751614527271163
啱,呺,0.764695962203319
啱,哠,0.7499977547381602
啱,啃,0.7484817279083714
啱,唅,0.7470347930471558
啱,啹,0.7439537448613425
啱,啈,0.7414904451617552
啱,喛,0.7410508448398005
啱,啫,0.7398009271077545
