char1,char2,similarity
啮,啮,1.0
啮,响,0.7570203631306571
啮,呥,0.755962902857278
啮,哻,0.7485520138105196
啮,唅,0.7472333305481896
啮,哨,0.7466523153168285
啮,哴,0.7442595890284089
啮,呻,0.7431763678016613
啮,哊,0.742564141828924
啮,呿,0.7421179363550724
