char1,char2,similarity
啳,啳,1.0
啳,埢,0.7706500020171864
啳,绻,0.7682306312618911
啳,棬,0.7679338887031394
啳,惓,0.7656728358260814
啳,婘,0.7624993395984003
啳,犈,0.7615767725955248
啳,捲,0.7465288523739823
啳,睠,0.7418521980741646
啳,唩,0.7403013561996556
