char1,char2,similarity
啺,啺,1.0
啺,暘,0.829286877413972
啺,湯,0.7876017018797455
啺,唚,0.7743012984167131
啺,暥,0.7458960822320104
啺,喤,0.736614192855932
啺,場,0.7355484118277167
啺,暻,0.7350787946245411
啺,暚,0.7290687040958511
啺,瑒,0.7273174681934361
