char1,char2,similarity
喁,喁,1.0
喁,渪,0.7660522915887256
喁,嗖,0.760015512508289
喁,啁,0.7547948300519104
喁,哽,0.7547549134272384
喁,堣,0.7532747830671618
喁,喎,0.7470008786080979
喁,湡,0.7400612420287292
喁,呷,0.7395887999338407
喁,嘿,0.7394380558761758
