char1,char2,similarity
啿,啿,1.0
啿,唭,0.769315255273747
啿,煁,0.7610294938484359
啿,糂,0.7603433846158721
啿,揕,0.7556277388832264
啿,堪,0.7546381152348169
啿,咴,0.7476394603139044
啿,暄,0.7447843713334881
啿,愖,0.7424585068196727
啿,媅,0.7420427513749916
