char1,char2,similarity
啽,啽,1.0
啽,媕,0.7930951999712543
啽,喰,0.755853711585832
啽,唍,0.747881986381013
啽,嗅,0.747360314312868
啽,院,0.7456237857281838
啽,嗊,0.7455259176514974
啽,嗆,0.7439217006585639
啽,啤,0.7407604564325821
啽,渰,0.738752837898241
