char1,char2,similarity
喀,喀,1.0
喀,愘,0.7535733774087504
喀,喑,0.7384587347286735
喀,瞎,0.7329561085407936
喀,哼,0.7303349216990153
喀,咕,0.730250154844879
喀,啐,0.729532123353128
喀,啱,0.72850186455583
喀,唅,0.727143931009007
喀,嗒,0.7271167485378993
