char1,char2,similarity
啸,啸,1.0
啸,垏,0.7610307662070186
啸,唳,0.7603509400958375
啸,噛,0.7583552780832507
啸,啅,0.7530647934355099
啸,咦,0.7514701199728885
啸,啈,0.7507040514174984
啸,唓,0.7428970979921123
啸,唻,0.7416435263254267
啸,唕,0.7403970792298805
