char1,char2,similarity
喅,喅,1.0
喅,暟,0.7743577055788393
喅,呾,0.7697933963269284
喅,喤,0.7673345973960001
喅,暒,0.7565082074158902
喅,啞,0.7557752770035612
喅,哣,0.7552334282786978
喅,喂,0.7524284473818814
喅,睲,0.7516840613493101
喅,哩,0.7507910562057275
