char1,char2,similarity
喉,喉,1.0
喉,睺,0.7981871313675158
喉,堠,0.7520518030448741
喉,騃,0.7223175323451875
喉,喢,0.7214404074933991
喉,噞,0.7200485255291565
喉,嘠,0.7176322730520733
喉,嘪,0.7165092771736217
喉,嗢,0.7162922444566358
喉,噹,0.7162662233668892
