char1,char2,similarity
喇,喇,1.0
喇,揦,0.7320673503404178
喇,猘,0.7041538210062359
喇,唰,0.7036227460694667
喇,哅,0.7007656118313879
喇,啕,0.6971716639545065
喇,唌,0.6963414951715954
喇,楋,0.6953960575541664
喇,嗛,0.6894709154541825
喇,啁,0.6890639516210334
