char1,char2,similarity
善,善,1.0
善,曽,0.8190889254074142
善,普,0.7917955633564603
善,兽,0.7810502264657982
善,兾,0.7665541814856844
善,羑,0.7660968229835502
善,营,0.7635087835424246
善,苦,0.7592800506431674
善,彗,0.7473012123081059
善,叀,0.7448269459570891
