char1,char2,similarity
喆,喆,1.0
喆,夡,0.758694941373157
喆,蛣,0.7364416949532686
喆,黠,0.7343268259766177
喆,袺,0.7311648561817885
喆,硈,0.7309844131686503
喆,鲒,0.7267605193221695
喆,掂,0.7257925808411068
喆,恄,0.7256908472051788
喆,趌,0.7218136900987719
