char1,char2,similarity
喔,喔,1.0
喔,喱,0.7829465003556599
喔,偓,0.7731290421071857
喔,啒,0.7552026558824613
喔,嘘,0.7498210587874027
喔,嗖,0.7475433831659632
喔,嗺,0.7355416964470776
喔,噓,0.7353355381155132
喔,唧,0.7312224863661027
喔,嗝,0.7306274172488731
