char1,char2,similarity
喑,喑,1.0
喑,揞,0.8189053736613958
喑,唶,0.8086945130395539
喑,堷,0.8041616670706737
喑,喈,0.7763465681917483
喑,谙,0.7756724195998479
喑,嗒,0.7741977196616634
喑,暗,0.7730261105179967
喑,唛,0.7715896669715164
喑,愔,0.7657021113654349
