char1,char2,similarity
喓,喓,1.0
喓,婹,0.7956524661606665
喓,腰,0.7924276209129905
喓,楆,0.775916956199287
喓,偠,0.7525714066017327
喓,嗊,0.7428281877962729
喓,咱,0.7328277035370708
喓,吼,0.7288509633127479
喓,匣,0.7258407845105099
喓,膄,0.7234071454930077
