char1,char2,similarity
喒,喒,1.0
喒,噌,0.7676735421788221
喒,咭,0.7417670525142817
喒,哠,0.7396714825368454
喒,暳,0.7363551436168175
喒,揝,0.7343693983248282
喒,啥,0.7325739926510672
喒,唯,0.7324426969649301
喒,咱,0.7320464357638717
喒,陹,0.7275910979870209
