char1,char2,similarity
喝,喝,1.0
喝,暍,0.8435407809264032
喝,竭,0.8050633105274395
喝,猲,0.7759981512753815
喝,晹,0.775840112573392
喝,哻,0.753438487178645
喝,堨,0.7461449892097237
喝,羯,0.7402590563045979
喝,哨,0.7388533327591513
喝,幆,0.7376213704695506
