char1,char2,similarity
喩,喩,1.0
喩,喻,0.7949918299786787
喩,睮,0.7642970011277025
喩,楡,0.7613796480539976
喩,隃,0.7526753633085925
喩,愉,0.7446903610292632
喩,喰,0.7409422622545181
喩,榆,0.7387092487287151
喩,嗆,0.7363853384225801
喩,婾,0.7346651593920593
