char1,char2,similarity
喤,喤,1.0
喤,隍,0.8124498252866679
喤,堭,0.7927234846072034
喤,啅,0.7862067690661383
喤,喅,0.7673345973960001
喤,媓,0.7614189449365224
喤,哩,0.7567121183815864
喤,崲,0.7543469926954401
喤,呤,0.7542659269949661
喤,晫,0.7512525192203408
