char1,char2,similarity
喣,喣,1.0
喣,煦,0.7557713083900526
喣,叹,0.7138447817412507
喣,归,0.7101118389448071
喣,焏,0.7058262395996563
喣,闾,0.7045580219679556
喣,眩,0.7030966891813243
喣,叮,0.7014564540604159
喣,吗,0.7013828814316742
喣,叼,0.7006923927864996
