char1,char2,similarity
喢,喢,1.0
喢,嗂,0.7568862418410619
喢,插,0.7550532750895916
喢,啹,0.7461912702867216
喢,啯,0.7410729262277128
喢,暚,0.7398033086603646
喢,唔,0.7384742938475942
喢,哂,0.7383774400293385
喢,唾,0.7375291670340097
喢,唒,0.7362853647828317
