char1,char2,similarity
喨,喨,1.0
喨,暵,0.7625543029548982
喨,嗔,0.7603365591505282
喨,喠,0.7523571749525407
喨,曉,0.7515777239205882
喨,唬,0.7509714714253003
喨,啛,0.7439545605986897
喨,皢,0.7399278422475342
喨,隢,0.7371441349429696
喨,嘵,0.7362665840126797
