char1,char2,similarity
喱,喱,1.0
喱,喔,0.7829465003556599
喱,啒,0.7569995725006845
喱,噓,0.7336271337864477
喱,嗵,0.7266689325318719
喱,唧,0.7265510397884901
喱,頔,0.7257385054515849
喱,隡,0.7240070760680053
喱,咂,0.7230615350381443
喱,噠,0.7222709096927884
