char1,char2,similarity
喫,喫,1.0
喫,喚,0.820315660628152
喫,偰,0.7743614460095649
喫,猰,0.7676090626517128
喫,嗼,0.7495591625031692
喫,唉,0.7481638774547195
喫,嗅,0.7344548455393038
喫,喯,0.7271571735572615
喫,哑,0.726239756086422
喫,啽,0.7218427676716006
