char1,char2,similarity
單,單,1.0
單,翠,0.8038813000038332
單,畢,0.7672983999638333
單,崋,0.7642302412905736
單,睪,0.7625951615098804
單,舃,0.7624161316264897
單,罩,0.7566230219115517
單,秉,0.7517907688161382
單,挲,0.7492498492762136
單,草,0.7478509622003884
