char1,char2,similarity
喳,喳,1.0
喳,馇,0.7716067890813312
喳,唫,0.7682865808458835
喳,呭,0.7658225144305121
喳,哇,0.7654526822985671
喳,唵,0.7569481558920793
喳,咭,0.7531449084800379
喳,唗,0.75139032536886
喳,咜,0.7491187736002816
喳,吨,0.7428952681653372
