char1,char2,similarity
喬,喬,1.0
喬,訔,0.7394028226870408
喬,亩,0.7356470994403538
喬,奣,0.7341278160849396
喬,詈,0.7300657559859258
喬,盄,0.7118484464325584
喬,昺,0.7108841116506366
喬,苗,0.7100153917530683
喬,傦,0.7043478936548251
喬,看,0.7037442129368975
