char1,char2,similarity
喲,喲,1.0
喲,啲,0.7769193282925029
喲,喞,0.7123880099686372
喲,哟,0.707698271809579
喲,唎,0.7005328907831602
喲,嘋,0.698618081093761
喲,嘲,0.6945689047355188
喲,啪,0.6931483069679382
喲,啝,0.6930182912514911
喲,啣,0.692020912858167
