char1,char2,similarity
喰,喰,1.0
喰,嗆,0.7764749914870601
喰,嗔,0.7655809114674047
喰,啽,0.755853711585832
喰,喩,0.7409422622545181
喰,飡,0.7409376915765096
喰,湌,0.7400544886366132
喰,嗊,0.7394037031135464
喰,噲,0.7345451257406311
喰,唷,0.7302206864963009
