char1,char2,similarity
喽,喽,1.0
喽,唩,0.753838981972862
喽,搂,0.7477617567324726
喽,楼,0.7466217170290035
喽,喢,0.7223429378847936
喽,嘍,0.7208384141759133
喽,嘙,0.7193312808493846
喽,噹,0.7175836052800687
喽,暥,0.7160392939655786
喽,嗳,0.7146929852476666
