char1,char2,similarity
喹,喹,1.0
喹,睳,0.7906743554056421
喹,煃,0.7862178684233982
喹,噬,0.7696295001488169
喹,嗪,0.7450583328560151
喹,嘔,0.7442407826353135
喹,喤,0.7427920142777243
喹,痒,0.7401428157353792
喹,噢,0.7386550033112403
喹,噲,0.7365249289743704
