char1,char2,similarity
嗁,嗁,1.0
嗁,嘱,0.773073281413378
嗁,褫,0.7611653657014575
嗁,嗕,0.7338599126832333
嗁,禠,0.7314190503445235
嗁,瞩,0.7255153251434389
嗁,暶,0.7205935892566709
嗁,啵,0.7177723254662748
嗁,榹,0.7133277540416794
嗁,翈,0.7118268210374725
