char1,char2,similarity
嗂,嗂,1.0
嗂,暚,0.8157246207054416
嗂,滛,0.774311306832349
嗂,愮,0.7626146087814717
嗂,喢,0.7568862418410619
嗂,熎,0.7562473032745982
嗂,猺,0.7516805313187495
嗂,瑶,0.7438580560734517
嗂,啹,0.7308921262714397
嗂,嗈,0.7278566186120586
