char1,char2,similarity
嗇,嗇,1.0
嗇,酱,0.7788756703098555
嗇,窗,0.7750617531754924
嗇,亯,0.7539454813056555
嗇,冑,0.7498527935498349
嗇,蛮,0.7447299488351306
嗇,密,0.7436252040459657
嗇,害,0.7431028608294059
嗇,蔷,0.7411758436137027
嗇,車,0.7365618160969276
