char1,char2,similarity
喾,喾,1.0
喾,筶,0.7627677083548213
喾,首,0.7582316371787052
喾,窖,0.7471592280148751
喾,旹,0.7423490800921853
喾,峇,0.7421432288764087
喾,雱,0.7296699193477786
喾,害,0.7290060338702825
喾,崔,0.7289349288261731
喾,営,0.7282791133941622
