char1,char2,similarity
嗆,嗆,1.0
嗆,滄,0.7950624164391024
嗆,喰,0.7764749914870601
嗆,愴,0.7588407769666893
嗆,啥,0.7463088349417085
嗆,啽,0.7439217006585639
嗆,喩,0.7363853384225801
嗆,唸,0.733689113439359
嗆,喼,0.7279178356865766
嗆,嗏,0.7216187575038734
