char1,char2,similarity
嗀,嗀,1.0
嗀,榖,0.792853362146288
嗀,殾,0.7663044228060528
嗀,殼,0.7528330560139793
嗀,毂,0.7404476520306429
嗀,瞉,0.7308598679995415
嗀,骰,0.7281391295605493
嗀,豰,0.7276445379750441
嗀,殻,0.7188899677231209
嗀,殽,0.7182576204118226
