char1,char2,similarity
嗑,嗑,1.0
嗑,瞌,0.7873624498081556
嗑,咂,0.7504222558992503
嗑,唣,0.745314757097282
嗑,搕,0.7430499345503624
嗑,唁,0.7409561618336574
嗑,溘,0.7373587278573482
嗑,喋,0.7318190113337301
嗑,啃,0.7313488051035177
嗑,哮,0.7282405870505481
