char1,char2,similarity
嗌,嗌,1.0
嗌,塧,0.7569372169545545
嗌,嗢,0.7416536089180888
嗌,咝,0.7334649355326135
嗌,呦,0.719492945218321
嗌,咻,0.7163580260911918
嗌,喹,0.7160359097961112
嗌,噲,0.7147198227347913
嗌,嗑,0.7142530221586454
嗌,啦,0.7136769929298137
