char1,char2,similarity
嗈,嗈,1.0
嗈,喤,0.7494769707006324
嗈,嗚,0.7450563261545675
嗈,嗢,0.7339873622285441
嗈,喼,0.7336276802672375
嗈,噃,0.7304067306231506
嗈,嘡,0.728033097958339
嗈,嗂,0.7278566186120586
嗈,噁,0.7235615854835162
嗈,暪,0.7222163454360293
