char1,char2,similarity
嗉,嗉,1.0
嗉,溸,0.8103233948496185
嗉,傃,0.8014771858107237
嗉,愫,0.7970718378478181
嗉,嘹,0.7727900759507432
嗉,嗦,0.7649028223215764
嗉,噰,0.7503848607362607
嗉,嚓,0.7413375589453811
嗉,噤,0.7359319698852509
嗉,啛,0.7314817355057444
