char1,char2,similarity
嗎,嗎,1.0
嗎,嗯,0.7526219244033998
嗎,哽,0.7487441111150105
嗎,馮,0.746898851492252
嗎,嘿,0.7456145535975566
嗎,嗝,0.7432736269230894
嗎,溤,0.740270396754189
嗎,曙,0.7384524184418384
嗎,呷,0.7273393341140687
嗎,喁,0.726616190058494
