char1,char2,similarity
嗋,嗋,1.0
嗋,搚,0.7698365817729428
嗋,熁,0.7447228470947823
嗋,嘺,0.7377853810429718
嗋,哺,0.7306224440679232
嗋,嘚,0.7281307754097655
嗋,啃,0.727643059895585
嗋,暰,0.7268757961030009
嗋,噃,0.7267883626279134
嗋,喈,0.725399587071571
