char1,char2,similarity
嗙,嗙,1.0
嗙,徬,0.7607497459098752
嗙,喑,0.754038336474436
嗙,唷,0.7511358835516656
嗙,哜,0.7511303257607674
嗙,嗐,0.7475683645148042
嗙,嗪,0.738624197950556
嗙,嗴,0.7357500413813497
嗙,呤,0.7340501989006181
嗙,啼,0.734008120986954
