char1,char2,similarity
嗕,嗕,1.0
嗕,噳,0.7503026473529071
嗕,嘱,0.7419136913230234
嗕,嗁,0.7338599126832333
嗕,嚦,0.7316256214999312
嗕,囑,0.7289588200028918
嗕,嘽,0.7283224387537803
嗕,嚅,0.7267457125925216
嗕,嗶,0.7243294869591781
嗕,嘾,0.7237963764852816
