char1,char2,similarity
嗓,嗓,1.0
嗓,搡,0.7936538964824037
嗓,磉,0.7466118554926925
嗓,噪,0.7308245217628108
嗓,褬,0.7252944284978367
嗓,缲,0.7205297121483865
嗓,唺,0.7160851227245663
嗓,喋,0.7148558511114199
嗓,唭,0.7134321332678525
嗓,曗,0.7101360949768182
