char1,char2,similarity
嗘,嗘,1.0
嗘,溪,0.8218983294664892
嗘,傒,0.810358523360649
嗘,噢,0.7677218228240003
嗘,噀,0.7529999798592831
嗘,嘆,0.7485585487005989
嗘,噗,0.7441632022651099
嗘,噅,0.7418928379339015
嗘,慀,0.7393060148126424
嗘,徯,0.7377969022152356
