char1,char2,similarity
嗝,嗝,1.0
嗝,隔,0.7973915384887995
嗝,塥,0.7644868519906668
嗝,嗥,0.7555640408323745
嗝,喟,0.7490005490141387
嗝,呗,0.7461153173704586
嗝,嗎,0.7432736269230894
嗝,搹,0.7407162650365859
嗝,喋,0.7406209943971616
嗝,嘀,0.740617040577803
