char1,char2,similarity
嗢,嗢,1.0
嗢,嘔,0.7726188647769044
嗢,噁,0.7616379215683582
嗢,嚍,0.7510404642516898
嗢,噏,0.741975939444961
嗢,嗌,0.7416536089180888
嗢,嚂,0.7382575872917478
嗢,嗈,0.7339873622285441
嗢,噠,0.7287503927294151
嗢,嗞,0.7284504575774747
