char1,char2,similarity
嗞,嗞,1.0
嗞,噡,0.7358579430142119
嗞,呶,0.7350511638789249
嗞,嘫,0.7318587637982855
嗞,嗢,0.7284504575774747
嗞,噉,0.7267055385034737
嗞,嘋,0.7233601058321031
嗞,噊,0.7231644763935177
嗞,嗿,0.7214178518883757
嗞,嘳,0.7200627287440596
