char1,char2,similarity
嗪,嗪,1.0
嗪,啧,0.7659671240460372
嗪,嘨,0.7594623783788859
嗪,暯,0.7556488438008384
嗪,凑,0.7519637106646083
嗪,噢,0.7507939064265684
嗪,喹,0.7450583328560151
嗪,嗼,0.744168445573832
嗪,嗃,0.7431432778057739
嗪,喑,0.7410028542542818
