char1,char2,similarity
嗮,嗮,1.0
嗮,昞,0.7315618704750211
嗮,蜠,0.7274095582219597
嗮,蜬,0.7263992888900571
嗮,崡,0.7256402734295982
嗮,赡,0.7141343173011845
嗮,嵋,0.7139329221626646
嗮,蜽,0.7095354119242868
嗮,嘓,0.7067161461312221
嗮,嶠,0.7066646397928829
