char1,char2,similarity
嗨,嗨,1.0
嗨,畮,0.7424154813576471
嗨,嚓,0.7388241511126106
嗨,啷,0.7283189124741909
嗨,噏,0.722046489471148
嗨,嗬,0.7202739496660764
嗨,娒,0.7194032377227523
嗨,烸,0.7192386836975475
嗨,晦,0.7182472220133097
嗨,嗃,0.7160631963223006
