char1,char2,similarity
嗯,嗯,1.0
嗯,摁,0.7603452186819022
嗯,噁,0.7532429245895461
嗯,嗎,0.7526219244033998
嗯,唿,0.7501075628140425
嗯,呼,0.7287933635430509
嗯,啍,0.7246126607415602
嗯,噫,0.7221027343506896
嗯,嘿,0.7217750366013254
嗯,暷,0.720835359102112
