char1,char2,similarity
嗧,嗧,1.0
嗧,驾,0.7419658014243535
嗧,簮,0.7161742693430763
嗧,哿,0.7137164258529318
嗧,袈,0.7126859125890582
嗧,伄,0.7082133382110027
嗧,盌,0.7079460505637937
嗧,胬,0.7066253620518985
嗧,嗇,0.705657018353789
嗧,胄,0.7053020831429587
