char1,char2,similarity
嗷,嗷,1.0
嗷,嘋,0.7824694868861207
嗷,噭,0.7616226751046913
嗷,噉,0.7603775257624048
嗷,噋,0.7573050265281528
嗷,傲,0.7457925285143839
嗷,嗽,0.7383400157943576
嗷,滶,0.732743565465927
嗷,獓,0.730920116286089
嗷,謸,0.7263108933171684
