char1,char2,similarity
嗰,嗰,1.0
嗰,鲴,0.746053963231188
嗰,岄,0.738008925091988
嗰,哂,0.729458778340309
嗰,啯,0.72937365029886
嗰,晒,0.725906672075152
嗰,呬,0.7253020342451714
嗰,囒,0.7243765728739473
嗰,鞇,0.7236073363830884
嗰,唡,0.7213500461661643
