char1,char2,similarity
嗳,嗳,1.0
嗳,噯,0.7686485370882062
嗳,谖,0.7569057730333248
嗳,缓,0.7487102322046796
嗳,喛,0.7386921031769172
嗳,皧,0.7372175614972133
嗳,嗗,0.7351522295959129
嗳,噃,0.7348992838111247
嗳,嘜,0.7332965893916079
嗳,湲,0.7322827672982531
