char1,char2,similarity
嗹,嗹,1.0
嗹,漣,0.7736850048922042
嗹,嚾,0.7458081659922201
嗹,瞇,0.7420830553093554
嗹,噠,0.7416892250837143
嗹,咻,0.7381328125556619
嗹,噎,0.7367119069983039
嗹,褳,0.7349628689335062
嗹,叇,0.7338959852981911
嗹,哐,0.7324718789182506
