char1,char2,similarity
嗶,嗶,1.0
嗶,嘷,0.7687049874812489
嗶,嘾,0.7682698662149745
嗶,噿,0.7585946928002152
嗶,喋,0.7552864876204904
嗶,嘩,0.7546730893636574
嗶,嗱,0.7465893951870743
嗶,嘯,0.7452349037483147
嗶,嚯,0.7449306149321169
嗶,暺,0.7432918536012627
