char1,char2,similarity
嗺,嗺,1.0
嗺,凗,0.7918109489489422
嗺,慛,0.7662032178893169
嗺,咄,0.7583635357006386
嗺,皠,0.7576890836519964
嗺,暿,0.7447153490448907
嗺,嘻,0.7370257159050075
嗺,喘,0.7359903352984534
嗺,喔,0.7355416964470776
嗺,唓,0.7276600029877945
