char1,char2,similarity
嗾,嗾,1.0
嗾,啵,0.7389978702027971
嗾,暶,0.7262273236703656
嗾,嗷,0.7138166774630252
嗾,噷,0.7111167976682492
嗾,嘬,0.70833481860556
嗾,嘽,0.7077505253690053
嗾,嗰,0.7075715994356212
嗾,镞,0.7072606086929104
嗾,喃,0.7067851483682128
