char1,char2,similarity
嗿,嗿,1.0
嗿,嘖,0.7695390717565295
嗿,囋,0.7685410540799265
嗿,嘳,0.7672333959935831
嗿,嗐,0.7568302701165022
嗿,噏,0.7531062089405047
嗿,噲,0.7501224088307427
嗿,噜,0.7435950214014853
嗿,噙,0.7410158124757004
嗿,嗩,0.7345481952169511
