char1,char2,similarity
嗻,嗻,1.0
嗻,摭,0.7879336445801529
嗻,墌,0.7613880982927848
嗻,喥,0.7519502104253512
嗻,咦,0.74126704656537
嗻,唳,0.7348034716970004
嗻,嘘,0.7339954978260204
嗻,唬,0.7285764471509996
嗻,喔,0.7278208981811723
嗻,喭,0.7243712374746868
