char1,char2,similarity
嘊,嘊,1.0
嘊,漄,0.7557106182818275
嘊,噓,0.7503693969235973
嘊,嚙,0.7424915760374111
嘊,嘃,0.7396687727163935
嘊,嘽,0.7313769045721835
嘊,嘳,0.7277357206859761
嘊,啵,0.7256139059674043
嘊,嘑,0.7237307749879038
嘊,嘕,0.7224205967317806
