char1,char2,similarity
嘋,嘋,1.0
嘋,噋,0.7971470369046905
嘋,嗷,0.7824694868861207
嘋,曒,0.7516483532835294
嘋,噉,0.7434092875394293
嘋,漖,0.7418989209122613
嘋,噭,0.740741585524498
嘋,嗽,0.733157731987563
嘋,呶,0.7259736582187735
嘋,嗞,0.7233601058321031
