char1,char2,similarity
嘍,嘍,1.0
嘍,瞜,0.7873471762126467
嘍,嘙,0.7688040190611835
嘍,嚏,0.7642156543582578
嘍,塿,0.7631868235806235
嘍,漊,0.7623616145087965
嘍,噴,0.7611901487768855
嘍,嘳,0.7417922568813519
嘍,暥,0.7402510327700351
嘍,嘯,0.7373004348820604
