char1,char2,similarity
嘄,嘄,1.0
嘄,囑,0.7140153261947169
嘄,噳,0.7054524015731587
嘄,噚,0.7043741971137233
嘄,矎,0.7012965092809937
嘄,嚜,0.7001170839261439
嘄,嗗,0.6968050216578809
嘄,噱,0.6965045280849544
嘄,暱,0.6940735111906176
嘄,嚗,0.6938731305597098
