char1,char2,similarity
嘓,嘓,1.0
嘓,嘔,0.7527031121814003
嘓,漍,0.7436995408565599
嘓,暱,0.7335884110535328
嘓,嚪,0.7321226734824534
嘓,囆,0.725490066311507
嘓,囑,0.720480882941672
嘓,啒,0.715530870893623
嘓,嘒,0.7146589702305872
嘓,囒,0.7145558149523976
