char1,char2,similarity
嘏,嘏,1.0
嘏,蝦,0.793768456965362
嘏,煆,0.7827434776928712
嘏,鍜,0.7638823518881835
嘏,縀,0.7523288643790839
嘏,椵,0.7498035647831309
嘏,暇,0.7429236223558832
嘏,腵,0.7348224388071911
嘏,犌,0.7313587738612976
嘏,碬,0.7308870712283541
