char1,char2,similarity
嘙,嘙,1.0
嘙,嘍,0.7688040190611835
嘙,嚶,0.7515371866367653
嘙,嗹,0.7313615846010002
嘙,嘤,0.7290542586526784
嘙,嘐,0.728381369982806
嘙,嚾,0.7244420180510698
嘙,啛,0.7234171166363514
嘙,嘈,0.722197657794515
嘙,喽,0.7193312808493846
