char1,char2,similarity
嘞,嘞,1.0
嘞,嘲,0.7587395073599565
嘞,畇,0.7253919124595816
嘞,啊,0.7207257731094553
嘞,岉,0.7139364537740983
嘞,曔,0.7125834514625362
嘞,靿,0.7052977407116264
嘞,嘒,0.7046927300182408
嘞,岄,0.7012350919755801
嘞,哟,0.7006188606624506
