char1,char2,similarity
嘟,嘟,1.0
嘟,啷,0.7835341251686616
嘟,喐,0.7524861282353007
嘟,嫏,0.7283419823768216
嘟,哂,0.728315213482078
嘟,鄉,0.7255768807568251
嘟,嘲,0.7234609254302398
嘟,漷,0.7227439656627922
嘟,嗬,0.7190766430799358
嘟,哬,0.7185227270220165
