char1,char2,similarity
嘜,嘜,1.0
嘜,嚀,0.7388689675252251
嘜,噑,0.7363984316548127
嘜,嗔,0.7338386642458832
嘜,嗳,0.7332965893916079
嘜,嘻,0.7326726250198698
嘜,嗗,0.7290112044079216
嘜,噴,0.7278357842114127
嘜,嘈,0.7252473327278164
嘜,嘠,0.7241880340320836
