char1,char2,similarity
嘧,嘧,1.0
嘧,滵,0.773441700531568
嘧,哳,0.7370137605244553
嘧,暿,0.7355525885379309
嘧,嘻,0.7331518034581376
嘧,噜,0.7305998561512148
嘧,哐,0.7297717709418837
嘧,咂,0.7285689125237154
嘧,哙,0.7251473614401287
嘧,喈,0.7218139203261161
