char1,char2,similarity
嘪,嘪,1.0
嘪,噮,0.7719787524466716
嘪,嘆,0.7617856732724849
嘪,嗔,0.7592490994911117
嘪,噎,0.7519284995538729
嘪,嘽,0.750965075212645
嘪,嗗,0.7442755556051033
嘪,嗊,0.7439385067353267
嘪,噀,0.7392972092513574
嘪,囕,0.7369481897341877
