char1,char2,similarity
嘤,嘤,1.0
嘤,嚶,0.811395467566625
嘤,撄,0.7733398717376146
嘤,瀴,0.7397126260391576
嘤,嚪,0.7369163947259432
嘤,嘐,0.7340595723522769
嘤,嘠,0.7319525781777038
嘤,嘙,0.7290542586526784
嘤,囑,0.7227959903634085
嘤,嚅,0.7222227692888511
