char1,char2,similarity
嘨,嘨,1.0
嘨,嘷,0.7610698155788411
嘨,嗪,0.7594623783788859
嘨,嘯,0.7485126775118857
嘨,噇,0.745206461871434
嘨,嗃,0.7397606099109112
嘨,啑,0.737149435169662
嘨,嗼,0.735066612445488
嘨,啧,0.7316212894276898
嘨,噡,0.7299696924788844
