char1,char2,similarity
嘫,嘫,1.0
嘫,嘸,0.7496168603523684
嘫,噍,0.7468368192337113
嘫,嗞,0.7318587637982855
嘫,曣,0.7219314980679148
嘫,撚,0.7193329814598464
嘫,呶,0.7186530719628231
嘫,燃,0.7145868518747629
嘫,嘟,0.7108098978413719
嘫,哟,0.7093609713602506
