char1,char2,similarity
嘥,嘥,1.0
嘥,嗬,0.7472927838380024
嘥,嘚,0.7418502491416268
嘥,漇,0.7367706402709744
嘥,噋,0.7297139246565912
嘥,噣,0.7274613140078263
嘥,噊,0.7219443082912469
嘥,瑽,0.7210921746672967
嘥,噭,0.7184157150200553
嘥,傱,0.7173599669551307
