char1,char2,similarity
嘮,嘮,1.0
嘮,僗,0.7581181852467971
嘮,橯,0.750798115184353
嘮,憦,0.7408223056450306
嘮,嗗,0.7345753631614493
嘮,嗙,0.733359416042069
嘮,畴,0.730647837854436
嘮,唠,0.7271673528425198
嘮,嘩,0.7252439581271051
嘮,嘐,0.7187482009365262
