char1,char2,similarity
嘽,嘽,1.0
嘽,潬,0.8165391850694526
嘽,僤,0.7886150859160108
嘽,噿,0.7805113523099505
嘽,嘾,0.7760400659683877
嘽,嘐,0.7670309297718843
嘽,嘩,0.7607560151844768
嘽,唓,0.7596983174809142
嘽,噂,0.7555567780498216
嘽,噖,0.7546899559838008
