char1,char2,similarity
嘺,嘺,1.0
嘺,喃,0.7553988171674195
嘺,噖,0.7409496893866032
嘺,嗋,0.7377853810429718
嘺,噃,0.7358802570322716
嘺,噊,0.7346065727763065
嘺,譑,0.7303567036281763
嘺,嘚,0.7262771706499801
嘺,嗬,0.7259940348157763
嘺,燆,0.7246526113671287
