char1,char2,similarity
嘹,嘹,1.0
嘹,暸,0.8243377678365787
嘹,瞭,0.8146723442155438
嘹,啧,0.7782007354614167
嘹,噫,0.7744212519236322
嘹,嗉,0.7727900759507432
嘹,獠,0.7725014406257698
嘹,燎,0.7707099466750436
嘹,憭,0.7697741535086104
嘹,缭,0.7627351983523364
