char1,char2,similarity
噉,噉,1.0
噉,噭,0.7949889061498048
噉,瞰,0.7807010416715205
噉,噋,0.7688993736809634
噉,嗷,0.7603775257624048
噉,撖,0.7503561406117284
噉,嘋,0.7434092875394293
噉,曒,0.7389531790335793
噉,橄,0.7370484999780746
噉,陬,0.7367843962640713
