char1,char2,similarity
噀,噀,1.0
噀,僎,0.7672521585595602
噀,潠,0.7639508627188589
噀,嗘,0.7529999798592831
噀,潩,0.7423472446890106
噀,嘪,0.7392972092513574
噀,噮,0.7376752469329311
噀,噚,0.7374306775342813
噀,嗤,0.7364220893327497
噀,噣,0.7269070316022347
