char1,char2,similarity
噈,噈,1.0
噈,喊,0.7262220907395547
噈,嘁,0.721625407792555
噈,啵,0.7187897096977938
噈,嚙,0.7151149445431997
噈,嘋,0.7118668971371775
噈,嚧,0.7112005847131417
噈,噤,0.7082500875693235
噈,嘊,0.7082070416299459
噈,嘅,0.7074318915913002
