char1,char2,similarity
噄,噄,1.0
噄,潔,0.8290188069164065
噄,嘆,0.7322882816405794
噄,嘌,0.7202442110480808
噄,嘪,0.7177002121807109
噄,嗤,0.7066217961762672
噄,噖,0.7063133954669241
噄,囋,0.7061046092220893
噄,嗙,0.7038594822888228
噄,畈,0.7023730606730351
