char1,char2,similarity
噇,噇,1.0
噇,暲,0.7917172660282404
噇,墥,0.7867113347222786
噇,嘷,0.7799104070646887
噇,噧,0.7786663869038346
噇,嘡,0.7624698706965293
噇,燑,0.7505351004543777
噇,瞳,0.7499101298770445
噇,墐,0.748777431745312
噇,曈,0.7473418924892985
