char1,char2,similarity
噎,噎,1.0
噎,曀,0.832395997986728
噎,嗔,0.7763832059311621
噎,撎,0.7698582095090901
噎,啧,0.7686195037789195
噎,嘪,0.7519284995538729
噎,嬄,0.7516097764460584
噎,嚍,0.7502560837880364
噎,噶,0.7474702970063276
噎,啨,0.7404110035567302
