char1,char2,similarity
噒,噒,1.0
噒,潾,0.8140791729249881
噒,瞵,0.7981826155908754
噒,憐,0.7464839285700329
噒,僯,0.737903544619857
噒,嘰,0.7314055732005009
噒,囋,0.7296163091993326
噒,噏,0.7282755995755383
噒,囉,0.7244164652551802
噒,嘳,0.7212933117248559
