char1,char2,similarity
噋,噋,1.0
噋,暾,0.8234973865750165
噋,噭,0.8198882911760608
噋,嘋,0.7971470369046905
噋,獤,0.7874893396118211
噋,犜,0.7744177673841737
噋,噉,0.7688993736809634
噋,曒,0.7684187873995308
噋,礅,0.7631761919828557
噋,譈,0.7591610993773426
