char1,char2,similarity
噍,噍,1.0
噍,嘫,0.7468368192337113
噍,曣,0.7426836797009633
噍,僬,0.7383455442077484
噍,嘕,0.7327825144391078
噍,嘸,0.7313043325245413
噍,瞧,0.7311725925520063
噍,嚥,0.7243529973022609
噍,嗛,0.7228470956769275
噍,嗑,0.7224211152328057
