char1,char2,similarity
噝,噝,1.0
噝,嚩,0.7148878042239952
噝,喖,0.7076281849948117
噝,嗞,0.7012350404588042
噝,噳,0.6941393080678196
噝,噈,0.6940737437350454
噝,噁,0.6930821519508177
噝,嘅,0.6901068743474803
噝,囌,0.6894941354113177
噝,喺,0.6891356095871265
