char1,char2,similarity
噙,噙,1.0
噙,擒,0.7760183191555944
噙,噲,0.7608883106134497
噙,噏,0.7467132971480913
噙,嗿,0.7410158124757004
噙,噇,0.7339260813431225
噙,嗱,0.7312324194173904
噙,嚆,0.7305587535379923
噙,嚿,0.7292069763245598
噙,噢,0.7287491057007714
