char1,char2,similarity
噧,噧,1.0
噧,澫,0.8070976844102233
噧,噇,0.7786663869038346
噧,嗃,0.7752536324768516
噧,嗼,0.7624521612672542
噧,嘷,0.7534524194873722
噧,嚆,0.7437850764746646
噧,嘹,0.7404159971270903
噧,燤,0.7375889995214999
噧,噴,0.7362058704901622
