char1,char2,similarity
噭,噭,1.0
噭,噋,0.8198882911760608
噭,曒,0.7983146476197288
噭,儌,0.796308399753041
噭,噉,0.7949889061498048
噭,檄,0.7876925859966191
噭,缴,0.768350797630569
噭,墽,0.7631728782948414
噭,嗷,0.7616226751046913
噭,皦,0.7502517154396691
