char1,char2,similarity
噪,噪,1.0
噪,澡,0.8087283753757141
噪,懆,0.7634006927236664
噪,僺,0.7399018369406477
噪,矂,0.7320155534607321
噪,嗓,0.7308245217628108
噪,操,0.7293473260724993
噪,噖,0.7242774243462563
噪,喋,0.7195002059752146
噪,缲,0.7179436352629419
