char1,char2,similarity
噸,噸,1.0
噸,嚬,0.7500252423863524
噸,瀬,0.7495250183418493
噸,囀,0.7437097824952104
噸,瀕,0.7289694052523861
噸,擷,0.7269139345998135
噸,嚫,0.7252758790848238
噸,嚈,0.7235661329885523
噸,嚩,0.7115623297045593
噸,啾,0.7086901235324745
