char1,char2,similarity
噻,噻,1.0
噻,噇,0.746141301226436
噻,僿,0.7440280061756096
噻,嚖,0.7366869764347267
噻,嘷,0.7234032505276144
噻,喹,0.7194625957619768
噻,囓,0.7190127509561282
噻,嗱,0.717183462681294
噻,嚌,0.7166446583959144
噻,嚧,0.7159049562275921
