char1,char2,similarity
噴,噴,1.0
噴,僨,0.7873628360728248
噴,嘖,0.7739121218214691
噴,嚏,0.7682002636823512
噴,濆,0.7651955129727114
噴,嘍,0.7611901487768855
噴,嘳,0.7603893988371546
噴,噫,0.7525024417577808
噴,噞,0.7508004497468439
噴,噑,0.7488715175205242
