char1,char2,similarity
噺,噺,1.0
噺,澵,0.7903336768944424
噺,嚫,0.7677576229138916
噺,囃,0.7413321582642046
噺,嘶,0.7174592813067865
噺,唽,0.716124589250983
噺,噷,0.7096535137704992
噺,嚇,0.7057975929002104
噺,摲,0.7031766045229931
噺,獑,0.7021396884631563
