char1,char2,similarity
噹,噹,1.0
噹,澢,0.7888380767671846
噹,嚾,0.7548817891407004
噹,嘵,0.7506842585876099
噹,嗦,0.7304353902418654
噹,嚏,0.7296462596436126
噹,噆,0.7284392746984667
噹,噓,0.7280961060693878
噹,壋,0.7261081784892288
噹,嗱,0.7260338173429451
