char1,char2,similarity
噾,噾,1.0
噾,噜,0.7976609150871681
噾,噲,0.7773033855305463
噾,嚓,0.7450988148144908
噾,嚤,0.7406147596517609
噾,澮,0.7324879674733673
噾,嚕,0.7324059518165494
噾,糩,0.7299125873619597
噾,矒,0.7247621196159605
噾,嚾,0.7226949647101165
