char1,char2,similarity
嚃,嚃,1.0
嚃,嚺,0.7847204806994531
嚃,嗵,0.7630782162872423
嚃,嚁,0.7236973172339013
嚃,曃,0.7201845239671897
嚃,嗰,0.7181303020327872
嚃,啒,0.7132789925855191
嚃,嘬,0.7127968528717807
嚃,噠,0.7118661856301206
嚃,嚦,0.7106468721016336
