char1,char2,similarity
噿,噿,1.0
噿,嘽,0.7805113523099505
噿,嘩,0.7749322619313993
噿,嘾,0.7749089141585961
噿,嘐,0.7716180113150327
噿,濢,0.7665351089249521
噿,嗶,0.7585946928002152
噿,曄,0.751649395864548
噿,嚁,0.7512297690611585
噿,唧,0.7404472256573326
