char1,char2,similarity
噽,噽,1.0
噽,歖,0.7284852813454106
噽,羾,0.7276705968830787
噽,嚭,0.7222909156806414
噽,靓,0.7174104045678473
噽,囍,0.7164359997995928
噽,敼,0.7161449679370381
噽,葒,0.7140743426794657
噽,奵,0.7055291361834487
噽,骬,0.7046490063200003
