char1,char2,similarity
嚅,嚅,1.0
嚅,獳,0.7994033733402146
嚅,嚯,0.787768378672522
嚅,擩,0.7835701507697586
嚅,隭,0.7754906648005501
嚅,曘,0.7721616203405102
嚅,嗄,0.7589192932130395
嚅,懦,0.7525465090965956
嚅,壖,0.7482171164799853
嚅,瓀,0.7399142040787617
