char1,char2,similarity
嚉,嚉,1.0
嚉,濧,0.7361535316355052
嚉,哬,0.7183810563769157
嚉,嘝,0.7090847768214448
嚉,啾,0.7051721039926894
嚉,襨,0.7043508133664604
嚉,噢,0.7019116039717966
嚉,塮,0.7011477004423019
嚉,樹,0.6989494132025748
嚉,嚼,0.6954005677196684
