char1,char2,similarity
嚇,嚇,1.0
嚇,爀,0.7218670874648387
嚇,懗,0.7185371321883494
嚇,崻,0.7139278724454934
嚇,噺,0.7057975929002104
嚇,啭,0.6944489148334938
嚇,唠,0.6903422601886771
嚇,嚡,0.6864652869494374
嚇,峠,0.6861119408959421
嚇,韦,0.6854645946693094
