char1,char2,similarity
嚍,嚍,1.0
嚍,嚜,0.7808640369738826
嚍,儘,0.7618261473997793
嚍,璶,0.7617068512234394
嚍,嚂,0.7609643790797913
嚍,嗢,0.7510404642516898
嚍,噎,0.7502560837880364
嚍,嚌,0.7370419737222541
嚍,嘪,0.7340909990907089
嚍,嚐,0.7271049400635203
