char1,char2,similarity
嚓,嚓,1.0
嚓,嘌,0.7563799286400508
嚓,瘵,0.7488930075783383
嚓,噾,0.7450988148144908
嚓,嗉,0.7413375589453811
嚓,嗨,0.7388241511126106
嚓,擦,0.7368115199308093
嚓,嚀,0.7336982105189276
嚓,嘹,0.7314892506729099
嚓,噤,0.7302804799805858
