char1,char2,similarity
嚘,嚘,1.0
嚘,瀀,0.7898822818297786
嚘,擾,0.7686084415890877
嚘,嚊,0.7516628008344678
嚘,嘠,0.7515975589091776
嚘,嚽,0.7445878312523246
嚘,優,0.7422056348604786
嚘,嚵,0.7420980196941553
嚘,嘬,0.7233789885864942
嚘,嚼,0.7219130739538915
