char1,char2,similarity
嚗,嚗,1.0
嚗,儤,0.748521258961312
嚗,噚,0.7476026608311024
嚗,懪,0.7424241662826215
嚗,瀑,0.7397494559471752
嚗,嘬,0.7314210726547411
嚗,犦,0.7263858842324702
嚗,嚟,0.7132051113265024
嚗,噤,0.7079851283166227
嚗,噀,0.7069875420531724
