char1,char2,similarity
嚕,嚕,1.0
嚕,噜,0.799421056723821
嚕,瀂,0.7837007682899142
嚕,澛,0.7645095388164969
嚕,噡,0.7491058065759728
嚕,橹,0.7444714530379171
嚕,撸,0.7428726689118094
嚕,嘳,0.7414969041251056
嚕,擼,0.7354440237601562
嚕,瞻,0.7327464581394224
