char1,char2,similarity
嚐,嚐,1.0
嚐,噎,0.7390391620508086
嚐,曭,0.7389658879982011
嚐,噂,0.7358536000265531
嚐,嘗,0.72978783199002
嚐,嚍,0.7271049400635203
嚐,嚔,0.7246599109337093
嚐,嘪,0.7223361607961667
嚐,嘺,0.7214029662606986
嚐,噹,0.7210645177366173
