char1,char2,similarity
嚔,嚔,1.0
嚔,嚜,0.7500587695481916
嚔,嚏,0.731438247891564
嚔,嚋,0.7287483014864912
嚔,嘪,0.7266856007781598
嚔,嚑,0.725517595362983
嚔,嚍,0.724694677639622
嚔,嚐,0.7246599109337093
嚔,噹,0.7222159361603498
嚔,嚄,0.7103120976873442
