char1,char2,similarity
嚙,嚙,1.0
嚙,噛,0.7836374087907987
嚙,嘊,0.7424915760374111
嚙,喃,0.7297207952825584
嚙,啃,0.7286496188793005
嚙,嚖,0.7279874952396246
嚙,嚌,0.7261237254939232
嚙,嚆,0.7254992494242636
嚙,畴,0.7231821172499636
嚙,岄,0.7225623699596042
