char1,char2,similarity
嚢,嚢,1.0
嚢,囊,0.7940449232948161
嚢,鼻,0.7299961571495868
嚢,譶,0.7143851251294796
嚢,蟗,0.7026620446351612
嚢,鬃,0.7016767712660696
嚢,虞,0.6936503755984177
嚢,震,0.6923455547753026
嚢,翼,0.6913320382063761
嚢,幸,0.6879847249619592
