char1,char2,similarity
嚚,嚚,1.0
嚚,閴,0.7451236308755901
嚚,圊,0.7396040942839128
嚚,罼,0.7371241057859321
嚚,槖,0.7331226342272265
嚚,霊,0.7325619172877661
嚚,圛,0.7318974028144184
嚚,圍,0.7295167527077765
嚚,熏,0.7290698405028102
嚚,閞,0.725130776529064
