char1,char2,similarity
嚜,嚜,1.0
嚜,嚍,0.7808640369738826
嚜,濹,0.7654167712895896
嚜,嚔,0.7500587695481916
嚜,嘪,0.7363184574715532
嚜,嚁,0.7351487175254704
嚜,噎,0.7296676920323131
嚜,囕,0.7226514354564746
嚜,嘔,0.7198879040876088
嚜,嚄,0.7178252202276068
