char1,char2,similarity
嚪,嚪,1.0
嚪,壛,0.758701218363465
嚪,灁,0.7460971667275161
嚪,濶,0.7449238931600396
嚪,澗,0.7441781059934782
嚪,嚶,0.7419433504201695
嚪,瀾,0.7408341807353094
嚪,灛,0.7390953283743948
嚪,囒,0.7369671011335222
嚪,嘤,0.7369163947259432
