char1,char2,similarity
嚨,嚨,1.0
嚨,曨,0.8463531158026748
嚨,壠,0.817102996589361
嚨,隴,0.7794580694207387
嚨,徿,0.7717154530194686
嚨,儱,0.7713225442373328
嚨,瀧,0.7644403347490403
嚨,噷,0.7641780465113313
嚨,矓,0.7538904146711533
嚨,疃,0.7377875327132404
