char1,char2,similarity
嚧,嚧,1.0
嚧,曥,0.8056518680635736
嚧,噳,0.778488341813587
嚧,瀘,0.7736652835083776
嚧,壚,0.7657968717963841
嚧,嘑,0.7518726407542233
嚧,瓐,0.750382985448189
嚧,儢,0.7457683156422552
嚧,攎,0.7442502444411514
嚧,櫨,0.7428340372396983
