char1,char2,similarity
嚦,嚦,1.0
嚦,儮,0.7535903305580245
嚦,噘,0.7400818077172275
嚦,嘑,0.7377359908671447
嚦,嗕,0.7316256214999312
嚦,嚧,0.7215396739983195
嚦,壢,0.720883589968053
嚦,瀝,0.7174121499565765
嚦,嘊,0.7170828664150966
嚦,嘔,0.7169264820782522
