char1,char2,similarity
嚭,嚭,1.0
嚭,囍,0.7915641910311022
嚭,噽,0.7222909156806414
嚭,餂,0.7172155911548254
嚭,歖,0.7169780599136507
嚭,聒,0.7135189108154477
嚭,船,0.7028782630833272
嚭,四,0.7025949690363184
嚭,甛,0.6970510890357922
嚭,陌,0.6960109864365968
