char1,char2,similarity
嚥,嚥,1.0
嚥,曣,0.7903830860224246
嚥,噍,0.7243529973022609
嚥,嚵,0.7216035646209213
嚥,嗬,0.7169910102188665
嚥,嗹,0.7110665125387048
嚥,嘸,0.7074220482573175
嚥,噞,0.7064474030080368
嚥,嚨,0.7060461094622608
嚥,噷,0.7050663307856287
