char1,char2,similarity
嚴,嚴,1.0
嚴,嶡,0.7337083453983789
嚴,屣,0.7214351145217792
嚴,巌,0.7178137708574331
嚴,嚚,0.7169826456823681
嚴,罼,0.7167465885735186
嚴,蜃,0.7148025486392594
嚴,蕆,0.7115370960945544
嚴,嵟,0.7087835021339391
嚴,厳,0.7082933781271661
