char1,char2,similarity
嚮,嚮,1.0
嚮,矕,0.6865505649410051
嚮,倍,0.6859889199817739
嚮,偺,0.6808823009969204
嚮,侗,0.6788461317025128
嚮,偌,0.6770965939629171
嚮,懤,0.6753153004154303
嚮,自,0.674033805895218
嚮,褙,0.6739035853424609
嚮,揤,0.6738697728418274
