char1,char2,similarity
嚰,嚰,1.0
嚰,嚤,0.7906933561457951
嚰,嚒,0.7423807922639081
嚰,噦,0.7202024262202716
嚰,嚀,0.7155528592370817
嚰,崉,0.7120581277727431
嚰,灖,0.711351352035933
嚰,噾,0.7079723539707752
嚰,嚛,0.707477713735957
嚰,嘻,0.7070391866324816
