char1,char2,similarity
嚯,嚯,1.0
嚯,皬,0.809973171112871
嚯,嚅,0.787768378672522
嚯,矐,0.7855550273220854
嚯,曤,0.7603999613082231
嚯,攉,0.7527008162671749
嚯,墵,0.7519969229849062
嚯,嘿,0.7480649626187076
嚯,嗶,0.7449306149321169
嚯,嗄,0.7448077726231036
