char1,char2,similarity
嚱,嚱,1.0
嚱,隵,0.7697405843179503
嚱,嚈,0.7266944016532783
嚱,囐,0.7128767834031238
嚱,嚸,0.7067349846597473
嚱,幟,0.6937339073863169
嚱,嚡,0.6885535896648967
嚱,峨,0.6883356224771544
嚱,嶮,0.6882196912647527
嚱,岤,0.6869507007354211
