char1,char2,similarity
嚵,嚵,1.0
嚵,瀺,0.8148925043148474
嚵,嚊,0.7666120244371356
嚵,儳,0.751263505830511
嚵,嚽,0.7510558903028728
嚵,嚘,0.7420980196941553
嚵,嗬,0.7329100550468034
嚵,嚥,0.7216035646209213
嚵,嚆,0.7201262662499262
嚵,噴,0.7176540227396857
