char1,char2,similarity
嚽,嚽,1.0
嚽,嚵,0.7510558903028728
嚽,囈,0.7462920474727771
嚽,嚘,0.7445878312523246
嚽,嗬,0.7434620904964054
嚽,嚊,0.7372109156603208
嚽,嘪,0.7268533043336356
嚽,嚆,0.7177193528446156
嚽,嚐,0.7174552449030452
嚽,噊,0.7155900996724296
