char1,char2,similarity
嚹,嚹,1.0
嚹,囀,0.7003246213320259
嚹,噸,0.6925951728587457
嚹,嚈,0.6871338345848932
嚹,嶵,0.6848982500031212
嚹,嚇,0.6845734783499288
嚹,嚱,0.6837256900908167
嚹,唓,0.6828653035916584
嚹,唶,0.6793911519099457
嚹,峸,0.6766107152072326
