char1,char2,similarity
囊,囊,1.0
囊,嚢,0.7940449232948161
囊,蠹,0.7490587092808091
囊,譶,0.733617225827782
囊,鳧,0.7267211115519959
囊,膚,0.7152548066306319
囊,薰,0.7128550884268574
囊,雧,0.7100535777656809
囊,驀,0.7064524616744052
囊,貴,0.7054518575858811
