char1,char2,similarity
囇,囇,1.0
囇,灑,0.7746753618836277
囇,儷,0.734843962365435
囇,攦,0.7320902786267512
囇,曬,0.7318202430947867
囇,嚝,0.7302626569862982
囇,嘠,0.7254093888253315
囇,噜,0.7218087713639473
囇,嚶,0.7191683921069066
囇,囑,0.716996163636145
