char1,char2,similarity
囄,囄,1.0
囄,灕,0.7969704629808056
囄,囃,0.7725460154954422
囄,攡,0.7390998882301171
囄,攤,0.7113432208281365
囄,灘,0.6953460629350665
囄,嚫,0.6802690827484511
囄,琙,0.6795601693327471
囄,嚸,0.6792787732783357
囄,巄,0.6779491110280823
