char1,char2,similarity
囉,囉,1.0
囉,曪,0.7744770976504987
囉,欏,0.7645501674990487
囉,儸,0.7589291182540187
囉,玀,0.7453128739945634
囉,噒,0.7244164652551802
囉,囑,0.7194823729695294
囉,噮,0.7104625415726604
囉,噀,0.709841019975956
囉,嗕,0.7076374094736894
