char1,char2,similarity
囃,囃,1.0
囃,囄,0.7725460154954422
囃,噺,0.7413321582642046
囃,嚫,0.7251746745245724
囃,噷,0.7187854760543345
囃,嚡,0.7137415836614229
囃,灕,0.7136237226925563
囃,峸,0.6961423006427943
囃,嘋,0.6922278103909087
囃,唞,0.6917218333910666
