char1,char2,similarity
囕,囕,1.0
囕,灠,0.7902817974688249
囕,攬,0.7502791103265508
囕,囋,0.7452050709447609
囕,嘪,0.7369481897341877
囕,爦,0.7273218194344927
囕,嚜,0.7226514354564746
囕,嘤,0.7218213759843732
囕,嚍,0.7185405225944239
囕,噆,0.7185403574792457
