char1,char2,similarity
囜,囜,1.0
囜,囦,0.862867572153512
囜,囙,0.8567411802702426
囜,囥,0.8408908363083969
囜,団,0.833499297859477
囜,囡,0.8324055349678404
囜,囚,0.8305822189168722
囜,园,0.8278449288822208
囜,囨,0.822876429471633
囜,図,0.8224445656648599
