char1,char2,similarity
回,回,1.0
回,田,0.8590827571202041
回,四,0.8181998054949666
回,円,0.7959819477417714
回,凹,0.7817601755739965
回,山,0.7811475392752648
回,冗,0.7805632105481853
回,囬,0.7790560680604081
回,甶,0.7762312107726828
回,冋,0.7757069787015288
