char1,char2,similarity
囟,囟,1.0
囟,囱,0.8242119530944215
囟,囪,0.8008239353324491
囟,曰,0.7793660464604384
囟,臼,0.7704565609516824
囟,因,0.7692634076016633
囟,甴,0.7679316930493822
囟,山,0.7576703559903234
囟,内,0.7568722623655577
囟,由,0.7551408257754717
