char1,char2,similarity
囚,囚,1.0
囚,困,0.8633447099289175
囚,因,0.8580876647807516
囚,囡,0.8394822257888185
囚,团,0.8330822891856983
囚,囬,0.8321443927488303
囚,囜,0.8305822189168722
囚,囗,0.8255878109632157
囚,囩,0.8146565360893805
囚,囝,0.8116234128457666
