char1,char2,similarity
囦,囦,1.0
囦,囙,0.8708464981959939
囦,囜,0.862867572153512
囦,団,0.8524796978537781
囦,固,0.8510499301883936
囦,囨,0.8435843382969956
囦,困,0.8357839385611489
囦,囶,0.8351675918699207
囦,囹,0.8340019181198328
囦,囷,0.83197566523357
