char1,char2,similarity
団,団,1.0
団,囙,0.8951154272603363
団,囲,0.8598183063761206
団,囥,0.8592336781813604
団,固,0.8552052189829685
団,团,0.8541852293861936
団,囦,0.8524796978537781
団,囹,0.8514737857499395
団,囵,0.8500493324928591
団,囶,0.8477070439443884
