char1,char2,similarity
团,团,1.0
团,困,0.8693290325299415
团,団,0.8541852293861936
团,因,0.8410814858658281
团,囚,0.8330822891856983
团,囙,0.8279170789958921
团,囡,0.8243505118092193
团,囬,0.818969489069772
团,囲,0.8174038244867654
团,固,0.8137963491571184
