char1,char2,similarity
囤,囤,1.0
囤,围,0.8416883719536832
囤,因,0.8081476626240689
囤,囚,0.8042955782713044
囤,囝,0.8040626653482303
囤,困,0.8014873544172145
囤,团,0.7970482622697235
囤,囥,0.7915100137365546
囤,囫,0.7912400158603998
囤,国,0.7856121023246021
