char1,char2,similarity
囩,囩,1.0
囩,国,0.8841880897071756
囩,园,0.8637933638268399
囩,囷,0.8510357670670365
囩,圀,0.8375237045787568
囩,圁,0.8267235705805838
囩,囝,0.8265439772439804
囩,囥,0.823932326672372
囩,图,0.8176904227844974
囩,囙,0.8175504663546678
