char1,char2,similarity
因,因,1.0
因,囡,0.867697856951827
因,困,0.8629986681234597
因,囚,0.8580876647807516
因,团,0.8410814858658281
因,囬,0.82856714725461
因,围,0.8223793615560235
因,囤,0.8081476626240689
因,囗,0.8028300231776481
因,冃,0.7987814581365946
