char1,char2,similarity
図,図,1.0
図,囥,0.8381120026486979
図,囵,0.8371358496580097
図,囿,0.8311884112634922
図,囙,0.8304181325540934
図,囶,0.825425147207562
図,囻,0.8246689511842253
図,圀,0.8229914563078056
図,囜,0.8224445656648599
図,団,0.8221365092554025
