char1,char2,similarity
园,园,1.0
园,囩,0.8637933638268399
园,囥,0.8402038093124131
园,圀,0.8372565748004859
园,囜,0.8278449288822208
园,囷,0.8271660550519386
园,囝,0.8270572057131674
园,囵,0.8240740619194276
园,囿,0.8141983556808102
园,囶,0.8121772213802884
