char1,char2,similarity
囮,囮,1.0
囮,囸,0.837544379779676
囮,囯,0.8369492270564721
囮,囲,0.831992120495098
囮,囶,0.8272349044600107
囮,囧,0.8271750080627122
囮,囵,0.8217163369775706
囮,囥,0.8191674963096076
囮,図,0.8173114828692389
囮,囫,0.8099200187911062
