char1,char2,similarity
囯,囯,1.0
囯,囸,0.9210923225297636
囯,囶,0.8542055331633024
囯,囨,0.8511489683478612
囯,国,0.8504055594483682
囯,囮,0.8369492270564721
囯,囝,0.8327137934829629
囯,圁,0.8281750930735768
囯,圂,0.8125617244877418
囯,囫,0.8124015461046927
