char1,char2,similarity
困,困,1.0
困,团,0.8693290325299415
困,囚,0.8633447099289175
困,因,0.8629986681234597
困,囡,0.8515095345015655
困,囦,0.8357839385611489
困,固,0.8283563936412182
困,囬,0.8234088981869653
困,囜,0.8213378352873283
困,囙,0.8208402898354561
