char1,char2,similarity
囵,囵,1.0
囵,囼,0.8610975672092759
囵,団,0.8500493324928591
囵,囿,0.8457096155165125
囵,囹,0.8393258408634551
囵,囶,0.8380536165875715
囵,図,0.8371358496580097
囵,囥,0.8341765058348611
囵,囙,0.8301719237784477
囵,固,0.8293712109793703
