char1,char2,similarity
固,固,1.0
固,団,0.8552052189829685
固,囧,0.8542610811104583
固,囼,0.8526297911891493
固,囦,0.8510499301883936
固,囶,0.8452460099519868
固,囹,0.843750819924285
固,囙,0.8427316985684022
固,囵,0.8293712109793703
固,困,0.8283563936412182
