char1,char2,similarity
囹,囹,1.0
囹,団,0.8514737857499395
囹,囧,0.8458860864372242
囹,固,0.843750819924285
囹,囶,0.8409302430585716
囹,囵,0.8393258408634551
囹,囙,0.8391286763194863
囹,图,0.8373660763862294
囹,圇,0.8369689466742743
囹,囼,0.8358829835396359
