char1,char2,similarity
囷,囷,1.0
囷,圀,0.8514855459076714
囷,囩,0.8510357670670365
囷,圂,0.84309558554607
囷,囼,0.8363656659956151
囷,囦,0.83197566523357
囷,囶,0.8291265682566665
囷,园,0.8271660550519386
囷,圉,0.822552564934648
囷,囻,0.8206560334079325
