char1,char2,similarity
图,图,1.0
图,圁,0.8478889281051917
图,囹,0.8373660763862294
图,囙,0.8351252530584494
图,囿,0.8312811033002984
图,囝,0.8294027684912273
图,団,0.8256231539743986
图,国,0.8213668463463814
图,囦,0.8198894033318259
图,囩,0.8176904227844974
