char1,char2,similarity
圁,圁,1.0
圁,囿,0.8769185978395517
圁,图,0.8478889281051917
圁,圄,0.8439061772423936
圁,囙,0.8427083429507682
圁,囝,0.8416336445138803
圁,囼,0.8293719293786751
圁,囯,0.8281750930735768
圁,国,0.8280232154700001
圁,囩,0.8267235705805838
