char1,char2,similarity
圆,圆,1.0
圆,圎,0.822996301670201
圆,国,0.819123305297259
圆,圕,0.8165104893036282
圆,圄,0.8147025516359482
圆,園,0.8139330355143488
圆,圔,0.8053726351339712
圆,圐,0.8010388229749625
圆,圇,0.7943440323387938
圆,圁,0.793901484535966
