char1,char2,similarity
圀,圀,1.0
圀,囷,0.8514855459076714
圀,囥,0.8472425487027276
圀,囼,0.84243199120752
圀,囩,0.8375237045787568
圀,园,0.8372565748004859
圀,団,0.8349236517287435
圀,囙,0.8281833084854473
圀,図,0.8229914563078056
圀,囧,0.8226428603903889
