char1,char2,similarity
囿,囿,1.0
囿,圁,0.8769185978395517
囿,囵,0.8457096155165125
囿,图,0.8312811033002984
囿,図,0.8311884112634922
囿,囙,0.8281778380150367
囿,囼,0.8255076390783613
囿,圃,0.8237426406290281
囿,囜,0.8183080936760382
囿,囻,0.8165534360700981
