char1,char2,similarity
圉,圉,1.0
圉,園,0.8333957888407463
圉,囷,0.822552564934648
圉,囻,0.8223565724741249
圉,圏,0.8193939272255679
圉,囦,0.8184117725709179
圉,国,0.8164512573401674
圉,囹,0.815835396563339
圉,圔,0.8146996579587829
圉,図,0.813910162046904
