char1,char2,similarity
圏,圏,1.0
圏,圉,0.8193939272255679
圏,圕,0.8155672735915893
圏,圚,0.814241357048877
圏,圇,0.8123540963983626
圏,圗,0.8103650560440643
圏,園,0.8038159858478423
圏,囹,0.801675209017707
圏,圈,0.8007639278010593
圏,圔,0.8006272667638964
