char1,char2,similarity
圈,圈,1.0
圈,圃,0.8130442248950864
圈,圏,0.8007639278010593
圈,囼,0.7961405416386131
圈,囵,0.7931115492543738
圈,圉,0.7893524873216301
圈,囥,0.7872964470145879
圈,図,0.7865100642923519
圈,圌,0.7856274028179319
圈,圀,0.7850559763307248
