char1,char2,similarity
圍,圍,1.0
圍,圊,0.8255868192342982
圍,圛,0.8179021680196685
圍,囶,0.812838319952251
圍,國,0.8127398372569806
圍,圑,0.8066785258314806
圍,囻,0.8041130636370172
圍,圖,0.8031586127682784
圍,圐,0.802700671758898
圍,圔,0.7980597093714071
