char1,char2,similarity
園,園,1.0
園,圔,0.8669949969846868
園,圉,0.8333957888407463
園,圑,0.8248556756569594
園,圎,0.8204209295674307
園,圚,0.8164250465305525
園,圆,0.8139330355143488
園,圐,0.8090351645224134
園,圏,0.8038159858478423
園,圙,0.8025351372547557
