char1,char2,similarity
圗,圗,1.0
圗,圖,0.8727751338150984
圗,圎,0.8386715508870057
圗,圓,0.8355535709604506
圗,圚,0.8267506891459242
圗,圇,0.8256907715133802
圗,圔,0.8214880766152263
圗,圏,0.8103650560440643
圗,圙,0.7979150639143198
圗,囻,0.790148144821858
