char1,char2,similarity
圙,圙,1.0
圙,圔,0.8074312757187909
圙,園,0.8025351372547557
圙,圐,0.8006782841515045
圙,圗,0.7979150639143198
圙,圖,0.7912775800891206
圙,圑,0.7871401626204121
圙,圝,0.7811574101163341
圙,圏,0.7808395252438106
圙,圚,0.7773941900917775
