char1,char2,similarity
圔,圔,1.0
圔,園,0.8669949969846868
圔,圇,0.8536302101808035
圔,圐,0.8299939351665715
圔,圎,0.8261332650490265
圔,圗,0.8214880766152263
圔,圉,0.8146996579587829
圔,圁,0.8125110568630003
圔,圖,0.8077654469783914
圔,圙,0.8074312757187909
