char1,char2,similarity
圛,圛,1.0
圛,圖,0.8333484328494889
圛,圐,0.8187175973228322
圛,圍,0.8179021680196685
圛,圑,0.816905935007564
圛,圓,0.803331055317311
圛,圊,0.8016026644681843
圛,圗,0.7837165863124361
圛,圃,0.779444016645112
圛,國,0.7786695471210947
