char1,char2,similarity
圞,圞,1.0
圞,圛,0.7467549693544935
圞,團,0.745221198730123
圞,圓,0.7431873660244508
圞,圎,0.7429834303068107
圞,圗,0.7423952553278909
圞,圖,0.7400119876473406
圞,圚,0.7394502512220027
圞,圙,0.7378400046778585
圞,圝,0.7366913872516531
