char1,char2,similarity
圜,圜,1.0
圜,圎,0.8110829596643501
圜,圓,0.7879780470150097
圜,園,0.78548575558576
圜,圏,0.7785688909107684
圜,圖,0.7782594521448337
圜,圇,0.7767925800357897
圜,圛,0.7725255470443082
圜,圃,0.7716904593232994
圜,圈,0.7692295157049449
