char1,char2,similarity
圥,圥,1.0
圥,光,0.8049540357361441
圥,仧,0.8026921691718222
圥,宂,0.795936433066146
圥,充,0.795328333736523
圥,无,0.791272719887907
圥,児,0.784107245125245
圥,圭,0.7825962952056874
圥,兂,0.7795597732621179
圥,人,0.7795443278426535
