char1,char2,similarity
圡,圡,1.0
圡,土,0.9090387212495203
圡,士,0.8629814142839307
圡,止,0.8524885446589634
圡,上,0.8508453763992392
圡,丄,0.8497840933934278
圡,亅,0.8317864467303316
圡,亗,0.8231251247302377
圡,丨,0.8159139485083676
圡,丗,0.815798929750685
