char1,char2,similarity
土,土,1.0
土,士,0.9115348360174432
土,圡,0.9090387212495203
土,上,0.8949929898346591
土,丄,0.8933511908922441
土,工,0.870851259070787
土,丨,0.8621687418859244
土,止,0.8580627220043195
土,十,0.8453792733768165
土,亗,0.8400745825488353
