char1,char2,similarity
圫,圫,1.0
圫,圠,0.8109485911556794
圫,圵,0.8045406193068778
圫,托,0.7914487092485861
圫,讬,0.7907069786646533
圫,仠,0.7890335276467326
圫,饦,0.7883357769083159
圫,圮,0.7848901890767144
圫,仛,0.7793350140317709
圫,吒,0.7764603922009832
