char1,char2,similarity
圩,圩,1.0
圩,讦,0.8067696719150562
圩,垀,0.800299929452944
圩,忓,0.7897826173999191
圩,圲,0.7893371614404949
圩,盰,0.7845303808065762
圩,垺,0.7831553279502764
圩,汙,0.7812593411494227
圩,吁,0.7794602039445909
圩,垶,0.7790855849923876
