char1,char2,similarity
圬,圬,1.0
圬,弓,0.7819040685673743
圬,污,0.7764483233108402
圬,扝,0.7701878214934124
圬,丏,0.7653375513840394
圬,坅,0.7641399052193769
圬,行,0.761499721760151
圬,垆,0.7601826340618626
圬,巧,0.7590567083328118
圬,圩,0.7571112066506664
