char1,char2,similarity
圪,圪,1.0
圪,垉,0.8100737482513959
圪,讫,0.8051806096764597
圪,忔,0.7795992143434055
圪,坨,0.77493404196353
圪,垞,0.7743143268193298
圪,杚,0.7733588044726674
圪,圯,0.7726914211122541
圪,矻,0.7646012255389231
圪,垁,0.7624853906415907
