char1,char2,similarity
圦,圦,1.0
圦,圤,0.8016065226600373
圦,叺,0.799675730881573
圦,扖,0.7932032609186099
圦,圢,0.7862492805583651
圦,认,0.7765839784642324
圦,从,0.7723315174454323
圦,圷,0.7630988483436187
圦,汏,0.7590273350407418
圦,丶,0.7576476893895872
