char1,char2,similarity
圴,圴,1.0
圴,均,0.8376542721139216
圴,圲,0.7818200174718309
圴,坾,0.7808987945092222
圴,钓,0.7800392128841563
圴,灼,0.7799966514957781
圴,约,0.7772823488773568
圴,圸,0.7763262355207358
圴,杓,0.7735154391490864
圴,扚,0.7721014994997402
