char1,char2,similarity
圶,圶,1.0
圶,杢,0.8037048772683025
圶,宔,0.7923987856045012
圶,盇,0.783917579157822
圶,峜,0.7790140297936419
圶,态,0.7762047935338567
圶,丰,0.7743591254949104
圶,圭,0.7723310778040254
圶,厺,0.7698876625861298
圶,圣,0.7677513535527031
