char1,char2,similarity
圳,圳,1.0
圳,坝,0.8056931404823144
圳,垆,0.7828863473256457
圳,坤,0.7802918269860293
圳,汌,0.7784259359437193
圳,垀,0.7763946860682787
圳,划,0.7762048756772898
圳,圩,0.7667229022633818
圳,垾,0.7659545847645196
圳,埍,0.765506781177172
