char1,char2,similarity
圵,圵,1.0
圵,让,0.8490999828861144
圵,圠,0.8211572154241769
圵,什,0.8148730953658285
圵,圫,0.8045406193068778
圵,汁,0.8004442868519083
圵,计,0.7936674850426292
圵,汢,0.7895219897158715
圵,圷,0.7877716439204439
圵,讣,0.7840393902188473
