char1,char2,similarity
地,地,1.0
地,坉,0.7832919470580285
地,垉,0.7722539602040321
地,垞,0.7690448586049349
地,垣,0.7677807869067897
地,圮,0.7667812881308648
地,垲,0.7642340445204898
地,忚,0.7626129218891474
地,圪,0.7539585280037995
地,彵,0.7531325825063014
