char1,char2,similarity
圹,圹,1.0
圹,扩,0.838148295348387
圹,纩,0.8160591908580039
圹,旷,0.8147802631451923
圹,犷,0.8075978195341998
圹,丨,0.8018246355046382
圹,圻,0.7959110182646304
圹,埗,0.7909608401159021
圹,亅,0.7908819667810858
圹,圯,0.7893225529737714
