char1,char2,similarity
圱,圱,1.0
圱,牡,0.7954307530508554
圱,灶,0.783695256179744
圱,廿,0.7821061151676618
圱,几,0.7741099805482431
圱,灴,0.7733608647703901
圱,丩,0.7668714292704203
圱,肚,0.7667650287889483
圱,升,0.7667510177397355
圱,凢,0.7655933121159185
