char1,char2,similarity
圾,圾,1.0
圾,坂,0.7686409687112873
圾,坺,0.765250436581275
圾,坄,0.7449806624084818
圾,仮,0.7418057741840812
圾,贝,0.7384727648769884
圾,汲,0.7383750373840388
圾,垠,0.7362252002103064
圾,伋,0.7343068421066957
圾,塓,0.7325695483986773
