char1,char2,similarity
圽,圽,1.0
圽,岉,0.7989247515307435
圽,场,0.7881037157804973
圽,歾,0.7615473244637746
圽,均,0.754841437299312
圽,坸,0.7545099460767583
圽,坆,0.7493169985652046
圽,物,0.7411106517036803
圽,坰,0.7403656003690351
圽,昒,0.738740156286857
