char1,char2,similarity
坃,坃,1.0
坃,怳,0.8103345850886293
坃,坈,0.8084803870627391
坃,忨,0.7970166762361253
坃,垷,0.7951659041204994
坃,垙,0.794026459534435
坃,玩,0.7906920044205331
坃,抚,0.787633280749994
坃,坁,0.7718235961638252
坃,炾,0.7708699344493667
