char1,char2,similarity
圻,圻,1.0
圻,岓,0.8140234363120966
圻,听,0.806793360150751
圻,坼,0.8015738559498081
圻,圹,0.7959110182646304
圻,讥,0.7950569470469216
圻,坘,0.7900809248004322
圻,忻,0.7841995686574603
圻,坑,0.7794254566706845
圻,坈,0.778756937603938
