char1,char2,similarity
场,场,1.0
场,圽,0.7881037157804973
场,扬,0.7856299256720232
场,坰,0.7831731072099639
场,旸,0.7797180041300055
场,玚,0.7726610398414849
场,埍,0.7703305874563378
场,杨,0.7655060375263418
场,饧,0.7650055504169535
场,坃,0.7646352700232915
