char1,char2,similarity
址,址,1.0
址,世,0.7975578753110018
址,圸,0.7880861977492797
址,沚,0.7860610682027116
址,坵,0.7753119830939063
址,阯,0.7635487572591976
址,上,0.7630210051320668
址,廿,0.7623678060924026
址,垃,0.7607693654006122
址,珇,0.7588788914028327
