char1,char2,similarity
坂,坂,1.0
坂,坭,0.7962149875682436
坂,圾,0.7686409687112873
坂,仮,0.7522843434738263
坂,坬,0.7491384673153876
坂,垢,0.7468673000121328
坂,皈,0.7441089065389577
坂,扳,0.7392037376870949
坂,垛,0.7366791163962382
坂,垠,0.7360506402801107
