char1,char2,similarity
圼,圼,1.0
圼,坙,0.8380464469073109
圼,罡,0.7982334409234503
圼,圭,0.7886106697443915
圼,居,0.7851187982215942
圼,旵,0.7849038655487933
圼,全,0.7780134446974287
圼,坒,0.7672270973957557
圼,显,0.7671297553680911
圼,坐,0.7657247791918236
