char1,char2,similarity
坌,坌,1.0
坌,呈,0.7813909456652897
坌,岔,0.7773977699160669
坌,里,0.7708164881116931
坌,垔,0.7551927515447124
坌,坓,0.7551324893942296
坌,盆,0.7479421609269518
坌,亘,0.7466536496682369
坌,主,0.7448724389450485
坌,丝,0.7441170488309152
