char1,char2,similarity
坊,坊,1.0
坊,访,0.8439628320845675
坊,枋,0.7897570486036412
坊,坑,0.7885484483596783
坊,仿,0.7869996269335123
坊,彷,0.7866757935519396
坊,汸,0.7855849412216219
坊,圹,0.7799337632564668
坊,坈,0.7667302300002421
坊,坟,0.7654378410208135
