char1,char2,similarity
坄,坄,1.0
坄,投,0.788353062064286
坄,圿,0.785004767275264
坄,杸,0.7829467974031185
坄,坋,0.7820782815513189
坄,埈,0.7817800121561492
坄,吺,0.7772308875963461
坄,坆,0.7721032705135188
坄,坽,0.766708633547911
坄,殶,0.7660617375793964
