char1,char2,similarity
坍,坍,1.0
坍,坿,0.7896233532320327
坍,坶,0.7854815473225584
坍,垳,0.7680986474694145
坍,垆,0.7626791494658334
坍,堤,0.7609351757487424
坍,洀,0.7551986357111887
坍,圳,0.7479812702343175
坍,块,0.7469971459358812
坍,埒,0.7451595848478375
