char1,char2,similarity
坈,坈,1.0
坈,坑,0.8336404852979556
坈,忨,0.8112016738082574
坈,坃,0.8084803870627391
坈,屼,0.8050165484674122
坈,伔,0.7843424264982508
坈,沉,0.7830943331836063
坈,岏,0.7814155108607551
坈,圯,0.7806681776151564
坈,圻,0.778756937603938
