char1,char2,similarity
坋,坋,1.0
坋,圿,0.8087513114594809
坋,玢,0.790405142714307
坋,垪,0.7860079467133007
坋,扮,0.7844316254673669
坋,坄,0.7820782815513189
坋,坅,0.7742345955525192
坋,圹,0.7701443077228248
坋,吩,0.7695962516337651
坋,坽,0.7695881167597551
