char1,char2,similarity
均,均,1.0
均,圴,0.8376542721139216
均,圸,0.78278708782584
均,枃,0.7715267557429671
均,坾,0.7661629744163774
均,抅,0.7659550690784269
均,钧,0.7624086081904589
均,袀,0.7602244591268763
均,抣,0.7592769678622457
均,垉,0.7590940114132431
