char1,char2,similarity
坖,坖,1.0
坖,堊,0.78654543111797
坖,罜,0.7809896276887814
坖,垩,0.7547485679255781
坖,垔,0.7518548123286346
坖,塈,0.7472719807787755
坖,坚,0.7370467426766163
坖,昰,0.7354537259755626
坖,盉,0.7347296166093186
坖,乔,0.7302822149224714
