char1,char2,similarity
坑,坑,1.0
坑,坈,0.8336404852979556
坑,抗,0.8246065995186233
坑,坟,0.8132803498177196
坑,坹,0.8052305825053587
坑,炕,0.8023494471660162
坑,沆,0.8013525435728801
坑,杭,0.7951419373859802
坑,砊,0.7917987579731743
坑,坊,0.7885484483596783
