char1,char2,similarity
坏,坏,1.0
坏,环,0.8342237760801743
坏,杯,0.7950389595357459
坏,圷,0.7846431109139158
坏,坧,0.782787526533351
坏,埠,0.7785753955091571
坏,埣,0.7748942061774168
坏,伓,0.7656806437407746
坏,岯,0.7647692036746675
坏,忓,0.7645897968186348
