char1,char2,similarity
坔,坔,1.0
坔,圡,0.7660151643416583
坔,圭,0.7542792845018668
坔,夳,0.7535047874049411
坔,王,0.7525414305241195
坔,土,0.7523054686150569
坔,正,0.7505068939563678
坔,至,0.7477343166659796
坔,止,0.747442169042053
坔,工,0.7462866194980868
