char1,char2,similarity
坓,坓,1.0
坓,茎,0.7981411983753982
坓,莹,0.7970293867566096
坓,荎,0.7855085457223105
坓,荁,0.768149812173528
坓,莁,0.76781428927758
坓,茊,0.7620463081240533
坓,苤,0.7606792248611918
坓,坴,0.7569532341578873
坓,坌,0.7551324893942296
