char1,char2,similarity
坚,坚,1.0
坚,坠,0.7805840036895311
坚,罜,0.7544784764056203
坚,垩,0.7534977011680581
坚,塋,0.7530702631742388
坚,堊,0.7516636301040553
坚,笙,0.7498343875389426
坚,埜,0.7492153321997009
坚,垐,0.7475611832105797
坚,呈,0.742475862555907
