char1,char2,similarity
坘,坘,1.0
坘,埡,0.7932465260993077
坘,圻,0.7900809248004322
坘,坵,0.7855022685507868
坘,沍,0.7811466843014787
坘,仾,0.7771345386693161
坘,坥,0.7763157840035468
坘,枑,0.7673826232658386
坘,坈,0.7651425237958086
坘,圯,0.7649977842053831
