char1,char2,similarity
坞,坞,1.0
坞,鸡,0.7753030250637171
坞,鸟,0.7706445946971366
坞,呜,0.7675844125870595
坞,圴,0.7658375309418768
坞,钨,0.7545058891084633
坞,垖,0.7535477683730253
坞,圿,0.7460134495433648
坞,坅,0.7452898981320442
坞,坽,0.7447738561165996
