char1,char2,similarity
坪,坪,1.0
坪,评,0.8083799228457164
坪,抨,0.7945606752533979
坪,圩,0.7663420824888769
坪,垀,0.7645453999464966
坪,怦,0.7640145706294817
坪,玶,0.7620215741678154
坪,坤,0.7592277220945282
坪,堣,0.7571509619290848
坪,件,0.7542755467119058
