char1,char2,similarity
坥,坥,1.0
坥,岨,0.796429305938345
坥,川,0.7963674210849734
坥,圯,0.7882401119877623
坥,组,0.7863032799929693
坥,诅,0.782271598482194
坥,坵,0.7812366004125476
坥,鉏,0.7797521324855704
坥,坘,0.7763157840035468
坥,俎,0.7753223632537622
