char1,char2,similarity
坩,坩,1.0
坩,泔,0.791614935396142
坩,坿,0.7832132291289814
坩,丨,0.7680905887452932
坩,佄,0.7594682462599204
坩,帇,0.756622566568878
坩,拑,0.7545273659215961
坩,玵,0.7542742680895929
坩,术,0.7486679805277691
坩,巾,0.7482419183191625
