char1,char2,similarity
坬,坬,1.0
坬,抓,0.7828376218360683
坬,柧,0.7663322895414265
坬,坝,0.7567545980001846
坬,坄,0.752760055746599
坬,坂,0.7491384673153876
坬,弧,0.7443034200277799
坬,忛,0.7434233261255827
坬,坅,0.7388647519474134
坬,垝,0.7382511791992391
