char1,char2,similarity
坴,坴,1.0
坴,埊,0.8007278868362797
坴,室,0.7930693798924168
坴,崒,0.7804656817699942
坴,垫,0.7650409383966096
坴,荎,0.7600649804653467
坴,坓,0.7569532341578873
坴,峚,0.7566236260576876
坴,壵,0.7556947183425882
坴,桽,0.7548418749063255
