char1,char2,similarity
坲,坲,1.0
坲,怫,0.8153890239331554
坲,彿,0.7930207281743247
坲,垗,0.7748190272664319
坲,拂,0.7620080769806468
坲,垧,0.7555779310873489
坲,坸,0.7554929041843744
坲,柫,0.7505645621453156
坲,埦,0.7500749237790977
坲,咈,0.747388635624074
