char1,char2,similarity
坸,坸,1.0
坸,垧,0.8018569987774488
坸,呴,0.789053827115432
坸,袧,0.7883492914070647
坸,珣,0.7877784032715085
坸,坑,0.7814283277821356
坸,訽,0.772060007601366
坸,坨,0.77110038198153
坸,垉,0.7623002361941458
坸,玽,0.7614176049554743
