char1,char2,similarity
坺,坺,1.0
坺,坆,0.783489586188509
坺,圾,0.765250436581275
坺,伖,0.7565465640796357
坺,抜,0.7525558211665571
坺,秡,0.7467485774019209
坺,坄,0.745713552095175
坺,坧,0.7454057242416251
坺,坹,0.7446144017628549
坺,祓,0.738709189931172
