char1,char2,similarity
坿,坿,1.0
坿,垳,0.8001357413540737
坿,坍,0.7896233532320327
坿,坩,0.7832132291289814
坿,咐,0.7819787373235424
坿,用,0.7765699219926694
坿,柎,0.7689904207587058
坿,拊,0.7678231367963065
坿,坷,0.7661850021522016
坿,坶,0.7655313291739169
