char1,char2,similarity
垅,垅,1.0
垅,咙,0.805155383762154
垅,拢,0.8016125021283544
垅,栊,0.7810810352158302
垅,珑,0.757955265461327
垅,坄,0.7477727657617093
垅,垀,0.7408090796114148
垅,坽,0.7375416518573704
垅,陇,0.7351399185902947
垅,堎,0.7337874779786112
