char1,char2,similarity
垂,垂,1.0
垂,壬,0.7841583168338433
垂,呈,0.7692593422878332
垂,垽,0.7682875171125424
垂,里,0.7572372474171916
垂,玊,0.7560604529050347
垂,壆,0.7525850299852503
垂,岳,0.7461310720461881
垂,乎,0.7455983135979717
垂,垔,0.7441817532602196
