char1,char2,similarity
垉,垉,1.0
垉,怉,0.8116749044177056
垉,圪,0.8100737482513959
垉,饱,0.8013039691714023
垉,圯,0.7950140908772823
垉,抱,0.7909542476755207
垉,垖,0.7776426396470176
垉,地,0.7722539602040321
垉,玸,0.7713698403433306
垉,坥,0.7705102336760605
