char1,char2,similarity
垀,垀,1.0
垀,烀,0.8064357058490519
垀,圩,0.800299929452944
垀,坾,0.7919253018828858
垀,埻,0.7882805338853437
垀,垰,0.7869057339319908
垀,垺,0.7767922531184281
垀,圳,0.7763946860682787
垀,坢,0.7762560430086692
垀,埰,0.7717594145313742
