char1,char2,similarity
垆,垆,1.0
垆,圳,0.7828863473256457
垆,泸,0.7789379869318398
垆,坍,0.7626791494658334
垆,垿,0.7602889182943183
垆,圬,0.7601826340618626
垆,埠,0.757672754180894
垆,坤,0.7516547397876742
垆,塢,0.7469418251987116
垆,埣,0.7454015383440885
