char1,char2,similarity
垓,垓,1.0
垓,该,0.8037035479587317
垓,烗,0.7942083140910693
垓,晐,0.7889531648273109
垓,咳,0.782676133734779
垓,峐,0.7718270300237144
垓,垵,0.7640400896123144
垓,埸,0.7537762990880037
垓,核,0.7476012250950652
垓,埯,0.7374363005820791
