char1,char2,similarity
垏,垏,1.0
垏,珒,0.8334244184010622
垏,侓,0.7862356915032497
垏,堉,0.7738456726535988
垏,埬,0.7697509424979609
垏,銉,0.7624634249922784
垏,垶,0.76152104266541
垏,啸,0.7610307662070186
垏,埠,0.7551943073627974
垏,塇,0.751475330615324
