char1,char2,similarity
垌,垌,1.0
垌,坰,0.8521334307748061
垌,埛,0.8470713239960898
垌,挏,0.8287967533191506
垌,诇,0.8125446463918696
垌,堌,0.7942250782194075
垌,埚,0.794224105029506
垌,垇,0.792070692832663
垌,垠,0.7920647612424725
垌,炯,0.7846759276727099
