char1,char2,similarity
垎,垎,1.0
垎,烙,0.8331624592055071
垎,恪,0.8331553429300386
垎,铬,0.8026635625990326
垎,挌,0.8019539499013986
垎,詻,0.7990493291697378
垎,咯,0.7966479684501723
垎,袼,0.7889795446373437
垎,珞,0.7855567966890192
垎,络,0.7728975320858752
