char1,char2,similarity
垑,垑,1.0
垑,垎,0.760529201114852
垑,陊,0.7591315493294315
垑,恀,0.7575857427347548
垑,坢,0.7573945974873805
垑,埗,0.7544676699934492
垑,拸,0.7508805165309054
垑,坅,0.7493477878059754
垑,坾,0.7481622293366205
垑,埳,0.7473024445502339
