char1,char2,similarity
垊,垊,1.0
垊,坁,0.8203195125169936
垊,垠,0.8180946686429764
垊,怋,0.8077511789030966
垊,抿,0.7917438458195772
垊,眠,0.784645336452982
垊,埌,0.7816419960068701
垊,垁,0.7809209756674761
垊,埇,0.77957230444088
垊,堄,0.7740544095503996
