char1,char2,similarity
垔,垔,1.0
垔,垩,0.8026490038089125
垔,呈,0.7903326722392214
垔,里,0.773130564776091
垔,佱,0.7633098499296281
垔,洹,0.7601314858188456
垔,恧,0.7589745323713906
垔,坠,0.7566979918594416
垔,玊,0.7558127830795633
垔,坌,0.7551927515447124
