char1,char2,similarity
垖,垖,1.0
垖,垍,0.8131573292611193
垖,圸,0.788584295523647
垖,垉,0.7776426396470176
垖,怡,0.766878498281201
垖,圯,0.7650055506775103
垖,圹,0.7632560508849507
垖,埍,0.759809718314204
垖,恄,0.7586663808206142
垖,坝,0.7583681145750383
