char1,char2,similarity
垘,垘,1.0
垘,袱,0.751389947764836
垘,坩,0.7375984857292419
垘,猷,0.7366618828778984
垘,埱,0.7295230734071757
垘,欨,0.7270459648314862
垘,栿,0.7262209443042211
垘,墋,0.7239577061644674
垘,坳,0.7235424960593054
垘,垯,0.7208070309180551
