char1,char2,similarity
垚,垚,1.0
垚,兰,0.7689247088706321
垚,疟,0.7575608922179106
垚,畁,0.7547715757331106
垚,亡,0.7528861698585367
垚,叏,0.7505748296439105
垚,寺,0.7494601752286809
垚,幸,0.7489149423721531
垚,贲,0.7451106724085572
垚,祟,0.7439022699180542
