char1,char2,similarity
垛,垛,1.0
垛,诔,0.7603874942227421
垛,探,0.753533212391473
垛,哚,0.7491838410020712
垛,挆,0.7429582827393628
垛,坭,0.7406596203416184
垛,坂,0.7366791163962382
垛,保,0.7340387447233001
垛,深,0.7319202788362418
垛,埲,0.7276556927792677
