char1,char2,similarity
垗,垗,1.0
垗,烑,0.8142743859138442
垗,桃,0.8017151222892583
垗,铫,0.7925003645029373
垗,晀,0.7805650967501101
垗,坈,0.778729062062323
垗,坲,0.7748190272664319
垗,跳,0.7578090443880435
垗,垷,0.7533960221330768
垗,銚,0.7527030398815048
