char1,char2,similarity
垙,垙,1.0
垙,姯,0.8252185116778816
垙,坃,0.794026459534435
垙,堄,0.7871257116552585
垙,恍,0.7831009980929787
垙,圿,0.7737398110540528
垙,垷,0.772705612689161
垙,怳,0.7710819040181816
垙,桄,0.7680004975928131
垙,埦,0.76768984590005
