char1,char2,similarity
垢,垢,1.0
垢,诟,0.8114992821502727
垢,洉,0.8081059656279042
垢,坜,0.785208992466429
垢,坂,0.7468673000121328
垢,堍,0.7414832704869976
垢,堳,0.7352237797276571
垢,塪,0.7349849366171087
垢,圳,0.7325979971264891
垢,垀,0.7324346442174151
