char1,char2,similarity
垣,垣,1.0
垣,埋,0.8032188854888245
垣,垭,0.7843319844068709
垣,坦,0.7725517655799259
垣,坯,0.7702529377076812
垣,地,0.7677807869067897
垣,堭,0.7675984321113205
垣,壒,0.7606892330824547
垣,埴,0.760275336270675
垣,址,0.757979048550412
