char1,char2,similarity
垥,垥,1.0
垥,珨,0.8186091579638698
垥,拾,0.7992275732999845
垥,坅,0.7959761637901356
垥,铪,0.7878261586134311
垥,给,0.7877656364267783
垥,哈,0.7841464035657043
垥,峆,0.7835770328875661
垥,恰,0.7819969097960175
垥,堷,0.7819144571282537
