char1,char2,similarity
垞,垞,1.0
垞,坉,0.8179207095217107
垞,挓,0.7950941593038547
垞,坨,0.7876886522326326
垞,圪,0.7743143268193298
垞,地,0.7690448586049349
垞,侘,0.7572310578801613
垞,姹,0.7563142924989854
垞,詫,0.752371321429073
垞,岮,0.7520575299869693
