char1,char2,similarity
垠,垠,1.0
垠,垻,0.8205590613151981
垠,垊,0.8180946686429764
垠,垌,0.7920647612424725
垠,垷,0.785225191232148
垠,坁,0.784775428735176
垠,埙,0.7829381866960698
垠,拫,0.7753755082337608
垠,珢,0.768489598284204
垠,埍,0.7681359469160413
