char1,char2,similarity
垫,垫,1.0
垫,坴,0.7650409383966096
垫,莝,0.7548364293420864
垫,埑,0.7538176593717103
垫,垐,0.7477396529001116
垫,埜,0.7463553504781456
垫,塋,0.7444456093938278
垫,筌,0.7438975260865784
垫,垈,0.7400323651596213
垫,堏,0.7368266932993666
