char1,char2,similarity
垰,垰,1.0
垰,挊,0.7917142821989868
垰,坾,0.7887963737916804
垰,垀,0.7869057339319908
垰,坅,0.7776168942676948
垰,坽,0.7770938106369185
垰,坫,0.7768080401557815
垰,垨,0.7736025755167522
垰,拤,0.7615109166377287
垰,坢,0.7614237329560963
