char1,char2,similarity
垯,垯,1.0
垯,挞,0.7801467228614504
垯,哒,0.7742896988529668
垯,塠,0.7496902357185192
垯,坦,0.746886956458528
垯,址,0.7389487069032153
垯,塻,0.7357811991752916
垯,垹,0.7303417986104931
垯,墶,0.7250298484123252
垯,埘,0.7233941925907638
