char1,char2,similarity
垮,垮,1.0
垮,洿,0.7984810822692237
垮,侉,0.7965246647726891
垮,恗,0.7807335398904788
垮,诗,0.7460982963936432
垮,桍,0.7391743490381218
垮,绔,0.738675978928135
垮,谙,0.7362835607765698
垮,堷,0.7362144993196532
垮,堵,0.735681681475168
