char1,char2,similarity
垻,垻,1.0
垻,垠,0.8205590613151981
垻,浿,0.7880449368922192
垻,埃,0.7868858693661007
垻,埙,0.7863587264898767
垻,埧,0.782672054038729
垻,堺,0.7813653452336585
垻,埍,0.777883830292205
垻,堧,0.7748461883248018
垻,垷,0.774194707521249
