char1,char2,similarity
垲,垲,1.0
垲,恺,0.8011746836078921
垲,皑,0.7922950544056311
垲,铠,0.7642887842813189
垲,地,0.7642340445204898
垲,埁,0.7620609327624975
垲,垺,0.7606350712404248
垲,堉,0.7569211738187368
垲,圩,0.7556712176546476
垲,垉,0.75302876908886
