char1,char2,similarity
垶,垶,1.0
垶,埣,0.8353202650802087
垶,琗,0.7808441517578809
垶,圩,0.7790855849923876
垶,坢,0.7751149330265661
垶,埁,0.7739576314135075
垶,梓,0.7704677513116005
垶,椊,0.7692477538458306
垶,悖,0.7673997753465889
垶,蜶,0.764628062256557
