char1,char2,similarity
垺,垺,1.0
垺,垟,0.8221010777653384
垺,捊,0.8173078842784025
垺,圩,0.7831553279502764
垺,垀,0.7767922531184281
垺,桴,0.7751363350208893
垺,殍,0.7698484449884297
垺,玤,0.7648646431931518
垺,埁,0.7631257175967777
垺,垲,0.7606350712404248
