char1,char2,similarity
垿,垿,1.0
垿,坤,0.791732067420455
垿,垆,0.7602889182943183
垿,坡,0.7446883009230876
垿,墇,0.7439021780295276
垿,圳,0.7423504437434193
垿,垶,0.7423421905869027
垿,堦,0.7409279844489396
垿,堜,0.7405673378995896
垿,垨,0.7392002831412636
