char1,char2,similarity
垼,垼,1.0
垼,塦,0.7458988913427926
垼,堡,0.7423534611372737
垼,墾,0.7423026775763235
垼,堻,0.7421669703063107
垼,堏,0.7395869341938219
垼,堃,0.7390831188790322
垼,星,0.7374702500543702
垼,壄,0.7364754690012272
垼,垦,0.7316189904192244
