char1,char2,similarity
垾,垾,1.0
垾,捍,0.8270776263494528
垾,堓,0.8184821407323708
垾,堤,0.8112113073350081
垾,堛,0.8110694946553075
垾,埧,0.8070165492267987
垾,焊,0.8060054528946459
垾,埍,0.8037641806446866
垾,埻,0.7833508801042147
垾,娨,0.7785078813511906
