char1,char2,similarity
埃,埃,1.0
埃,唉,0.8195137464193671
埃,挨,0.8137805228143864
埃,涘,0.7971247411468638
埃,诶,0.7939321635959813
埃,垻,0.7868858693661007
埃,堧,0.7814006232410835
埃,侯,0.7773981224850052
埃,俟,0.7771122487736097
埃,坟,0.765823747543299
