char1,char2,similarity
埂,埂,1.0
埂,便,0.8091947276059952
埂,绠,0.7694794487374397
埂,壈,0.7664145005715547
埂,塻,0.7653837559016973
埂,堐,0.7527920694072411
埂,项,0.7436195305602799
埂,堣,0.7426970042052421
埂,埏,0.7418323257266717
埂,梗,0.7413123717371413
