char1,char2,similarity
埁,埁,1.0
埁,堓,0.7775929150409293
埁,垶,0.7739576314135075
埁,垾,0.7701313499788489
埁,垺,0.7631257175967777
埁,坢,0.762776003150554
埁,垲,0.7620609327624975
埁,垨,0.7562678478651728
埁,垟,0.7559194679274939
埁,埓,0.7513649278173162
