char1,char2,similarity
城,城,1.0
城,域,0.8158243621127403
城,诫,0.7703317764902148
城,诚,0.7688001251623185
城,堿,0.756292366666224
城,械,0.7516647006062772
城,珬,0.7410541020027331
城,喊,0.7381267231543897
城,缄,0.7358205170886404
城,珹,0.7345748641847701
