char1,char2,similarity
埉,埉,1.0
埉,垁,0.8198697042692361
埉,挾,0.7993268696524397
埉,悏,0.7972499873356925
埉,坱,0.7951148934929908
埉,峽,0.7937050242709495
埉,峡,0.7847445507737798
埉,铗,0.7833943257756542
埉,陜,0.7797221650408269
埉,堗,0.7791518382605986
