char1,char2,similarity
埍,埍,1.0
埍,垾,0.8037641806446866
埍,梋,0.796948202579272
埍,埧,0.7873594601243862
埍,堓,0.7791279309535806
埍,垻,0.777883830292205
埍,堤,0.7765458059687039
埍,堛,0.7760439182258871
埍,垷,0.7732711122691711
埍,垌,0.7712585732701529
