char1,char2,similarity
埆,埆,1.0
埆,埇,0.7882936898747336
埆,桷,0.7629260076908155
埆,埔,0.7586431477427205
埆,堷,0.7584629807988208
埆,捔,0.7578249014747058
埆,垾,0.7574257911975515
埆,坸,0.7541648247472247
埆,堈,0.7522535156748938
埆,垝,0.7520083186107346
