char1,char2,similarity
埊,埊,1.0
埊,坴,0.8007278868362797
埊,峷,0.7751938631465715
埊,峚,0.7558601498154809
埊,室,0.7516353637240712
埊,鉴,0.7460317030648321
埊,崟,0.7409070679008471
埊,宔,0.7368599799938683
埊,鱼,0.7351802799428837
埊,峑,0.7347947997233443
