char1,char2,similarity
埐,埐,1.0
埐,堫,0.7844515707609037
埐,埈,0.7832831494775672
埐,場,0.7823949897652498
埐,堎,0.7779953325505805
埐,垊,0.7622235208048512
埐,坄,0.7604330867960613
埐,墁,0.7552532540743347
埐,垠,0.7547341101724669
埐,慢,0.750302440111688
