char1,char2,similarity
埑,埑,1.0
埑,垽,0.7844210324076618
埑,垫,0.7538176593717103
埑,乴,0.7462642677771597
埑,惁,0.743852889047175
埑,垂,0.739622390047633
埑,匞,0.7366237843942028
埑,壆,0.7351318231633809
埑,晳,0.7339089021947532
埑,桽,0.7301470301294106
