char1,char2,similarity
埘,埘,1.0
埘,鲋,0.7495165603916655
埘,塮,0.7439699298850562
埘,域,0.7402501422266966
埘,坿,0.7377445871068767
埘,澍,0.7359724089240669
埘,树,0.7322997051126071
埘,刂,0.731910736598495
埘,湗,0.731611595981713
埘,谕,0.7291615385731712
