char1,char2,similarity
埕,埕,1.0
埕,悜,0.790824596903343
埕,挰,0.7871228609736739
埕,堽,0.7868821487643426
埕,垤,0.7847727466308079
埕,徎,0.7749586196670861
埕,珵,0.7668011089292789
埕,浧,0.7637305207147034
埕,侱,0.7635062872042676
埕,坦,0.7584818580804699
