char1,char2,similarity
埒,埒,1.0
埒,浖,0.815625410181773
埒,埓,0.7975659104035302
埒,捋,0.7919822170307041
埒,锊,0.7731789139058874
埒,垀,0.7534916529711422
埒,垺,0.7464998842866365
埒,戶,0.7457302143161765
埒,坍,0.7451595848478375
埒,埰,0.7428363471127977
