char1,char2,similarity
埝,埝,1.0
埝,谂,0.7619316276706022
埝,圪,0.7450331680751847
埝,埩,0.7357122603878016
埝,垉,0.7354348642539907
埝,坟,0.7323999526036429
埝,垥,0.7283201588369124
埝,坨,0.7276379706629159
埝,惗,0.7267017087795573
埝,论,0.7258855870574028
