char1,char2,similarity
埡,埡,1.0
埡,婭,0.7997926041104078
埡,孲,0.7990557034445195
埡,坘,0.7932465260993077
埡,埪,0.772567565277123
埡,堽,0.7689590917094155
埡,啞,0.759595936368073
埡,堒,0.7586654728333673
埡,塸,0.7534432450473036
埡,墱,0.7534365043814796
