char1,char2,similarity
埞,埞,1.0
埞,埦,0.7712870585788864
埞,琔,0.7623547899170622
埞,垶,0.7605700828785236
埞,圳,0.7603398278475311
埞,锭,0.7536100615915982
埞,促,0.7525036974332547
埞,垖,0.7497391271877069
埞,堗,0.7494053533750246
埞,坤,0.7492467883792113
