char1,char2,similarity
埛,埛,1.0
埛,垌,0.8470713239960898
埛,坰,0.8386178252272084
埛,堌,0.832274971110678
埛,挏,0.8224240903075213
埛,垇,0.8123442240338904
埛,堈,0.8051089958419668
埛,炯,0.8015229966454077
埛,恫,0.8010144124637871
埛,烱,0.7952114797863759
