char1,char2,similarity
埨,埨,1.0
埨,稐,0.7831777039480337
埨,崘,0.7722162424596397
埨,堨,0.7694845328032675
埨,堬,0.7640203008992001
埨,碖,0.7563778547776208
埨,掵,0.7533171359896402
埨,埫,0.7503153364595856
埨,埥,0.7474917202912861
埨,塆,0.7452634648533688
