char1,char2,similarity
埫,埫,1.0
埫,惝,0.7828566551574753
埫,坰,0.768284604413629
埫,墙,0.765472777976004
埫,埍,0.7641969171659151
埫,埛,0.7638177133587047
埫,垙,0.7588880565280752
埫,恦,0.7584341817099457
埫,埥,0.7577497366293977
埫,墕,0.7576186330608208
