char1,char2,similarity
埥,埥,1.0
埥,堶,0.840731920484828
埥,猜,0.796719031831584
埥,啨,0.7908776240079669
埥,情,0.7907152157233026
埥,堉,0.7791530384529081
埥,墙,0.7760256976031172
埥,崝,0.7725577118213697
埥,塐,0.7717901309829525
埥,掅,0.7706671568340101
