char1,char2,similarity
埬,埬,1.0
埬,堜,0.8173825463673492
埬,棟,0.8084447425485459
埬,涷,0.8022136729299651
埬,堁,0.794982150523662
埬,瑓,0.792274763146966
埬,陳,0.7859499042204099
埬,娻,0.7841356801137151
埬,捙,0.7768382098361981
埬,埰,0.7720417509446993
