char1,char2,similarity
埩,埩,1.0
埩,浄,0.8178675582267075
埩,睁,0.7998972555818247
埩,琤,0.7956837645644217
埩,挣,0.7955444186182798
埩,诤,0.7749482630209941
埩,棦,0.7633427951492177
埩,狰,0.7597232956939461
埩,峥,0.754747385159973
埩,堽,0.7509938294751888
