char1,char2,similarity
埰,埰,1.0
埰,啋,0.8044315889929973
埰,堔,0.8042239912157728
埰,堁,0.7950424490008438
埰,採,0.7815163397504605
埰,埬,0.7720417509446993
埰,垀,0.7717594145313742
埰,睬,0.7685392330907324
埰,琛,0.7672737332749286
埰,婇,0.7633403069379735
