char1,char2,similarity
埴,埴,1.0
埴,塇,0.7961778907121859
埴,塩,0.7745207325324321
埴,淔,0.7711963427154338
埴,埌,0.7658048009137637
埴,诅,0.7617378268465403
埴,垣,0.760275336270675
埴,埪,0.7593682095917287
埴,坥,0.7562432649507038
埴,坘,0.7527582734595917
