char1,char2,similarity
埯,埯,1.0
埯,俺,0.8008062443467701
埯,掩,0.7910596185968971
埯,坶,0.7427800490972727
埯,垓,0.7374363005820791
埯,俥,0.7336134932352669
埯,唵,0.7322948742699378
埯,垆,0.7318681958039278
埯,墖,0.7279178007575082
埯,塢,0.7276301118095776
