char1,char2,similarity
埶,埶,1.0
埶,執,0.783043479118894
埶,鈂,0.7456357717146308
埶,紈,0.7318841920563534
埶,釻,0.7201783871181618
埶,缺,0.7193493925873757
埶,鉄,0.7191841782460037
埶,趺,0.7189942632643295
埶,鈌,0.7137554461632836
埶,魜,0.712910289278773
