char1,char2,similarity
埲,埲,1.0
埲,墠,0.7414727699469994
埲,埭,0.7339275002479144
埲,塐,0.7293701732686003
埲,垛,0.7276556927792677
埲,垰,0.7258943569622928
埲,埥,0.7251933481031229
埲,壌,0.7221750089593726
埲,琫,0.7213500281082277
埲,坪,0.7208243046096944
