char1,char2,similarity
埮,埮,1.0
埮,惔,0.803008054172223
埮,坝,0.792409081707732
埮,堗,0.7793578934354148
埮,埈,0.7602812250576436
埮,坱,0.7600759921384361
埮,坽,0.7590459529332757
埮,坄,0.7572551167759177
埮,埉,0.7543408215066691
埮,坆,0.7537130005066541
