char1,char2,similarity
埱,埱,1.0
埱,婌,0.7894259015707705
埱,椒,0.7637560140080533
埱,琡,0.7629077046327183
埱,諔,0.742032384034597
埱,掓,0.7406045957582977
埱,怓,0.7334864928136278
埱,垹,0.7325611124960004
埱,垘,0.7295230734071757
埱,憞,0.7218694333255427
