char1,char2,similarity
堁,堁,1.0
堁,埰,0.7950424490008438
堁,埬,0.794982150523662
堁,垜,0.7916797761090831
堁,堔,0.79075299362939
堁,裸,0.7793228049604111
堁,稞,0.7791005102276806
堁,堺,0.7735498306865703
堁,堮,0.7631584300923661
堁,捰,0.7605385976450297
