char1,char2,similarity
埽,埽,1.0
埽,掃,0.796374235240117
埽,塌,0.7564125420151666
埽,帰,0.7541318534769219
埽,埯,0.7235234164692196
埽,婦,0.7196819691311838
埽,坪,0.718294987531936
埽,場,0.7177644817271067
埽,墆,0.7140720197530993
埽,墷,0.7124605157425103
