char1,char2,similarity
培,培,1.0
培,琣,0.8375124560281832
培,焙,0.8012947646968681
培,掊,0.7917138316488046
培,悎,0.772882235905276
培,倍,0.7703675526018967
培,诰,0.7688866951661559
培,婄,0.7580103454555399
培,垍,0.7572200760819969
培,语,0.7568121521229817
