char1,char2,similarity
埻,埻,1.0
埻,崞,0.8020574411627133
埻,啍,0.7931994713550418
埻,惇,0.7904404487083758
埻,垀,0.7882805338853437
埻,垾,0.7833508801042147
埻,朜,0.782203935355768
埻,稕,0.7775534686374593
埻,坾,0.7576090921150694
埻,垰,0.7564893804493814
