char1,char2,similarity
埸,埸,1.0
埸,堨,0.7985984033677117
埸,惕,0.7929941639624676
埸,塥,0.7870778326172579
埸,晹,0.7835295675107258
埸,掦,0.7818379239892431
埸,锡,0.7695733744847866
埸,睗,0.7580998669005177
埸,埚,0.7547309393071916
埸,垓,0.7537762990880037
