char1,char2,similarity
堊,堊,1.0
堊,罜,0.798113244371655
堊,堅,0.7880465002121039
堊,坖,0.78654543111797
堊,昰,0.7799962755751596
堊,埾,0.7775821705535595
堊,垦,0.7686935503977949
堊,壆,0.7636468558705355
堊,堥,0.7612264719064702
堊,塈,0.7574867035764092
