char1,char2,similarity
堄,堄,1.0
堄,棿,0.7926243226750873
堄,唲,0.7874305778294255
堄,垙,0.7871257116552585
堄,倪,0.7758574502789741
堄,垊,0.7740544095503996
堄,垷,0.7732572546008138
堄,埦,0.7723348190346314
堄,掜,0.7701768442474882
堄,塄,0.7646975957222011
