char1,char2,similarity
堉,堉,1.0
堉,堶,0.7879939732686098
堉,埥,0.7791530384529081
堉,塇,0.7762730108663729
堉,垏,0.7738456726535988
堉,情,0.7639574503434112
堉,增,0.761993213441808
堉,塆,0.75860015738966
堉,垲,0.7569211738187368
堉,堷,0.756274199284526
