char1,char2,similarity
堌,堌,1.0
堌,垇,0.8388177696579199
堌,埛,0.832274971110678
堌,坰,0.8177149004557023
堌,埇,0.7950677186455853
堌,垌,0.7942250782194075
堌,棝,0.7867068136428654
堌,炯,0.7858188173740934
堌,捆,0.7638820897288562
堌,怲,0.7616790514873717
