char1,char2,similarity
堓,堓,1.0
堓,垾,0.8184821407323708
堓,埍,0.7791279309535806
堓,埁,0.7775929150409293
堓,坼,0.7670637448052235
堓,垷,0.7541794769662751
堓,埫,0.7541615060288286
堓,堤,0.7499084768672153
堓,埻,0.7481643106714789
堓,坢,0.7461984061143506
