char1,char2,similarity
堐,堐,1.0
堐,埂,0.7527920694072411
堐,啀,0.748664613797775
堐,恇,0.744600849952562
堐,塪,0.7406346006435558
堐,塅,0.7374137080436913
堐,洭,0.7366923429005076
堐,墶,0.7359886119932348
堐,睚,0.7338861610303199
堐,捱,0.7337681187423494
