char1,char2,similarity
堏,堏,1.0
堏,堃,0.8138233550985203
堏,埅,0.7835746063099577
堏,室,0.7599352207668534
堏,埜,0.7534851620392904
堏,垈,0.7431996263425125
堏,垄,0.7420113391859071
堏,荎,0.7411721752591579
堏,垼,0.7395869341938219
堏,苴,0.7392686545126681
