char1,char2,similarity
堎,堎,1.0
堎,埐,0.7779953325505805
堎,堫,0.7637462362468458
堎,淩,0.7603918819797107
堎,棱,0.7596165203214053
堎,掕,0.7578878547192464
堎,垵,0.7552583393023371
堎,埈,0.7530718564860143
堎,碐,0.7500050413244894
堎,坄,0.748252523168657
