char1,char2,similarity
堞,堞,1.0
堞,渫,0.7984226269512055
堞,谍,0.783351828437271
堞,偞,0.7755954277413896
堞,揲,0.7501874842338997
堞,惵,0.7225212825618083
堞,墆,0.7142686102318054
堞,澡,0.7135004018859491
堞,垓,0.7129153270324322
堞,滐,0.7124421597335164
