char1,char2,similarity
堟,堟,1.0
堟,瑑,0.7791866043147472
堟,塜,0.7565346033512389
堟,褖,0.7481977782693552
堟,塨,0.7478921205350553
堟,禒,0.7434202884716108
堟,湪,0.7419860140697677
堟,猭,0.7411198060905878
堟,縁,0.7381170805660948
堟,掾,0.7364670802746233
