char1,char2,similarity
堡,堡,1.0
堡,星,0.7616260992828923
堡,垡,0.7615930058612519
堡,塗,0.7602569523627712
堡,垦,0.7464826050325652
堡,垼,0.7423534611372737
堡,偓,0.7362511696837458
堡,望,0.7345623670323239
堡,烾,0.7338594034497985
堡,垈,0.7330270823433783
