char1,char2,similarity
堩,堩,1.0
堩,耴,0.7383430547208512
堩,取,0.7331130527639873
堩,堐,0.7243063158892447
堩,恇,0.7223777048665757
堩,墶,0.7203786433604421
堩,坷,0.7154716012147249
堩,堢,0.7145987915130199
堩,龃,0.7110318309846397
堩,暅,0.7103437776543757
