char1,char2,similarity
堠,堠,1.0
堠,缑,0.7952371641507513
堠,喉,0.7520518030448741
堠,埚,0.7391348235817029
堠,垻,0.7382546722120091
堠,睺,0.7377079258418802
堠,坻,0.7317450016303952
堠,埙,0.7239696206021221
堠,墚,0.7234505730553948
堠,坂,0.7207082878264508
