char1,char2,similarity
堧,堧,1.0
堧,愞,0.7863453581529993
堧,埃,0.7814006232410835
堧,媆,0.7795817054544721
堧,悮,0.7753259716268069
堧,垻,0.7748461883248018
堧,墺,0.7704339073415409
堧,埧,0.7701490661849982
堧,瑌,0.7622019378820559
堧,偄,0.7617176237346556
