char1,char2,similarity
堢,堢,1.0
堢,槑,0.77068275280133
堢,媬,0.7193824283713462
堢,悯,0.7163741548162607
堢,坼,0.715619486631849
堢,堩,0.7145987915130199
堢,墋,0.7144707475072947
堢,湺,0.7134658198335834
堢,塪,0.7122793647366135
堢,椺,0.7120510347378393
