char1,char2,similarity
堤,堤,1.0
堤,垾,0.8112113073350081
堤,瑅,0.8033984811343126
堤,偍,0.7994285363593604
堤,埧,0.7879652220651231
堤,堛,0.7841845666663253
堤,睼,0.7769321225685213
堤,埍,0.7765458059687039
堤,垀,0.7679981226281196
堤,圳,0.7625433654592875
