char1,char2,similarity
堨,堨,1.0
堨,愒,0.8108574063351325
堨,埸,0.7985984033677117
堨,揭,0.7947252212671039
堨,埨,0.7694845328032675
堨,塪,0.7647527754823268
堨,埇,0.7637882962826325
堨,偈,0.7602872644527539
堨,猲,0.7586373245683973
堨,掲,0.7526730677202592
