char1,char2,similarity
堦,堦,1.0
堦,湝,0.8344454479879391
堦,瑎,0.8211814764691532
堦,揩,0.7984838679408702
堦,谐,0.7906855666322836
堦,媘,0.7868106696753249
堦,塯,0.7852390289060845
堦,喈,0.7752337342970553
堦,楷,0.7650776944409917
堦,堵,0.7600437291899663
