char1,char2,similarity
報,報,1.0
報,耜,0.7266949698279113
報,頼,0.7198701880383955
報,齦,0.712522200634748
報,軻,0.7081161834236755
報,軹,0.7071085090347615
報,鞎,0.7049438193513986
報,卭,0.6981349426267156
報,赧,0.6961096245150036
報,顊,0.6954573855837005
