char1,char2,similarity
堯,堯,1.0
堯,弄,0.7381035307767622
堯,旯,0.7349615602547496
堯,耎,0.7330004334961437
堯,焉,0.7282155663393164
堯,夫,0.7281299377939022
堯,羛,0.7274123551913341
堯,卨,0.726343203734786
堯,長,0.7261514593078104
堯,亮,0.7235164653407496
