char1,char2,similarity
堲,堲,1.0
堲,埅,0.7557478078100722
堲,堅,0.7498009487376766
堲,墅,0.7481580200961738
堲,塦,0.7467088260411917
堲,堻,0.7460662949648732
堲,壂,0.7421562640539024
堲,堊,0.7387635417509355
堲,壐,0.7386584927271941
堲,琧,0.7384769778641928
