char1,char2,similarity
堪,堪,1.0
堪,谌,0.8388025073514138
堪,湛,0.8262507985295059
堪,愖,0.8052220852941088
堪,偡,0.7761709215672413
堪,啿,0.7546381152348169
堪,谋,0.7437048830141348
堪,崽,0.7430342319044967
堪,媅,0.7331112107583502
堪,煁,0.7290663075938713
