char1,char2,similarity
堹,堹,1.0
堹,揰,0.8287476586563418
堹,喠,0.7913045680121024
堹,煄,0.7899825480812389
堹,畽,0.7897690118242517
堹,塏,0.7829499153519989
堹,惲,0.7773785001663684
堹,媑,0.7709143764778814
堹,埵,0.770475087118051
堹,墠,0.769567912261873
