char1,char2,similarity
堶,堶,1.0
堶,埥,0.840731920484828
堶,媠,0.8059921666812445
堶,堉,0.7879939732686098
堶,埍,0.7706196606276284
堶,墙,0.7705437472699614
堶,堾,0.7584543628636253
堶,崝,0.7581732994671981
堶,壻,0.7556516048773628
堶,垾,0.7519458542759406
