char1,char2,similarity
堼,堼,1.0
堼,墊,0.7622508505649229
堼,塹,0.7515745316003257
堼,皇,0.7477487774136989
堼,堃,0.742119051460261
堼,墜,0.7382211189785994
堼,堏,0.73651083618212
堼,墪,0.7323644890511892
堼,室,0.7289407883453715
堼,埅,0.7246004339967856
