char1,char2,similarity
堻,堻,1.0
堻,塣,0.7765385646537036
堻,塦,0.7718175719613714
堻,塗,0.7653593727631296
堻,塰,0.7616878523823216
堻,墏,0.7462610588082914
堻,堲,0.7460662949648732
堻,垼,0.7421669703063107
堻,埿,0.7383530339020057
堻,塾,0.7380566346864439
