char1,char2,similarity
塄,塄,1.0
塄,愣,0.8241947270342627
塄,堄,0.7646975957222011
塄,楞,0.7618209626504125
塄,坍,0.7378705492741399
塄,堽,0.7359636864433596
塄,墂,0.7306843785956033
塄,坋,0.728360864559136
塄,埒,0.7262156708242319
塄,塓,0.7237070751879459
