char1,char2,similarity
堾,堾,1.0
堾,媋,0.7919398255430086
堾,堷,0.7818617388840402
堾,垥,0.7753512552122217
堾,瑃,0.774002470988074
堾,塎,0.7723968545076697
堾,墙,0.763814777158694
堾,堵,0.7608019257504054
堾,椿,0.7597440802667847
堾,墡,0.7587735962596238
