char1,char2,similarity
塅,塅,1.0
塅,瑖,0.79146123180254
塅,缎,0.7616228452267654
塅,煅,0.7597568184899567
塅,徦,0.7591349478619785
塅,瑕,0.7549303607741846
塅,假,0.7538677085620342
塅,锻,0.7472684415726527
塅,堐,0.7374137080436913
塅,腶,0.7343564256532746
