char1,char2,similarity
堿,堿,1.0
堿,減,0.7796645162111457
堿,城,0.756292366666224
堿,墄,0.738421044844302
堿,傶,0.73400804477047
堿,喊,0.7327194636698248
堿,域,0.7223286223617882
堿,惐,0.7202990214683046
堿,棫,0.7141796973437704
堿,悈,0.7136104757737899
