char1,char2,similarity
塂,塂,1.0
塂,塨,0.7489556261569286
塂,堾,0.7429428873442591
塂,坨,0.7327672035083099
塂,垉,0.728791277689911
塂,玱,0.7270412995690521
塂,堵,0.7209865692770304
塂,埢,0.7208952811564425
塂,洔,0.7200225816506747
塂,港,0.7197009821108035
