char1,char2,similarity
塇,塇,1.0
塇,喧,0.7975935293621903
塇,瑄,0.796613551980099
塇,埴,0.7961778907121859
塇,睻,0.7913930553913306
塇,縇,0.7859047271202796
塇,碹,0.784928830501055
塇,堉,0.7762730108663729
塇,蝖,0.7747667859498929
塇,渲,0.7722419146703381
