char1,char2,similarity
塌,塌,1.0
塌,溻,0.8098912917110436
塌,傝,0.7964948786800179
塌,榻,0.7828235211653491
塌,埽,0.7564125420151666
塌,埚,0.7498260424252116
塌,墁,0.7438598504501235
塌,愓,0.7419935168897689
塌,埸,0.7419203536073856
塌,渇,0.7381638068432889
