char1,char2,similarity
塏,塏,1.0
塏,堹,0.7829499153519989
塏,暟,0.779968107437788
塏,坦,0.7716371156056896
塏,皚,0.7653320328823509
塏,榿,0.7650660086717601
塏,愷,0.7584652804493921
塏,埥,0.756387458159014
塏,埧,0.7558281403938385
塏,墱,0.7548314450893256
