char1,char2,similarity
塎,塎,1.0
塎,熔,0.8071947095195271
塎,搈,0.8012288302114472
塎,愹,0.7919716638711645
塎,榕,0.7756827377717792
塎,堾,0.7723968545076697
塎,瑢,0.7704831060441031
塎,垳,0.7595382601520888
塎,愘,0.7588534070249127
塎,嵱,0.7558775255481281
