char1,char2,similarity
塐,塐,1.0
塐,嫊,0.7907432595754407
塐,埥,0.7717901309829525
塐,壋,0.7606018410217708
塐,埣,0.7556322211339591
塐,埫,0.7527381476765506
塐,墂,0.7522541006694496
塐,愫,0.7507257548337519
塐,墝,0.7492539052244293
塐,堶,0.7454111083494567
