char1,char2,similarity
塋,塋,1.0
塋,垩,0.774425223578601
塋,嵤,0.7680493983449669
塋,瑩,0.7536781858084193
塋,坚,0.7530702631742388
塋,型,0.74699068467694
塋,埜,0.7469807914480673
塋,垫,0.7444456093938278
塋,坠,0.7402793670175721
塋,垈,0.7359359889787979
