char1,char2,similarity
塉,塉,1.0
塉,嵴,0.7747578227650678
塉,垳,0.7580995529167237
塉,坿,0.7554520267261159
塉,埼,0.7541809912010677
塉,堉,0.7506224365898705
塉,埮,0.7434754500592752
塉,壋,0.7421907934922426
塉,坊,0.7390724550374246
塉,埥,0.7378874623807641
