char1,char2,similarity
塒,塒,1.0
塒,溡,0.754237537183677
塒,崻,0.7317773300215502
塒,垮,0.7268050055307956
塒,墘,0.7218766793816604
塒,垳,0.7178602120881484
塒,埘,0.7168133914472724
塒,壢,0.7162380442882328
塒,偫,0.7138720321242761
塒,瑡,0.7095721382056257
