char1,char2,similarity
塙,塙,1.0
塙,搞,0.8097626644579955
塙,傐,0.8005441124217013
塙,滈,0.7955104252061155
塙,稿,0.7934753797656798
塙,镐,0.7858202824665043
塙,皜,0.7752609351825636
塙,缟,0.7703798761329397
塙,嗃,0.7675254204447765
塙,墑,0.7619703391886706
