char1,char2,similarity
塔,塔,1.0
塔,溚,0.7906466327123594
塔,嗒,0.7533862653408279
塔,坩,0.7470202051942136
塔,堵,0.7319926497562579
塔,垮,0.7310178668526794
塔,埖,0.726927817861745
塔,塃,0.7249622860373967
塔,墋,0.7218653392686603
塔,塙,0.7186385283578476
