char1,char2,similarity
塖,塖,1.0
塖,嵊,0.7908040540174154
塖,溗,0.7766996745498526
塖,惈,0.771436514436882
塖,垜,0.7641417105076131
塖,堣,0.7528313054972481
塖,坪,0.7411953826774846
塖,墠,0.7392384397030439
塖,墿,0.7392217154479538
塖,堁,0.7357461522800066
