char1,char2,similarity
塓,塓,1.0
塓,埧,0.8003192410084448
塓,暝,0.7911463434042555
塓,慏,0.7668705618781754
塓,埙,0.7528234616638382
塓,槕,0.7454543602748714
塓,惧,0.745261036427132
塓,螟,0.7446419517919238
塓,熐,0.7419694339195445
塓,垌,0.7401299933257296
