char1,char2,similarity
塚,塚,1.0
塚,塜,0.7575159269772973
塚,垻,0.7499730456379842
塚,墿,0.7363324180944277
塚,墕,0.7316344401166428
塚,塛,0.7310465842355895
塚,坻,0.7302455451451633
塚,埧,0.7286172118213474
塚,墠,0.7275932503989365
塚,堚,0.7275010613005094
