char1,char2,similarity
塣,塣,1.0
塣,望,0.781136393416053
塣,堻,0.7765385646537036
塣,罣,0.7655897854599546
塣,琧,0.7623182684486608
塣,墅,0.7620352748752357
塣,塰,0.758611711425909
塣,星,0.7524752786411445
塣,皇,0.7507390677949373
塣,塁,0.7489711305093095
