char1,char2,similarity
塡,塡,1.0
塡,愼,0.800527186663413
塡,墤,0.7474298590470366
塡,慣,0.7431939956661349
塡,憒,0.7327717611662051
塡,墧,0.7273812485643802
塡,壎,0.7203562174843684
塡,墫,0.7145930568194931
塡,壧,0.7121604384980978
塡,塌,0.7102050470457535
