char1,char2,similarity
塥,塥,1.0
塥,搹,0.7937494686808804
塥,滆,0.7886960694217119
塥,堝,0.7874960095783823
塥,埸,0.7870778326172579
塥,嗝,0.7644868519906668
塥,愒,0.7487229556246762
塥,堨,0.7449009997784547
塥,橸,0.7406350526569472
塥,镉,0.7380128860825763
