char1,char2,similarity
塢,塢,1.0
塢,摀,0.7945297408998598
塢,嗚,0.7668025948531684
塢,熓,0.7555812169685576
塢,堝,0.7551234994370473
塢,埠,0.7534911740593084
塢,螐,0.7491861127062975
塢,垆,0.7469418251987116
塢,瑦,0.7463440566414402
塢,垏,0.743164254774433
