char1,char2,similarity
塝,塝,1.0
塝,謗,0.7734912214912537
塝,嫎,0.773155629430234
塝,墑,0.7540084375072561
塝,搒,0.7504038400077192
塝,徬,0.7495150081602536
塝,縍,0.746842376095777
塝,墝,0.7457235663080743
塝,墇,0.7453027654133112
塝,墥,0.7442279089987138
