char1,char2,similarity
塠,塠,1.0
塠,塳,0.760036099332208
塠,垯,0.7496902357185192
塠,坦,0.7371791147822301
塠,慥,0.7336659472265447
塠,琎,0.7304757899658582
塠,墶,0.7249542886539675
塠,垣,0.7248781322144497
塠,递,0.7239593976284207
塠,塮,0.7226887678641267
