char1,char2,similarity
塮,塮,1.0
塮,榭,0.8013925678237267
塮,谢,0.7877120161547337
塮,埘,0.7439699298850562
塮,鮒,0.7327446723025373
塮,墛,0.7297186899303612
塮,塠,0.7226887678641267
塮,樹,0.7224101219115353
塮,濧,0.7212060718261978
塮,堬,0.7125383663097113
