char1,char2,similarity
塨,塨,1.0
塨,塂,0.7489556261569286
塨,堟,0.7478921205350553
塨,墋,0.7308737290036269
塨,堬,0.7237664737591083
塨,垮,0.7235727109670372
塨,塖,0.7229358962532713
塨,塃,0.7211500868224096
塨,堵,0.7193887779555649
塨,堨,0.7184943515829252
