char1,char2,similarity
塦,塦,1.0
塦,堻,0.7718175719613714
塦,墜,0.7667696662782731
塦,墏,0.7607077804386442
塦,墬,0.7597260156700621
塦,墮,0.7570054076655328
塦,塰,0.748417669168865
塦,堲,0.7467088260411917
塦,垼,0.7458988913427926
塦,堕,0.7412858952412392
