char1,char2,similarity
填,填,1.0
填,滇,0.8026025002715815
填,慎,0.7902321460975145
填,傎,0.784256696035764
填,壈,0.7811536200870324
填,嗔,0.7700300143403249
填,搷,0.7650239242742848
填,堾,0.7494545785175923
填,槙,0.7448948351474227
填,墖,0.7420354096451399
