char1,char2,similarity
塪,塪,1.0
塪,堨,0.7647527754823268
塪,慆,0.7640616220983831
塪,瑫,0.7613205793222003
塪,埳,0.757061966637367
塪,滔,0.755249757671933
塪,堧,0.7514420864601247
塪,埧,0.7477695327533989
塪,垺,0.7466523537341045
塪,堌,0.7455759279577241
