char1,char2,similarity
塸,塸,1.0
塸,慪,0.8065943117297031
塸,摳,0.7946315879471453
塸,惬,0.781611342846712
塸,嫗,0.7778735737774117
塸,堙,0.7661376106038121
塸,傴,0.765540255312222
塸,嘔,0.7614792356138269
塸,漚,0.757807701005472
塸,埡,0.7534432450473036
