char1,char2,similarity
塷,塷,1.0
塷,樐,0.7809281791786491
塷,墑,0.7719222708134759
塷,墻,0.7590915982151849
塷,垧,0.7475965430644917
塷,堈,0.7452847252354122
塷,墙,0.744863236465122
塷,埆,0.7435908712670539
塷,塙,0.740509176274473
塷,埳,0.7389947965796844
