char1,char2,similarity
塲,塲,1.0
塲,塙,0.75718054575668
塲,塝,0.73179817298821
塲,埧,0.7314698788026451
塲,墲,0.7230244340476669
塲,坈,0.7225263116113827
塲,圯,0.7219821693629099
塲,塭,0.7219334882747933
塲,墥,0.7207097216302288
塲,垶,0.7198992985092998
