char1,char2,similarity
塹,塹,1.0
塹,堑,0.7819911717133581
塹,壍,0.7600688556987143
塹,墪,0.7518840900206543
塹,堼,0.7515745316003257
塹,墍,0.7494546840317751
塹,墊,0.7458475960430988
塹,茥,0.7414274273219659
塹,塦,0.7364585175196195
塹,塾,0.7354458256254907
