char1,char2,similarity
塰,塰,1.0
塰,塗,0.763071659850671
塰,堻,0.7616878523823216
塰,塣,0.758611711425909
塰,塦,0.748417669168865
塰,塱,0.736744895013551
塰,墯,0.7345467213584198
塰,壍,0.7336335116845671
塰,塹,0.7239321126754839
塰,罣,0.723540434841632
