char1,char2,similarity
墁,墁,1.0
墁,摱,0.8013134476423935
墁,馒,0.7877498606169892
墁,僈,0.7802238524983665
墁,熳,0.7775285076901641
墁,獌,0.7669252546210481
墁,谩,0.7633767109140964
墁,慢,0.7618258205463336
墁,镘,0.7601498655474007
墁,埐,0.7552532540743347
