char1,char2,similarity
塿,塿,1.0
塿,慺,0.7753563865394579
塿,漊,0.7730629558535851
塿,墤,0.7724277488242386
塿,嘍,0.7631868235806235
塿,摟,0.7545865844542888
塿,墺,0.7493821346329591
塿,壤,0.7451236176644925
塿,瞜,0.7424697371684783
塿,埂,0.7389808351409611
