char1,char2,similarity
塻,塻,1.0
塻,漠,0.7916896063411725
塻,瞙,0.7704929069806082
塻,暯,0.76959404068269
塻,嗼,0.7672884731525004
塻,埂,0.7653837559016973
塻,坦,0.7526103412349117
塻,谟,0.7510503668279842
塻,嗅,0.7477973815516115
塻,搝,0.7449542979467019
