char1,char2,similarity
墀,墀,1.0
墀,摨,0.8165822868863948
墀,漽,0.7883411176186282
墀,徲,0.7861637416200712
墀,堀,0.7146402331607971
墀,搙,0.7122526171825386
墀,憚,0.710906585825383
墀,搱,0.710188251799201
墀,埤,0.7098285776947996
墀,堚,0.7089658462841634
