char1,char2,similarity
墂,墂,1.0
墂,摽,0.8251854665159774
墂,镖,0.7849810888352676
墂,慓,0.7788856201803231
墂,墕,0.771380410815077
墂,堚,0.7694724599528485
墂,墰,0.760212034943721
墂,僄,0.7600881524959373
墂,墿,0.7593095538961125
墂,塜,0.7560706901953599
