char1,char2,similarity
墉,墉,1.0
墉,嫞,0.7266594341565291
墉,境,0.7173990397460227
墉,壥,0.7128047462614474
墉,墤,0.7107896493471422
墉,壕,0.7089857292726864
墉,壤,0.7086965933550605
墉,穞,0.7060149554569137
墉,墛,0.7056188015475299
墉,墄,0.7030983233704733
