char1,char2,similarity
墆,墆,1.0
墆,滯,0.7512491212610672
墆,墿,0.7456380339166904
墆,摕,0.7323779417078979
墆,谍,0.7263697684788663
墆,墋,0.7244782398195309
墆,墢,0.7193644027111128
墆,埩,0.7176398269321679
墆,垰,0.7145945903340105
墆,堞,0.7142686102318054
