char1,char2,similarity
墋,墋,1.0
墋,滲,0.8042830532986277
墋,慘,0.8002757924517278
墋,摻,0.7455738591690667
墋,謲,0.7376848492636133
墋,堟,0.7355019569092819
墋,穇,0.7344076327528127
墋,傪,0.7338655912943057
墋,塨,0.7308737290036269
墋,槮,0.7270910305828953
