char1,char2,similarity
墔,墔,1.0
墔,漼,0.8261331860651658
墔,摧,0.8208192981434029
墔,熣,0.8120896990832137
墔,皠,0.7734306730524663
墔,墦,0.7724240466669212
墔,獕,0.7647679229253008
墔,慛,0.7638982525016101
墔,催,0.7621661746579307
墔,璀,0.7526727329376438
