char1,char2,similarity
墖,墖,1.0
墖,壋,0.7870671609288581
墖,墳,0.7514557118716364
墖,堦,0.7510151751044462
墖,墙,0.7508117635290738
墖,増,0.7468437348630307
墖,堾,0.745935699740159
墖,墠,0.7433381341172584
墖,填,0.7420354096451399
墖,壏,0.7374590415668845
