char1,char2,similarity
墕,墕,1.0
墕,墂,0.771380410815077
墕,埧,0.771335237741935
墕,壻,0.7671206776861492
墕,墝,0.7577161953875716
墕,埫,0.7576186330608208
墕,垾,0.7551393457549768
墕,墿,0.7529347266763069
墕,堚,0.7528922647569721
墕,堤,0.7526302865769116
