char1,char2,similarity
墐,墐,1.0
墐,槿,0.8200011573762331
墐,馑,0.8154352368312963
墐,墥,0.8099418592310971
墐,瑾,0.7797726122331925
墐,壒,0.7722829442679856
墐,堹,0.7687031331044926
墐,垤,0.7671047799247533
墐,塃,0.764137633452644
墐,谨,0.7567061609626974
