char1,char2,similarity
墠,墠,1.0
墠,憚,0.7931035699316117
墠,墿,0.7872205698861299
墠,樿,0.776851530430934
墠,堹,0.769567912261873
墠,撣,0.7646189612963564
墠,揮,0.7579302124559708
墠,惲,0.7573896232969164
墠,堚,0.7565791876980229
墠,垾,0.7554186367520961
