char1,char2,similarity
墜,墜,1.0
墜,塦,0.7667696662782731
墜,堕,0.7394098668972886
墜,堼,0.7382211189785994
墜,皇,0.7307312658987087
墜,堅,0.7278986646118103
墜,匡,0.7259037864648545
墜,埅,0.7218774478797857
墜,埀,0.7212900959350667
墜,墍,0.7206584345678423
