char1,char2,similarity
墙,墙,1.0
墙,樯,0.7980718971288164
墙,墑,0.7792016242309966
墙,埥,0.7760256976031172
墙,堶,0.7705437472699614
墙,墝,0.7670469353861212
墙,埫,0.765472777976004
墙,堾,0.763814777158694
墙,墻,0.7614403379940565
墙,壋,0.75581526046794
