char1,char2,similarity
墝,墝,1.0
墝,燒,0.8112959844904827
墝,徺,0.7967930036473612
墝,嶢,0.7946218157149885
墝,皢,0.7931055888965819
墝,嬈,0.7898051499776193
墝,撓,0.7769735607440446
墝,僥,0.7681645771378505
墝,墙,0.7670469353861212
墝,壋,0.7665666478741048
