char1,char2,similarity
墡,墡,1.0
墡,缮,0.7876538221752926
墡,堾,0.7587735962596238
墡,堵,0.7586166485944862
墡,堷,0.7535234419770774
墡,垳,0.7442598017661686
墡,墫,0.7407347524235693
墡,墴,0.7406987801559144
墡,樁,0.7403486520148261
墡,墦,0.7396881572276256
