char1,char2,similarity
墚,墚,1.0
墚,塛,0.7709458406524037
墚,垜,0.7469109136643656
墚,坻,0.7346858977969802
墚,坪,0.7307983361994526
墚,媣,0.7282494887941564
墚,桗,0.7277247545463716
墚,堜,0.7258072827298593
墚,璖,0.7245374808877528
墚,塖,0.7234803325744305
