char1,char2,similarity
墟,墟,1.0
墟,噓,0.7976160435071311
墟,嘘,0.7852932846978844
墟,憈,0.7813959265976452
墟,淲,0.7478538363406881
墟,谑,0.7334036609607255
墟,城,0.7323782014167558
墟,壉,0.7126607568606743
墟,逴,0.7097129913355353
墟,唬,0.7091211552228941
