char1,char2,similarity
墘,墘,1.0
墘,塒,0.7218766793816604
墘,慚,0.715762941147424
墘,域,0.7122165820194863
墘,漧,0.7109569427354657
墘,城,0.7095132705583681
墘,埖,0.7087760849909069
墘,壢,0.7053132187270672
墘,诺,0.7024543464667812
墘,埘,0.7020157512167486
