char1,char2,similarity
墪,墪,1.0
墪,塾,0.8124405190284761
墪,墊,0.7915186280119026
墪,塹,0.7518840900206543
墪,嶅,0.7434555933059668
墪,墍,0.7406231487806735
墪,壂,0.740142173744686
墪,罣,0.7394046277450504
墪,墼,0.7380328830163075
墪,塗,0.7346564885665484
