char1,char2,similarity
墣,墣,1.0
墣,镤,0.8003890579506607
墣,墴,0.7678441049144139
墣,撲,0.7574016864376096
墣,璞,0.757050645793331
墣,襆,0.7563319822658495
墣,噗,0.7475719244625043
墣,瞨,0.7465160905923208
墣,僕,0.7461445379550095
墣,壈,0.7413367692437269
