char1,char2,similarity
墨,墨,1.0
墨,噩,0.7472833836528284
墨,墼,0.7369543068691794
墨,垦,0.731847856933315
墨,星,0.7295801323543677
墨,塁,0.7289874841942328
墨,壐,0.728371675683154
墨,豊,0.7264706695018927
墨,畺,0.7228537793838998
墨,堡,0.7200187189677062
