char1,char2,similarity
墦,墦,1.0
墦,墔,0.7724240466669212
墦,憣,0.7654684350592249
墦,埍,0.7514545625313214
墦,墵,0.7477111011682815
墦,璠,0.747692996232872
墦,磻,0.74601018163204
墦,塯,0.7458300738474052
墦,堵,0.7457357829231652
墦,皤,0.7435386373368388
