char1,char2,similarity
墧,墧,1.0
墧,憍,0.8504869141233353
墧,壖,0.7741137562401031
墧,僑,0.7629966994294554
墧,燆,0.752657022206305
墧,墤,0.7505975354404898
墧,壋,0.750044776079846
墧,墕,0.7460600659566757
墧,垧,0.7415132093765353
墧,壎,0.7413225888788251
