char1,char2,similarity
墵,墵,1.0
墵,壖,0.8457859962060785
墵,埧,0.7573009796937971
墵,嚯,0.7519969229849062
墵,澐,0.749281176146063
墵,墤,0.7492407577027388
墵,懦,0.7487570160540428
墵,墦,0.7477111011682815
墵,瓀,0.7445172772577535
墵,擂,0.7412127207547751
