char1,char2,similarity
墲,墲,1.0
墲,撫,0.8032447387187394
墲,膴,0.776927423516044
墲,璑,0.7665193699370397
墲,憮,0.7631417778764866
墲,嫵,0.7620915878147986
墲,幠,0.7511068715635194
墲,塩,0.7488187262729638
墲,橅,0.7367013159341961
墲,埧,0.7366234688595289
