char1,char2,similarity
墱,墱,1.0
墱,璒,0.7718497963209211
墱,憕,0.7661327460762585
墱,埧,0.7569776527397881
墱,塏,0.7548314450893256
墱,坘,0.7540214694789088
墱,埡,0.7534365043814796
墱,嬁,0.7519023253648941
墱,墕,0.7448754578158959
墱,圻,0.7431842164741044
