char1,char2,similarity
墴,墴,1.0
墴,熿,0.8363221312113903
墴,撗,0.7808237148173813
墴,墣,0.7678441049144139
墴,獚,0.766548959212778
墴,埠,0.7586030020608703
墴,塯,0.7579180661838509
墴,墤,0.7520479851014832
墴,蟥,0.7512936873125066
墴,垬,0.7459129366888763
