char1,char2,similarity
墳,墳,1.0
墳,憤,0.8400984055958683
墳,墤,0.7552753030527104
墳,埥,0.755117250594964
墳,墝,0.754733368646436
墳,壙,0.7530142248114262
墳,墖,0.7514557118716364
墳,隫,0.7502479455995102
墳,壋,0.7478956521551415
墳,堹,0.7437817980339607
