char1,char2,similarity
墷,墷,1.0
墷,燁,0.8291118906122248
墷,曄,0.7785714681702377
墷,墸,0.775518266558606
墷,皣,0.7750502391312931
墷,璍,0.7717236008126889
墷,澕,0.7699420095515388
墷,嘩,0.7653779869688699
墷,撶,0.7546267415834855
墷,墇,0.7532982103193702
