char1,char2,similarity
墼,墼,1.0
墼,墪,0.7380328830163075
墼,墨,0.7369543068691794
墼,壑,0.7368313951353921
墼,壂,0.7367860115601937
墼,噩,0.7284516951892641
墼,墮,0.7239583463273179
墼,塾,0.7236644363056701
墼,望,0.7234896132651211
墼,蟚,0.7209720190439531
