char1,char2,similarity
墹,墹,1.0
墹,壛,0.7966763224754464
墹,僴,0.7787034738231086
墹,浻,0.773206360745635
墹,撋,0.7702827922465924
墹,墑,0.7665717570334007
墹,擱,0.763056633082087
墹,堈,0.7559053437976702
墹,撊,0.7538094210754319
墹,憪,0.7493727797652574
