char1,char2,similarity
壇,壇,1.0
壇,嬗,0.7794885199034356
壇,蟺,0.7767449931043676
壇,檀,0.7716411032727938
壇,壃,0.7710468207206591
壇,墥,0.7701850782550693
壇,壗,0.765892555878616
壇,璮,0.763599588389522
壇,堙,0.7602135793058902
壇,壒,0.754523034289846
