char1,char2,similarity
壈,壈,1.0
壈,填,0.7811536200870324
壈,埂,0.7664145005715547
壈,懔,0.758317871839547
壈,壃,0.7575063268599813
壈,塼,0.7551887146485722
壈,墣,0.7413367692437269
壈,憻,0.7411862341308173
壈,壌,0.7354478996547332
壈,堧,0.7331831541399311
