char1,char2,similarity
壃,壃,1.0
壃,僵,0.8277097641707434
壃,缰,0.7831779920807226
壃,壇,0.7710468207206591
壃,憻,0.7669659959124543
壃,礓,0.7637843268242032
壃,繮,0.759465600197985
壃,橿,0.7589304627430813
壃,壈,0.7575063268599813
壃,壏,0.7513623789797054
