char1,char2,similarity
壀,壀,1.0
壀,僻,0.813820252453182
壀,噼,0.7971405305577626
壀,澼,0.7741880395058269
壀,擗,0.7635027685943719
壀,辩,0.7235635214733643
壀,辨,0.7197750560099239
壀,埘,0.7196403567272833
壀,墋,0.7089729603076681
壀,辫,0.7080116089038269
