char1,char2,similarity
壉,壉,1.0
壉,懅,0.8229543160520387
壉,壚,0.7830836808096474
壉,璩,0.780985861316919
壉,爐,0.7442448722077886
壉,濾,0.7407807782425034
壉,壧,0.7336510816149752
壉,攄,0.7335626751434781
壉,擄,0.730711952291837
壉,堸,0.7278507407798598
