char1,char2,similarity
壏,壏,1.0
壏,塧,0.7791406196360474
壏,壗,0.7698784921961845
壏,壒,0.7639262854539304
壏,塭,0.7584834622405603
壏,懢,0.7571722977763617
壏,墭,0.7563875991045381
壏,檻,0.7553224205998376
壏,壇,0.7531632777875644
壏,塩,0.7528265256576085
