char1,char2,similarity
壒,壒,1.0
壒,瓂,0.805578569902475
壒,壗,0.7912115382739766
壒,墐,0.7722829442679856
壒,壏,0.7639262854539304
壒,垣,0.7606892330824547
壒,塭,0.7558781967587831
壒,壇,0.754523034289846
壒,塧,0.7498997671589386
壒,垭,0.7495796159301658
