char1,char2,similarity
壌,壌,1.0
壌,嬢,0.7449591046355137
壌,壙,0.7424555781429579
壌,墳,0.7411708943834846
壌,壈,0.7354478996547332
壌,墺,0.7282213781886464
壌,壉,0.725217998953448
壌,垵,0.7230198787655091
壌,埲,0.7221750089593726
壌,垓,0.7210990503625249
