char1,char2,similarity
壍,壍,1.0
壍,塹,0.7600688556987143
壍,壂,0.7418781891360942
壍,塰,0.7336335116845671
壍,墪,0.731862503564129
壍,壨,0.7314231041098005
壍,塦,0.7301522180872477
壍,墮,0.7281511217597636
壍,墍,0.727576946119033
壍,罣,0.7266960605829196
