char1,char2,similarity
壎,壎,1.0
壎,燻,0.7943730925531572
壎,曛,0.7784085234233875
壎,壖,0.7436430814826918
壎,壃,0.7425495140295733
壎,墧,0.7413225888788251
壎,墫,0.7411190199719695
壎,垓,0.7342677748246405
壎,墦,0.7328295044148944
壎,櫄,0.7326804700009738
