char1,char2,similarity
壋,壋,1.0
壋,璫,0.8075314639109225
壋,墖,0.7870671609288581
壋,墝,0.7665666478741048
壋,檔,0.7635887692892079
壋,塐,0.7606018410217708
壋,墙,0.75581526046794
壋,埫,0.7529040586647555
壋,墧,0.750044776079846
壋,墳,0.7478956521551415
