char1,char2,similarity
壚,壚,1.0
壚,爐,0.8095668069293499
壚,瓐,0.80117545058954
壚,擄,0.7939020416871012
壚,攎,0.7882010275781439
壚,櫨,0.787046970161881
壚,壉,0.7830836808096474
壚,曥,0.7703148422024869
壚,嚧,0.7657968717963841
壚,瀘,0.7464027845465347
