char1,char2,similarity
壛,壛,1.0
壛,墹,0.7966763224754464
壛,憪,0.7715464477362093
壛,嚪,0.758701218363465
壛,爓,0.7507150984200521
壛,爛,0.7504046952329743
壛,澗,0.737567796086883
壛,堋,0.7308287212551656
壛,濶,0.729936826527734
壛,浻,0.7286383988700837
