char1,char2,similarity
壝,壝,1.0
壝,瀢,0.7499020491060938
壝,壥,0.7238210560644064
壝,谴,0.7179012587293362
壝,遺,0.7066063639887017
壝,壚,0.7006124466461766
壝,壢,0.7004370931639038
壝,壪,0.697856655861868
壝,瓐,0.6972273458115061
壝,儙,0.6971063406536077
