char1,char2,similarity
壜,壜,1.0
壜,堣,0.7491982771691894
壜,墁,0.7346764072381523
壜,墇,0.7304448599882603
壜,壞,0.7290154670096178
壜,墥,0.726260807505447
壜,墻,0.7255496315808678
壜,堫,0.7243797691850105
壜,墿,0.7225601778062444
壜,埐,0.7190843843145786
