char1,char2,similarity
壣,壣,1.0
壣,嶇,0.6884746514718889
壣,厞,0.6788757981947143
壣,碅,0.6755419312312694
壣,堿,0.6739574970842921
壣,儩,0.673687034063437
壣,朏,0.6720924077753242
壣,壕,0.6719137881342043
壣,慟,0.6709888186847957
壣,硦,0.6706550602595303
