char1,char2,similarity
壤,壤,1.0
壤,攘,0.8425515227719265
壤,嚷,0.8230573159563132
壤,爙,0.7724853440452125
壤,忀,0.7674533911944024
壤,獽,0.764632033358584
壤,懹,0.7601297931438636
壤,瓖,0.7582946753021145
壤,塿,0.7451236176644925
壤,蠰,0.7423414634040825
