char1,char2,similarity
壟,壟,1.0
壟,塱,0.7523112049515654
壟,墯,0.7404061401126922
壟,墬,0.7397639844749789
壟,墮,0.7375878964767839
壟,菫,0.7288546334193219
壟,墊,0.7240914589124947
壟,重,0.7231864347927571
壟,塾,0.7181769567325836
壟,璧,0.7160806577849445
