char1,char2,similarity
壡,壡,1.0
壡,叡,0.7138554447011881
壡,督,0.7086264166333406
壡,最,0.7059912479469848
壡,瞥,0.7003384578544254
壡,镪,0.6988469938683316
壡,锉,0.6895547376304112
壡,駤,0.6888559721197303
壡,赶,0.6877686196372278
壡,腎,0.6866284640435001
