char1,char2,similarity
壧,壧,1.0
壧,孍,0.7679895742288151
壧,欕,0.7607983864620026
壧,巗,0.7558031862179048
壧,壉,0.7336510816149752
壧,堸,0.7151118457582497
壧,壛,0.7131611402416845
壧,塡,0.7121604384980978
壧,埱,0.7024176747468156
壧,垛,0.6985229937486886
