char1,char2,similarity
壥,壥,1.0
壥,壢,0.7466253966585794
壥,壝,0.7238210560644064
壥,堰,0.7211593989517553
壥,壚,0.7195365635763673
壥,攟,0.7143992363032134
壥,墉,0.7128047462614474
壥,懛,0.7123640172416441
壥,慮,0.7085871709201518
壥,瓐,0.7077259798509106
