char1,char2,similarity
壞,壞,1.0
壞,懷,0.8163742825128728
壞,櫰,0.8060456981881342
壞,瀤,0.7988895829690816
壞,瓌,0.7566669932523222
壞,塎,0.7514001041753984
壞,塶,0.7497777777070003
壞,堾,0.7479636383944818
壞,懐,0.7458805830216316
壞,填,0.737148848765396
