char1,char2,similarity
壢,壢,1.0
壢,儮,0.758607381827072
壢,壥,0.7466253966585794
壢,攊,0.7464494404581299
壢,嚦,0.720883589968053
壢,俷,0.7184268791456646
壢,塒,0.7162380442882328
壢,屉,0.7078728381254336
壢,墛,0.7075438888574197
壢,墟,0.7053193799245385
