char1,char2,similarity
壱,壱,1.0
壱,壳,0.7821668261234941
壱,夷,0.7510201164635013
壱,萱,0.7501411737989311
壱,皂,0.7423437436622365
壱,東,0.7394762636793013
壱,寿,0.7384314701537017
壱,咅,0.737358068548495
壱,叀,0.7353600006486936
壱,表,0.7348654934170746
