char1,char2,similarity
壭,壭,1.0
壭,覀,0.8020072276680968
壭,下,0.7999660797042858
壭,肀,0.7975498285018783
壭,芌,0.7930448240024404
壭,干,0.7801699537011886
壭,丁,0.7698742938458285
壭,卜,0.768098762389036
壭,千,0.7620825160289757
壭,荢,0.7617698792675792
