char1,char2,similarity
声,声,1.0
声,尸,0.7835410425009293
声,厂,0.7829180009377974
声,宆,0.7748470042755405
声,屵,0.7655352157785602
声,菺,0.7623304500331036
声,爫,0.759770968017734
声,严,0.7552607307663883
声,畄,0.7509406791894959
声,可,0.7507573572474127
