char1,char2,similarity
壨,壨,1.0
壨,壘,0.7913893886207747
壨,罣,0.7466639483498874
壨,墅,0.7417859045395973
壨,墍,0.7388311586731339
壨,望,0.7358538061058123
壨,螌,0.7338972190758108
壨,壍,0.7314231041098005
壨,耊,0.7290162226135347
壨,墪,0.7266952551850475
