char1,char2,similarity
売,売,1.0
売,无,0.8051995475623488
売,元,0.7960702410450108
売,兄,0.7830549751680216
売,児,0.7749243090591168
売,灮,0.7745955235376192
売,光,0.7703933479618497
売,旡,0.7691787393963406
売,兕,0.7641875638479094
売,允,0.7606740577755486
