char1,char2,similarity
壴,壴,1.0
壴,彑,0.7921763937349101
壴,壺,0.7860443553727444
壴,立,0.7852651944307305
壴,亖,0.7818092344267947
壴,豆,0.7773150493058326
壴,且,0.7769659182093193
壴,亗,0.7762973503267809
壴,巨,0.7678921566304007
壴,丕,0.7665737452329464
