char1,char2,similarity
壳,壳,1.0
壳,夷,0.7894722023415673
壳,壱,0.7821668261234941
壳,畁,0.775190076615881
壳,兗,0.7597835855121453
壳,吏,0.7581164211304277
壳,齐,0.7564346864290165
壳,克,0.7498824082476351
壳,肩,0.7490093068901272
壳,宠,0.7476682950245438
