char1,char2,similarity
壻,壻,1.0
壻,偦,0.7845803423324716
壻,埥,0.767824407286236
壻,墕,0.7671206776861492
壻,堶,0.7556516048773628
壻,堛,0.7534596205385972
壻,埧,0.7522050026326788
壻,堧,0.7507376806312581
壻,垾,0.7446286458745568
壻,坷,0.7438562655171453
