char1,char2,similarity
壷,壷,1.0
壷,壸,0.8391428649934051
壷,壺,0.8206594431448498
壷,壹,0.7912499421627254
壷,壴,0.7529891826356274
壷,壼,0.7421758042318994
壷,轰,0.7386807427841706
壷,泴,0.7381732777140982
壷,胄,0.7374094964077975
壷,眚,0.734738569964289
