char1,char2,similarity
壶,壶,1.0
壶,直,0.8185478408844434
壶,查,0.7651735656258701
壶,言,0.7630929649551352
壶,荁,0.7604409304258216
壶,羙,0.7599094560076929
壶,克,0.7595004524298823
壶,壵,0.7581260557517099
壶,美,0.7551265396910282
壶,王,0.7522344413900713
