char1,char2,similarity
夁,夁,1.0
夁,畵,0.7874262580308412
夁,畫,0.7482242651223311
夁,圊,0.7314354909656847
夁,僵,0.7270858717342309
夁,賣,0.7253619529385505
夁,蓸,0.7243680814178012
夁,夀,0.7242074488025779
夁,圛,0.723992154764416
夁,圍,0.7229370746768703
