char1,char2,similarity
处,处,1.0
处,虬,0.7629155480566083
处,廾,0.7573278985276853
处,虲,0.7459423791531952
处,寸,0.7391865497456225
处,讪,0.7383807968470826
处,人,0.7356661082032927
处,吐,0.7351229422947042
处,乩,0.7340450839772951
处,仦,0.7319785096609727
