char1,char2,similarity
壽,壽,1.0
壽,夀,0.8328499258574918
壽,畫,0.7509841384697957
壽,畵,0.7448961996052881
壽,量,0.7412504998775971
壽,晝,0.7397811549329747
壽,濤,0.7385334865000909
壽,賣,0.7350950938938065
壽,箒,0.7338479901472258
壽,擣,0.7338462576781721
