char1,char2,similarity
夃,夃,1.0
夃,冎,0.7371630064137776
夃,冫,0.7260850862163443
夃,乃,0.7258749859921902
夃,示,0.7202946366550048
夃,咼,0.7198467277721405
夃,刓,0.7195038445421775
夃,尸,0.7189420867511428
夃,凸,0.7185703059015003
夃,从,0.7174816870107705
