char1,char2,similarity
夏,夏,1.0
夏,曼,0.7960803166985624
夏,晨,0.7704829409460638
夏,貫,0.7661288880660178
夏,愛,0.7594685173274528
夏,嵏,0.755099140401912
夏,戛,0.7546915977632489
夏,复,0.7501665497747
夏,隻,0.7438089794261055
夏,雵,0.7240933237496869
