char1,char2,similarity
夆,夆,1.0
夆,夈,0.7780263067057873
夆,夅,0.7750211022819724
夆,睾,0.7645431269768882
夆,茟,0.7644148047086811
夆,爷,0.7247028129200797
夆,惫,0.7223952361266941
夆,蓽,0.7211731373973777
夆,辇,0.7183824019785782
夆,釜,0.7159345199141707
