char1,char2,similarity
夊,夊,1.0
夊,夂,0.842432841130069
夊,又,0.8115851000153015
夊,乂,0.8087141633458818
夊,义,0.8026300869810387
夊,夬,0.7993362549419318
夊,久,0.7896972534473803
夊,仧,0.7856833699367162
夊,仌,0.7810011985720697
夊,矢,0.7753112515975604
