char1,char2,similarity
夋,夋,1.0
夋,夕,0.7600301084045789
夋,交,0.7566676951572975
夋,支,0.7447322586024429
夋,攵,0.7386690678153326
夋,炱,0.7371162489973058
夋,殳,0.7370241371177504
夋,夌,0.7345952190345135
夋,攴,0.7335970955091511
夋,貟,0.7245841832623008
