char1,char2,similarity
夔,夔,1.0
夔,嬊,0.7169031212603677
夔,壅,0.6969063686843443
夔,鄽,0.693527057531976
夔,夢,0.6923675879826345
夔,复,0.6918412882945869
夔,蒌,0.6911726958766193
夔,蒆,0.6906675658851129
夔,萎,0.6868252835281885
夔,葽,0.686110172568771
