char1,char2,similarity
夕,夕,1.0
夕,乛,0.8027708567019254
夕,丶,0.8016972247030614
夕,乡,0.7983178952040155
夕,少,0.7948555497661028
夕,丷,0.7874963800326302
夕,歺,0.787175653248782
夕,广,0.7871113637907067
夕,久,0.7867337606302712
夕,乊,0.7849018355906031
