char1,char2,similarity
外,外,1.0
外,讣,0.8049421676311053
外,仆,0.7972481195244351
外,邜,0.7948988905395882
外,钋,0.7832194604065723
外,圠,0.7816900223830523
外,斘,0.7789181436037884
外,伓,0.7788064970248513
外,儿,0.7786205526480449
外,乣,0.7774720587683087
