char1,char2,similarity
夘,夘,1.0
夘,夗,0.783746716016452
夘,外,0.774481785369229
夘,卯,0.7738863524298819
夘,丱,0.7614166014534888
夘,邜,0.755656538985171
夘,兀,0.7548841010037822
夘,如,0.7497295257425403
夘,卲,0.7472914917101672
夘,知,0.7463540871974006
