char1,char2,similarity
够,够,1.0
够,夥,0.747591535140189
够,夦,0.7386485797760908
够,誃,0.7370454557394418
够,姼,0.7335040750003081
够,鉹,0.733159575748051
够,黟,0.7301060279760495
够,移,0.7223986079943727
够,蛥,0.7163877233116466
够,跢,0.7105536900243665
