char1,char2,similarity
夡,夡,1.0
夡,夠,0.7769714614163755
夡,鲒,0.7741739995280125
夡,喆,0.758694941373157
夡,黠,0.7333326491025267
夡,袺,0.7329349025919265
夡,祮,0.7258225081367408
夡,恄,0.716419774031986
夡,拮,0.7125223262840644
夡,煔,0.7065331834085098
