char1,char2,similarity
夛,夛,1.0
夛,灵,0.7653215260162524
夛,旻,0.7626444774701759
夛,妟,0.7545136303745855
夛,旹,0.743918376393096
夛,炅,0.7434600552003149
夛,歩,0.7430603156624208
夛,嵒,0.7401694347895739
夛,黾,0.7375073642635049
夛,寻,0.7350540784603808
