char1,char2,similarity
夫,夫,1.0
夫,失,0.8643709504656036
夫,夨,0.8341412534505588
夫,央,0.8301687303294112
夫,去,0.8299573309469975
夫,欠,0.8155779937328798
夫,夬,0.8135552058555462
夫,矢,0.8030300954259573
夫,夹,0.7952859976332992
夫,宊,0.7932208063115869
