char1,char2,similarity
夥,夥,1.0
夥,黟,0.7711096034343038
夥,颗,0.7556996351367711
夥,够,0.747591535140189
夥,跢,0.7319811968340747
夥,顆,0.731729850340549
夥,夦,0.729366486658315
夥,移,0.7169404199593338
夥,駱,0.7008126485581713
夥,敤,0.6997064880391703
