char1,char2,similarity
夨,夨,1.0
夨,失,0.8563747340673387
夨,夫,0.8341412534505588
夨,矢,0.8098471909825828
夨,央,0.8074398150866798
夨,欠,0.8046040210412311
夨,一,0.8007899931691792
夨,夬,0.7990568933425376
夨,关,0.7914457513145664
夨,乀,0.7875170117989299
