char1,char2,similarity
夲,夲,1.0
夲,夵,0.8515500229265721
夲,字,0.8082593537574505
夲,卆,0.8016878166071815
夲,芉,0.8015281261068086
夲,芊,0.7935908510735649
夲,个,0.7913551196110695
夲,芓,0.7853299781184252
夲,奈,0.7817767121067648
夲,丨,0.7792735765888885
