char1,char2,similarity
夯,夯,1.0
夯,夻,0.8074342752575263
夯,穷,0.7673928635113174
夯,充,0.7632548754544743
夯,夺,0.7627221734244898
夯,夼,0.7614036498487611
夯,杳,0.7611248534011504
夯,夳,0.7580943875142809
夯,仒,0.7537933758980929
夯,奋,0.7526012582641405
