char1,char2,similarity
夷,夷,1.0
夷,壳,0.7894722023415673
夷,聿,0.7834148258169029
夷,東,0.7745030067471441
夷,吏,0.7694232436146915
夷,苵,0.7634440609909319
夷,実,0.7617587766802913
夷,宎,0.7617079609532089
夷,宵,0.7607184212928075
夷,吴,0.7571754658071939
