char1,char2,similarity
央,央,1.0
央,夫,0.8301687303294112
央,夹,0.8206810224027835
央,失,0.8187442979644056
央,夨,0.8074398150866798
央,夬,0.8020060624355717
央,火,0.7962306783667298
央,欠,0.7920005913827128
央,仧,0.7900044128939689
央,夾,0.780810578426137
