char1,char2,similarity
夶,夶,1.0
夶,舦,0.7619606149284436
夶,畒,0.7609544029146075
夶,从,0.7572676788647806
夶,飤,0.7564927144976092
夶,八,0.7550140060589626
夶,馱,0.7538774099542145
夶,猌,0.7523788160864607
夶,丩,0.7508994344929114
夶,汃,0.7495527145704334
