char1,char2,similarity
夰,夰,1.0
夰,丌,0.7942843725877858
夰,介,0.790849729517683
夰,冖,0.7809108208329425
夰,弃,0.7739114439017237
夰,罒,0.773670551746393
夰,罓,0.7733973694625281
夰,夼,0.7733970413672614
夰,卄,0.7731047438807801
夰,升,0.7718777769181536
