char1,char2,similarity
奁,奁,1.0
奁,奎,0.815810499271768
奁,查,0.775090189940355
奁,奄,0.7735344798665141
奁,奋,0.7716939426975418
奁,夻,0.7602456869328964
奁,奈,0.7537346605949813
奁,艼,0.7464588947168982
奁,合,0.7431677774599205
奁,夺,0.7423952457143767
