char1,char2,similarity
夿,夿,1.0
夿,仺,0.8047740661900505
夿,奆,0.7840724287432264
夿,穵,0.7783872264743775
夿,琶,0.7572621630496962
夿,査,0.7567308100982405
夿,宦,0.7561062998540876
夿,全,0.7499350030538948
夿,窀,0.7461070832914979
夿,羍,0.7442217806853534
