char1,char2,similarity
奀,奀,1.0
奀,旲,0.7890311240638463
奀,尖,0.7585036196044006
奀,昗,0.7580311817352212
奀,芙,0.7436126470693301
奀,宎,0.7432044929068724
奀,晃,0.7365420329275404
奀,镸,0.7349322955017703
奀,仌,0.7345440871720009
奀,芺,0.7338175391563367
