char1,char2,similarity
夼,夼,1.0
夼,奋,0.7800616299835974
夼,夰,0.7733970413672614
夼,夲,0.7710151563045876
夼,夻,0.7662361879525332
夼,夵,0.7632439578663595
夼,杳,0.7624538031877333
夼,夯,0.7614036498487611
夼,卉,0.7613097234882524
夼,辛,0.7576217207751039
