char1,char2,similarity
夹,夹,1.0
夹,央,0.8206810224027835
夹,矢,0.8012436077050056
夹,夫,0.7952859976332992
夹,失,0.7916263245823238
夹,夬,0.7893103226773034
夹,夾,0.7853583316548746
夹,夨,0.7803144954716381
夹,灾,0.7722440254116615
夹,卉,0.7708709134054598
