char1,char2,similarity
奉,奉,1.0
奉,泰,0.7854202762337459
奉,春,0.7725911335491524
奉,舉,0.7652086663824104
奉,券,0.7598129181709501
奉,半,0.7499282204631953
奉,舂,0.7491841177959293
奉,華,0.7472872330727484
奉,車,0.742410408477599
奉,卷,0.7386684006469583
