char1,char2,similarity
奈,奈,1.0
奈,夲,0.7817767121067648
奈,奎,0.7714148202762935
奈,柰,0.760064944450779
奈,亲,0.7564459290708562
奈,奁,0.7537346605949813
奈,宗,0.747646050470347
奈,夵,0.7445379525062381
奈,余,0.7445097002367745
奈,茱,0.744468882172057
