char1,char2,similarity
奓,奓,1.0
奓,奒,0.7737003116185045
奓,奝,0.7495568117251021
奓,茤,0.7265515556042178
奓,奩,0.7232749781915049
奓,奞,0.721219199814802
奓,奛,0.715636862796177
奓,奟,0.7145494745866332
奓,奫,0.7018537731509216
奓,冨,0.6968654065294912
