char1,char2,similarity
奒,奒,1.0
奒,奓,0.7737003116185045
奒,奝,0.7510480318180397
奒,奟,0.7410782341331934
奒,奛,0.7353838226682599
奒,奞,0.7322860335446252
奒,奩,0.7197031318495727
奒,賁,0.7163857785763267
奒,砉,0.7136126216625
奒,實,0.7128776352453473
