char1,char2,similarity
奎,奎,1.0
奎,奁,0.815810499271768
奎,查,0.8031368642130128
奎,奄,0.8000832360706243
奎,奈,0.7714148202762935
奎,聖,0.76885222167003
奎,杢,0.7675350416894332
奎,罣,0.7638739889202018
奎,空,0.7604050588345087
奎,窒,0.756458513143797
