char1,char2,similarity
奔,奔,1.0
奔,弈,0.7800832564094243
奔,夸,0.7792571346479403
奔,李,0.7736377477869009
奔,夰,0.7700756763321094
奔,耷,0.7645503528174364
奔,弃,0.7536467886190709
奔,穽,0.7505289313387823
奔,苀,0.7436245845601379
奔,全,0.7414811827906741
