char1,char2,similarity
奛,奛,1.0
奛,奟,0.7594885814522805
奛,奩,0.7469442443152522
奛,奤,0.7437478790486428
奛,奝,0.7399303437156912
奛,而,0.7365191545682134
奛,奒,0.7353838226682599
奛,奞,0.7262838955077645
奛,币,0.7183287963862319
奛,奫,0.7174283667285904
