char1,char2,similarity
奚,奚,1.0
奚,爯,0.7598628402005151
奚,茣,0.7319100505175093
奚,雵,0.7201952084566813
奚,筽,0.718089159179839
奚,頁,0.7137586208380764
奚,奨,0.7119092788540559
奚,员,0.7074958662887783
奚,冥,0.7061755155658239
奚,覓,0.7023546222101199
