char1,char2,similarity
奣,奣,1.0
奣,喬,0.7341278160849396
奣,巿,0.7131503092704747
奣,昺,0.7124131613598285
奣,冐,0.7070407116723987
奣,谞,0.7001751037346641
奣,罱,0.6980757564869831
奣,苗,0.6977900745764322
奣,雽,0.6962002448148689
奣,焄,0.694351977649256
