char1,char2,similarity
奠,奠,1.0
奠,寞,0.7644278074421315
奠,尊,0.7535479573586522
奠,莨,0.7515177945140388
奠,菖,0.7481868244825717
奠,萛,0.7445449233466898
奠,曹,0.7402339938880239
奠,茰,0.7334219964395108
奠,算,0.7317181475835732
奠,兿,0.7290949539332623
