char1,char2,similarity
奡,奡,1.0
奡,霁,0.7348127479871489
奡,馵,0.733192192469235
奡,霓,0.7303225652455699
奡,戞,0.7273719529189511
奡,尋,0.7261102756966757
奡,櫐,0.7099467143556981
奡,異,0.7084086321584561
奡,曓,0.7079904375468672
奡,寺,0.7077589641967469
