char1,char2,similarity
奩,奩,1.0
奩,奝,0.7509306835587702
奩,奛,0.7469442443152522
奩,奟,0.7444340680467565
奩,西,0.7244263998908286
奩,奓,0.7232749781915049
奩,蔰,0.7210253196147324
奩,奒,0.7197031318495727
奩,帟,0.7166005106237742
奩,窤,0.7128772153565647
