char1,char2,similarity
奨,奨,1.0
奨,奬,0.7290086012184224
奨,焤,0.7256239736108898
奨,奦,0.7175842792215031
奨,奚,0.7119092788540559
奨,樊,0.7114051003231345
奨,狊,0.7055778623690917
奨,孁,0.6974147051758837
奨,峎,0.6973017365626489
奨,殳,0.6949870433780991
