char1,char2,similarity
奧,奧,1.0
奧,臭,0.7846608321258984
奧,奊,0.7833507309781318
奧,奌,0.7640285338145124
奧,奥,0.7631249976555421
奧,奐,0.754195129429402
奧,狊,0.7504711403041335
奧,炱,0.7433682883033916
奧,臱,0.7407382339931067
奧,昊,0.7403372842459243
