char1,char2,similarity
奥,奥,1.0
奥,寏,0.7918191819536191
奥,臭,0.7827979481373107
奥,奧,0.7631249976555421
奥,臾,0.7466316900710147
奥,莫,0.743274108456781
奥,萸,0.7358601203931211
奥,単,0.7293584972035142
奥,商,0.729312500804657
奥,茣,0.7250237512827254
