char1,char2,similarity
奫,奫,1.0
奫,奝,0.7403702948020399
奫,奛,0.7174283667285904
奫,窰,0.7075063573232383
奫,奮,0.7058851909939278
奫,奞,0.7050210267759751
奫,斎,0.70467740918143
奫,奒,0.7027981544165977
奫,奓,0.7018537731509216
奫,奟,0.7005139352266485
