char1,char2,similarity
奪,奪,1.0
奪,責,0.758501523423433
奪,蕁,0.7573045073330175
奪,蓴,0.7477383683674949
奪,寡,0.7458765108148645
奪,熹,0.7287241271371805
奪,禀,0.7286549953497994
奪,萯,0.720781500782532
奪,耳,0.7160662722462278
奪,賁,0.7160114714778367
