char1,char2,similarity
奲,奲,1.0
奲,餫,0.7185006073375307
奲,齳,0.7108597265144857
奲,龍,0.7016600169187038
奲,觶,0.700657475958503
奲,韗,0.6976625620890979
奲,鯶,0.6971650985428626
奲,舗,0.6858315365833184
奲,驒,0.685034066643912
奲,樨,0.6755418000664183
