char1,char2,similarity
奻,奻,1.0
奻,奴,0.7630901845905984
奻,奾,0.7622164080902283
奻,妶,0.7574320088284258
奻,妜,0.7544704884806753
奻,姏,0.7528908017115464
奻,奺,0.7474887731274402
奻,妅,0.7452319224166783
奻,姂,0.7449042044367671
奻,妲,0.7431338137385521
