char1,char2,similarity
她,她,1.0
她,扡,0.7812412337944245
她,弛,0.7749541884891997
她,娃,0.7510958442490495
她,杝,0.7438656883552571
她,阤,0.7399982476188827
她,驰,0.7392246455169458
她,虬,0.731834747145907
她,地,0.7264258252864547
她,灿,0.7252848563246658
