char1,char2,similarity
奼,奼,1.0
奼,妊,0.8005053695834671
奼,托,0.7917069207551723
奼,託,0.7898078076301366
奼,饦,0.7862464470996736
奼,姂,0.7784019947081726
奼,奷,0.7765711551656111
奼,圫,0.7709052595458724
奼,妃,0.770760335439559
奼,凣,0.7619025038645683
