char1,char2,similarity
奸,奸,1.0
奸,妊,0.8518976173623507
奸,妅,0.8318158413304195
奸,好,0.8158789365072372
奸,姊,0.8043068750575498
奸,奷,0.802118541887833
奸,丌,0.794722929655847
奸,訐,0.7856391038010712
奸,妤,0.7844156747327746
奸,屽,0.7840447153685005
