char1,char2,similarity
好,好,1.0
好,奸,0.8158789365072372
好,奵,0.7917655179993912
好,奷,0.7906930283835647
好,妅,0.7745448132298491
好,妵,0.7733956183670905
好,妊,0.7711051457040649
好,妤,0.7706923682154916
好,姃,0.7704843812661867
好,妃,0.7672786304282156
