char1,char2,similarity
奺,奺,1.0
奺,妜,0.7799555625318038
奺,奷,0.7715092027115936
奺,妵,0.7693710520728522
奺,杦,0.7685503250962219
奺,奴,0.7678270553410386
奺,妷,0.7656091107474337
奺,奵,0.7646365034578269
奺,畝,0.7586267901009887
奺,妅,0.7577489883085547
