char1,char2,similarity
妆,妆,1.0
妆,壮,0.7685143200177994
妆,妀,0.7649600043646807
妆,乚,0.7492392817946655
妆,状,0.7476005076852189
妆,呔,0.7406483797279296
妆,卩,0.7357209500792209
妆,籹,0.7345473356743591
妆,牧,0.7321950978181309
妆,丶,0.7273456054336785
