char1,char2,similarity
妁,妁,1.0
妁,妗,0.7823447649649832
妁,釣,0.7717676530355443
妁,妈,0.7683601084757092
妁,妫,0.7607548446541136
妁,扚,0.7582484445710599
妁,礿,0.7544850029887621
妁,豹,0.7543805443605517
妁,趵,0.7533582827814745
妁,妵,0.7504610158830561
