char1,char2,similarity
奿,奿,1.0
奿,尪,0.7547965925241248
奿,並,0.7390881059625238
奿,沊,0.7369027505734622
奿,旭,0.7326358048329478
奿,血,0.7323376158842024
奿,尯,0.7293167127444347
奿,虻,0.7229294526742155
奿,尬,0.7218949733675253
奿,圵,0.7194251817945214
