char1,char2,similarity
妄,妄,1.0
妄,芫,0.7810058224665144
妄,荌,0.7708789166338559
妄,妟,0.7699639564234109
妄,妛,0.761125566541961
妄,婪,0.7583296221371333
妄,宎,0.7578008977519738
妄,宗,0.7561526815033787
妄,芰,0.7509104650028646
妄,宪,0.7466303945981937
