char1,char2,similarity
妃,妃,1.0
妃,妅,0.8268972335849317
妃,妞,0.8001256319060452
妃,妬,0.7920278228280668
妃,姐,0.787423280891213
妃,妲,0.7870971683217557
妃,姃,0.7838191899650387
妃,奸,0.7837948686149254
妃,妑,0.7830781766888052
妃,妊,0.7811908809863258
