char1,char2,similarity
妋,妋,1.0
妋,妉,0.8116552167614085
妋,妔,0.8079944918956323
妋,扶,0.7989765216799587
妋,妎,0.7880357305686572
妋,妖,0.7859481864736243
妋,妏,0.7773426383153779
妋,玞,0.7754131700723644
妋,姲,0.7725227794904955
妋,姝,0.7712608665527741
