char1,char2,similarity
妈,妈,1.0
妈,蚂,0.8054871060789793
妈,奶,0.7941282600790753
妈,玛,0.790508073708609
妈,码,0.7806823935891054
妈,妁,0.7683601084757092
妈,吗,0.7628399772245618
妈,妪,0.7585076816686238
妈,姐,0.7564919811777668
妈,奾,0.7552244200478172
