char1,char2,similarity
妏,妏,1.0
妏,妔,0.8115754065139809
妏,忟,0.7829569611436421
妏,妌,0.7778232743623432
妏,妋,0.7773426383153779
妏,妎,0.7761751432858672
妏,妓,0.7761539908190105
妏,妉,0.7694380408814054
妏,旼,0.7680624685724012
妏,呚,0.7673599104157186
