char1,char2,similarity
妌,妌,1.0
妌,妎,0.8049395718846022
妌,姘,0.7909966694717707
妌,栟,0.7886483199208147
妌,妔,0.7873779485881124
妌,妏,0.7778232743623432
妌,饼,0.7771517118698832
妌,蛢,0.7653827747837412
妌,竔,0.7626375772746683
妌,妋,0.7619449154316791
