char1,char2,similarity
妐,妐,1.0
妐,妘,0.8017986790334388
妐,妑,0.7782787190764374
妐,娧,0.7681408806157379
妐,妢,0.7650974769531965
妐,姪,0.7637283007954387
妐,姾,0.7581355018047101
妐,姖,0.7576734574287493
妐,娪,0.7552319907313061
妐,姶,0.7542529541702554
