char1,char2,similarity
妑,妑,1.0
妑,姖,0.8010489157988759
妑,姃,0.7963860377611265
妑,妸,0.7894790082623645
妑,妃,0.7830781766888052
妑,姫,0.7817105657817985
妑,奾,0.7789335547902791
妑,妐,0.7782787190764374
妑,妮,0.7779067426432039
妑,姰,0.7766152238638988
