char1,char2,similarity
妚,妚,1.0
妚,抔,0.791059081093111
妚,姀,0.7743641499821272
妚,炋,0.7728027145823285
妚,妰,0.7714767295989431
妚,吥,0.770500078587764
妚,妕,0.7701291711487268
妚,杯,0.7688036701330364
妚,姖,0.7683065396625178
妚,姅,0.7679470226427183
