char1,char2,similarity
妒,妒,1.0
妒,炉,0.8306182609399251
妒,护,0.7989812003220788
妒,粐,0.777763903981947
妒,驴,0.7713621693384638
妒,奶,0.7693696098438971
妒,好,0.7668514003481273
妒,矿,0.7638202788011372
妒,鈩,0.76359813902639
妒,妨,0.762310045228089
