char1,char2,similarity
妝,妝,1.0
妝,肗,0.7562224841482995
妝,戕,0.7448743445247907
妝,奻,0.7427058916183621
妝,肍,0.7303060482828383
妝,妀,0.7294281551305147
妝,妆,0.7237371147303151
妝,艹,0.7209940094738421
妝,籹,0.7205509808316161
妝,肒,0.7195424629914591
