char1,char2,similarity
妟,妟,1.0
妟,旻,0.8329711971457654
妟,妛,0.8209630797342292
妟,妄,0.7699639564234109
妟,灵,0.7697583212670033
妟,炅,0.7607453648794298
妟,昃,0.7570316414062488
妟,曻,0.7569117939730192
妟,夛,0.7545136303745855
妟,畟,0.7494661928545775
