char1,char2,similarity
妡,妡,1.0
妡,炘,0.798240490558607
妡,岓,0.7905429392220594
妡,忻,0.7856494775898601
妡,听,0.7821264454037
妡,歽,0.780987416302344
妡,妔,0.7760468772899538
妡,姖,0.7677899930943782
妡,蚚,0.7656794654883903
妡,妧,0.7631564799665125
