char1,char2,similarity
妤,妤,1.0
妤,杼,0.799295039074669
妤,纾,0.7857803309584244
妤,奷,0.7849858206418586
妤,忬,0.7844172224560579
妤,奸,0.7844156747327746
妤,妲,0.776522078540187
妤,妊,0.7763612603508789
妤,姃,0.7756133756929978
妤,姂,0.7730758845232836
