char1,char2,similarity
妢,妢,1.0
妢,妎,0.7673694406610196
妢,妐,0.7650974769531965
妢,姈,0.7599809993708929
妢,蚡,0.7568324606556098
妢,紛,0.7545294782743318
妢,妳,0.748470093477577
妢,昐,0.7460185001990218
妢,姶,0.7455631086549749
妢,帉,0.7446449860500103
