char1,char2,similarity
妣,妣,1.0
妣,枇,0.8227525438317068
妣,妪,0.8081638379069239
妣,姃,0.776405455177911
妣,妩,0.7757576094315763
妣,奾,0.7728823983600003
妣,妯,0.7725605130173762
妣,肶,0.7723250995506522
妣,砒,0.7670928490849243
妣,姊,0.7659043598219436
