char1,char2,similarity
妦,妦,1.0
妦,姉,0.8646854599064852
妦,妽,0.8570270504110368
妦,姅,0.8257631321477902
妦,姩,0.8196024982001673
妦,妰,0.7974876475889472
妦,肨,0.7939616690184029
妦,妨,0.7859706808090424
妦,娡,0.7825683896351133
妦,妕,0.781423900234856
