char1,char2,similarity
妷,妷,1.0
妷,姺,0.8098761593029988
妷,蛈,0.7952934989820295
妷,柣,0.7901657271674438
妷,姎,0.7900027690327902
妷,紩,0.7870079992405903
妷,跌,0.7753364464878604
妷,詄,0.7736628813476715
妷,鉄,0.7705057822308942
妷,抶,0.7699059800725183
