char1,char2,similarity
妹,妹,1.0
妹,妺,0.8072995701089125
妹,姝,0.7935210841963465
妹,抹,0.7877142572895822
妹,婡,0.7723345047754668
妹,袜,0.7702740802236837
妹,妨,0.7636160864467734
妹,祩,0.7594688633185747
妹,妦,0.7582227764245922
妹,娡,0.7557015834714187
