char1,char2,similarity
妱,妱,1.0
妱,姞,0.8019565452523316
妱,姡,0.7965981129146652
妱,妸,0.7929735824028035
妱,娪,0.788843058027562
妱,姶,0.7818896537190573
妱,始,0.7729843006384695
妱,娝,0.7728191763682603
妱,绍,0.7719160838853738
妱,婄,0.7690188564377732
