char1,char2,similarity
妴,妴,1.0
妴,妿,0.7570583113163364
妴,姇,0.7436268931788461
妴,娄,0.7347841598075512
妴,娎,0.7334299268960455
妴,姕,0.7281107636492559
妴,要,0.7264155115869076
妴,耍,0.7252750351936509
妴,婪,0.7234394628801716
妴,姴,0.713935898838448
