char1,char2,similarity
妲,妲,1.0
妲,姐,0.8382793870211279
妲,袒,0.8018925483094106
妲,姃,0.7967644627002446
妲,姖,0.7964722238314114
妲,妞,0.7956432226122667
妲,柦,0.790828764306437
妲,妃,0.7870971683217557
妲,奾,0.7846599000377213
妲,担,0.7806206530094807
