char1,char2,similarity
妸,妸,1.0
妸,妱,0.7929735824028035
妸,姌,0.7920267102803551
妸,妑,0.7894790082623645
妸,蚵,0.7826129959760607
妸,姰,0.7798832559516553
妸,钶,0.7789436864933864
妸,姁,0.7765513363120121
妸,炣,0.7745210325679125
妸,姡,0.7714974052462791
