char1,char2,similarity
妼,妼,1.0
妼,袐,0.7512790938617889
妼,铋,0.7510700504149208
妼,秘,0.7459466136477031
妼,柲,0.7376615883044841
妼,奶,0.7353295944184193
妼,姛,0.7338991899049337
妼,妩,0.7318580082589459
妼,鉍,0.7295662335247596
妼,姂,0.728444012279433
