char1,char2,similarity
妾,妾,1.0
妾,亲,0.7820666465217515
妾,妿,0.7669542831169553
妾,娈,0.7526956566528986
妾,亖,0.7479355405086513
妾,芸,0.7468765532244934
妾,姕,0.7399731640110931
妾,芙,0.7373344445892616
妾,斐,0.7351895037294295
妾,夽,0.7334210343083243
