char1,char2,similarity
姁,姁,1.0
姁,姰,0.838042792847021
姁,姩,0.7968340979435522
姁,妰,0.7765571179804016
姁,妸,0.7765513363120121
姁,姢,0.775062770719452
姁,妳,0.7720625967130706
姁,妦,0.7712052487856768
姁,妠,0.7711168571781298
姁,姉,0.7677206087776801
