char1,char2,similarity
妿,妿,1.0
妿,姇,0.7703579967384703
妿,姴,0.7691329740950685
妿,妾,0.7669542831169553
妿,娎,0.7628167459658949
妿,姕,0.7580169624495551
妿,妴,0.7570583113163364
妿,荌,0.7568222575526067
妿,娈,0.7535197220584176
妿,要,0.7440813061171156
