char1,char2,similarity
妺,妺,1.0
妺,娡,0.8180428388911073
妺,妹,0.8072995701089125
妺,婡,0.7995867453610338
妺,皌,0.798136958904462
妺,抹,0.7980272009651651
妺,婛,0.7971344806270859
妺,帓,0.7826900204375088
妺,昩,0.7777316128594138
妺,妦,0.7765070935439341
