char1,char2,similarity
始,始,1.0
始,抬,0.8003965705093069
始,姶,0.7961183760420752
始,姡,0.7825392567962359
始,饴,0.7734874081703298
始,妱,0.7729843006384695
始,坮,0.7717279547052064
始,炲,0.7716619880069094
始,怡,0.7704002576462564
始,绐,0.7652660143392385
