char1,char2,similarity
姅,姅,1.0
姅,妦,0.8257631321477902
姅,绊,0.8113412555432578
姅,妽,0.8039127672601571
姅,妕,0.7982215906959063
姅,姪,0.7933426812157199
姅,姩,0.7913831044316372
姅,娃,0.7800247573032612
姅,娐,0.7770726312860715
姅,坢,0.7767058434236356
