char1,char2,similarity
姇,姇,1.0
姇,妿,0.7703579967384703
姇,娎,0.7584701362120602
姇,荌,0.7534087334062117
姇,娄,0.7448092323779215
姇,妴,0.7436268931788461
姇,要,0.7360418362532568
姇,婪,0.7339011426531489
姇,妄,0.7297851089443965
姇,妾,0.7267491827441298
