char1,char2,similarity
姌,姌,1.0
姌,姞,0.7925212537973492
姌,妸,0.7920267102803551
姌,姰,0.7901439001662633
姌,妽,0.7887357487288138
姌,姫,0.7859594425510964
姌,姉,0.7835614617511425
姌,袡,0.7832875062666984
姌,姖,0.7799452109137412
姌,娘,0.7703197945210727
