char1,char2,similarity
姏,姏,1.0
姏,绀,0.7791565741383838
姏,姶,0.778795754567072
姏,钳,0.7744059780244112
姏,姡,0.7739520997383709
姏,詌,0.7700194253198213
姏,娧,0.7649436274261351
姏,紺,0.7617654365691111
姏,蚶,0.7596693673571961
姏,娪,0.7581069563420054
