char1,char2,similarity
姎,姎,1.0
姎,殃,0.8124507439484546
姎,柍,0.7981873459052287
姎,妽,0.7978738427058557
姎,炴,0.791498126405781
姎,妷,0.7900027690327902
姎,姺,0.7872337280247892
姎,姉,0.7787625502423243
姎,岟,0.778312877846987
姎,娧,0.7707292819581344
