char1,char2,similarity
姑,姑,1.0
姑,祜,0.8046170698328746
姑,妵,0.7898632372377599
姑,站,0.7767578094405152
姑,奾,0.7745373866589254
姑,牯,0.7739862054107324
姑,枯,0.7693924039494822
姑,詁,0.7667334295106288
姑,妷,0.7662668686046182
姑,姉,0.7628035970175666
