char1,char2,similarity
姕,姕,1.0
姕,要,0.7722903725200297
姕,妿,0.7580169624495551
姕,妾,0.7399731640110931
姕,荌,0.7359839172777284
姕,婪,0.7295020188495409
姕,娈,0.729459082544779
姕,妴,0.7281107636492559
姕,姴,0.7261608836353285
姕,姇,0.7235555401713817
