char1,char2,similarity
姗,姗,1.0
姗,栅,0.7556585901669068
姗,嫋,0.7430810313874959
姗,掤,0.7371162866736505
姗,嫗,0.7337478946428644
姗,嫺,0.7271424354649714
姗,娵,0.7235439021830348
姗,馴,0.721688653282093
姗,阃,0.7196057957444983
姗,剻,0.7192531991187721
