char1,char2,similarity
姚,姚,1.0
姚,桃,0.7808804952137991
姚,娆,0.7708383361059411
姚,挑,0.7615067469290617
姚,铫,0.7568619859199711
姚,娊,0.75646015377881
姚,晀,0.754973677313608
姚,烑,0.7548394652102776
姚,姘,0.7482838539245066
姚,朓,0.7473631676390289
