char1,char2,similarity
姡,姡,1.0
姡,妱,0.7965981129146652
姡,始,0.7825392567962359
姡,娪,0.7803851288227244
姡,絬,0.7783268107852074
姡,恬,0.7766257436513557
姡,姶,0.77593025095477
姡,姏,0.7739520997383709
姡,括,0.7729485100186385
姡,妸,0.7714974052462791
