char1,char2,similarity
姠,姠,1.0
姠,姛,0.8196361871320997
姠,妠,0.8161958584757734
姠,妕,0.7703573582034046
姠,姍,0.766055013219973
姠,姞,0.7659650944538312
姠,硐,0.7641826687777077
姠,姁,0.7622304024992934
姠,姾,0.7598853488823073
姠,姢,0.7590957272229808
