char1,char2,similarity
姙,姙,1.0
姙,袵,0.8144919072310398
姙,婲,0.7574288094508838
姙,姬,0.745226410524221
姙,婭,0.743105656979378
姙,栣,0.7370089235618427
姙,娅,0.7369774404331361
姙,姸,0.7363186569112663
姙,婨,0.7290322442102367
姙,媼,0.7287657128551683
