char1,char2,similarity
姞,姞,1.0
姞,妱,0.8019565452523316
姞,姌,0.7925212537973492
姞,姉,0.790261828808311
姞,婄,0.7858744872457273
姞,姶,0.7764441066994088
姞,娪,0.7745016783408873
姞,妦,0.7722869022171066
姞,妽,0.7721323157311033
姞,詰,0.7713445585839822
