char1,char2,similarity
姫,姫,1.0
姫,姖,0.8444555724904763
姫,姮,0.7979961574928881
姫,姌,0.7859594425510964
姫,妑,0.7817105657817985
姫,姃,0.7787410983186692
姫,姪,0.7772631937813662
姫,妘,0.7747238142968579
姫,姾,0.7715455023732035
姫,姂,0.7684160475044914
