char1,char2,similarity
姥,姥,1.0
姥,峔,0.7757481755824152
姥,恅,0.7716766621380065
姥,咾,0.7594805793248355
姥,姾,0.7576237012383988
姥,蛯,0.7456649036743879
姥,妨,0.7406889998810783
姥,栳,0.7376117721788936
姥,姹,0.7372955528805252
姥,娃,0.7350639426969435
