char1,char2,similarity
姨,姨,1.0
姨,娻,0.797358099683043
姨,胰,0.7861890002474147
姨,眱,0.7784018001547004
姨,桋,0.7735978289021359
姨,峓,0.7681189486637869
姨,嫫,0.7623313676828625
姨,媓,0.7601442525590065
姨,婕,0.7565192517539636
姨,挗,0.7523732979699451
