char1,char2,similarity
姤,姤,1.0
姤,婮,0.7715650849092741
姤,娖,0.7495300332656964
姤,姡,0.743991504385599
姤,姄,0.7438314986981285
姤,姽,0.7385796070161154
姤,妠,0.7375465858574539
姤,嫧,0.7373300517352563
姤,媼,0.7340630082709095
姤,婟,0.7333186312680267
