char1,char2,similarity
姣,姣,1.0
姣,校,0.7892768756926899
姣,峧,0.785616984287586
姣,晈,0.7852105733437763
姣,妓,0.781624665599219
姣,绞,0.7796304869060366
姣,铰,0.7785094394477103
姣,烄,0.7749121443488264
姣,挍,0.7718302959686397
姣,皎,0.7666061557477661
