char1,char2,similarity
姱,姱,1.0
姱,姈,0.78602988155274
姱,婃,0.7697859983076425
姱,胯,0.7693887264745528
姱,絝,0.7687690604032807
姱,绔,0.7671620378458409
姱,姶,0.7650311193053154
姱,袴,0.7592263246869699
姱,姁,0.7590681641375716
姱,舿,0.7547481635804597
