char1,char2,similarity
姭,姭,1.0
姭,媻,0.749033458793872
姭,晏,0.7437057941611335
姭,嫯,0.7416172506388938
姭,婴,0.7403056197870318
姭,婺,0.7327553070184712
姭,姜,0.7294733399338988
姭,嫢,0.7248754793684374
姭,嬃,0.7239352656779632
姭,嫛,0.7183028229618572
