char1,char2,similarity
姮,姮,1.0
姮,姫,0.7979961574928881
姮,媗,0.7742185941031662
姮,姖,0.7687050105053898
姮,妑,0.7671104396167819
姮,峘,0.7640996920230645
姮,妃,0.7546737562158635
姮,姂,0.7527106028719662
姮,婏,0.751498124651203
姮,妲,0.7505656740135318
