char1,char2,similarity
姳,姳,1.0
姳,姰,0.7721861234043776
姳,姶,0.7671072383320482
姳,姷,0.765689405771193
姳,姡,0.7625205176473808
姳,姈,0.7574254947892466
姳,婄,0.7548757183508575
姳,铭,0.7535369724701296
姳,姌,0.7518467254028695
姳,詺,0.7502744211291196
