char1,char2,similarity
姸,姸,1.0
姸,詽,0.7708206624650324
姸,川,0.7496840805784762
姸,婍,0.7409189679050212
姸,州,0.7368946414863773
姸,媂,0.736667052900595
姸,姙,0.7363186569112663
姸,妍,0.7347126548830041
姸,嫃,0.7342186507545694
姸,硏,0.7304691078312957
