char1,char2,similarity
娂,娂,1.0
娂,烘,0.8103941680642193
娂,栱,0.8049968677025431
娂,哄,0.7865054717182368
娂,娦,0.7830631025834021
娂,晎,0.7800686194243006
娂,拱,0.778869544450491
娂,娇,0.7588462419359269
娂,姘,0.7565631637768326
娂,垬,0.750157581695715
