char1,char2,similarity
娉,娉,1.0
娉,梬,0.798777956949147
娉,骋,0.7858558783278815
娉,婞,0.7541152074615105
娉,媳,0.7522356247604907
娉,娌,0.7517538918065334
娉,俜,0.7515988842282993
娉,姱,0.7500589965628572
娉,妕,0.7449528042748442
娉,嫂,0.7448202369842597
