char1,char2,similarity
威,威,1.0
威,戚,0.7919923020271982
威,烕,0.7838779368514323
威,咸,0.7712469817354376
威,减,0.7700072333807453
威,诚,0.7566740777287082
威,域,0.7336643324695566
威,岚,0.7233688797213971
威,戜,0.7231128936310515
威,崴,0.7194467589568483
