char1,char2,similarity
娈,娈,1.0
娈,变,0.8125859387705493
娈,蛮,0.7612395392278863
娈,姿,0.7595464362146774
娈,娑,0.7553086408196047
娈,耍,0.753554412920939
娈,妿,0.7535197220584176
娈,妾,0.7526956566528986
娈,媝,0.7461650844009926
娈,栾,0.7451983469858976
