char1,char2,similarity
娃,娃,1.0
娃,姾,0.7907680276238911
娃,挂,0.7894144676419906
娃,姅,0.7800247573032612
娃,徍,0.7706478197547961
娃,嫤,0.7682796150489255
娃,姪,0.7658416578563124
娃,妅,0.7616773776511448
娃,娌,0.7586845519474108
娃,袿,0.7584606219883807
