char1,char2,similarity
娎,娎,1.0
娎,硩,0.7700127252860693
娎,妿,0.7628167459658949
娎,姇,0.7584701362120602
娎,裚,0.7539302098190601
娎,蜤,0.7428894190367982
娎,姴,0.7425100432141253
娎,要,0.7386630957552527
娎,晢,0.7344350914537131
娎,妴,0.7334299268960455
