char1,char2,similarity
娌,娌,1.0
娌,锂,0.8291232211606527
娌,梩,0.7898042174434611
娌,娲,0.7730456940142584
娌,娼,0.7715119345802002
娌,婬,0.7707201640199107
娌,娅,0.7693583159760515
娌,妮,0.7693516126453736
娌,妑,0.7659571448641253
娌,妊,0.7642921938816143
