char1,char2,similarity
娊,娊,1.0
娊,娧,0.7737186907329525
娊,哯,0.7614109789229646
娊,姣,0.7604499057807478
娊,娩,0.7602380465629163
娊,姚,0.75646015377881
娊,妩,0.7543503794482018
娊,娌,0.7532501436731066
娊,姘,0.7451293885956661
娊,娔,0.744709722197372
