char1,char2,similarity
娋,娋,1.0
娋,妯,0.8058058016500539
娋,娼,0.7721630531851211
娋,捎,0.7652791380013432
娋,弰,0.7625390790548693
娋,梢,0.7623705278898965
娋,悄,0.7605132993535675
娋,妣,0.7602815173194555
娋,妪,0.7592615631107579
娋,娘,0.7589078641220142
