char1,char2,similarity
娐,娐,1.0
娐,妦,0.7774808603344935
娐,姅,0.7770726312860715
娐,粰,0.767302864539428
娐,哹,0.7586743443799626
娐,姪,0.757137832651875
娐,姩,0.755531865862442
娐,殍,0.7550682730357718
娐,妺,0.751049810267348
娐,妽,0.7487993251360636
