char1,char2,similarity
娜,娜,1.0
娜,哪,0.7957835248845119
娜,梛,0.7874616891460053
娜,鄉,0.7420416306237864
娜,鄊,0.7354941507351433
娜,鄕,0.7337309744875825
娜,鎯,0.7316477715157447
娜,铘,0.7252907271740806
娜,嫏,0.723969894513953
娜,媉,0.7231247587939037
