char1,char2,similarity
娗,娗,1.0
娗,娫,0.8280870371072726
娗,脡,0.7924471415258518
娗,珽,0.757794156689881
娗,脠,0.7543207866664349
娗,挻,0.7414575050908043
娗,铤,0.7380484123125379
娗,烶,0.7353238278232027
娗,梴,0.7305992051209486
娗,誔,0.729128624282185
