char1,char2,similarity
娙,娙,1.0
娙,硜,0.7833485859652556
娙,蛵,0.7732632006262345
娙,姃,0.7701173897114044
娙,妤,0.7670084739505585
娙,妵,0.7644023353853248
娙,姂,0.7624437939888772
娙,殌,0.7569031734252546
娙,妪,0.7506817818690845
娙,姫,0.7500599620329811
