char1,char2,similarity
娖,娖,1.0
娖,珿,0.7739117735817646
娖,媽,0.7679780680681693
娖,娨,0.7660473465229771
娖,媞,0.7651395016563031
娖,婫,0.7638630117062254
娖,婝,0.7566857913781828
娖,媼,0.7540946382430418
娖,姤,0.7495300332656964
娖,捉,0.746744061212339
