char1,char2,similarity
娟,娟,1.0
娟,絹,0.7632785530697516
娟,鋗,0.7584930869543004
娟,娼,0.7573255313992708
娟,媪,0.7510317753058534
娟,姠,0.7496526583782068
娟,捐,0.7479593319418525
娟,姐,0.747127230951511
娟,妩,0.7439628630525669
娟,奾,0.7426109656456669
