char1,char2,similarity
娦,娦,1.0
娦,娂,0.7830631025834021
娦,娯,0.7692906509469399
娦,妡,0.7617490683658936
娦,妏,0.7495792906311419
娦,姄,0.7494816602237985
娦,妱,0.7477074649905519
娦,姛,0.7475794378156528
娦,妔,0.7466034106363982
娦,娭,0.7436353383290614
