char1,char2,similarity
娠,娠,1.0
娠,桭,0.8075943268601058
娠,脤,0.7841060455267004
娠,娓,0.7749871376860736
娠,娅,0.7637428239511406
娠,媚,0.7626860561466378
娠,婮,0.7507865055023464
娠,振,0.7503884144080132
娠,梮,0.7493470820324418
娠,娾,0.7468943920703236
