char1,char2,similarity
娥,娥,1.0
娥,硪,0.7925674834869781
娥,蛾,0.7815508195714951
娥,皒,0.7800371180272525
娥,锇,0.7671786925453444
娥,誐,0.7651223419349824
娥,鋨,0.7390933796032546
娥,珴,0.7369238043404076
娥,餓,0.7248486046474811
娥,媎,0.7238850123626834
