char1,char2,similarity
娣,娣,1.0
娣,婵,0.795450608835482
娣,悌,0.7646324593509196
娣,挮,0.7574077431705855
娣,娆,0.7472996017097363
娣,娴,0.7463341900124716
娣,娂,0.7284705629800375
娣,锑,0.7277740727733035
娣,弹,0.7273150781790628
娣,娃,0.7244293287214812
