char1,char2,similarity
娡,娡,1.0
娡,妺,0.8180428388911073
娡,妦,0.7825683896351133
娡,姅,0.7679730436652349
娡,梽,0.7657833105166577
娡,妨,0.7649026520363268
娡,姞,0.7604072238366223
娡,誌,0.7598866896030515
娡,姩,0.7573569930250725
娡,妹,0.7557015834714187
