char1,char2,similarity
娩,娩,1.0
娩,梚,0.7746983045177732
娩,姓,0.7683688638919095
娩,妩,0.7683342720165186
娩,妜,0.7675634316840139
娩,娧,0.761190369874165
娩,娊,0.7602380465629163
娩,挽,0.7601416872325255
娩,妮,0.7544374797797573
娩,婏,0.7515461733514189
