char1,char2,similarity
娮,娮,1.0
娮,婄,0.8130310472069134
娮,婠,0.7744874534601154
娮,姟,0.7676089815394088
娮,姞,0.7666387103366777
娮,婦,0.7566902117307642
娮,婛,0.7454710216994649
娮,娝,0.7450039930761991
娮,狺,0.742664982985675
娮,姌,0.7389142349724479
