char1,char2,similarity
娭,娭,1.0
娭,竢,0.8071400099640179
娭,婒,0.7707179686487898
娭,娯,0.7704952571101752
娭,妋,0.7639983401809842
娭,婙,0.7511775123161535
娭,媆,0.7495236334707844
娭,娱,0.748491676914289
娭,姎,0.7454546633095492
娭,娦,0.7436353383290614
