char1,char2,similarity
娰,娰,1.0
娰,媬,0.7726866112801859
娰,婌,0.7241749383964641
娰,媈,0.7215424385656164
娰,娵,0.7163375897074774
娰,嫐,0.7123099080370188
娰,嫰,0.7072128568602849
娰,嫏,0.7069741996164619
娰,媺,0.7052153615912813
娰,娺,0.7035137944869942
