char1,char2,similarity
娵,娵,1.0
娵,媺,0.7514261877549188
娵,娬,0.7471692606241958
娵,婌,0.739408104829354
娵,陬,0.7387995948781177
娵,嫺,0.7283425148253561
娵,姗,0.7235439021830348
娵,嬂,0.7213075541805662
娵,媙,0.7196589393534065
娵,嫏,0.7176467806124184
