char1,char2,similarity
娹,娹,1.0
娹,惤,0.7405423466499156
娹,娳,0.7103348960351379
娹,誸,0.700833912487673
娹,娵,0.6897782494943765
娹,嬔,0.687982845838095
娹,嫗,0.6867243675858864
娹,嬈,0.686022772971901
娹,婀,0.6849489517516038
娹,焳,0.6844507261422162
