char1,char2,similarity
婀,婀,1.0
婀,锕,0.8070948944197691
婀,啊,0.7375108630286694
婀,娳,0.7284909136203908
婀,购,0.7257022765554711
婀,嫷,0.7255136840719101
婀,洞,0.7207438161315322
婀,掚,0.7149241650760655
婀,飼,0.7126564830366803
婀,侗,0.7113313723453294
