char1,char2,similarity
娿,娿,1.0
娿,媭,0.776236083592116
娿,媐,0.7648353467450701
娿,嫛,0.7569140752307151
娿,婱,0.7491335249037745
娿,委,0.7422507360617373
娿,耍,0.741712395360709
娿,嫳,0.7414944499805403
娿,婜,0.7347715822667146
娿,婯,0.7272894204098689
