char1,char2,similarity
娽,娽,1.0
娽,绿,0.8051491137601936
娽,媇,0.7826884390801636
娽,婐,0.7784617371456011
娽,媽,0.7670228240715976
娽,琭,0.7656001905180444
娽,婇,0.763261687765623
娽,媀,0.7629387091360158
娽,娨,0.7599499857583277
娽,婍,0.7495764186146345
