char1,char2,similarity
婂,婂,1.0
婂,绵,0.7961672400622561
婂,锦,0.790686666242667
婂,媇,0.775759997892842
婂,棉,0.7695293148097847
婂,婥,0.7672968878203749
婂,婦,0.7600516014613354
婂,姢,0.7532408419159186
婂,妺,0.7456522086951198
婂,媓,0.7388597780642988
