char1,char2,similarity
婎,婎,1.0
婎,脽,0.7810221171751297
婎,碓,0.7777991628678161
婎,椎,0.7707713239803203
婎,锥,0.7652325556010929
婎,稚,0.7561450442979827
婎,猚,0.7550839461625565
婎,堆,0.7507660433360777
婎,难,0.7500282781124487
婎,雅,0.7421091404768876
