char1,char2,similarity
婋,婋,1.0
婋,娍,0.7652514145009482
婋,媉,0.7506734165581148
婋,虓,0.7495959825912947
婋,婤,0.745992821411361
婋,媆,0.7455655349647716
婋,姲,0.7431045551409085
婋,娕,0.7423909915701524
婋,嫭,0.7413659188983729
婋,諕,0.7388968262882385
