char1,char2,similarity
婙,婙,1.0
婙,婦,0.7706583111843812
婙,竫,0.752717943215511
婙,娭,0.7511775123161535
婙,娯,0.7487580713294709
婙,妚,0.7453958187586026
婙,媍,0.7448700472031426
婙,娽,0.7426298203475512
婙,嬋,0.7422826013311002
婙,婥,0.7399921028476458
