char1,char2,similarity
婢,婢,1.0
婢,豍,0.8093422774582594
婢,碑,0.785447556211776
婢,琕,0.7847834709693953
婢,捭,0.7782987890979091
婢,裨,0.773699128237531
婢,婵,0.7626473962825091
婢,稗,0.7624263535072022
婢,禆,0.7623727226845529
婢,綼,0.7621146347129614
