char1,char2,similarity
婛,婛,1.0
婛,妺,0.7971344806270859
婛,婃,0.7959945248609095
婛,妳,0.753786567146665
婛,媇,0.7529775108285118
婛,婠,0.7505372066686494
婛,娡,0.7496709163777233
婛,綡,0.7469439775604738
婛,妰,0.7461973342833589
婛,娮,0.7454710216994649
