char1,char2,similarity
婚,婚,1.0
婚,緍,0.7903467009395025
婚,殙,0.7868108539124018
婚,崏,0.7807847081243435
婚,棔,0.7779694469453062
婚,諙,0.7639277705714603
婚,碈,0.7585047243208509
婚,惛,0.7475883331115295
婚,錉,0.7462404755795793
婚,娓,0.7412606720153362
