char1,char2,similarity
婠,婠,1.0
婠,棺,0.796563716176954
婠,婄,0.7789887330601091
婠,娮,0.7744874534601154
婠,姟,0.7722622464940706
婠,婝,0.7700977496445033
婠,娸,0.7654046946917867
婠,婃,0.7639007601467516
婠,始,0.759546115759727
婠,姰,0.757999113104448
