char1,char2,similarity
婣,婣,1.0
婣,蜵,0.8048879444161048
婣,婮,0.7861629282568564
婣,媏,0.7852447156639875
婣,婤,0.7728872344746982
婣,婾,0.7549459130836568
婣,婹,0.7453319391557881
婣,媀,0.740613487203402
婣,媽,0.740369531183998
婣,媍,0.7384958747356845
