char1,char2,similarity
婟,婟,1.0
婟,姛,0.763900667493904
婟,姍,0.7591756012151166
婟,腘,0.7586149018376364
婟,棝,0.7573281300657594
婟,姠,0.7566847461875214
婟,烟,0.7543727017499144
婟,妠,0.7542771104747311
婟,梱,0.7530241510492193
婟,堌,0.7516116541835219
