char1,char2,similarity
婪,婪,1.0
婪,梦,0.7775276605271724
婪,梵,0.7644049171082815
婪,妄,0.7583296221371333
婪,焚,0.7564245046192754
婪,梺,0.751969194924269
婪,榃,0.7480437191670279
婪,妿,0.7412915971936416
婪,荌,0.7349958838717754
婪,姇,0.7339011426531489
