char1,char2,similarity
婤,婤,1.0
婤,婮,0.8147601369801812
婤,绸,0.7959824209827379
婤,嫄,0.7875143864335823
婤,媽,0.7851382408270785
婤,婣,0.7728872344746982
婤,娓,0.7690290976747126
婤,媏,0.7657522676183874
婤,媉,0.7653863560893578
婤,娾,0.7632535678649798
