char1,char2,similarity
婭,婭,1.0
婭,埡,0.7997926041104078
婭,娅,0.7789218338478544
婭,孲,0.7785295722502198
婭,媼,0.7667184790856657
婭,椏,0.7644489665621074
婭,婫,0.7466895140632485
婭,啞,0.7456737113279476
婭,姬,0.7447034792478012
婭,姙,0.743105656979378
