char1,char2,similarity
婷,婷,1.0
婷,婧,0.7843541503717101
婷,揨,0.7758990465732812
婷,蝏,0.7690493669171071
婷,嫫,0.7679263006471604
婷,婶,0.7558502821038677
婷,梈,0.7523537905976053
婷,嫜,0.751912790328629
婷,婕,0.75017591004278
婷,媳,0.7466335356182336
