char1,char2,similarity
婯,婯,1.0
婯,婜,0.7921084922338995
婯,娤,0.7694186698241482
婯,媭,0.76935706434749
婯,娶,0.7619135996619274
婯,婱,0.7524669909119236
婯,娈,0.7405878538470066
婯,婴,0.7296699548134452
婯,娿,0.7272894204098689
婯,姿,0.7254523185525832
