char1,char2,similarity
婳,婳,1.0
婳,嫗,0.7741869781048797
婳,嫟,0.7593234126693813
婳,媓,0.7353953982316558
婳,嫕,0.7330708415827559
婳,媹,0.7313411596960051
婳,嬤,0.7232727855129547
婳,姸,0.723072836041557
婳,嫃,0.7209246439173337
婳,媤,0.7203669522217004
