char1,char2,similarity
婲,婲,1.0
婲,姙,0.7574288094508838
婲,椛,0.7468356482125194
婲,嬨,0.7425367829535023
婲,婼,0.7334255059492422
婲,埖,0.7307461392852872
婲,嫶,0.7276628990687186
婲,姸,0.7248194278886563
婲,嫅,0.7238132149762123
婲,婉,0.7207044775634195
