char1,char2,similarity
婶,婶,1.0
婶,婷,0.7558502821038677
婶,婢,0.7489814844031557
婶,嫴,0.7466855241145157
婶,媂,0.7436161208480783
婶,筛,0.740028920639837
婶,娨,0.7398751196636113
婶,嬣,0.7389507847257394
婶,媁,0.7372210356033391
婶,妕,0.7352460351174267
