char1,char2,similarity
婰,婰,1.0
婰,腆,0.7883991479281022
婰,碘,0.7822140882113648
婰,嬩,0.7820128459722478
婰,椣,0.7701975192543856
婰,娯,0.7601672207691811
婰,晪,0.7592702668237576
婰,琠,0.7502522516669858
婰,捵,0.7464158560745776
婰,婹,0.7460147102971998
