char1,char2,similarity
婵,婵,1.0
婵,娣,0.795450608835482
婵,禅,0.7783652609603278
婵,婢,0.7626473962825091
婵,婥,0.7512227014924151
婵,妕,0.749739432967118
婵,弹,0.7447734520510852
婵,婐,0.7327964665591374
婵,姬,0.732460819060882
婵,椫,0.7310980792397821
