char1,char2,similarity
婸,婸,1.0
婸,婦,0.7779626905185804
婸,媢,0.7539472982860899
婸,暘,0.7485624713488055
婸,嬛,0.7478552411646495
婸,愓,0.7398669116618175
婸,媊,0.7390716863265676
婸,媥,0.7378828629577407
婸,媄,0.7371545143169617
婸,媞,0.7349721927463267
