char1,char2,similarity
媀,媀,1.0
媀,媽,0.7953463592839725
媀,婐,0.7907114047515976
媀,媧,0.7666218520833921
媀,姵,0.7633591890263429
媀,娽,0.7629387091360158
媀,婤,0.7628018696666341
媀,隅,0.7578819965611896
媀,渪,0.7517477540438291
媀,堣,0.7499593018778814
