char1,char2,similarity
婺,婺,1.0
婺,嫯,0.7945809974118473
婺,暓,0.7606052898632715
婺,嫳,0.7604885213835838
婺,姜,0.758310259894674
婺,媻,0.751455637252873
婺,嫛,0.7407607257673898
婺,婴,0.7387000766062799
婺,婆,0.7373655103730985
婺,姭,0.7327553070184712
