char1,char2,similarity
婼,婼,1.0
婼,婄,0.7715293865842928
婼,掿,0.7695408714327294
婼,姞,0.7533488808193215
婼,楉,0.7525405813018841
婼,媅,0.7495400052460648
婼,锘,0.7477094311057613
婼,嫸,0.7447382324727779
婼,婘,0.7394342986745024
婼,婔,0.7350811849209071
