char1,char2,similarity
媋,媋,1.0
媋,堾,0.7919398255430086
媋,暙,0.7672312921819198
媋,瑃,0.7630517079915936
媋,椿,0.7607025317519884
媋,湷,0.7502876831067236
媋,嫆,0.7451170371685811
媋,蝽,0.7438508804217807
媋,睶,0.7338541708048821
媋,婍,0.7327630257612067
