char1,char2,similarity
媃,媃,1.0
媃,嬠,0.7681519109228193
媃,揉,0.7657148800892056
媃,嬫,0.7645420680937749
媃,煣,0.7566597225578897
媃,娯,0.743805068397581
媃,媆,0.7430167128101869
媃,蝚,0.7383173236446516
媃,嬹,0.737649666562848
媃,媱,0.7368601355094232
