char1,char2,similarity
媆,媆,1.0
媆,堧,0.7795817054544721
媆,媄,0.776257137630179
媆,媖,0.7582457976937318
媆,嬈,0.7564916899045526
媆,瑌,0.754798924012572
媆,婹,0.754725182544864
媆,腝,0.754639612752459
媆,嫇,0.7532349595546464
媆,媉,0.7496953574896819
