char1,char2,similarity
媈,媈,1.0
媈,嬕,0.7912868948632419
媈,惲,0.7790186329106141
媈,喗,0.7675216802466456
媈,堚,0.7640293874611054
媈,渾,0.7513632847959698
媈,嬋,0.748373985981799
媈,媁,0.7438183016639752
媈,睴,0.7387936761925651
媈,媆,0.7338232163180582
