char1,char2,similarity
媂,媂,1.0
媂,嫊,0.7756118797312903
媂,缔,0.7710602164084328
媂,媁,0.7695410231739536
媂,揥,0.7675448122632379
媂,媇,0.7672452644372951
媂,腣,0.7646519625901562
媂,嫎,0.7635226657524924
媂,娕,0.7615616272407417
媂,嫽,0.758017890156282
