char1,char2,similarity
媊,媊,1.0
媊,媨,0.7839252649475789
媊,媮,0.7735925519222682
媊,椾,0.7540200910273376
媊,瑐,0.7537505336781167
媊,婤,0.7536388653817059
媊,婅,0.7504057165771195
媊,婸,0.7390716863265676
媊,媌,0.7375214546102754
媊,嬬,0.7352037065579692
