char1,char2,similarity
媄,媄,1.0
媄,镁,0.7899098365063426
媄,媆,0.776257137630179
媄,媖,0.7613624192406001
媄,媥,0.748947851677659
媄,媍,0.748219103192455
媄,渼,0.7472901186631186
媄,娛,0.7450886784729253
媄,嬇,0.7443300707499195
媄,嫹,0.7402899589271998
