char1,char2,similarity
媌,媌,1.0
媌,緢,0.8130560318584725
媌,嬇,0.7612173387286029
媌,媨,0.7551673413873946
媌,嫧,0.7548153942232659
媌,喵,0.7546717010154987
媌,媍,0.7502150737763368
媌,锚,0.7490862512528885
媌,嫍,0.7463511381510679
媌,媹,0.744458753906026
