char1,char2,similarity
媓,媓,1.0
媓,煌,0.796003286351188
媓,堭,0.7878048170519405
媓,娻,0.7772836762701046
媓,隍,0.776672747562955
媓,喤,0.7614189449365224
媓,姨,0.7601442525590065
媓,楻,0.757208492849906
媓,媹,0.7547163462457223
媓,媍,0.752082590899229
