char1,char2,similarity
媎,媎,1.0
媎,琽,0.7802627029758201
媎,陼,0.7755952455082145
媎,绪,0.7600836667406985
媎,啫,0.756815372141991
媎,锗,0.7497098596585092
媎,媨,0.7444738784974637
媎,堵,0.7417508824046732
媎,始,0.7405357955571443
媎,嫎,0.7378828039621396
