char1,char2,similarity
媍,媍,1.0
媍,嫹,0.8080417269975765
媍,嬇,0.7725290139710418
媍,嫃,0.7604652855935496
媍,媨,0.7562540356369258
媍,媓,0.752082590899229
媍,媌,0.7502150737763368
媍,媜,0.7491068609300575
媍,媄,0.748219103192455
媍,媥,0.7463399069624509
