char1,char2,similarity
媔,媔,1.0
媔,蝒,0.76090966654875
媔,緬,0.7530075495727448
媔,嫍,0.7513330457166076
媔,媽,0.750713131483008
媔,媏,0.7504483198645363
媔,婤,0.7469062977621456
媔,娾,0.7450319190876702
媔,嫄,0.7434918511959319
媔,婫,0.7434653905768867
