char1,char2,similarity
媖,媖,1.0
媖,暎,0.808229176690414
媖,瑛,0.7934389860864477
媖,朠,0.7879293665370648
媖,绬,0.7733713456390393
媖,楧,0.7658281095388482
媖,媄,0.7613624192406001
媖,媆,0.7582457976937318
媖,渶,0.7547269950400781
媖,煐,0.7517153922916393
