char1,char2,similarity
媝,媝,1.0
媝,婜,0.7568635079939903
媝,娈,0.7461650844009926
媝,湬,0.7418411135391295
媝,耍,0.7374955511620374
媝,蝵,0.734351274390384
媝,委,0.7283966795445981
媝,姴,0.7263006845128553
媝,婯,0.7243220817518127
媝,雯,0.7234078587300798
