char1,char2,similarity
媙,媙,1.0
媙,娍,0.7604159122906541
媙,縅,0.757347851951405
媙,娬,0.7536940905970806
媙,楲,0.7485035742329849
媙,縬,0.7409656702437708
媙,媺,0.7340302451560737
媙,磩,0.7327866306068764
媙,嬂,0.7325351222833971
媙,嬠,0.7283433834499612
