char1,char2,similarity
媗,媗,1.0
媗,揎,0.7870439274390043
媗,姮,0.7742185941031662
媗,煊,0.774176267932668
媗,嫔,0.7642849337779406
媗,婝,0.7607290312608002
媗,喧,0.7605617394750889
媗,瑄,0.7603632990659261
媗,楦,0.7559243300641659
媗,婞,0.7528365669327743
