char1,char2,similarity
媡,媡,1.0
媡,娻,0.8132532439473664
媡,婻,0.7945169681248473
媡,煉,0.7914431076704234
媡,娕,0.7857830982944151
媡,揀,0.7795106147842504
媡,媣,0.7725638206483182
媡,楝,0.771496263177501
媡,嬙,0.7619676255220053
媡,瑓,0.7602950982970166
