char1,char2,similarity
媠,媠,1.0
媠,媦,0.8078517933530904
媠,堶,0.8059921666812445
媠,婍,0.7605329904378009
媠,埥,0.7598398876237001
媠,啨,0.753751038113303
媠,皘,0.7490288294715753
媠,婿,0.7469320253253686
媠,媫,0.7443690238138642
媠,靖,0.741277046107675
