char1,char2,similarity
媧,媧,1.0
媧,媀,0.7666218520833921
媧,媽,0.7559277096670312
媧,婘,0.7557229801718287
媧,婤,0.7535984476988545
媧,婐,0.7499638438141187
媧,婑,0.7413158073713815
媧,婣,0.7357617116466887
媧,堝,0.7347913422430895
媧,媏,0.7341458556236565
