char1,char2,similarity
媨,媨,1.0
媨,媊,0.7839252649475789
媨,媍,0.7562540356369258
媨,媌,0.7551673413873946
媨,媹,0.754673462313332
媨,媘,0.7480828199921338
媨,渞,0.7452145037427245
媨,媎,0.7444738784974637
媨,嫍,0.7438598974715261
媨,婰,0.7387610807518751
