char1,char2,similarity
媭,媭,1.0
媭,娿,0.776236083592116
媭,婯,0.76935706434749
媭,委,0.7674892536113509
媭,媐,0.7572729831089303
媭,嫛,0.746458717586518
媭,嫢,0.7441998827482397
媭,婜,0.7376021680571901
媭,嫳,0.735053699688336
媭,娤,0.734547851443429
