char1,char2,similarity
媮,媮,1.0
媮,婾,0.790418522425897
媮,堬,0.7743176328599131
媮,媊,0.7735925519222682
媮,腧,0.7682060043318881
媮,隃,0.7680490897608782
媮,嬐,0.7410653734754044
媮,输,0.7392929772852043
媮,婖,0.7379858854484442
媮,媥,0.7377740874743719
