char1,char2,similarity
媳,媳,1.0
媳,螅,0.7560272670690674
媳,娉,0.7522356247604907
媳,嫱,0.7486262696747659
媳,婕,0.7481467708232643
媳,婷,0.7466335356182336
媳,媓,0.7436608533940445
媳,嬨,0.7377411145567244
媳,婥,0.732079586209841
媳,嫤,0.7318558618968101
