char1,char2,similarity
媫,媫,1.0
媫,媴,0.776192431781254
媫,嫇,0.7569244709250051
媫,捷,0.756767606014529
媫,娀,0.7557884534316476
媫,婕,0.7498171180470709
媫,媠,0.7443690238138642
媫,婍,0.7431225058724801
媫,婈,0.7417997819919421
媫,崨,0.7411230908627076
