char1,char2,similarity
媱,媱,1.0
媱,熎,0.7573261002322577
媱,愮,0.7565678878641631
媱,媼,0.7524981707718349
媱,摇,0.7500297022627546
媱,暚,0.748740793387267
媱,娷,0.7435962702604973
媱,嫍,0.7434784805619851
媱,媌,0.7418641889219918
媱,婬,0.7405468074452388
