char1,char2,similarity
媯,媯,1.0
媯,嫾,0.7610481772630426
媯,媽,0.736786118526918
媯,偽,0.7278506248950757
媯,媀,0.7276068720233078
媯,媧,0.7275285413693551
媯,媩,0.7265155832511975
媯,嫕,0.7225836522722625
媯,婻,0.7224860506613828
媯,嬦,0.7177063552104685
