char1,char2,similarity
媲,媲,1.0
媲,膍,0.7583493051870019
媲,婢,0.7512152769769367
媲,婷,0.7453116291079368
媲,婨,0.7426624281588353
媲,磇,0.7399923689015083
媲,婫,0.7380981978273666
媲,婧,0.7356343614026727
媲,娃,0.7344992814774265
媲,嫔,0.7344411405459847
