char1,char2,similarity
媬,媬,1.0
媬,褓,0.782422222016149
媬,娰,0.7726866112801859
媬,椺,0.7698593512848532
媬,嬬,0.7401954677530492
媬,媤,0.7266416955386612
媬,婗,0.7260053021091911
媬,媥,0.7258818480955944
媬,嫍,0.721312969789363
媬,槑,0.7206663562003831
