char1,char2,similarity
媪,媪,1.0
媪,缊,0.7865672226322192
媪,娌,0.7619656777413122
媪,褞,0.7585530339264169
媪,娼,0.7584094323027681
媪,殟,0.7568931639840478
媪,娅,0.7567790356864843
媪,姬,0.7545982488996965
媪,媏,0.7544718148897362
媪,婫,0.751497547740239
