char1,char2,similarity
媸,媸,1.0
媸,嫖,0.7529580836778176
媸,娌,0.740955126438073
媸,娨,0.7363719294337217
媸,婩,0.736253785529715
媸,娃,0.7325971708582425
媸,娼,0.7317928502628364
媸,婬,0.7309853788386103
媸,嫤,0.7306950503281574
媸,塏,0.7281285746529957
