char1,char2,similarity
媵,媵,1.0
媵,滕,0.7957274215822275
媵,榺,0.7703772900912768
媵,幐,0.7419933823180203
媵,腰,0.7413135386449239
媵,腾,0.7409137526219174
媵,腁,0.7230254193799466
媵,膡,0.7223713659720762
媵,朦,0.7162057323771963
媵,勝,0.7156676120083029
