char1,char2,similarity
媹,媹,1.0
媹,熘,0.7766887272262614
媹,镏,0.7736237789991443
媹,馏,0.7714403128470909
媹,塯,0.768387726686445
媹,媘,0.7651972575600378
媹,榴,0.764770182428683
媹,媓,0.7547163462457223
媹,媨,0.754673462313332
媹,瑠,0.7467191420713519
