char1,char2,similarity
媼,媼,1.0
媼,榲,0.7725563844370456
媼,婭,0.7667184790856657
媼,婮,0.7577907053913729
媼,娖,0.7540946382430418
媼,媱,0.7524981707718349
媼,媏,0.7520392915347137
媼,姬,0.7469922039003133
媼,婫,0.745333838099782
媼,嫟,0.7453213487086171
