char1,char2,similarity
嫄,嫄,1.0
嫄,娾,0.7896556650719512
嫄,婤,0.7875143864335823
嫄,媽,0.770544512970029
嫄,娓,0.7678496137270779
嫄,婗,0.766371946288524
嫄,媉,0.7608950856968366
嫄,嫭,0.7508928565931062
嫄,媔,0.7434918511959319
嫄,娽,0.7425344848091754
