char1,char2,similarity
嫆,嫆,1.0
嫆,熔,0.7877104470976565
嫆,榕,0.7703976726644161
嫆,搈,0.7663051988065848
嫆,镕,0.7628957090134209
嫆,嬸,0.7607964050646591
嫆,塎,0.7532031248121958
嫆,瑢,0.7489407242115308
嫆,媶,0.7488580713888986
嫆,媋,0.7451170371685811
