char1,char2,similarity
嫑,嫑,1.0
嫑,孁,0.7668785468011143
嫑,爾,0.730984365337132
嫑,霎,0.7095683518329045
嫑,畳,0.6972978986503232
嫑,震,0.6965760756404462
嫑,羀,0.6953365973766128
嫑,賈,0.6890229733213984
嫑,櫐,0.6889226943003942
嫑,奨,0.6889113237548723
