char1,char2,similarity
嫐,嫐,1.0
嫐,媺,0.7448348454750088
嫐,嬍,0.7243784149324812
嫐,嬓,0.7225403760644749
嫐,娰,0.7123099080370188
嫐,嫩,0.7069611615895052
嫐,嬂,0.7066202051869048
嫐,孅,0.705158004259277
嫐,嬔,0.7010673227616787
嫐,姗,0.6900156697970775
