char1,char2,similarity
嫌,嫌,1.0
嫌,谦,0.8092044605141254
嫌,缣,0.8016536562679479
嫌,傔,0.7683905403205123
嫌,慊,0.762103116169384
嫌,溓,0.7484501216308648
嫌,搛,0.7476556579672412
嫌,熑,0.7378597322191438
嫌,隒,0.7207387491063738
嫌,嗛,0.7111986508508867
