char1,char2,similarity
嫍,嫍,1.0
嫍,婇,0.7712124998488292
嫍,熖,0.7614836083548728
嫍,慆,0.7588068764498539
嫍,媔,0.7513330457166076
嫍,瑫,0.7497287911059443
嫍,媌,0.7463511381510679
嫍,媨,0.7438598974715261
嫍,媱,0.7434784805619851
嫍,塪,0.7434006313928321
