char1,char2,similarity
嫏,嫏,1.0
嫏,鄉,0.7936619387166995
嫏,瑯,0.7568198576566945
嫏,郷,0.7301684211354704
嫏,嘟,0.7283419823768216
嫏,卿,0.725497143626862
嫏,娜,0.723969894513953
嫏,榔,0.7203711608309936
嫏,鄕,0.7201028492275588
嫏,啷,0.7199290132719718
