char1,char2,similarity
嫖,嫖,1.0
嫖,縹,0.7925791743619858
嫖,膘,0.7832568557628337
嫖,镖,0.775593823281378
嫖,螵,0.7755595539641131
嫖,摽,0.7690910927417124
嫖,缥,0.7679323305266368
嫖,標,0.7654114223922434
嫖,慓,0.7555672596076517
嫖,媸,0.7529580836778176
