char1,char2,similarity
嫒,嫒,1.0
嫒,嫚,0.767631095838395
嫒,瑷,0.7673723775825032
嫒,媛,0.7644718577497966
嫒,援,0.7374723240562157
嫒,瑗,0.736158329140136
嫒,暧,0.7336035628924161
嫒,煖,0.731907311035686
嫒,嫅,0.7291863435418316
嫒,暖,0.7223726037054377
