char1,char2,similarity
嫔,嫔,1.0
嫔,槟,0.7966025450433439
嫔,缤,0.792978789181945
嫔,娸,0.769722325454898
嫔,镔,0.7694325581003828
嫔,瑸,0.7676894767446723
嫔,媗,0.7642849337779406
嫔,膑,0.7543153824172137
嫔,嬩,0.7481974626435424
嫔,婊,0.7479684385753461
