char1,char2,similarity
嫙,嫙,1.0
嫙,縼,0.7612279654967019
嫙,镟,0.7330151085036772
嫙,媙,0.7186710528979116
嫙,娬,0.7112618437274713
嫙,嬵,0.707220305728237
嫙,暶,0.7059949524579279
嫙,娵,0.7013969791854382
嫙,嬂,0.70057489608949
嫙,嬭,0.696550912875355
