char1,char2,similarity
嫕,嫕,1.0
嫕,嬺,0.7881474815339717
嫕,嬨,0.7555285164827579
嫕,婽,0.7513385185674357
嫕,媤,0.7436931489575914
嫕,嫟,0.7412690636796688
嫕,媼,0.7411449386804106
嫕,嫗,0.7391215738477666
嫕,媹,0.7390013584967045
嫕,嫄,0.7340920935517038
