char1,char2,similarity
嫗,嫗,1.0
嫗,塸,0.7778735737774117
嫗,嫟,0.7767699430415882
嫗,婳,0.7741869781048797
嫗,摳,0.7563619006890742
嫗,慪,0.7458059836553537
嫗,媉,0.7445958291266092
嫗,嬺,0.7429402401071739
嫗,嫕,0.7391215738477666
嫗,姗,0.7337478946428644
