char1,char2,similarity
嫟,嫟,1.0
嫟,嫗,0.7767699430415882
嫟,婳,0.7593234126693813
嫟,嬤,0.7544866921023923
嫟,婽,0.7534520621510111
嫟,媼,0.7453213487086171
嫟,榧,0.7445688836563401
嫟,嫕,0.7412690636796688
嫟,嫿,0.7360338676167525
嫟,嬗,0.7344189473664992
