char1,char2,similarity
嫞,嫞,1.0
嫞,嫝,0.7540024883351819
嫞,嬇,0.7503026292577093
嫞,嬪,0.7376757572953295
嫞,嬆,0.7359969413796377
嫞,孃,0.7282664104502855
嫞,墉,0.7266594341565291
嫞,嬤,0.7261995118379045
嫞,嫧,0.7215803327221854
嫞,媷,0.7196469884556628
