char1,char2,similarity
嫢,嫢,1.0
嫢,槼,0.7657578221612259
嫢,嬃,0.7587088837830062
嫢,媭,0.7441998827482397
嫢,嫳,0.7408689049668128
嫢,嫛,0.7269163993298459
嫢,嫯,0.7259045886168323
嫢,嫈,0.725741005098111
嫢,婺,0.7250422318928452
嫢,姭,0.7248754793684374
