char1,char2,similarity
嫜,嫜,1.0
嫜,墇,0.8073382419484934
嫜,暲,0.7912700888399323
嫜,嬑,0.7886559546838422
嫜,障,0.7866009533377214
嫜,樟,0.7815857389159947
嫜,慞,0.7710915329580788
嫜,娻,0.7680966304896287
嫜,婷,0.751912790328629
嫜,媾,0.7517345128115268
