char1,char2,similarity
嫡,嫡,1.0
嫡,镝,0.7932146432290456
嫡,摘,0.7808616788823198
嫡,娴,0.7747718519896899
嫡,熵,0.741706396505236
嫡,婨,0.740513251995426
嫡,谪,0.7368535892616548
嫡,墑,0.7365730776285592
嫡,婭,0.7347889641644977
嫡,嬄,0.7337586035217141
