char1,char2,similarity
嫣,嫣,1.0
嫣,嬀,0.75606559267132
嫣,婿,0.7534993132114316
嫣,嫘,0.7449846797263155
嫣,嫮,0.7425881768524291
嫣,媤,0.7398912927776735
嫣,墕,0.7393642678612102
嫣,婋,0.7376410961520055
嫣,嫃,0.7375450200468485
嫣,媞,0.7350607240560736
