char1,char2,similarity
嫥,嫥,1.0
嫥,竱,0.8011000721652418
嫥,嫃,0.7726127299822662
嫥,嫧,0.7561696830283019
嫥,媍,0.7423099277293275
嫥,嫹,0.7380758450129165
嫥,嫨,0.7379618792194865
嫥,嫎,0.7354360985455561
嫥,嫴,0.7348450200592427
嫥,嬪,0.7314514349553873
