char1,char2,similarity
嫤,嫤,1.0
嫤,娃,0.7682796150489255
嫤,槿,0.7621889673537091
嫤,媾,0.7530754999238382
嫤,嬞,0.7471130662075258
嫤,婏,0.7461570292391674
嫤,嫖,0.7455089547643702
嫤,婧,0.7445791516093083
嫤,螼,0.7425294293037127
嫤,膧,0.7407222120298582
