char1,char2,similarity
嫬,嫬,1.0
嫬,熫,0.7843188818791286
嫬,樜,0.7586338025034896
嫬,媡,0.7395190489402422
嫬,嫁,0.7264395536408754
嫬,婻,0.7231627257338754
嫬,墌,0.722859678260159
嫬,娻,0.7214810033669965
嫬,嬚,0.7200977033455799
嫬,嬑,0.7161317244712548
