char1,char2,similarity
嫫,嫫,1.0
嫫,婷,0.7679263006471604
嫫,姨,0.7623313676828625
嫫,婧,0.7550365289229968
嫫,娛,0.7465089777579027
嫫,娸,0.7444286047429332
嫫,媖,0.7429530437717474
嫫,婕,0.7419976327197522
嫫,模,0.7409143027169528
嫫,蠇,0.7389939080729666
