char1,char2,similarity
嫮,嫮,1.0
嫮,摴,0.7763621903729481
嫮,嬇,0.7756558693945036
嫮,嬬,0.7739466733238803
嫮,嫭,0.7637270815732494
嫮,嬋,0.7522829588324695
嫮,孃,0.7472931007652649
嫮,媦,0.7458300442597722
嫮,嫣,0.7425881768524291
嫮,媠,0.7390221355474709
