char1,char2,similarity
嫲,嫲,1.0
嫲,嬷,0.7290320384691843
嫲,嬣,0.7233893054010007
嫲,媋,0.7141737265414728
嫲,嬤,0.7045145850303953
嫲,媩,0.703572455326239
嫲,媯,0.7008069200225383
嫲,媂,0.7007696505248533
嫲,嫆,0.7003559744758645
嫲,嘛,0.700289276215555
