char1,char2,similarity
嫱,嫱,1.0
嫱,樯,0.7513140027672046
嫱,媳,0.7486262696747659
嫱,媾,0.7395304489694113
嫱,嫡,0.7281049714375734
嫱,濇,0.7279498583296008
嫱,婧,0.7269519177652327
嫱,懎,0.7263036393396878
嫱,嬙,0.7235479228730829
嫱,她,0.7212117782862462
