char1,char2,similarity
嫶,嫶,1.0
嫶,撨,0.7922498322222599
嫶,燋,0.7882388945350428
嫶,膲,0.7715065452237249
嫶,譙,0.7636476258349121
嫶,嫵,0.7478040161820251
嫶,媞,0.745123962913478
嫶,穛,0.7342430739442105
嫶,礁,0.7327707348950502
嫶,樵,0.7306596640591287
