char1,char2,similarity
嫹,嫹,1.0
嫹,媍,0.8080417269975765
嫹,熿,0.7690268354540658
嫹,嬏,0.7575831666864469
嫹,彉,0.7575089207210195
嫹,嬇,0.7506473463891206
嫹,媓,0.7437531536416332
嫹,墴,0.742495324064041
嫹,嫜,0.7418168434701815
嫹,蟥,0.7414966232781789
