char1,char2,similarity
嫷,嫷,1.0
嫷,憜,0.7706972081312135
嫷,撱,0.7562657561779506
嫷,婀,0.7255136840719101
嫷,嬵,0.7238653108208623
嫷,孄,0.7190597557068479
嫷,锕,0.717557878558718
嫷,婌,0.7014179749317565
嫷,娗,0.6972939986263517
嫷,媺,0.696061020923237
