char1,char2,similarity
嫿,嫿,1.0
嫿,嬞,0.7847032650550672
嫿,嬗,0.7725061935217705
嫿,繣,0.7587740147760142
嫿,嬁,0.754085858031573
嫿,膻,0.7436113720049905
嫿,嬑,0.7425924637182573
嫿,嬯,0.740074786216802
嫿,嫟,0.7360338676167525
嫿,嬇,0.7355632659362994
