char1,char2,similarity
嫾,嫾,1.0
嫾,撛,0.7918224451546283
嫾,燐,0.7871906990090857
嫾,隣,0.7869879263562869
嫾,暽,0.7759847464649977
嫾,膦,0.7740332524626774
嫾,璘,0.7732879246738613
嫾,媯,0.7610481772630426
嫾,獜,0.7442667413756503
嫾,憐,0.7390593581412052
