char1,char2,similarity
嫺,嫺,1.0
嫺,嫻,0.8533220509050727
嫺,孄,0.8040841625160642
嫺,嬹,0.7607378844429541
嫺,嬭,0.7598245123914085
嫺,嫋,0.759261767079275
嫺,孏,0.7554512546559282
嫺,撊,0.7520087657104223
嫺,燗,0.7467571623668813
嫺,媩,0.7454522683638365
