char1,char2,similarity
嫼,嫼,1.0
嫼,嬕,0.756909124839779
嫼,蟔,0.7483115735097492
嫼,嬬,0.7366130627408042
嫼,媈,0.732177804618028
嫼,嫘,0.7289509224332165
嫼,媕,0.7205250217438485
嫼,娗,0.7198761931189077
嫼,潶,0.7186503658393849
嫼,媫,0.7182330272114251
