char1,char2,similarity
嬃,嬃,1.0
嬃,頾,0.7639100903890984
嬃,嫢,0.7587088837830062
嬃,嬰,0.7573507647239901
嬃,婴,0.7438792032827248
嬃,晏,0.7418478060000299
嬃,嫯,0.7406960110225974
嬃,婺,0.7323813266259291
嬃,嫳,0.7293792086823847
嬃,媻,0.7279124831706011
