char1,char2,similarity
嬍,嬍,1.0
嬍,媺,0.8226822424348205
嬍,嬓,0.8071516739782731
嬍,譈,0.7437827480600305
嬍,嫩,0.7365859161546121
嬍,嬂,0.7313699746959893
嬍,憿,0.727292817478916
嬍,橔,0.7266517009066547
嬍,譤,0.7254154786110073
嬍,嫐,0.7243784149324812
