char1,char2,similarity
嬅,嬅,1.0
嬅,嬋,0.7775612773150143
嬅,媶,0.7722715266640949
嬅,媁,0.7550004816139074
嬅,嫴,0.7511257961459349
嬅,嫜,0.7498006244191414
嬅,嫊,0.7470098636806938
嬅,媂,0.739085358539993
嬅,婡,0.7383031468816335
嬅,娸,0.7368125284033518
