char1,char2,similarity
嬆,嬆,1.0
嬆,嬇,0.7512831000586379
嬆,媕,0.7472155955961681
嬆,嬬,0.7469637058247619
嬆,婅,0.7466015430046719
嬆,嬒,0.7407947052178504
嬆,嫞,0.7359969413796377
嬆,婾,0.7343862925368182
嬆,媌,0.7328822236087249
嬆,媮,0.7308987411041323
