char1,char2,similarity
嬎,嬎,1.0
嬎,嬔,0.786496403129038
嬎,嬾,0.7000052725599645
嬎,嬼,0.6916540483803709
嬎,甩,0.6809663069493441
嬎,滱,0.6800126367641867
嬎,妃,0.6700147195774866
嬎,皇,0.6666394651346389
嬎,屗,0.6666314208789151
嬎,荱,0.6664430295704407
