char1,char2,similarity
嬑,嬑,1.0
嬑,臆,0.799077241197895
嬑,嫜,0.7886559546838422
嬑,镱,0.7839596045397383
嬑,檍,0.7738179475224363
嬑,燱,0.7679925636848405
嬑,嬺,0.764059441593538
嬑,譩,0.7603735594307405
嬑,嬚,0.7577628103531046
嬑,嬇,0.7565453498120863
