char1,char2,similarity
嬗,嬗,1.0
嬗,檀,0.7887337724943457
嬗,壇,0.7794885199034356
嬗,嫿,0.7725061935217705
嬗,譠,0.7695225125030535
嬗,蟺,0.7498328123939788
嬗,檩,0.7475891692434676
嬗,嫟,0.7344189473664992
嬗,嬞,0.7337706821647357
嬗,擅,0.7319893705705233
