char1,char2,similarity
嬕,嬕,1.0
嬕,媈,0.7912868948632419
嬕,擇,0.7841539144523723
嬕,曎,0.7617306680138377
嬕,嶧,0.7611883554678476
嬕,嫼,0.756909124839779
嬕,譯,0.7488974767954479
嬕,墿,0.748743423694468
嬕,嬋,0.743904133343269
嬕,媁,0.7389189205377299
