char1,char2,similarity
嬒,嬒,1.0
嬒,懀,0.7917731021880726
嬒,瞺,0.7737164977303289
嬒,澮,0.7697748453525375
嬒,媕,0.7641681283385211
嬒,禬,0.761014173148539
嬒,徻,0.7608955105505557
嬒,膾,0.75271036350493
嬒,媡,0.7497162219420695
嬒,獪,0.7437948777335183
