char1,char2,similarity
嬛,嬛,1.0
嬛,缳,0.7775269155564223
嬛,譞,0.7705880860959688
嬛,媢,0.7603879311066801
嬛,嬢,0.7564789804953256
嬛,嬝,0.7546672730498151
嬛,彋,0.750833013445535
嬛,镮,0.7491327556079386
嬛,婸,0.7478552411646495
嬛,轘,0.7444853540681671
