char1,char2,similarity
嬙,嬙,1.0
嬙,婻,0.7771292983866822
嬙,牆,0.7662217031509254
嬙,媡,0.7619676255220053
嬙,媘,0.7565439588063009
嬙,嬧,0.7511429581843532
嬙,嬒,0.7405374715040459
嬙,嫁,0.7371597369765667
嬙,墻,0.7369209545717854
嬙,嬏,0.7359975629645993
