char1,char2,similarity
嬞,嬞,1.0
嬞,嫿,0.7847032650550672
嬞,嬄,0.753591673842978
嬞,嫤,0.7471130662075258
嬞,嬯,0.7461089426394679
嬞,媾,0.7418485259887765
嬞,嫫,0.7379753690414845
嬞,嫨,0.7371565864867852
嬞,嬗,0.7337706821647357
嬞,婕,0.7335602931675594
