char1,char2,similarity
嬡,嬡,1.0
嬡,嫚,0.7695667127756345
嬡,璦,0.7609996698756242
嬡,婈,0.7434124612380466
嬡,瞹,0.7402667096543286
嬡,燰,0.7356218911550624
嬡,嬇,0.7291413511512966
嬡,皧,0.7254238581470724
嬡,嬝,0.7203146911940083
嬡,婑,0.7182416023649988
