char1,char2,similarity
嬘,嬘,1.0
嬘,燧,0.7244934957756395
嬘,繸,0.7166376990996439
嬘,嬓,0.7054080835283858
嬘,璲,0.7052990427522168
嬘,嬍,0.7050574616819392
嬘,礈,0.70237866399407
嬘,嫗,0.6999608938702863
嬘,娵,0.6986455926172254
嬘,檖,0.6985522582810157
