char1,char2,similarity
嬩,嬩,1.0
嬩,婰,0.7820128459722478
嬩,嬹,0.7730487902361596
嬩,嶼,0.7522880763133251
嬩,嫔,0.7481974626435424
嬩,婽,0.746622248249487
嬩,娛,0.7449107793283993
嬩,嬚,0.7381108685819572
嬩,嬻,0.733551385898573
嬩,媆,0.731476327926694
