char1,char2,similarity
嬤,嬤,1.0
嬤,嫟,0.7544866921023923
嬤,嬷,0.7361118786713421
嬤,嬢,0.7355567442263266
嬤,嫝,0.7287371367530914
嬤,婈,0.7275459397375817
嬤,嫞,0.7261995118379045
嬤,婳,0.7232727855129547
嬤,嫗,0.7210376333602899
嬤,嬚,0.7201576701536299
