char1,char2,similarity
嬪,嬪,1.0
嬪,嫧,0.8158443793595037
嬪,嬇,0.8076213752173119
嬪,礗,0.7661610018153872
嬪,鑌,0.7478216594125883
嬪,瞔,0.7440257119538114
嬪,媰,0.7407839483429693
嬪,嫇,0.7407309803064611
嬪,嬸,0.7399414835751829
嬪,媍,0.7396352624167656
