char1,char2,similarity
嬣,嬣,1.0
嬣,擰,0.8269404786660378
嬣,檸,0.7974685346482823
嬣,獰,0.7751082274101786
嬣,懧,0.7604366637708518
嬣,聹,0.7587541277300214
嬣,矃,0.7487928918563985
嬣,鑏,0.7436347515057932
嬣,濘,0.740225524995567
嬣,婶,0.7389507847257394
