char1,char2,similarity
嬲,嬲,1.0
嬲,惆,0.6846767665006307
嬲,碉,0.6828503387089236
嬲,蜠,0.6814714841957248
嬲,蝄,0.6766253004689995
嬲,寢,0.6763056835615234
嬲,漍,0.672632455104205
嬲,恫,0.6717596358461619
嬲,调,0.6708804715833324
嬲,炯,0.6705436111419915
