char1,char2,similarity
嬮,嬮,1.0
嬮,屡,0.7652801269028167
嬮,擪,0.7346845721420016
嬮,靨,0.7335991809313607
嬮,蟨,0.7252556676508414
嬮,厴,0.7245732747438001
嬮,饜,0.7155320785431888
嬮,檿,0.7140102789724495
嬮,靥,0.7131134257545073
嬮,廔,0.7118887030285144
