char1,char2,similarity
嬬,嬬,1.0
嬬,壖,0.806136848482631
嬬,檽,0.7763941735693336
嬬,嫮,0.7739466733238803
嬬,瓀,0.7699131363862621
嬬,嬇,0.7665241533902893
嬬,襦,0.7584960221141094
嬬,燸,0.752181696222173
嬬,嬆,0.7469637058247619
嬬,蠕,0.7448965124510175
