char1,char2,similarity
嬾,嬾,1.0
嬾,懶,0.7400065888771102
嬾,瓎,0.7344578115294605
嬾,攋,0.7145404616399988
嬾,獺,0.705298158712843
嬾,嬎,0.7000052725599645
嬾,嫰,0.6990735315621931
嬾,嫩,0.6911703250794037
嬾,櫴,0.689024211275931
嬾,婌,0.6839550974265894
