char1,char2,similarity
嬺,嬺,1.0
嬺,嫕,0.7881474815339717
嬺,嬑,0.764059441593538
嬺,嬶,0.744790119019453
嬺,嫗,0.7429402401071739
嬺,孋,0.7323143887454521
嬺,婽,0.7311995166459868
嬺,嬫,0.7283083622384546
嬺,嬨,0.7280909838862454
嬺,嫟,0.7255797148851796
