char1,char2,similarity
嬼,嬼,1.0
嬼,懰,0.7825548972879974
嬼,瀏,0.732230331418386
嬼,鰂,0.7228333921907764
嬼,孈,0.7208527717883311
嬼,嚠,0.7138969957069294
嬼,娳,0.7119981870219089
嬼,劂,0.708594857346816
嬼,涮,0.696917996751378
嬼,孆,0.6950012673748133
