char1,char2,similarity
嬽,嬽,1.0
嬽,嫨,0.7600644945441107
嬽,嬻,0.7515005510436366
嬽,嫃,0.7395109941404615
嬽,嫚,0.7394796369596807
嬽,嫓,0.7380065319186919
嬽,嫹,0.7334997225608556
嬽,嬳,0.7329555690537457
嬽,嬧,0.7297989399115593
嬽,婣,0.7279456124727425
