char1,char2,similarity
孀,孀,1.0
孀,骦,0.734339586521989
孀,嬭,0.7262521646656289
孀,灀,0.7216157059897657
孀,嬬,0.7141993087984766
孀,嬥,0.7109391688321439
孀,嫘,0.6992967576971069
孀,樗,0.6961658821157777
孀,娳,0.6937140489591421
孀,嫗,0.6927353229137435
