char1,char2,similarity
孄,孄,1.0
孄,嫺,0.8040841625160642
孄,嫻,0.7922422271451852
孄,嬭,0.7509870264461278
孄,孏,0.7479493947990269
孄,攔,0.7380864899854659
孄,媩,0.729058241103755
孄,嫋,0.7266761624409394
孄,嬹,0.7236249126714553
孄,墹,0.7201795061258333
