char1,char2,similarity
孆,孆,1.0
孆,攖,0.7694109244781204
孆,孇,0.7479022641822325
孆,嚶,0.7457862355325657
孆,瀴,0.7286205490756696
孆,嫚,0.7161434426729213
孆,瓔,0.7136551404766673
孆,孈,0.7126043373431341
孆,撄,0.7092212290785143
孆,嬡,0.706240904469427
