char1,char2,similarity
孅,孅,1.0
孅,殲,0.7718680781317321
孅,櫼,0.7700670464752755
孅,攕,0.7673715408607332
孅,襳,0.7639163121330782
孅,懺,0.7543475432950464
孅,殱,0.7528873928049964
孅,娬,0.7365623724269263
孅,繊,0.7190233402917426
孅,讖,0.7179150865698332
