char1,char2,similarity
孃,孃,1.0
孃,嬝,0.7617416431727978
孃,嬢,0.7595172506705024
孃,瓖,0.7569620496682552
孃,嬇,0.7515870556692604
孃,嫮,0.7472931007652649
孃,嬻,0.7440103144634547
孃,镶,0.7416029167733951
孃,蠰,0.7373384028708869
孃,嫭,0.7367187236534223
