char1,char2,similarity
孁,孁,1.0
孁,霎,0.8062642200263047
孁,震,0.7729750768881699
孁,嫑,0.7668785468011143
孁,霾,0.7574759986555237
孁,霯,0.7544893530541213
孁,霫,0.7515758975879251
孁,霁,0.7509184205141244
孁,霌,0.7488787220884688
孁,霶,0.7475609420534988
