char1,char2,similarity
孊,孊,1.0
孊,攠,0.7297675345138361
孊,孍,0.7080133599066099
孊,娜,0.6992339585016022
孊,戂,0.6980127696528436
孊,孄,0.6933398566614122
孊,嬈,0.6922708403942773
孊,擵,0.6897580029937243
孊,橱,0.6856575648990739
孊,嫗,0.6846433292780636
