char1,char2,similarity
孋,孋,1.0
孋,欐,0.7766064353086356
孋,纚,0.7726196359411409
孋,躧,0.7553471629144809
孋,襹,0.7523200792785765
孋,孎,0.7410336258332517
孋,嬚,0.7324646677573228
孋,嬺,0.7323143887454521
孋,嫋,0.7272872485492908
孋,嫺,0.721282803536329
