char1,char2,similarity
孏,孏,1.0
孏,嫺,0.7554512546559282
孏,孄,0.7479493947990269
孏,嫻,0.7359778438604714
孏,婻,0.7261574842755083
孏,嫟,0.724332815146977
孏,嬻,0.7226061745933942
孏,嬭,0.7221124888745893
孏,媩,0.7206107712116286
孏,嫗,0.7198705638222828
