char1,char2,similarity
字,字,1.0
字,宇,0.8196934707650207
字,芋,0.8145403519667248
字,手,0.8098567372301465
字,芓,0.8093412604014822
字,芉,0.8083123954425742
字,夲,0.8082593537574505
字,苸,0.8058874755044696
字,芧,0.7900696068627454
字,冖,0.7880270832924772
