char1,char2,similarity
孙,孙,1.0
孙,仦,0.7746713350592689
孙,计,0.7698697176754226
孙,仲,0.7569893470976937
孙,抄,0.7445825218333193
孙,廾,0.7413782084820882
孙,凡,0.7397440595764782
孙,讪,0.7389179831747289
孙,丬,0.7371352607399521
孙,斗,0.7359044187750634
