char1,char2,similarity
孛,孛,1.0
孛,李,0.8370006435469861
孛,穻,0.8153264505085045
孛,荢,0.8135538884965836
孛,学,0.7882764651927777
孛,孪,0.7760371647787649
孛,牢,0.7638503922323358
孛,荤,0.7614054113646426
孛,枣,0.7590460472526658
孛,宾,0.7546386287325156
