char1,char2,similarity
孜,孜,1.0
孜,攻,0.7852725805982652
孜,收,0.7704948185461571
孜,呚,0.7693418476025865
孜,坆,0.7651794100084892
孜,改,0.763921260307603
孜,盿,0.7595679155861225
孜,忟,0.7589969308158222
孜,旼,0.7584043942241915
孜,枚,0.7550634465895893
