char1,char2,similarity
孔,孔,1.0
孔,礼,0.820465321174298
孔,扎,0.8065938313782589
孔,乁,0.7998532611014353
孔,凢,0.7967855752013613
孔,凣,0.7943761761750748
孔,钆,0.7941059798933694
孔,凡,0.7911659277884351
孔,几,0.7893903603367164
孔,軋,0.787999527035927
