char1,char2,similarity
存,存,1.0
存,弃,0.7949313978332644
存,冇,0.7791086480366871
存,仃,0.763643532815819
存,荏,0.7574047932339619
存,夲,0.7557464511041663
存,壵,0.7556209832326289
存,芉,0.753473615110249
存,芓,0.7514167187491265
存,互,0.7513730595715258
