char1,char2,similarity
孟,孟,1.0
孟,亜,0.7790898482985821
孟,坣,0.7789667002528954
孟,盀,0.7762109792470812
孟,丞,0.7696475549170076
孟,亟,0.7677017166306755
孟,盍,0.7625751468886853
孟,亞,0.7598218700100217
孟,盂,0.7513640614358761
孟,盘,0.7491505650024026
