char1,char2,similarity
孢,孢,1.0
孢,抱,0.8137138794909261
孢,怉,0.8036508269660164
孢,玸,0.7768876311631999
孢,咆,0.7767813468357108
孢,狍,0.7678726393818148
孢,垉,0.7664193943329857
孢,饱,0.7624783091097266
孢,炮,0.759921034242402
孢,拘,0.7550360689034348
