char1,char2,similarity
学,学,1.0
学,孛,0.7882764651927777
学,孕,0.7816271544471945
学,牢,0.7737417905950496
学,李,0.76754433261452
学,圼,0.7636774254460601
学,穻,0.7632393463904161
学,宀,0.7573980956172541
学,罕,0.7451243183913229
学,觉,0.7450070342761957
