char1,char2,similarity
季,季,1.0
季,秊,0.7763957766069298
季,孥,0.77236972382422
季,香,0.7713056654756214
季,享,0.7598720491271818
季,秀,0.7542179615681477
季,孠,0.7450118200605755
季,単,0.735669420852213
季,芈,0.7355893084944691
季,斈,0.7326449212574286
