char1,char2,similarity
孠,孠,1.0
孠,孥,0.7682901545046568
孠,學,0.7673019257514065
孠,雽,0.7570116486879925
孠,享,0.7484269177044659
孠,季,0.7450118200605755
孠,罜,0.7439903321011606
孠,孯,0.7401845647414218
孠,雵,0.7395804208923997
孠,暴,0.7386556789824946
