char1,char2,similarity
孫,孫,1.0
孫,孮,0.7562971462426858
孫,孡,0.7320088214903657
孫,鲧,0.72709954945066
孫,孖,0.7233750368463985
孫,孙,0.7213356840571974
孫,孢,0.704445233110407
孫,拣,0.6970412123776485
孫,孤,0.6958355147773269
孫,係,0.6934615417793668
