char1,char2,similarity
孨,孨,1.0
孨,芈,0.7337964744472616
孨,方,0.7266650025388508
孨,忘,0.7239232666631878
孨,乛,0.7212367352362288
孨,羊,0.7205615280934501
孨,丹,0.7204701143596124
孨,卩,0.7197816754677352
孨,咢,0.7195307650390911
孨,幷,0.7166014095056888
