char1,char2,similarity
孮,孮,1.0
孮,孫,0.7562971462426858
孮,賩,0.7557162979984229
孮,粽,0.7477631323785987
孮,骔,0.7232774943696976
孮,孻,0.7216499028488195
孮,腙,0.7213299081612713
孮,荒,0.718796164492742
孮,孙,0.7170652657391138
孮,孢,0.7162394117155386
