char1,char2,similarity
孶,孶,1.0
孶,孳,0.7629933875612783
孶,孿,0.7406031000480005
孶,荸,0.7382914263352848
孶,挛,0.7356706178940572
孶,孷,0.7303465312856599
孶,阜,0.725936808352627
孶,車,0.7209925119866312
孶,单,0.7206949677935545
孶,厚,0.7202519565753385
