char1,char2,similarity
孳,孳,1.0
孳,荸,0.7922689959453583
孳,革,0.7682296124832698
孳,孶,0.7629933875612783
孳,荜,0.7442094241569123
孳,拲,0.7433911603835105
孳,莘,0.7412223763572277
孳,荦,0.7401327906067879
孳,草,0.7341698598468707
孳,荲,0.7334206207493534
