char1,char2,similarity
孲,孲,1.0
孲,埡,0.7990557034445195
孲,婭,0.7785295722502198
孲,椏,0.7649191661364158
孲,孤,0.7645104085053184
孲,稏,0.7641693967019823
孲,挜,0.7373074533822258
孲,怇,0.7344101138024166
孲,孻,0.7312492137950701
孲,掗,0.7275129681457013
