char1,char2,similarity
孴,孴,1.0
孴,霅,0.7542259669802492
孴,諐,0.7403472039187012
孴,霉,0.722130462600344
孴,瞖,0.720351632273806
孴,畺,0.715822847377832
孴,置,0.7126902679830488
孴,鲞,0.7121613556854874
孴,蟗,0.7115489100985092
孴,脋,0.7115389615753489
