char1,char2,similarity
孻,孻,1.0
孻,孲,0.7312492137950701
孻,孮,0.7216499028488195
孻,擼,0.7215962327964651
孻,櫓,0.7195919447711177
孻,蓓,0.7168408898326422
孻,摟,0.7147256035127346
孻,殈,0.7124456487246966
孻,桖,0.711876666457537
孻,孙,0.7114279455425542
