char1,char2,similarity
它,它,1.0
它,乚,0.8319140523462751
它,仑,0.7922417443176091
它,乞,0.7848614341311286
它,乛,0.7824839645401236
它,亻,0.7793042303826704
它,勹,0.776895810899269
它,亇,0.7730178663896123
它,艺,0.772832780989821
它,仓,0.7689173795211
