char1,char2,similarity
宁,宁,1.0
宁,守,0.8291285353734539
宁,十,0.8256860815721323
宁,亅,0.8199799765180507
宁,辛,0.814425800351206
宁,丨,0.8142130752917488
宁,亠,0.8141375823406075
宁,冖,0.8129962989518373
宁,艼,0.8091820605214756
宁,亇,0.8090932497327199
