char1,char2,similarity
宄,宄,1.0
宄,宂,0.8031752188019098
宄,艽,0.8011479862667107
宄,五,0.7947198155817728
宄,宍,0.7850302452427795
宄,宁,0.7826934937752594
宄,充,0.7769082606085486
宄,丆,0.7706355539611747
宄,笂,0.7683972477060389
宄,宐,0.7650804994966969
