char1,char2,similarity
孽,孽,1.0
孽,蕐,0.7306395465374931
孽,蔁,0.7236044194823829
孽,箰,0.7200743487977045
孽,擘,0.7197516788254563
孽,晕,0.7106620750901018
孽,擥,0.7100454109067047
孽,牽,0.7097145062223644
孽,犟,0.7058558354267591
孽,單,0.7043198573533324
