char1,char2,similarity
宀,宀,1.0
宀,乛,0.8885425220076046
宀,冖,0.8626822452278771
宀,丶,0.8518294410034348
宀,艹,0.8513566737063065
宀,丨,0.8479130693700756
宀,亠,0.840890351153349
宀,二,0.8390486106276285
宀,忄,0.8363217492057059
宀,冫,0.8346058010685249
