char1,char2,similarity
宋,宋,1.0
宋,来,0.8324678619895689
宋,宍,0.8106478218477365
宋,末,0.8069304506910429
宋,未,0.7896330302428117
宋,朱,0.7880401690886429
宋,耒,0.7845215477217933
宋,宁,0.7795689474100611
宋,千,0.7737528765063408
宋,屮,0.7674469106524447
