char1,char2,similarity
守,守,1.0
守,宁,0.8291285353734539
守,辛,0.7998680077849578
守,亠,0.7863823727827455
守,丆,0.7848138024192542
守,佇,0.772038825056544
守,仔,0.7705069642029196
守,冖,0.7688647213635754
守,卝,0.7684961183780303
守,产,0.7666895233961014
