char1,char2,similarity
安,安,1.0
安,宍,0.7826881088300369
安,宋,0.7601712074067247
安,矢,0.7566489794995553
安,宄,0.7536693625888614
安,三,0.7517441740002997
安,史,0.7515681191960781
安,守,0.7491787744419954
安,农,0.748759415320801
安,亠,0.7478749963405797
