char1,char2,similarity
宗,宗,1.0
宗,佘,0.8069086062974256
宗,宇,0.8022145232585302
宗,耒,0.7942333921626216
宗,朿,0.7789465676706977
宗,宪,0.7716372270428865
宗,室,0.764898539901685
宗,卉,0.7624762976783194
宗,杂,0.7622151173440898
宗,來,0.760870731941313
