char1,char2,similarity
宕,宕,1.0
宕,若,0.7903023063165542
宕,刍,0.7732510067492986
宕,岩,0.7717974404492001
宕,宙,0.7645580896394074
宕,吿,0.7611673254975602
宕,专,0.7598985842725846
宕,定,0.7594959135200078
宕,启,0.7561847409709351
宕,尗,0.7548712287441803
