char1,char2,similarity
官,官,1.0
官,言,0.7971140333746689
官,杳,0.7919049772035357
官,苢,0.7753498355332222
官,宫,0.7744829893451393
官,宒,0.7732899630203423
官,甫,0.7653122102703894
官,昔,0.765274469465463
官,三,0.7619539056115422
官,宜,0.7555032863436577
