char1,char2,similarity
実,実,1.0
実,荚,0.7997757794614283
実,夷,0.7617587766802913
実,弃,0.7613584323436235
実,宎,0.758907808412032
実,英,0.7543169279680448
実,莢,0.7526101595503538
実,实,0.7490725214906155
実,育,0.7487025695664223
実,奭,0.7455768741516253
