char1,char2,similarity
客,客,1.0
客,茖,0.7689279720967631
客,害,0.7517839657065697
客,窖,0.7359788840733278
客,宴,0.7242376326992901
客,宻,0.7240785452782036
客,否,0.7174507406898852
客,肎,0.7171718874681638
客,寥,0.7154431920975408
客,容,0.7144262988498115
