char1,char2,similarity
宜,宜,1.0
宜,冝,0.8326568094661406
宜,宦,0.7797954924581724
宜,宧,0.7717451867151256
宜,笡,0.7708942372564918
宜,苴,0.759608141141757
宜,荎,0.7579977049383678
宜,官,0.7555032863436577
宜,宣,0.7553709839686085
宜,苣,0.7526146398772896
