char1,char2,similarity
宠,宠,1.0
宠,茏,0.8038010876820216
宠,笼,0.7703867604299787
宠,宄,0.7575028282248569
宠,五,0.7507090573612568
宠,充,0.7500019506436166
宠,壳,0.7476682950245438
宠,表,0.7410256831858523
宠,守,0.738810381142078
宠,宁,0.7383619160148647
