char1,char2,similarity
宣,宣,1.0
宣,直,0.8020183878071635
宣,奆,0.7925978209549294
宣,窐,0.7919105648892255
宣,育,0.7892176059356513
宣,荁,0.7870345145090143
宣,査,0.7806345009236066
宣,窇,0.7693900170535951
宣,宵,0.7621861224201323
宣,皇,0.7576843547555707
