char1,char2,similarity
审,审,1.0
审,串,0.7917811023147288
审,窂,0.7907295025575781
审,宦,0.7860377000513621
审,帘,0.7759707524045261
审,穼,0.775690026723221
审,宰,0.7717607618410923
审,冖,0.7711117450761849
审,宩,0.7653292824252648
审,苚,0.7619237913426571
