char1,char2,similarity
宨,宨,1.0
宨,窕,0.7837014038452316
宨,卯,0.7524817004314847
宨,兀,0.7521999924333674
宨,兖,0.7482402479022355
宨,兗,0.7429299935144117
宨,亚,0.7417321654815167
宨,完,0.7404148384963077
宨,宑,0.7394451504451437
宨,元,0.7356206159447031
