char1,char2,similarity
宩,宩,1.0
宩,穼,0.8502975528509431
宩,耒,0.7991058644623146
宩,来,0.7750531708452191
宩,采,0.7712306523436959
宩,來,0.7685255088889357
宩,审,0.7653292824252648
宩,束,0.761126933520623
宩,罙,0.7524471420069822
宩,屮,0.752092238383877
