char1,char2,similarity
宪,宪,1.0
宪,克,0.798330546845247
宪,芫,0.7932432429061985
宪,穷,0.7854678309064036
宪,宎,0.7815978228751552
宪,宗,0.7716372270428865
宪,宛,0.7608762000265332
宪,充,0.7603356020130617
宪,铊,0.7599861881698912
宪,宇,0.7560805766022458
