char1,char2,similarity
宦,宦,1.0
宦,宧,0.8355307923966033
宦,苣,0.8118512781612164
宦,审,0.7860377000513621
宦,宜,0.7797954924581724
宦,苚,0.7709723922023323
宦,皀,0.7662751139219037
宦,亱,0.7575696090615573
宦,莖,0.7567282089790135
宦,夿,0.7561062998540876
