char1,char2,similarity
宭,宭,1.0
宭,莙,0.783992201076464
宭,畗,0.7814264796751484
宭,宸,0.7780430185830788
宭,春,0.7673338109015724
宭,窗,0.7647797903550602
宭,寅,0.7593622479028328
宭,叀,0.7538567993213457
宭,亯,0.7531775355116972
宭,唐,0.751525341312203
