char1,char2,similarity
家,家,1.0
家,窕,0.7322771364497723
家,宽,0.7311052871347101
家,宯,0.7293696443266496
家,東,0.7291760476457898
家,完,0.7251698371489786
家,宾,0.7223837188368403
家,宫,0.7190114688719399
家,扇,0.7188713860559217
家,孛,0.7174901741272773
