char1,char2,similarity
宲,宲,1.0
宲,寀,0.8455913426345965
宲,宷,0.80221332109985
宲,泉,0.778988027205807
宲,宺,0.7687165910510556
宲,某,0.7655479978553065
宲,楽,0.7564035599156472
宲,東,0.7562160406772251
宲,杗,0.7550061361280159
宲,宆,0.7466339465216242
