char1,char2,similarity
宮,宮,1.0
宮,宫,0.7862163872003797
宮,宆,0.7803670538845815
宮,寓,0.7497255732839703
宮,宽,0.7471042114068775
宮,壭,0.7464113437138801
宮,言,0.746378960648263
宮,孛,0.7423452190196301
宮,茩,0.739590023429339
宮,哀,0.7386034025822648
