char1,char2,similarity
宸,宸,1.0
宸,寅,0.7808183611133604
宸,宭,0.7780430185830788
宸,袬,0.7776335950800725
宸,東,0.763503817899769
宸,莀,0.7597172490732182
宸,畗,0.7566944253839717
宸,恴,0.7535193830925371
宸,裳,0.7500018045518075
宸,戾,0.7498420529919683
