char1,char2,similarity
宻,宻,1.0
宻,窑,0.7726063580807254
宻,富,0.7582475612789673
宻,密,0.757006060423524
宻,宭,0.7410687023421372
宻,宵,0.7373796263692842
宻,畗,0.7352192074296523
宻,宨,0.73290426631254
宻,窗,0.730626682776708
宻,窅,0.73025168090716
