char1,char2,similarity
寀,寀,1.0
寀,宲,0.8455913426345965
寀,宷,0.8145427953529252
寀,某,0.7739519854846232
寀,杗,0.7653963106736539
寀,東,0.761791795491669
寀,泉,0.75351894119833
寀,宺,0.7522258022476861
寀,菜,0.7465168163253937
寀,粊,0.7423286702159141
