char1,char2,similarity
寉,寉,1.0
寉,萑,0.7968742101248325
寉,雈,0.7900195430053527
寉,崔,0.7692934924915713
寉,隺,0.7682132126976692
寉,宿,0.7517887886057706
寉,亱,0.7431169079490233
寉,荀,0.7427110562751886
寉,害,0.740139334497002
寉,萏,0.7332703969603718
