char1,char2,similarity
寄,寄,1.0
寄,每,0.7818611173899501
寄,害,0.7734743431558938
寄,胄,0.7677514828489869
寄,耉,0.7524042683450333
寄,亭,0.7497760454392316
寄,寁,0.7414549985562637
寄,毎,0.7374638803688153
寄,奇,0.7358819315567705
寄,宆,0.7354605344120106
