char1,char2,similarity
寋,寋,1.0
寋,塞,0.7825713470450812
寋,萶,0.7551462717846347
寋,寨,0.7544607100978391
寋,菤,0.7509716061405953
寋,胄,0.7465331137894067
寋,寒,0.7396352868247471
寋,髙,0.7391691067559953
寋,栆,0.7355632538301501
寋,寄,0.7348980945591396
