char1,char2,similarity
寑,寑,1.0
寑,寖,0.8544307330816441
寑,寝,0.8217483619680325
寑,葠,0.8109215377366057
寑,寕,0.7546488719524284
寑,瘍,0.7328553434905961
寑,棗,0.7306445453362356
寑,夜,0.7258873870253526
寑,蓡,0.7228642785654952
寑,撸,0.7222632295438757
