char1,char2,similarity
寏,寏,1.0
寏,奥,0.7918191819536191
寏,莫,0.7611614011911759
寏,臭,0.7491388717400129
寏,寞,0.7480480163327782
寏,穹,0.7463448042665455
寏,寨,0.7408947871176483
寏,茣,0.7385265852679657
寏,享,0.7347301317424183
寏,叓,0.7302396997030142
