char1,char2,similarity
寒,寒,1.0
寒,塞,0.7745837520780201
寒,害,0.7623536974781859
寒,栆,0.7577487701781043
寒,車,0.7547989577497597
寒,荨,0.750507760864897
寒,宰,0.7440745808304818
寒,寋,0.7396352868247471
寒,穹,0.7391399203719797
寒,宭,0.7342698091718708
