char1,char2,similarity
寔,寔,1.0
寔,悹,0.7502055153640806
寔,寁,0.7455483740415695
寔,宺,0.7403743121077402
寔,宷,0.7380252742760838
寔,骞,0.7339289163493606
寔,杗,0.7312547060069097
寔,寛,0.730572049760769
寔,桒,0.7283497763526323
寔,瓦,0.7248331083183825
