char1,char2,similarity
寜,寜,1.0
寜,享,0.7912592201203433
寜,寕,0.7867124978894651
寜,孪,0.7749498143526444
寜,亭,0.7719207910195509
寜,甯,0.7651637898588712
寜,亨,0.7511545250061831
寜,芈,0.7466579027398615
寜,卒,0.7424697626384014
寜,準,0.7415253123621732
