char1,char2,similarity
寞,寞,1.0
寞,真,0.8128841970361141
寞,寛,0.780008147835508
寞,萛,0.777741740068629
寞,寘,0.771581462528327
寞,寊,0.7676176052694529
寞,奠,0.7644278074421315
寞,壹,0.7625510509122329
寞,菖,0.7616532860581101
寞,萇,0.7570953554914783
