char1,char2,similarity
寛,寛,1.0
寛,寬,0.8633846066575286
寛,寞,0.780008147835508
寛,寈,0.771351018052738
寛,宽,0.7647888546417093
寛,真,0.7621556773004986
寛,覍,0.7619517034156501
寛,蒖,0.7542461090832119
寛,毐,0.7462006678610188
寛,亮,0.7435830830460911
