char1,char2,similarity
寣,寣,1.0
寣,寤,0.8025907087830875
寣,寱,0.7511753301495463
寣,寎,0.7415362333074118
寣,菺,0.7405977456372407
寣,憲,0.7289074536195386
寣,悥,0.7275432709160776
寣,寢,0.7235262482661492
寣,冟,0.7214508134883766
寣,窖,0.7155564687737418
