char1,char2,similarity
寨,寨,1.0
寨,享,0.7596969250668413
寨,寋,0.7544607100978391
寨,察,0.7427696941953933
寨,寮,0.7409331329092245
寨,寏,0.7408947871176483
寨,亭,0.7357919553887107
寨,寜,0.7332505210047751
寨,寲,0.7327750570116158
寨,凖,0.7302571612391624
