char1,char2,similarity
寧,寧,1.0
寧,粤,0.7678499668565795
寧,軎,0.7645157411921774
寧,罕,0.7431087381602527
寧,平,0.7398566864179474
寧,寮,0.7322264743659427
寧,窖,0.7301384370555554
寧,寕,0.7283650836204026
寧,蓽,0.7282025319730204
寧,手,0.7280687500350137
