char1,char2,similarity
審,審,1.0
審,萫,0.8084775192340674
審,蕃,0.8084454553467403
審,喜,0.7405349334862675
審,誉,0.7233858770508642
審,寥,0.7205532155882739
審,赛,0.7187272880806768
審,亨,0.7172714486792763
審,弄,0.7162420964765578
審,蜝,0.7149059886109089
