char1,char2,similarity
寢,寢,1.0
寢,寖,0.7345618001429559
寢,賔,0.7252723590473603
寢,寣,0.7235262482661492
寢,寤,0.7223969787351273
寢,寝,0.7195393044634815
寢,寰,0.7170141700335196
寢,廛,0.7145329015881979
寢,悥,0.7114513379853823
寢,襄,0.7105574276088195
