char1,char2,similarity
寤,寤,1.0
寤,寣,0.8025907087830875
寤,寱,0.749905821436115
寤,窖,0.7421496126305167
寤,寐,0.7302457845386857
寤,蔑,0.7254290909677484
寤,寎,0.7225817279292158
寤,寢,0.7223969787351273
寤,声,0.7213294175778622
寤,帟,0.72012667312936
