char1,char2,similarity
寠,寠,1.0
寠,寷,0.72847357153333
寠,卖,0.7255144290243708
寠,寕,0.7246206287485608
寠,篓,0.7145124485128572
寠,婁,0.7143223434401125
寠,穹,0.7142391584470685
寠,叓,0.7141996274005019
寠,霋,0.7122380975417879
寠,窠,0.709633085456696
