char1,char2,similarity
寰,寰,1.0
寰,農,0.7793265796221127
寰,褰,0.7622548251682916
寰,襄,0.7611072334516311
寰,褱,0.7506837337337342
寰,褒,0.7495656043643047
寰,賔,0.7469023852620258
寰,裛,0.7407326913654261
寰,賫,0.7394525716350258
寰,寪,0.7346041348230383
