char1,char2,similarity
寮,寮,1.0
寮,嶚,0.7541163650230244
寮,寈,0.7416697373548985
寮,寨,0.7409331329092245
寮,寬,0.7407317248353266
寮,寛,0.7348030357265463
寮,寧,0.7322264743659427
寮,秦,0.7278025966930953
寮,察,0.7224596507970696
寮,宺,0.721657704556141
