char1,char2,similarity
寭,寭,1.0
寭,惠,0.792582099690936
寭,愈,0.7787787693777288
寭,憲,0.7707123704627762
寭,悫,0.7622448545315481
寭,寕,0.7567215027766646
寭,悤,0.7488937713075353
寭,罳,0.7435683812635611
寭,意,0.7422533651258048
寭,乶,0.7378676272397113
