char1,char2,similarity
寬,寬,1.0
寬,寛,0.8633846066575286
寬,蒖,0.7737788469337236
寬,寈,0.7592401543219128
寬,萈,0.7472161076296826
寬,亘,0.7471690669504526
寬,寞,0.7471627292369486
寬,覍,0.7438209472702074
寬,宽,0.7416144694461149
寬,寮,0.7407317248353266
