char1,char2,similarity
寲,寲,1.0
寲,嶷,0.7451287307574315
寲,寨,0.7327750570116158
寲,寕,0.7290114255995822
寲,叓,0.7287956073686548
寲,寏,0.7254328271903637
寲,烹,0.7239677588956916
寲,享,0.7215098774762193
寲,寑,0.7208428470950166
寲,亨,0.7168381906696689
