char1,char2,similarity
寷,寷,1.0
寷,蘴,0.740475800137283
寷,齏,0.7380652082133977
寷,寠,0.72847357153333
寷,棗,0.7259853174861817
寷,寈,0.722757413088236
寷,廔,0.7169166339936626
寷,寔,0.7153057835691394
寷,鹽,0.7120245996178813
寷,慧,0.7117484279292292
