char1,char2,similarity
寴,寴,1.0
寴,藽,0.7441248608782011
寴,専,0.7211022638647872
寴,寵,0.7156394885543746
寴,窟,0.7108284855348332
寴,寛,0.7100645594698531
寴,寃,0.705569457733448
寴,亶,0.7043038171030575
寴,扈,0.7024898553793804
寴,窥,0.7009248092294844
