char1,char2,similarity
寸,寸,1.0
寸,艹,0.8398282316117827
寸,才,0.8306094608626349
寸,乊,0.8144864068102585
寸,乛,0.8070473423271689
寸,二,0.8055757639437569
寸,丩,0.8042479514378853
寸,宀,0.8029836247740164
寸,丷,0.8007961857378542
寸,丶,0.8005640253714889
