char1,char2,similarity
射,射,1.0
射,尌,0.7696022294886641
射,纣,0.7479072217055583
射,躬,0.747108989804039
射,佄,0.7407617881261462
射,封,0.7362893327981126
射,肘,0.7349160115700551
射,紂,0.7331579898517828
射,村,0.7306395342584655
射,泭,0.7300707383361982
