char1,char2,similarity
封,封,1.0
封,纣,0.7622241511536181
封,时,0.761605921461059
封,籿,0.7534571705152239
封,卦,0.752457239502238
封,财,0.7509554986792086
封,对,0.7502883456932844
封,钅,0.7383555309159309
封,射,0.7362893327981126
封,口,0.7343783690163472
