char1,char2,similarity
對,對,1.0
對,尌,0.7706525800934938
對,尀,0.7506072024952851
對,釮,0.7389470545418391
對,村,0.7386591703880807
對,对,0.7383591497494858
對,紂,0.7366013097826695
對,肘,0.7353048589797981
對,討,0.7319441588505483
對,衬,0.7294673607466388
