char1,char2,similarity
尌,尌,1.0
尌,對,0.7706525800934938
尌,射,0.7696022294886641
尌,尀,0.748134771190865
尌,衬,0.7477856744552189
尌,財,0.7445514299595679
尌,肘,0.7373506186310478
尌,紂,0.7352415104584122
尌,村,0.7341001291394581
尌,釮,0.7309487177460013
