char1,char2,similarity
少,少,1.0
少,丨,0.828482256113566
少,乡,0.8066213663392401
少,丿,0.8032132079636131
少,亅,0.7967038564364892
少,丄,0.7953776953219714
少,个,0.7953143250925893
少,夕,0.7948555497661028
少,十,0.7938988228764686
少,丶,0.789711520719211
