char1,char2,similarity
尋,尋,1.0
尋,尃,0.750127561945222
尋,曼,0.7473920123744734
尋,馵,0.7391715180066878
尋,寻,0.7301481838947546
尋,暑,0.7287095565150714
尋,褁,0.7281232984738237
尋,晕,0.7265141158209903
尋,奡,0.7261102756966757
尋,咢,0.7243320552731812
