char1,char2,similarity
尊,尊,1.0
尊,奠,0.7535479573586522
尊,箒,0.7401677468564489
尊,卑,0.7340454652760516
尊,葸,0.7331981957959298
尊,真,0.7274123909517839
尊,俥,0.7268533189359455
尊,噂,0.7265526146363062
尊,葶,0.725499777754981
尊,萛,0.7246757066173214
