char1,char2,similarity
尕,尕,1.0
尕,孕,0.782078314531242
尕,朶,0.7594690871935811
尕,杀,0.7468135628512083
尕,亅,0.7447016200233137
尕,示,0.73976275185276
尕,孒,0.7383512198742429
尕,永,0.7366907570750548
尕,八,0.7366471115826031
尕,戸,0.7347349323712025
