char1,char2,similarity
尛,尛,1.0
尛,丿,0.7338865976480029
尛,尘,0.7333194493917045
尛,肻,0.7308151672587059
尛,丨,0.7295291355888236
尛,丷,0.7276841003917172
尛,芔,0.7265637394170774
尛,丩,0.7214869152662805
尛,忄,0.7194810772617954
尛,讠,0.7193876952276123
