char1,char2,similarity
尖,尖,1.0
尖,突,0.7734767084936789
尖,臾,0.7716566682895611
尖,关,0.7674644205531389
尖,失,0.7647935150319906
尖,丿,0.7600591476491028
尖,仌,0.7591233037947612
尖,奀,0.7585036196044006
尖,宎,0.7578180310340217
尖,央,0.7574436100341335
