char1,char2,similarity
尓,尓,1.0
尓,尔,0.8355830852644998
尓,亇,0.8332256149841368
尓,玍,0.796438516348582
尓,亅,0.7914353365150274
尓,朩,0.790306542430304
尓,丨,0.7881734338518642
尓,午,0.785779723668592
尓,勹,0.782838517772439
尓,丆,0.7774480903533285
