char1,char2,similarity
尔,尔,1.0
尔,亇,0.8496696603454131
尔,尓,0.8355830852644998
尔,尒,0.8150776705738577
尔,朩,0.8080515879262375
尔,午,0.7912369352044385
尔,厼,0.7858760719564306
尔,乛,0.7804825642864948
尔,亅,0.7790913502795536
尔,水,0.7780098112018876
