char1,char2,similarity
尒,尒,1.0
尒,厼,0.8182418320532526
尒,尔,0.8150776705738577
尒,伞,0.81055140404559
尒,朩,0.8047118595673499
尒,丨,0.7935696712979156
尒,仐,0.7902433475528207
尒,念,0.7893931688771969
尒,亇,0.7883981747605444
尒,彳,0.7859924867848108
