char1,char2,similarity
尝,尝,1.0
尝,县,0.8014480086163531
尝,党,0.796393241750372
尝,卷,0.7551983156461776
尝,肻,0.745636286827308
尝,呉,0.7403828197428871
尝,君,0.73796085409689
尝,壴,0.7356611806931773
尝,觉,0.7340262656079061
尝,堂,0.7322463727462122
