char1,char2,similarity
尤,尤,1.0
尤,尢,0.8543722944421371
尤,人,0.7975922683045668
尤,元,0.7930651425619855
尤,力,0.7917182230627816
尤,冘,0.7911814056564277
尤,犬,0.7868669275428463
尤,光,0.7866930690642925
尤,尣,0.7864588427642706
尤,无,0.7805669665568444
