char1,char2,similarity
尥,尥,1.0
尥,尮,0.7882853984474835
尥,尬,0.7776807291470357
尥,尦,0.7655986669982738
尥,尯,0.7600757599207545
尥,圴,0.7557116772003878
尥,尪,0.7526058648251336
尥,旭,0.7521658726266279
尥,尵,0.7487271033042406
尥,劜,0.7479200030338269
