char1,char2,similarity
尜,尜,1.0
尜,于,0.7277484283627784
尜,十,0.7238667482479517
尜,士,0.7228278778513428
尜,桊,0.7172056977821962
尜,奉,0.7148142218979158
尜,卡,0.7137618950306632
尜,卷,0.7127954441615562
尜,半,0.7123270539968455
尜,丰,0.7106975251289886
