char1,char2,similarity
尠,尠,1.0
尠,觘,0.7623741995622093
尠,挱,0.7605555480860822
尠,唦,0.7515387662114446
尠,桫,0.7453578509358237
尠,勘,0.740989750033765
尠,猀,0.7394478222613979
尠,渺,0.7295510849692717
尠,鈔,0.722908835225575
尠,夦,0.7065524554902435
