char1,char2,similarity
尧,尧,1.0
尧,筅,0.7526534910896829
尧,宪,0.7403508410635422
尧,笎,0.7393321217911982
尧,尭,0.7361137392783985
尧,无,0.7240216930842399
尧,光,0.721936788739446
尧,兖,0.7201258742153105
尧,克,0.7181837474667584
尧,兗,0.7170227961604599
