char1,char2,similarity
尦,尦,1.0
尦,尥,0.7655986669982738
尦,旭,0.7533942688705263
尦,尩,0.7462020604903048
尦,尪,0.7346892610140249
尦,户,0.7275912702531954
尦,沤,0.7246002902792147
尦,厄,0.7234354896767853
尦,劜,0.7225227164260825
尦,加,0.7223099224552998
