char1,char2,similarity
尶,尶,1.0
尶,虺,0.7450044934811157
尶,凅,0.7435156469805559
尶,尷,0.7434546288162281
尶,盾,0.7236928218908574
尶,卮,0.7224471689167342
尶,屁,0.7191903335046037
尶,雇,0.714916769459344
尶,嵟,0.7145295362035712
尶,涸,0.7130257511370369
