char1,char2,similarity
尷,尷,1.0
尷,尰,0.8200966094359229
尷,尵,0.7985748223371996
尷,尳,0.7841163673530939
尷,尲,0.7713005256189269
尷,尮,0.7510708771375336
尷,尯,0.7501552442073852
尷,尶,0.7434546288162281
尷,馗,0.7433575886191861
尷,尬,0.7421800535704114
