char1,char2,similarity
尲,尲,1.0
尲,尯,0.7870426234339262
尲,尷,0.7713005256189269
尲,尵,0.7559860274405432
尲,尳,0.7427886709689902
尲,尮,0.7426392255138032
尲,尬,0.7365047913663688
尲,魐,0.7319183132285608
尲,旭,0.7292177990187728
尲,尰,0.7240451805127558
