char1,char2,similarity
尹,尹,1.0
尹,亐,0.8183527963522312
尹,爿,0.8030530175273471
尹,只,0.7763723463614388
尹,月,0.77133850483745
尹,厾,0.7640481617895685
尹,艹,0.7605194486118088
尹,一,0.7587932763820163
尹,丶,0.7578948830029336
尹,卪,0.757672717450965
