char1,char2,similarity
屁,屁,1.0
屁,凥,0.7735643609148718
屁,厇,0.771724678850621
屁,厑,0.7684130407718038
屁,周,0.7668318044835373
屁,卮,0.7606790475196135
屁,厒,0.7575967223911221
屁,厈,0.7573004903259074
屁,脣,0.7553145041924775
屁,屈,0.7539376617194934
