char1,char2,similarity
尾,尾,1.0
尾,屉,0.7867144587847156
尾,屎,0.777024040301365
尾,屈,0.7651369891093086
尾,屜,0.7616022194559127
尾,屋,0.7596984811864166
尾,巵,0.7530873866974055
尾,尿,0.7523786087466254
尾,厪,0.7515316096640162
尾,厇,0.7510516679984276
