char1,char2,similarity
尺,尺,1.0
尺,尸,0.8014257997637417
尺,冫,0.7764891859818953
尺,乀,0.7742078092280578
尺,卪,0.7740119498891044
尺,尼,0.7718903219698903
尺,丶,0.7718402250874744
尺,贝,0.7715573112046571
尺,川,0.771035215376878
尺,厃,0.768776776188187
