char1,char2,similarity
屃,屃,1.0
屃,屍,0.7992905947628559
屃,屇,0.7964150156636507
屃,貭,0.7706614632941694
屃,屑,0.7698418170397104
屃,昃,0.769760640050746
屃,屟,0.7691876730126584
屃,屖,0.7686678021901222
屃,屒,0.7652064463158947
屃,唇,0.7650205030188088
