char1,char2,similarity
层,层,1.0
层,旵,0.7807289067013701
层,貝,0.7677851538663015
层,巵,0.7643495077532348
层,屇,0.7625219803881783
层,屏,0.761472182415276
层,居,0.7587173171016979
层,早,0.7575828098644565
层,屈,0.7510233138714353
层,厊,0.7475614916495813
