char1,char2,similarity
尿,尿,1.0
尿,屈,0.7835784082750787
尿,尾,0.7523786087466254
尿,屉,0.7515165846703041
尿,厙,0.7510685345943197
尿,屆,0.7499268513785784
尿,屌,0.7490426807683112
尿,屛,0.7474088562463115
尿,厈,0.746742700968963
尿,屐,0.7410610642665856
