char1,char2,similarity
尽,尽,1.0
尽,呂,0.7771377479586659
尽,月,0.7677696632865539
尽,卪,0.7655650253468701
尽,罖,0.761308432756391
尽,吕,0.7606146707004358
尽,弓,0.7601723125148725
尽,另,0.7583126795978704
尽,目,0.7535544740124761
尽,冄,0.7521020273232627
