char1,char2,similarity
屋,屋,1.0
屋,垕,0.7810378613091562
屋,屈,0.77423353307225
屋,尾,0.7596984811864166
屋,屉,0.7583013781671587
屋,巵,0.7568565944276124
屋,杘,0.7528312264767315
屋,圧,0.7446115585876244
屋,昆,0.744101258666398
屋,屎,0.7418727709771704
