char1,char2,similarity
屇,屇,1.0
屇,屈,0.7978737601178587
屇,屃,0.7964150156636507
屇,屑,0.7845367730825716
屇,届,0.7660090760424536
屇,屆,0.7649704258134242
屇,囩,0.7637962839423381
屇,层,0.7625219803881783
屇,屛,0.75822004191834
屇,厔,0.756539418100816
