char1,char2,similarity
屌,屌,1.0
屌,屚,0.8078347138710011
屌,厡,0.7862472552454866
屌,屒,0.7861437756389308
屌,舃,0.7744520263192333
屌,屟,0.7729322622642857
屌,屠,0.7638831301476858
屌,屃,0.7615590995906268
屌,厣,0.760045819322904
屌,屖,0.7594981180632866
