char1,char2,similarity
屍,屍,1.0
屍,屃,0.7992905947628559
屍,屏,0.7652495310161175
屍,唇,0.7647848696196257
屍,屜,0.7623867437862468
屍,貭,0.7592488738045952
屍,屌,0.756306169732036
屍,屖,0.756303252028911
屍,昃,0.755572771032495
屍,屒,0.7555068165414682
