char1,char2,similarity
屈,屈,1.0
屈,屇,0.7978737601178587
屈,巵,0.7965863962160178
屈,尿,0.7835784082750787
屈,厈,0.7787297279336148
屈,屋,0.77423353307225
屈,屉,0.770952121872571
屈,屆,0.7687376201828504
屈,垕,0.7682489960411362
屈,尾,0.7651369891093086
