char1,char2,similarity
屄,屄,1.0
屄,屝,0.7892918502515821
屄,屛,0.7781000917711872
屄,屖,0.7716077592523676
屄,屟,0.7715421047065052
屄,屐,0.762674287385654
屄,屓,0.7609519928926829
屄,屆,0.7599653488457627
屄,屏,0.7597346361518165
屄,屜,0.757865127605014
