char1,char2,similarity
屆,屆,1.0
屆,屜,0.7717320245085978
屆,屉,0.769158350087105
屆,屈,0.7687376201828504
屆,屇,0.7649704258134242
屆,屛,0.7604687565636178
屆,屄,0.7599653488457627
屆,屌,0.7582955870403838
屆,屐,0.7524029460657173
屆,屚,0.7521649620595869
