char1,char2,similarity
屔,屔,1.0
屔,跜,0.7661352093787026
屔,蚭,0.746192969929564
屔,明,0.7385258915964048
屔,聣,0.7340224434833565
屔,铌,0.7281751480317403
屔,胒,0.7281062733644109
屔,颀,0.7237420479209749
屔,甲,0.7216978974553296
屔,腉,0.7211653649596277
