char1,char2,similarity
屐,屐,1.0
屐,屜,0.7800956968120325
屐,屄,0.762674287385654
屐,屛,0.7588727747815158
屐,展,0.7570778838916218
屐,屆,0.7524029460657173
屐,屉,0.7476156092492281
屐,屇,0.7451694150824153
屐,履,0.744273829544808
屐,尿,0.7410610642665856
