char1,char2,similarity
屗,屗,1.0
屗,屘,0.8586152675688845
屗,尅,0.7644175790893178
屗,屉,0.7572187914196876
屗,夙,0.7361200048770177
屗,屐,0.7215305926350886
屗,覎,0.7183030130984112
屗,肐,0.7173559870112268
屗,电,0.716802326072862
屗,屜,0.7162742867141789
