char1,char2,similarity
屏,屏,1.0
屏,屛,0.781465107240921
屏,屍,0.7652495310161175
屏,层,0.761472182415276
屏,屄,0.7597346361518165
屏,厊,0.7584963090946787
屏,屌,0.7548992095617032
屏,屓,0.753430281162592
屏,屃,0.7444843084055695
屏,屝,0.7440777917403587
