char1,char2,similarity
属,属,1.0
属,罵,0.7758976016419022
属,罥,0.7534094152154127
属,屓,0.7517701954653249
属,羂,0.745400336386584
属,厲,0.7453757529981959
属,屒,0.7380767792443126
属,厪,0.7364802096201144
属,厧,0.7362313967972033
属,屄,0.7338085143296826
