char1,char2,similarity
屝,屝,1.0
屝,屄,0.7892918502515821
屝,孱,0.7571006410320876
屝,屌,0.7564505975694331
屝,屟,0.7548927228202994
屝,屖,0.7499592618639942
屝,屍,0.7486868764505389
屝,屒,0.7466218047024412
屝,屏,0.7440777917403587
屝,靥,0.7371605080254492
