char1,char2,similarity
屡,屡,1.0
屡,嬮,0.7652801269028167
屡,屠,0.7473664577569425
屡,屄,0.7460756159816635
屡,履,0.744688278918588
屡,屦,0.7400244420326682
屡,屟,0.7397831722943641
屡,屣,0.7395968555339031
屡,孱,0.7355636540714072
屡,展,0.7343879145967592
