char1,char2,similarity
屨,屨,1.0
屨,屩,0.7798540314063818
屨,屧,0.7703907862955276
屨,屢,0.7504514137819027
屨,屦,0.7487020870123191
屨,屣,0.7335179951571489
屨,履,0.721097350336456
屨,厬,0.7168668315605208
屨,屬,0.7115050110807357
屨,庮,0.7051586014909643
