char1,char2,similarity
屦,屦,1.0
屦,履,0.7631597961354266
屦,屩,0.760289801932291
屦,屣,0.7592871125340718
屦,屧,0.7579646357413077
屦,屨,0.7487020870123191
屦,屡,0.7400244420326682
屦,屪,0.731842391284062
屦,屫,0.7307878265867211
屦,孱,0.7256883128052894
