char1,char2,similarity
屫,屫,1.0
屫,屩,0.802981343017476
屫,罽,0.7371076132770537
屫,屪,0.7345795039438485
屫,屦,0.7307878265867211
屫,孱,0.7244610439900939
屫,屢,0.7239567119552648
屫,鳫,0.7154967676481617
屫,屧,0.7062555506299991
屫,鮨,0.7052404238479157
