char1,char2,similarity
屣,屣,1.0
屣,屢,0.7675280143209291
屣,屦,0.7592871125340718
屣,屩,0.7536567353657816
屣,屧,0.7527366726417196
屣,屡,0.7395968555339031
屣,屬,0.7353039257896398
屣,屨,0.7335179951571489
屣,屚,0.7289861474827757
屣,屪,0.7274333305490831
