char1,char2,similarity
屩,屩,1.0
屩,屧,0.8133720814432019
屩,屫,0.802981343017476
屩,屨,0.7798540314063818
屩,屦,0.760289801932291
屩,屢,0.7585148882574289
屩,屣,0.7536567353657816
屩,屬,0.7437294862596884
屩,孱,0.7264511143797702
屩,厬,0.7220036332121659
