char1,char2,similarity
屧,屧,1.0
屧,屩,0.8133720814432019
屧,屨,0.7703907862955276
屧,屦,0.7579646357413077
屧,屢,0.7553564712287856
屧,屣,0.7527366726417196
屧,屟,0.7402165757328385
屧,層,0.739021020954318
屧,屓,0.7383433231298261
屧,孱,0.7293875783145324
