char1,char2,similarity
層,層,1.0
層,厬,0.7598078375122561
層,屚,0.7471483945661374
層,屧,0.739021020954318
層,屃,0.7373568669477326
層,虘,0.7368450264004319
層,屓,0.7335604271271416
層,厲,0.7332786080983027
層,属,0.7325456389967858
層,屖,0.7308784986104695
