char1,char2,similarity
屮,屮,1.0
屮,丨,0.8655645312352954
屮,十,0.8362956868156873
屮,一,0.8334155252028823
屮,中,0.8251671006724749
屮,干,0.8242247096372286
屮,亅,0.8202369310956288
屮,千,0.8128627909512779
屮,丅,0.8122375163522718
屮,山,0.8113638864355255
