char1,char2,similarity
屴,屴,1.0
屴,屶,0.8264109620110495
屴,力,0.7952019541014379
屴,峀,0.779286696578531
屴,刃,0.7774438784090075
屴,艻,0.7666583342126833
屴,失,0.7662531012052869
屴,宀,0.7653282145022996
屴,丿,0.7635068157800883
屴,亠,0.7623935198198694
