char1,char2,similarity
屯,屯,1.0
屯,韦,0.8029198639855539
屯,杢,0.7822977097277307
屯,市,0.7791373348324018
屯,扌,0.776636322901392
屯,宅,0.7754078084056738
屯,芏,0.7735618378732414
屯,吉,0.7726092604647725
屯,广,0.7692009133460834
屯,电,0.7684391862254136
