char1,char2,similarity
屵,屵,1.0
屵,宀,0.822239844865742
屵,广,0.8213557714002768
屵,严,0.8196780208966852
屵,乛,0.8160142966322478
屵,冫,0.8088357520866348
屵,厂,0.8069721983281708
屵,产,0.8033264260696704
屵,尸,0.8020489935317621
屵,罒,0.8007247603278396
