char1,char2,similarity
屰,屰,1.0
屰,午,0.7802268472251135
屰,丿,0.7737776542122335
屰,乛,0.7713181394591793
屰,亇,0.7706748888797667
屰,中,0.7673408486291294
屰,广,0.7592817794120239
屰,饣,0.7555295186519451
屰,甶,0.7551912837576047
屰,丨,0.7548146666030258
