char1,char2,similarity
屭,屭,1.0
屭,厦,0.6949433365149327
屭,鳯,0.6918407904865437
屭,嚴,0.6896515791443621
屭,屬,0.6884616486357868
屭,蠠,0.6881014248252775
屭,螶,0.6876119586899252
屭,屣,0.6868656994814394
屭,屨,0.6863611335011441
屭,鳫,0.6861500782669046
