char1,char2,similarity
屳,屳,1.0
屳,仚,0.7970259835083094
屳,击,0.7886246780153624
屳,丄,0.7871235395062738
屳,丨,0.7843505924818014
屳,肏,0.7812159995467545
屳,口,0.7810515594316458
屳,彳,0.776715570937657
屳,缶,0.7733809856831788
屳,冚,0.7715447533268166
