char1,char2,similarity
屸,屸,1.0
屸,蚟,0.8080886501668774
屸,屻,0.8032432715135077
屸,忊,0.802807809435748
屸,岴,0.8018152634438758
屸,叿,0.7972912750183873
屸,讧,0.7950591905358583
屸,屽,0.7822499334529273
屸,帄,0.7743615712560282
屸,岨,0.7729015587458434
