char1,char2,similarity
屻,屻,1.0
屻,屸,0.8032432715135077
屻,屷,0.7793266970218993
屻,岶,0.768772251932072
屻,杒,0.7657375524808465
屻,旫,0.7572475754329269
屻,虭,0.7572197714600567
屻,岾,0.7531484979410134
屻,岴,0.751758055185538
屻,帧,0.7487896509584525
