char1,char2,similarity
屼,屼,1.0
屼,岏,0.8176697939244894
屼,坈,0.8050165484674122
屼,杌,0.7897118418977522
屼,忨,0.7803811324479634
屼,伔,0.771207687777579
屼,岲,0.7695187904845779
屼,岒,0.7672766660589047
屼,坑,0.7645919640178908
屼,岓,0.7642134684696054
