char1,char2,similarity
屽,屽,1.0
屽,岼,0.824486625979794
屽,岬,0.8244834503549409
屽,旴,0.8160772236888424
屽,玕,0.806606876256303
屽,峼,0.8047169796784966
屽,忓,0.8001065841265862
屽,扦,0.7909483318182848
屽,纡,0.7878932115784263
屽,岒,0.7878838438857877
