char1,char2,similarity
屶,屶,1.0
屶,岃,0.8479839047610388
屶,屴,0.8264109620110495
屶,屵,0.7995813129868791
屶,力,0.7981591772049983
屶,耑,0.7850040697389279
屶,刃,0.7807430874639286
屶,宀,0.7625168840602927
屶,乛,0.7621750016784118
屶,岂,0.7576507311741156
