char1,char2,similarity
屾,屾,1.0
屾,佌,0.7440661664267503
屾,忙,0.7407320446213669
屾,岫,0.7366905689821227
屾,岶,0.7357572074939834
屾,岣,0.7251079402775101
屾,籼,0.7249257322517635
屾,帥,0.7241149328416103
屾,岖,0.7236989205098228
屾,啲,0.7208123187212653
