char1,char2,similarity
岆,岆,1.0
岆,枖,0.8081686533735383
岆,崠,0.7989019839812619
岆,妖,0.7917719280848967
岆,岲,0.7890482746972967
岆,饫,0.7872506243431224
岆,峽,0.7774639915132858
岆,殀,0.772216091826773
岆,忕,0.7684676807064478
岆,峡,0.7677084238356147
