char1,char2,similarity
岈,岈,1.0
岈,蚜,0.7967548737336236
岈,枒,0.7689904652268749
岈,虮,0.7648815864948398
岈,帆,0.759775120737105
岈,玡,0.751509118423497
岈,町,0.7507012110826584
岈,犽,0.7503702247557752
岈,屺,0.7500302163772484
岈,月,0.7406419418356821
