char1,char2,similarity
岅,岅,1.0
岅,饭,0.8041328079382972
岅,岋,0.7987398210290683
岅,板,0.7909016068239325
岅,炍,0.7561970331189302
岅,忣,0.7560705505890782
岅,仮,0.7557810117997497
岅,岨,0.7547550200760763
岅,嵈,0.7536283264119426
岅,阪,0.7532493772917922
