char1,char2,similarity
岂,岂,1.0
岂,岜,0.8727882301288667
岂,巨,0.7929322085232493
岂,邑,0.7896555272456326
岂,亗,0.7825608078770808
岂,笆,0.7741133218978282
岂,屵,0.7729811845278898
岂,半,0.7725540988761569
岂,岩,0.7617086342765202
岂,屶,0.7576507311741156
