char1,char2,similarity
岄,岄,1.0
岄,屷,0.7993941901137378
岄,玥,0.7887005295135261
岄,蚏,0.7778800746119175
岄,眀,0.7771315458876356
岄,帞,0.7712096895110281
岄,钥,0.7564342971192616
岄,抈,0.7466401218129715
岄,岍,0.7447684854290795
岄,屻,0.7412830936574376
