char1,char2,similarity
岀,岀,1.0
岀,土,0.8392094715656043
岀,士,0.8320351722006644
岀,丄,0.8161942669084826
岀,山,0.7968094127636665
岀,工,0.7956216873113761
岀,亗,0.7955458344070547
岀,圡,0.7946902600739518
岀,丨,0.7926346655196357
岀,十,0.7922549502172561
