char1,char2,similarity
岋,岋,1.0
岋,忣,0.8133384384824449
岋,岅,0.7987398210290683
岋,昅,0.7913400819634733
岋,扱,0.7858067609138739
岋,衱,0.781783392385828
岋,极,0.7645294129572479
岋,岨,0.7528516700372112
岋,訯,0.7525038456779054
岋,彶,0.7410065397808459
