char1,char2,similarity
岏,岏,1.0
岏,忨,0.8554742882950561
岏,屼,0.8176697939244894
岏,妧,0.7997061654155199
岏,岓,0.7817811423121318
岏,坈,0.7814155108607551
岏,嶢,0.7734727841853228
岏,抏,0.7732254277033611
岏,岲,0.7681954995214081
岏,坃,0.7621459900725109
