char1,char2,similarity
岊,岊,1.0
岊,旵,0.7673907772194073
岊,匚,0.7489948762837234
岊,冎,0.7473385429277143
岊,尻,0.7420921503774638
岊,匤,0.7362755730724355
岊,忢,0.7341253503918055
岊,孒,0.733972514712608
岊,子,0.7335687225440699
岊,匡,0.7321041164430941
