char1,char2,similarity
岔,岔,1.0
岔,坌,0.7773977699160669
岔,岙,0.773479084477974
岔,艹,0.7512686395647097
岔,亡,0.7477393186172158
岔,二,0.745622952750081
岔,岱,0.7443742351884324
岔,屳,0.7424292394749233
岔,盆,0.7402316042275661
岔,岳,0.7369379490341641
