char1,char2,similarity
岛,岛,1.0
岛,烏,0.760605185648086
岛,鳥,0.7506017318531834
岛,皃,0.7465313541058003
岛,凫,0.7428076081134685
岛,鸟,0.7406977548696956
岛,呙,0.7392788180192359
岛,彐,0.7336630593193507
岛,良,0.7321451978728715
岛,只,0.7320088366556248
