char1,char2,similarity
岗,岗,1.0
岗,尙,0.791829209880933
岗,肉,0.7866796841987399
岗,岸,0.7740567121068307
岗,尚,0.7732889099250517
岗,内,0.768720401055192
岗,岧,0.7511535919239869
岗,冋,0.7483911284710555
岗,峝,0.7454781365222461
岗,屶,0.745298725306152
