char1,char2,similarity
岕,岕,1.0
岕,芥,0.809537654130984
岕,岑,0.8001883911022419
岕,奍,0.7828041689756783
岕,齐,0.7809889711403672
岕,峑,0.7737831917850819
岕,丆,0.7699047313422133
岕,岺,0.7681088054829619
岕,卉,0.7618141079083633
岕,一,0.7594605299735881
