char1,char2,similarity
岙,岙,1.0
岙,忝,0.7878607661870399
岙,吞,0.7770845722013588
岙,岔,0.773479084477974
岙,岳,0.7611451206800204
岙,岱,0.7534294125041429
岙,番,0.7525670672267205
岙,贡,0.7463915161779768
岙,亡,0.7442569539392826
岙,不,0.7414977274893161
