char1,char2,similarity
岖,岖,1.0
岖,岴,0.7587591263601059
岖,屺,0.7283723344189695
岖,屾,0.7236989205098228
岖,蛆,0.7192390135600429
岖,岨,0.7162379207496261
岖,蚷,0.7128558044833893
岖,曃,0.7102819394739368
岖,蛵,0.7099225176304639
岖,蛭,0.7084683632291312
