char1,char2,similarity
岡,岡,1.0
岡,閊,0.7471790418300965
岡,呞,0.7321977710957545
岡,罔,0.7277382415815844
岡,咰,0.7228100661933433
岡,眧,0.7104869821152142
岡,呴,0.7097365901546844
岡,眲,0.7079369254382711
岡,眮,0.7074714910966574
岡,隭,0.7057355496837472
