char1,char2,similarity
岟,岟,1.0
岟,柍,0.8260492211896052
岟,峽,0.8241397160968134
岟,坱,0.82314703154751
岟,峓,0.7998673333076773
岟,怏,0.796530262058854
岟,炴,0.7935969297592875
岟,殃,0.7890914830973583
岟,峡,0.7885583021397807
岟,姎,0.778312877846987
