char1,char2,similarity
岢,岢,1.0
岢,旹,0.8047754889842653
岢,苛,0.7927779492562306
岢,胃,0.7658281512332376
岢,竒,0.7653957451847998
岢,诗,0.7594773989918749
岢,訔,0.756539714965263
岢,岚,0.7516616701491696
岢,崭,0.7468127330927018
岢,炭,0.7459071538067154
