char1,char2,similarity
岥,岥,1.0
岥,铍,0.7717392496750518
岥,秛,0.7687456975240472
岥,峸,0.7668888064472343
岥,峧,0.7556476265423764
岥,崃,0.7549355374427849
岥,嵣,0.7533592996328707
岥,峵,0.7514785366129129
岥,峖,0.7504550752038114
岥,峗,0.7492215314787574
