char1,char2,similarity
岧,岧,1.0
岧,旹,0.7752932453534402
岧,笤,0.7660610591015946
岧,苕,0.7593886578557243
岧,岗,0.7511535919239869
岧,嵓,0.7457613088569637
岧,岸,0.7433247952098939
岧,営,0.738196544679953
岧,击,0.7376507570585212
岧,者,0.7353758962469255
