char1,char2,similarity
岪,岪,1.0
岪,峁,0.7787921903374435
岪,笰,0.756430123518601
岪,弗,0.7316114358220086
岪,赤,0.7278787521484221
岪,岑,0.7222597657090465
岪,充,0.7222042267104121
岪,夹,0.7204723899197073
岪,在,0.7190960966362152
岪,兂,0.7172653244901894
