char1,char2,similarity
岬,岬,1.0
岬,屽,0.8244834503549409
岬,岼,0.7978998950701272
岬,岠,0.7818862339169257
岬,玾,0.7671364154799041
岬,岨,0.7665593198095
岬,岓,0.7633517795605506
岬,畘,0.7580876457988078
岬,峥,0.7574596783893178
岬,崞,0.7573447600591848
