char1,char2,similarity
岩,岩,1.0
岩,宕,0.7717974404492001
岩,峕,0.7695069953857223
岩,君,0.7635291448283746
岩,岂,0.7617086342765202
岩,屵,0.7613616096823145
岩,若,0.7603777698902542
岩,当,0.7557242972259064
岩,吉,0.7535495277575874
岩,告,0.7502357605722311
