char1,char2,similarity
岨,岨,1.0
岨,岠,0.8144367369839449
岨,俎,0.8018203518629238
岨,岴,0.8003364952381956
岨,坥,0.796429305938345
岨,殂,0.7900641448664903
岨,袓,0.7812113515039445
岨,屸,0.7729015587458434
岨,岻,0.7696386725398854
岨,组,0.7680292059142254
