char1,char2,similarity
岻,岻,1.0
岻,蚳,0.7976768214850292
岻,砥,0.7871688506451796
岻,岨,0.7696386725398854
岻,岴,0.7693917715832596
岻,岲,0.7570070578333689
岻,峺,0.7492006185029717
岻,幊,0.745847251172058
岻,岘,0.743763607841386
岻,蚅,0.7411360579161266
