char1,char2,similarity
岲,岲,1.0
岲,蚖,0.8066357943258919
岲,峴,0.8034623056373214
岲,幌,0.7920463519107697
岲,岆,0.7890482746972967
岲,峺,0.7840206401633477
岲,崐,0.783774202593491
岲,怳,0.7739927100827488
岲,岴,0.7719294483380187
岲,屼,0.7695187904845779
