char1,char2,similarity
岷,岷,1.0
岷,岫,0.7697381497818614
岷,峒,0.7671205947868268
岷,岠,0.7665513655694965
岷,嵧,0.7516883666998138
岷,珉,0.7511548658280388
岷,峤,0.7452511899683355
岷,姄,0.7452061233146138
岷,岾,0.7431944334742601
岷,鈱,0.7403941192081258
