char1,char2,similarity
岸,岸,1.0
岸,岗,0.7740567121068307
岸,户,0.7652498725605602
岸,广,0.7548936815700692
岸,厗,0.754250987415887
岸,咢,0.7524848646213447
岸,屵,0.7514957950395085
岸,垾,0.75132875398478
岸,厍,0.750201847760728
岸,垕,0.7495527613422439
