char1,char2,similarity
岹,岹,1.0
岹,峒,0.7816091887010878
岹,岾,0.7798641168012241
岹,岶,0.7744337902598597
岹,蛁,0.77066736513254
岹,玿,0.7654530456127934
岹,峋,0.7654312135665384
岹,柖,0.7646429496381824
岹,峼,0.7604886669064722
岹,屽,0.7592889811980593
