char1,char2,similarity
峃,峃,1.0
峃,冚,0.764714287082746
峃,仚,0.764527151673479
峃,屳,0.7609525565438453
峃,丄,0.7561652051446676
峃,生,0.7540814145085956
峃,労,0.7520726390058008
峃,丫,0.7486737599025767
峃,亡,0.748245492202671
峃,歯,0.7467604834597225
