char1,char2,similarity
岽,岽,1.0
岽,峷,0.7640862566742226
岽,宇,0.7520502949512715
岽,朿,0.7502709083886344
岽,桒,0.7446562167292721
岽,崒,0.7440935486603717
岽,耒,0.7427191147081241
岽,宗,0.7393940934916139
岽,手,0.7369034796273998
岽,余,0.7286024103298582
