char1,char2,similarity
峂,峂,1.0
峂,峈,0.8375722363115782
峂,終,0.7867676804862821
峂,昸,0.7768441555349386
峂,岭,0.7631890821067879
峂,炵,0.7565939317334985
峂,鉖,0.7521312631660428
峂,峰,0.7511389376969935
峂,屸,0.7510988468990708
峂,峙,0.7506672115172263
