char1,char2,similarity
岾,岾,1.0
岾,岶,0.8554613210046416
岾,岹,0.7798641168012241
岾,岫,0.7740038125954032
岾,峋,0.7713515938340405
岾,蛅,0.7647895927354027
岾,屽,0.7610231458340575
岾,峼,0.7583806607021555
岾,峖,0.7566598750121206
岾,屸,0.756349808424158
