char1,char2,similarity
峉,峉,1.0
峉,官,0.7419586032699508
峉,峇,0.737097115225296
峉,卋,0.7370102130186678
峉,者,0.7367210516759999
峉,苳,0.7265416141421851
峉,旮,0.7261005925682733
峉,嵀,0.7249723389670513
峉,峞,0.7237249286405711
峉,舍,0.7226988950507877
