char1,char2,similarity
峆,峆,1.0
峆,帢,0.8282036937810773
峆,崄,0.8117819383836614
峆,岒,0.7932554796323317
峆,崯,0.7837622967209328
峆,垥,0.7835770328875661
峆,峈,0.7752417026510269
峆,峅,0.7722093831928434
峆,峼,0.7716507221897002
峆,岮,0.7671694278709942
