char1,char2,similarity
峊,峊,1.0
峊,患,0.7880105611851694
峊,主,0.785208388619288
峊,皍,0.7739053186231102
峊,岀,0.7705322692206897
峊,車,0.7682749805813964
峊,笜,0.7679885270914503
峊,皛,0.7597042311153596
峊,生,0.7583693552706535
峊,畠,0.7573884119784015
