char1,char2,similarity
峇,峇,1.0
峇,峕,0.7975281299957302
峇,岺,0.7816850387035514
峇,峑,0.7717179889251738
峇,崟,0.7710295192235017
峇,筨,0.7671499560529199
峇,岑,0.7655581260364727
峇,昋,0.7534633723770926
峇,害,0.7512558970351204
峇,备,0.7475432669621972
