char1,char2,similarity
峏,峏,1.0
峏,峗,0.7884082050908642
峏,栭,0.7821623423904434
峏,峫,0.778932822814919
峏,崡,0.7703741582182972
峏,峢,0.7626582795489825
峏,峖,0.7570729561570841
峏,蝒,0.7567988518632173
峏,蜽,0.7557155277270903
峏,峧,0.7548610529743851
