char1,char2,similarity
峙,峙,1.0
峙,畤,0.8461214270184005
峙,岒,0.7913047026247572
峙,岭,0.7842347325407941
峙,峠,0.7837548537853571
峙,峪,0.782938818130464
峙,詩,0.7795742586920031
峙,時,0.7755505720520683
峙,秲,0.7755341635099253
峙,崎,0.7696035276197503
