char1,char2,similarity
峕,峕,1.0
峕,峇,0.7975281299957302
峕,告,0.789929214974625
峕,昝,0.7886794836869401
峕,沓,0.7875797372852817
峕,旹,0.7739374886413951
峕,岩,0.7695069953857223
峕,吉,0.7674362681879278
峕,古,0.7590926769713605
峕,击,0.7558158552855727
