char1,char2,similarity
峓,峓,1.0
峓,岟,0.7998673333076773
峓,峍,0.7949221781885756
峓,崲,0.7877706083338948
峓,峽,0.7798429413211819
峓,崠,0.7786790405177005
峓,峣,0.7739174354926555
峓,眱,0.7712159345918022
峓,姨,0.7681189486637869
峓,恞,0.7674707916241995
