char1,char2,similarity
峐,峐,1.0
峐,核,0.8009739105296919
峐,峖,0.7956708934712211
峐,峧,0.7862896295485989
峐,絯,0.7820034506827502
峐,晐,0.7741463477637519
峐,姟,0.7735171836945337
峐,垓,0.7718270300237144
峐,畡,0.7658541498791206
峐,峽,0.7571322988967736
