char1,char2,similarity
峔,峔,1.0
峔,蛯,0.7837871413363035
峔,姥,0.7757481755824152
峔,恅,0.7593597781512753
峔,峠,0.758188877213613
峔,铑,0.7573983183127003
峔,岤,0.7561852583462608
峔,崦,0.7543936392817304
峔,岮,0.7519199102940615
峔,岞,0.7511213626916979
