char1,char2,similarity
峟,峟,1.0
峟,宥,0.7977020239354023
峟,胃,0.7703300075256614
峟,看,0.7691790691720423
峟,崒,0.75184144869825
峟,育,0.745186798488203
峟,肴,0.7451757128363798
峟,岢,0.7402505270285712
峟,嵵,0.7399647623223217
峟,滑,0.739703341287135
