char1,char2,similarity
峡,峡,1.0
峡,蛱,0.8483367441918382
峡,峽,0.8293262339679659
峡,铗,0.8169853070647518
峡,岟,0.7885583021397807
峡,埉,0.7847445507737798
峡,硖,0.7836004637088153
峡,坱,0.7684883490467558
峡,岆,0.7677084238356147
峡,柍,0.7659656154042294
