char1,char2,similarity
峝,峝,1.0
峝,峛,0.7909303187443436
峝,閆,0.7736044616624905
峝,尚,0.7676071038814389
峝,禸,0.7622132791364434
峝,峲,0.7506736369538347
峝,問,0.7498786156196074
峝,晑,0.7491864733527123
峝,卥,0.7472825121560971
峝,門,0.7464309729952633
