char1,char2,similarity
峣,峣,1.0
峣,峗,0.7753673334993086
峣,蛲,0.7740070191136668
峣,峓,0.7739174354926555
峣,峧,0.7691477383235705
峣,崂,0.7595960297585985
峣,铙,0.758699718630888
峣,饶,0.7533371924405566
峣,岏,0.7527519755250002
峣,峢,0.7485787875190886
