char1,char2,similarity
峢,峢,1.0
峢,蛚,0.7744485885842584
峢,栵,0.7650884908745429
峢,峏,0.7626582795489825
峢,崡,0.7532970171488944
峢,峣,0.7485787875190886
峢,峒,0.7447320684999447
峢,峓,0.742284834183658
峢,崅,0.7393276064511536
峢,峧,0.7389846479146338
