char1,char2,similarity
峞,峞,1.0
峞,崀,0.7477722976150362
峞,五,0.7361329725439897
峞,虗,0.7341930307188657
峞,峳,0.7340328779118005
峞,崙,0.7299747842622918
峞,产,0.7289889388162055
峞,峉,0.7237249286405711
峞,遌,0.7233116175179791
峞,嶣,0.7232568337791351
