char1,char2,similarity
峜,峜,1.0
峜,峑,0.8053559122191029
峜,岺,0.7901250707951774
峜,圶,0.7790140297936419
峜,岑,0.7702906099447961
峜,圭,0.7594279317579652
峜,峚,0.7577549720722849
峜,圣,0.753608308844142
峜,菳,0.7515695470649681
峜,宔,0.7498453227310847
