char1,char2,similarity
峤,峤,1.0
峤,峒,0.7749165366212616
峤,峅,0.7677165639177314
峤,桥,0.7674864043409737
峤,岫,0.757937955927864
峤,岹,0.7557429234148412
峤,硚,0.7547847938507436
峤,岓,0.7511307516415386
峤,矫,0.7503239920808693
峤,帡,0.7497693385904091
