char1,char2,similarity
峥,峥,1.0
峥,崢,0.7745276699459498
峥,屽,0.7718156422759743
峥,岬,0.7574596783893178
峥,竫,0.7573205048363189
峥,崅,0.7554836946037584
峥,埩,0.754747385159973
峥,峒,0.7545853462421594
峥,峰,0.7519850073280117
峥,錚,0.7510446454932246
