char1,char2,similarity
峦,峦,1.0
峦,匸,0.7736275254825661
峦,蛮,0.7735214963422777
峦,仚,0.7655718512331695
峦,覀,0.7620822829591581
峦,变,0.75800667060984
峦,商,0.7531690879118268
峦,密,0.7529148052886705
峦,巳,0.7480010101777673
峦,嵤,0.7474082844060213
