char1,char2,similarity
峫,峫,1.0
峫,嶵,0.8005735772713607
峫,鋣,0.7933434025165363
峫,峏,0.778932822814919
峫,峗,0.7550946383760305
峫,崥,0.7454782837682462
峫,峒,0.7405071978315365
峫,岞,0.738467476903737
峫,峧,0.7356736723779987
峫,峓,0.7356466819714593
