char1,char2,similarity
峪,峪,1.0
峪,硲,0.7940873730474665
峪,峙,0.782938818130464
峪,崏,0.7588447431381614
峪,屽,0.752075420544271
峪,峅,0.7499097698818441
峪,裕,0.7487260006446713
峪,岹,0.7482147161009147
峪,崎,0.7479721453952365
峪,峼,0.7474034416934546
