char1,char2,similarity
峷,峷,1.0
峷,莘,0.8161585398251472
峷,崒,0.7978969751418731
峷,埊,0.7751938631465715
峷,巿,0.7675276410934638
峷,宇,0.764908730541781
峷,岽,0.7640862566742226
峷,串,0.7632544042915502
峷,宗,0.7570553924766015
峷,耒,0.7533915190174422
