char1,char2,similarity
峴,峴,1.0
峴,覘,0.8136974425507201
峴,岲,0.8034623056373214
峴,崸,0.7990700006305662
峴,幌,0.7976806747427366
峴,岘,0.7936166350590452
峴,崐,0.7840310401241647
峴,蜆,0.7769793619601123
峴,岟,0.7668321382402453
峴,岆,0.7651662967175402
