char1,char2,similarity
峲,峲,1.0
峲,峛,0.7786932404917681
峲,剁,0.7620307234882486
峲,刹,0.7563664056949977
峲,峝,0.7506736369538347
峲,刺,0.7383813054663317
峲,禸,0.7381569718227923
峲,莉,0.7378016944284033
峲,峑,0.7356267339818047
峲,刭,0.7344319726746168
