char1,char2,similarity
峳,峳,1.0
峳,崁,0.7388635377152086
峳,伎,0.7374625775496177
峳,峧,0.737272857212276
峳,嵀,0.7344837275331729
峳,峞,0.7340328779118005
峳,铰,0.7313825171204281
峳,枝,0.7250738820224089
峳,崔,0.7240052800861335
峳,伖,0.7213273961756674
