char1,char2,similarity
峯,峯,1.0
峯,串,0.734112150846052
峯,罼,0.7273430813010249
峯,崀,0.7244778740834174
峯,嶔,0.7227547548648469
峯,筿,0.7224512069535621
峯,言,0.7161655126811197
峯,肈,0.7158569851057855
峯,帘,0.7157143941903041
峯,肁,0.7134849913586656
