char1,char2,similarity
峿,峿,1.0
峿,峼,0.8149654518498978
峿,峮,0.7948322913779805
峿,崐,0.7618981564667013
峿,屽,0.7613674161802921
峿,崢,0.7611594421789633
峿,崏,0.7586992516780834
峿,铻,0.7552920018409186
峿,峆,0.7526935983813681
峿,娪,0.752150160865803
