char1,char2,similarity
崁,崁,1.0
崁,峳,0.7388635377152086
崁,崧,0.7363517417227549
崁,莰,0.7310393772333826
崁,三,0.72464058533848
崁,嵀,0.7228597857526715
崁,玞,0.7201327884648139
崁,巿,0.7199339589660569
崁,诀,0.7195536068762277
崁,玫,0.7189136143236262
