char1,char2,similarity
峹,峹,1.0
峹,悆,0.7948500597881654
峹,崈,0.758406615329624
峹,帇,0.7404121635859537
峹,巿,0.7400133290775578
峹,丨,0.7355802031765061
峹,畣,0.7351727020104242
峹,峚,0.7335248488037523
峹,参,0.7323975556093417
峹,小,0.731288671738505
