char1,char2,similarity
峾,峾,1.0
峾,喦,0.7480908995926082
峾,旵,0.7431261062791715
峾,匚,0.7295752419511461
峾,丄,0.7273672395267679
峾,岊,0.7258154321577265
峾,岳,0.7257569459578034
峾,土,0.7222967876457985
峾,士,0.7188940949882733
峾,峃,0.7186769187236371
