char1,char2,similarity
峻,峻,1.0
峻,畯,0.832922651143104
峻,崚,0.8005320653067924
峻,脧,0.7790358976669375
峻,鋑,0.7764873452910604
峻,焌,0.7698254859433878
峻,羧,0.7625303374885848
峻,馂,0.760707750634561
峻,岭,0.753933483045899
峻,梭,0.7519242268232078
