char1,char2,similarity
崅,崅,1.0
崅,嵑,0.7662305452466124
崅,嶕,0.7655559657196589
崅,崰,0.7606124822241253
崅,峥,0.7554836946037584
崅,屼,0.7534400785349581
崅,峗,0.7528418550521074
崅,崌,0.7468375922752812
崅,崓,0.7461761230570038
崅,嵨,0.7460976285780623
