char1,char2,similarity
崆,崆,1.0
崆,屸,0.770151756022116
崆,岠,0.7651609612234754
崆,崲,0.7589933248743518
崆,岼,0.7579612875741224
崆,岒,0.75414215277667
崆,岭,0.7541156661685401
崆,岨,0.7512122362006857
崆,峙,0.7511450424420827
崆,岮,0.7505352893485164
