char1,char2,similarity
崔,崔,1.0
崔,雈,0.816531656073707
崔,萑,0.8054696057018106
崔,寉,0.7692934924915713
崔,旹,0.7546710671098307
崔,首,0.7415261239449289
崔,隺,0.7395676019679222
崔,雀,0.7387990960438352
崔,卋,0.735915060909862
崔,亱,0.7347042970699984
