char1,char2,similarity
崓,崓,1.0
崓,崰,0.7837627755328093
崓,稒,0.7634907756392285
崓,嵎,0.7581955418910015
崓,崛,0.7577948675443062
崓,嵑,0.7572671699404802
崓,崡,0.7527422167264438
崓,崌,0.7517213241608844
崓,嵧,0.7504731782297976
崓,嵪,0.7492714987252541
