char1,char2,similarity
崏,崏,1.0
崏,碈,0.8138394115440747
崏,殙,0.7983524007544447
崏,諙,0.7970396371985706
崏,棔,0.7902447317775967
崏,婚,0.7807847081243435
崏,緍,0.7764710381642349
崏,幡,0.7721319155561716
崏,錉,0.7721259715754148
崏,惛,0.769875993402844
