char1,char2,similarity
崐,崐,1.0
崐,蜫,0.7974550430580725
崐,峴,0.7840310401241647
崐,岲,0.783774202593491
崐,锟,0.7800695886133854
崐,峺,0.7732122195647997
崐,崸,0.7707455479528581
崐,峿,0.7618981564667013
崐,峮,0.7616864593033756
崐,崄,0.7566502302346697
