char1,char2,similarity
崕,崕,1.0
崕,嵣,0.759292391578119
崕,恇,0.7536256125719449
崕,嶩,0.7495112439879781
崕,嶹,0.7487299938458573
崕,岥,0.7449217931976087
崕,巁,0.7433333909838662
崕,嶇,0.7407921163844312
崕,崘,0.7391754841492452
崕,螔,0.735054603728672
