char1,char2,similarity
崒,崒,1.0
崒,峷,0.7978969751418731
崒,坴,0.7804656817699942
崒,宰,0.7786138462057657
崒,萃,0.7751953505614557
崒,串,0.7739614411793733
崒,耒,0.7565778685745307
崒,羋,0.7554954015255021
崒,朿,0.7527065604069866
崒,峟,0.75184144869825
