char1,char2,similarity
崘,崘,1.0
崘,蜦,0.8151180611550336
崘,崳,0.8009031810964305
崘,嵢,0.7775476010890361
崘,婨,0.7752183992496178
崘,埨,0.7722162424596397
崘,嶹,0.7572853955285217
崘,論,0.7531687250506
崘,嶮,0.7520094056090323
崘,嶱,0.7509157084884858
