char1,char2,similarity
崖,崖,1.0
崖,崋,0.7595591138657585
崖,筐,0.7516738375596117
崖,嵳,0.7411621788982876
崖,歷,0.7389356555114358
崖,虔,0.729869151105234
崖,盧,0.7279102543993241
崖,恚,0.7245645135218127
崖,塁,0.7231481728080622
崖,犀,0.7210262787759681
