char1,char2,similarity
崜,崜,1.0
崜,諈,0.7611060629712975
崜,嵉,0.7578090874378517
崜,嵖,0.7535572017201203
崜,綞,0.7521349586128726
崜,崞,0.7515627143492561
崜,崝,0.7504504358866797
崜,嵢,0.750299583725855
崜,屽,0.74583514164687
崜,嵕,0.7441825734786669
