char1,char2,similarity
崛,崛,1.0
崛,嵎,0.7720682797266138
崛,崌,0.7641906928545152
崛,崓,0.7577948675443062
崛,嶵,0.7521215817040412
崛,嵑,0.747365283428715
崛,峸,0.7451667260774281
崛,巁,0.7438891852693615
崛,峴,0.7399977651381976
崛,崐,0.7391555352456055
