char1,char2,similarity
崚,崚,1.0
崚,峻,0.8005320653067924
崚,崨,0.7793715407394006
崚,嵕,0.7712664510148535
崚,畯,0.7668050752433321
崚,嵮,0.7644464848773866
崚,峺,0.7534743428069982
崚,崏,0.7519873402853513
崚,嶑,0.7491215922766811
崚,嵄,0.7477790856628517
