char1,char2,similarity
崝,崝,1.0
崝,嵪,0.8024189668412198
崝,嶆,0.7926800076407351
崝,嵉,0.7919878296008924
崝,皘,0.7822667505662257
崝,嵻,0.7808357520909462
崝,埥,0.7725577118213697
崝,崵,0.7711932682059445
崝,崹,0.769410507029428
崝,嵭,0.768032395233556
