char1,char2,similarity
崧,崧,1.0
崧,嵀,0.7734853673554328
崧,菘,0.739469250029816
崧,崁,0.7363517417227549
崧,峉,0.718330835463342
崧,岕,0.7149194782129958
崧,峳,0.7149060522529842
崧,圭,0.7107088256803136
崧,吉,0.708967517161993
崧,丆,0.7084284322743101
