char1,char2,similarity
崣,崣,1.0
崣,篓,0.7752139857970335
崣,婁,0.7625526089065479
崣,窭,0.7332944196073428
崣,圭,0.7285835159277394
崣,嶜,0.7207067972867978
崣,崮,0.7206181424419692
崣,崫,0.714774329249682
崣,崗,0.7117579528356632
崣,宔,0.7100574033110996
