char1,char2,similarity
崥,崥,1.0
崥,崞,0.7824821904456738
崥,峍,0.7706603355158494
崥,崲,0.7703882747722686
崥,峽,0.7696617412066651
崥,粺,0.7654378603394335
崥,崪,0.7648576316075936
崥,岒,0.7646995867027183
崥,崢,0.7633334713174869
崥,峠,0.7617959641575285
