char1,char2,similarity
崤,崤,1.0
崤,岼,0.7572865765674299
崤,崿,0.7542285332795036
崤,峋,0.7519549069051715
崤,峙,0.7473615908644122
崤,峠,0.746495422262932
崤,嵦,0.7463440993584417
崤,峿,0.7462182228917478
崤,嵖,0.7456830351568842
崤,岣,0.7419484635616347
