char1,char2,similarity
崯,崯,1.0
崯,崄,0.8220815392934887
崯,岒,0.7977031920869794
崯,崲,0.7865929050679751
崯,峆,0.7837622967209328
崯,崎,0.7722955278899726
崯,嵖,0.7687008108158746
崯,碒,0.764890926178326
崯,嵁,0.7647273049421923
崯,岉,0.7561875624107381
