char1,char2,similarity
崭,崭,1.0
崭,岢,0.7468127330927018
崭,旹,0.7339843793310824
崭,訔,0.7169752619903462
崭,峷,0.7159272300000813
崭,妛,0.7139619469466072
崭,它,0.7118583634946312
崭,炭,0.7117292865202622
崭,岗,0.711595770738873
崭,峑,0.711241033657877
