char1,char2,similarity
崪,崪,1.0
崪,崹,0.8162638912045042
崪,嵉,0.8107093791803286
崪,蜶,0.791252730791026
崪,埣,0.7827741634858094
崪,崢,0.7759506306981927
崪,嵃,0.768397055361446
崪,嶛,0.7661815127502208
崪,崥,0.7648576316075936
崪,峠,0.763502145607543
