char1,char2,similarity
崰,崰,1.0
崰,嵑,0.7908401033982062
崰,崓,0.7837627755328093
崰,崅,0.7606124822241253
崰,嵎,0.7551986333013028
崰,崌,0.7514425310670793
崰,崵,0.7420660641990896
崰,緇,0.7409887942964131
崰,嵉,0.7394614928260822
崰,崡,0.7386357291552301
