char1,char2,similarity
崫,崫,1.0
崫,嶎,0.757430105578245
崫,崑,0.7443002895694381
崫,叀,0.7436354115525752
崫,恴,0.7434643827362043
崫,座,0.7430444048431538
崫,床,0.7423364150682938
崫,恵,0.7413527223624758
崫,应,0.7412142139011605
崫,庢,0.738976855190722
