char1,char2,similarity
崮,崮,1.0
崮,茼,0.7650329435276
崮,靣,0.7639896936894575
崮,茵,0.7621832922350509
崮,箇,0.7606094600890427
崮,莤,0.7508933736448586
崮,崱,0.7464679313943406
崮,嵟,0.7410076252259729
崮,面,0.7392575113290177
崮,崀,0.7385709441390627
