char1,char2,similarity
崷,崷,1.0
崷,蝤,0.7804673438938877
崷,崻,0.7550457210274724
崷,嶍,0.749884895133542
崷,峧,0.749269895068681
崷,崥,0.7486567448535998
崷,崓,0.7462007086702773
崷,崂,0.744800847216965
崷,嵁,0.7435098271370089
崷,崌,0.741422547965751
