char1,char2,similarity
崶,崶,1.0
崶,葑,0.835288465858041
崶,篈,0.7475891726038038
崶,嵛,0.7353944173008217
崶,嶎,0.716931906111194
崶,岕,0.7147300114108084
崶,釮,0.7146315899237978
崶,旹,0.7132979239634148
崶,宙,0.7108557771364803
崶,對,0.709582983350141
