char1,char2,similarity
崺,崺,1.0
崺,箷,0.7345894745132323
崺,葹,0.7259299328136382
崺,违,0.7154450897254969
崺,克,0.713974575672446
崺,五,0.7099933850788328
崺,近,0.707016791303104
崺,崫,0.7068132797212959
崺,递,0.7065790204384208
崺,楍,0.7048046230664232
