char1,char2,similarity
崼,崼,1.0
崼,蝭,0.7926277371997025
崼,嵑,0.7658647618070037
崼,岘,0.7632603693206168
崼,崢,0.7583222338164576
崼,帳,0.7535466994382706
崼,嵈,0.7524182879537894
崼,崸,0.7475105836588408
崼,峴,0.7469040436147487
崼,峿,0.7398704683642928
