char1,char2,similarity
嵇,嵇,1.0
嵇,秣,0.7401105215442454
嵇,穞,0.7389887634390404
嵇,稂,0.7372348422913892
嵇,稃,0.7309243834690773
嵇,秿,0.7260152759150196
嵇,稖,0.7220672670766493
嵇,穐,0.7205038184512195
嵇,秫,0.7167326214849027
嵇,稻,0.7135073366417876
