char1,char2,similarity
嵃,嵃,1.0
嵃,崪,0.768397055361446
嵃,嵼,0.7658221111452475
嵃,崹,0.7649672756865586
嵃,嵪,0.7612584433777471
嵃,嵉,0.7606860565729805
嵃,嵭,0.7572431698476663
嵃,嵢,0.7539387857760231
嵃,崌,0.7484946952863532
嵃,嵣,0.7460517912978513
