char1,char2,similarity
嵀,嵀,1.0
嵀,崧,0.7734853673554328
嵀,走,0.7407504173587116
嵀,赱,0.7356006353819055
嵀,袿,0.7346132553371478
嵀,峳,0.7344837275331729
嵀,祬,0.7319550098017438
嵀,秚,0.7315951210743991
嵀,岕,0.7278729631630183
嵀,亗,0.7275246174442694
