char1,char2,similarity
嵄,嵄,1.0
嵄,嵈,0.7681964358123754
嵄,峽,0.7645680834688322
嵄,镁,0.7640415866083416
嵄,崢,0.7578683166832143
嵄,崚,0.7477790856628517
嵄,嵮,0.7464110835836253
嵄,帱,0.7454296129638265
嵄,岅,0.7404221836060453
嵄,崪,0.7404170100618462
