char1,char2,similarity
嵐,嵐,1.0
嵐,崑,0.7495276024872509
嵐,崀,0.7430366423869792
嵐,崴,0.7373655915331959
嵐,崫,0.7372470693576225
嵐,岚,0.7355687205199425
嵐,峎,0.7353251349074167
嵐,崬,0.7306976458835779
嵐,应,0.7282248096107248
嵐,凤,0.7265232589645378
