char1,char2,similarity
嵋,嵋,1.0
嵋,崌,0.7652428104919641
嵋,媚,0.7417031875591561
嵋,崡,0.741654896480004
嵋,崓,0.7373911534893294
嵋,嵨,0.732180451386308
嵋,嵣,0.7297513620894158
嵋,崵,0.7274931224121647
嵋,嵶,0.7266434090308068
嵋,崛,0.7259714787530113
