char1,char2,similarity
嵎,嵎,1.0
嵎,嵪,0.7894576557359755
嵎,嵑,0.7873612481034629
嵎,崛,0.7720682797266138
嵎,崿,0.7661591643562682
嵎,崓,0.7581955418910015
嵎,崸,0.756498043493241
嵎,崰,0.7551986333013028
嵎,崵,0.7514832966552678
嵎,嵕,0.74711687265513
