char1,char2,similarity
嵚,嵚,1.0
嵚,嶔,0.7797538833183744
嵚,崇,0.7205647313799781
嵚,众,0.7183744259805032
嵚,巍,0.712467616943067
嵚,崁,0.7121577895893056
嵚,嶭,0.7093887189213455
嵚,串,0.7041760819852608
嵚,丧,0.703921828707566
嵚,庆,0.7021130354855103
