char1,char2,similarity
嵕,嵕,1.0
嵕,崚,0.7712664510148535
嵕,蝬,0.7574853789227921
嵕,崪,0.7519103644432135
嵕,崵,0.7514570879404251
嵕,崏,0.7489864483810524
嵕,嵎,0.74711687265513
嵕,崜,0.7441825734786669
嵕,嵠,0.7422557748103717
嵕,峖,0.7396836152075577
