char1,char2,similarity
嵣,嵣,1.0
嵣,峵,0.7801010156310617
嵣,嵢,0.7607737180121962
嵣,崕,0.759292391578119
嵣,峗,0.7589640787023191
嵣,峸,0.7543043028190125
嵣,岥,0.7533592996328707
嵣,嶖,0.7507494239348184
嵣,崳,0.7502589898027868
嵣,峬,0.7469955670835979
