char1,char2,similarity
嵟,嵟,1.0
嵟,雇,0.7728733633039956
嵟,庮,0.7566656086233453
嵟,嶡,0.7556868625074507
嵟,蜃,0.7423323054678242
嵟,崮,0.7410076252259729
嵟,濯,0.7228563153931686
嵟,崫,0.7226239042445958
嵟,崩,0.719962952833023
嵟,庙,0.7197702540750281
