char1,char2,similarity
嵠,嵠,1.0
嵠,螇,0.785920387191604
嵠,慀,0.7512329259354285
嵠,嶓,0.7505836469374143
嵠,徯,0.7485477850026309
嵠,縘,0.7425201907874084
嵠,嵕,0.7422557748103717
嵠,嶫,0.7418939761990735
嵠,嶁,0.7417603852752439
嵠,峧,0.7401815978822335
