char1,char2,similarity
嵜,嵜,1.0
嵜,怘,0.7350591696113707
嵜,爿,0.7338901827262512
嵜,盍,0.730651776739222
嵜,嵙,0.7268881447345481
嵜,寄,0.7260491946842368
嵜,丢,0.7244291686607993
嵜,吏,0.7205189550933504
嵜,一,0.7197024838036787
嵜,舟,0.7194203909329204
