char1,char2,similarity
嵧,嵧,1.0
嵧,峒,0.7592575016326566
嵧,岷,0.7516883666998138
嵧,岹,0.7513421326175702
嵧,崓,0.7504731782297976
嵧,磂,0.7494158450452016
嵧,鎦,0.7485975433193486
嵧,嶍,0.744526951989299
嵧,岫,0.7414209321862956
嵧,崷,0.737438966749377
