char1,char2,similarity
嵮,嵮,1.0
嵮,崨,0.77630917246013
嵮,崸,0.774816168984203
嵮,崞,0.7746464523617185
嵮,岟,0.7677369668960284
嵮,崚,0.7644464848773866
嵮,峽,0.7615733124997355
嵮,崠,0.7571775515748286
嵮,幘,0.7564396702071563
嵮,磌,0.7541003790539478
