char1,char2,similarity
嵫,嵫,1.0
嵫,磁,0.7641276340433649
嵫,镃,0.763899934389882
嵫,螆,0.7588795463692198
嵫,岞,0.7424408255629298
嵫,峗,0.7346664044097433
嵫,嵝,0.7343105516236152
嵫,崷,0.7303487016456565
嵫,崂,0.7302010958936547
嵫,峣,0.7273280953907649
