char1,char2,similarity
嵦,嵦,1.0
嵦,螘,0.7983922893729877
嵦,嵖,0.796440067000502
嵦,崝,0.7612439626282739
嵦,嵉,0.7579214030094391
嵦,崄,0.7575320494723371
嵦,崤,0.7463440993584417
嵦,塏,0.7452581922819626
嵦,崜,0.7431850295069355
嵦,崯,0.7351217009107238
