char1,char2,similarity
嵨,嵨,1.0
嵨,螐,0.7752565762488768
嵨,嶋,0.7717621810513267
嵨,嵪,0.7487497190566468
嵨,崅,0.7460976285780623
嵨,峒,0.7420874387127004
嵨,崲,0.7398168068973446
嵨,嵎,0.7383999443157461
嵨,嵑,0.7354770432806542
嵨,崓,0.7346280643562654
