char1,char2,similarity
嵯,嵯,1.0
嵯,磋,0.8005595918800497
嵯,縒,0.7572737177643942
嵯,蜣,0.7530936310098186
嵯,峘,0.7469545107990594
嵯,岠,0.7425717238080132
嵯,蹉,0.7415130463791306
嵯,嗟,0.7395370519897428
嵯,崆,0.7368267609521129
嵯,岣,0.735547518334068
