char1,char2,similarity
嵴,嵴,1.0
嵴,塉,0.7747578227650678
嵴,膌,0.7481694118520569
嵴,崻,0.747753774886546
嵴,嵽,0.741734429592614
嵴,嶓,0.7398290081747881
嵴,嶗,0.7391968609437635
嵴,崝,0.7345079112748678
嵴,嶆,0.7331377302578314
嵴,嶒,0.7328441822157448
