char1,char2,similarity
嵰,嵰,1.0
嵰,螊,0.7984358301584181
嵰,赚,0.7976014025784826
嵰,謙,0.747366684412022
嵰,嶟,0.7424586359634773
嵰,嵽,0.7366682553942172
嵰,嵘,0.7357656037255459
嵰,稴,0.7347793028022117
嵰,膁,0.733782697520331
嵰,嵲,0.7328729201307936
