char1,char2,similarity
嵲,嵲,1.0
嵲,嵥,0.7849304487632762
嵲,嵻,0.7681659204780839
嵲,嵢,0.7603897751069003
嵲,幧,0.7530167618969691
嵲,嵼,0.7499405227998963
嵲,嶱,0.7496714914461509
嵲,崝,0.7487298972521967
嵲,嵪,0.7463354402222236
嵲,嶸,0.7454972068650091
