char1,char2,similarity
嵷,嵷,1.0
嵷,鏦,0.7429280321054368
嵷,嶝,0.719956109932503
嵷,縱,0.7196744522822224
嵷,縦,0.704366557000396
嵷,摐,0.7030168750322447
嵷,嵱,0.7001558045406754
嵷,嶓,0.6992215153800868
嵷,蹤,0.6979707903236022
嵷,坩,0.697677761468865
