char1,char2,similarity
嵳,嵳,1.0
嵳,荁,0.7614219860985851
嵳,直,0.7495269180739641
嵳,乬,0.7420511086457008
嵳,崖,0.7411621788982876
嵳,毞,0.73769844554186
嵳,坴,0.736137139211571
嵳,柰,0.7311102598678286
嵳,壶,0.7309765803536168
嵳,育,0.7307583814794463
