char1,char2,similarity
嶃,嶃,1.0
嶃,螹,0.8274976342598699
嶃,慚,0.7568250863965882
嶃,摲,0.7420011321020537
嶃,蜥,0.7191342787204685
嶃,鏩,0.7188500196489851
嶃,搟,0.7087992926739832
嶃,噺,0.698115819994416
嶃,塮,0.6921010695550724
嶃,晣,0.6901463400680952
