char1,char2,similarity
嵿,嵿,1.0
嵿,積,0.7477920792883707
嵿,巔,0.7472931365205358
嵿,嶺,0.7442582293334994
嵿,嵹,0.7202432246627326
嵿,帘,0.7179977581307512
嵿,正,0.7166725613124925
嵿,噴,0.7150478707606817
嵿,工,0.7118421283233991
嵿,嶏,0.7106510066143676
