char1,char2,similarity
嶁,嶁,1.0
嶁,螻,0.7636253551448239
嶁,熡,0.7538250974987039
嶁,耬,0.7516594283591782
嶁,縷,0.7503771111027498
嶁,嶿,0.7492852998961516
嶁,嵭,0.7447043324781117
嶁,貗,0.743081771162265
嶁,嵠,0.7417603852752439
嶁,巕,0.7385954346508359
