char1,char2,similarity
嶂,嶂,1.0
嶂,幛,0.7891246681449501
嶂,崝,0.7614971283796436
嶂,疃,0.7576702967995317
嶂,嵉,0.7555072125176108
嶂,璋,0.75134795913749
嶂,愇,0.749686378953665
嶂,峵,0.7496576842636237
嶂,幃,0.748890331818539
嶂,墇,0.7480467017650958
