char1,char2,similarity
嶊,嶊,1.0
嶊,嶉,0.8247757031603984
嶊,蓷,0.753636455685635
嶊,雍,0.7220255130963588
嶊,止,0.7178334596241922
嶊,崔,0.712873075813378
嶊,正,0.7122457217458967
嶊,灻,0.7103403353323441
嶊,走,0.7088522743235043
嶊,歩,0.7074818795620835
