char1,char2,similarity
嶈,嶈,1.0
嶈,蔣,0.7571945655158735
嶈,嵙,0.7211336231848764
嶈,溿,0.7129078086448307
嶈,峟,0.7070498478006979
嶈,蒋,0.7057332910844998
嶈,嵜,0.7043258855041397
嶈,齊,0.7042552700014154
嶈,庙,0.7020439959014536
嶈,嶄,0.7008809511143677
