char1,char2,similarity
嶑,嶑,1.0
嶑,蟓,0.8538661845843124
嶑,襐,0.7711972706418836
嶑,蝝,0.7604788789361123
嶑,豫,0.757343190660315
嶑,峺,0.7559905736972268
嶑,崞,0.7525815071704894
嶑,崚,0.7491215922766811
嶑,嵮,0.7484020647321125
嶑,岉,0.7473158012220217
