char1,char2,similarity
嶕,嶕,1.0
嶕,蟭,0.7875602167458067
嶕,峵,0.7682609598300901
嶕,崅,0.7655559657196589
嶕,燋,0.7428752582998807
嶕,嵖,0.742509234635827
嶕,嵢,0.7407361043100467
嶕,嵑,0.7390642934087518
嶕,嶒,0.7372060758798594
嶕,崌,0.734721262608218
