char1,char2,similarity
嶎,嶎,1.0
嶎,蔚,0.7803731979263497
嶎,崫,0.757430105578245
嶎,崱,0.734314676775974
嶎,唐,0.7340789131792368
嶎,庙,0.7258966106871171
嶎,盅,0.7215858176109955
嶎,嵛,0.7209399475492001
嶎,崴,0.7194673141202378
嶎,申,0.7188819271455733
