char1,char2,similarity
嶗,嶗,1.0
嶗,崂,0.7553614558685936
嶗,蟧,0.7439486516639677
嶗,嵴,0.7391968609437635
嶗,嶟,0.7246302184286078
嶗,崻,0.722849993600624
嶗,巆,0.7204920225129874
嶗,崝,0.7192034846494987
嶗,嶓,0.7166138485150686
嶗,嶒,0.7146215365167687
