char1,char2,similarity
嶒,嶒,1.0
嶒,峵,0.7676497413404588
嶒,嶍,0.7602222727394912
嶒,嵢,0.7601576183685776
嶒,嶀,0.7597790877390934
嶒,譄,0.7462077323987785
嶒,崓,0.7447795769210969
嶒,橧,0.7444981854040615
嶒,竲,0.7440485152021211
嶒,嶆,0.7424890381003758
