char1,char2,similarity
嶡,嶡,1.0
嶡,嵟,0.7556868625074507
嶡,嚴,0.7337083453983789
嶡,巌,0.7205314284501001
嶡,庻,0.7173314453649419
嶡,嵅,0.7163608448138838
嶡,嵗,0.7162187441096545
嶡,豦,0.7144844786853758
嶡,崴,0.7113308884957806
嶡,蕆,0.7081042488569466
