char1,char2,similarity
嶠,嶠,1.0
嶠,蟜,0.8339028482437524
嶠,嶿,0.7789318875239649
嶠,繑,0.7588590503227282
嶠,崐,0.7517428715558965
嶠,幗,0.7408540932464089
嶠,岲,0.7403392234584139
嶠,嶵,0.7397984116036063
嶠,幬,0.738756772238476
嶠,蜠,0.7383248148278924
