char1,char2,similarity
嶙,嶙,1.0
嶙,磷,0.8076084236647325
嶙,疄,0.8050146263412497
嶙,轔,0.7811662961818382
嶙,燐,0.774053068973374
嶙,嵖,0.7617047978477596
嶙,嵝,0.7560913766138361
嶙,撛,0.7505534595379783
嶙,岟,0.7450787144223177
嶙,崻,0.7437846092455468
