char1,char2,similarity
嶚,嶚,1.0
嶚,寮,0.7541163650230244
嶚,柬,0.7226684241837121
嶚,豢,0.7191198476563393
嶚,臖,0.7160863612599315
嶚,枼,0.714240841062065
嶚,絭,0.7138579605090954
嶚,萦,0.7135757174599265
嶚,嵜,0.7129014585865028
嶚,東,0.7122699078760383
