char1,char2,similarity
嶞,嶞,1.0
嶞,岊,0.7166174574026356
嶞,嶨,0.7139517205122343
嶞,螴,0.7098055106271574
嶞,蔤,0.7078431090775266
嶞,嵤,0.7077934899819163
嶞,峹,0.7077182633799488
嶞,墮,0.704547748038499
嶞,壬,0.7004149480288224
嶞,嵆,0.6973898342949357
