char1,char2,similarity
嶜,嶜,1.0
嶜,簪,0.8105306099671908
嶜,睿,0.7754091745812173
嶜,誊,0.75716112397554
嶜,簮,0.7414822218651292
嶜,崣,0.7207067972867978
嶜,嚳,0.7198281424326628
嶜,崫,0.717608773530949
嶜,腎,0.7173614550580235
嶜,瞥,0.7157754438250712
