char1,char2,similarity
嶥,嶥,1.0
嶥,蟩,0.7491279861598926
嶥,幱,0.746095766267933
嶥,巗,0.7366642545202702
嶥,嶮,0.7335680360384191
嶥,巕,0.7297736914730737
嶥,嚈,0.7278147721056859
嶥,嶧,0.7257745377783276
嶥,蹶,0.7238244150753427
嶥,嶢,0.71981398506902
