char1,char2,similarity
嶦,嶦,1.0
嶦,幨,0.7802218311559078
嶦,襜,0.7600745793686237
嶦,赡,0.7577197793064914
嶦,嶩,0.7525197078983229
嶦,檐,0.743565976092607
嶦,擔,0.7410906334150157
嶦,嶁,0.7318148270661252
嶦,巏,0.7315786416511719
嶦,巑,0.7311994008928354
