char1,char2,similarity
嶩,嶩,1.0
嶩,檂,0.7880317082756719
嶩,繷,0.787499575293086
嶩,憹,0.767120647243648
嶩,巁,0.7664379215899382
嶩,燶,0.7641039508769205
嶩,巑,0.763964095756464
嶩,嶫,0.7618606748697664
嶩,膿,0.7613720365759579
嶩,嶦,0.7525197078983229
