char1,char2,similarity
嶤,嶤,1.0
嶤,霓,0.7502783513895117
嶤,尭,0.7382580794424867
嶤,畺,0.7350516992092844
嶤,嶏,0.7344576363048855
嶤,蕘,0.7341722902484303
嶤,嶌,0.7330082645047964
嶤,嶲,0.7284390924740657
嶤,寛,0.7277537808825691
嶤,兗,0.7277513418856123
