char1,char2,similarity
嶢,嶢,1.0
嶢,燒,0.8181368827814716
嶢,墝,0.7946218157149885
嶢,撓,0.7799089189643379
嶢,橈,0.7798987093944583
嶢,岏,0.7734727841853228
嶢,嬈,0.7656750357956502
嶢,皢,0.7633056821289078
嶢,譊,0.7624758887846603
嶢,磽,0.7571189286551603
