char1,char2,similarity
嶵,嶵,1.0
嶵,峫,0.8005735772713607
嶵,嶿,0.7549267968182553
嶵,崛,0.7521215817040412
嶵,峏,0.7434128396975719
嶵,巆,0.7428822434109738
嶵,崿,0.7408710978071404
嶵,嶠,0.7397984116036063
嶵,崥,0.7379639272648408
嶵,蝍,0.7372768019307762
