char1,char2,similarity
嶳,嶳,1.0
嶳,嵏,0.7175703224177207
嶳,嶤,0.7142783812984727
嶳,嵳,0.7124190699811122
嶳,盎,0.7099300372878687
嶳,嶺,0.709073294932666
嶳,嵹,0.7085633138506805
嶳,嶏,0.7078408247983184
嶳,巋,0.7072296954237475
嶳,巔,0.7066685908559255
