char1,char2,similarity
嶱,嶱,1.0
嶱,嶟,0.7905017921236478
嶱,譪,0.7806391817505602
嶱,擖,0.767176256945174
嶱,嶹,0.7596969489495224
嶱,巕,0.7548033225728367
嶱,嶆,0.7533238240856697
嶱,嵢,0.7533076616846369
嶱,崘,0.7509157084884858
嶱,嵲,0.7496714914461509
