char1,char2,similarity
嶴,嶴,1.0
嶴,里,0.7470708877778929
嶴,岳,0.740073901118931
嶴,皋,0.7382767295504092
嶴,辠,0.7352848034136776
嶴,臰,0.7323911749794132
嶴,亭,0.7225850056005387
嶴,粵,0.720715293793138
嶴,弖,0.720606763456328
嶴,丗,0.7142070762081478
