char1,char2,similarity
嶬,嶬,1.0
嶬,巕,0.7592043963253566
嶬,岏,0.7511744168486643
嶬,轙,0.7465501565836073
嶬,嶩,0.7433717287963988
嶬,嶫,0.7417793311509264
嶬,巁,0.7393724913043804
嶬,嵼,0.7358485537025169
嶬,嶋,0.7352432776251312
嶬,巑,0.7308266932377901
