char1,char2,similarity
嶯,嶯,1.0
嶯,蕺,0.7725329027638691
嶯,巂,0.7115479183145728
嶯,巀,0.7103988912799444
嶯,巖,0.7071683323226023
嶯,毫,0.7046938794910098
嶯,嶻,0.7041231698718454
嶯,輋,0.7038483811614008
嶯,产,0.7022412787986319
嶯,毌,0.6998579425134602
