char1,char2,similarity
嶮,嶮,1.0
嶮,嬐,0.756501905068841
嶮,崘,0.7520094056090323
嶮,岤,0.7494306888137613
嶮,嶹,0.7442802378025497
嶮,檢,0.7442194762310969
嶮,岏,0.7416335890509562
嶮,峸,0.737671094560811
嶮,峵,0.7352691706393554
嶮,蠄,0.734110584451803
