char1,char2,similarity
嶸,嶸,1.0
嶸,嵥,0.7738052532068578
嶸,嶼,0.7692423980827802
嶸,蠑,0.7628887268031576
嶸,巆,0.7581175897020048
嶸,蝚,0.7537552373886575
嶸,蟝,0.7488692603422255
嶸,嬫,0.7466938236409825
嶸,幧,0.7459412710340316
嶸,嵲,0.7454972068650091
