char1,char2,similarity
嶿,嶿,1.0
嶿,蠕,0.7877056711613997
嶿,繻,0.7806469179816712
嶿,嶠,0.7789318875239649
嶿,嶖,0.7627296404405253
嶿,嶵,0.7549267968182553
嶿,嶁,0.7492852998961516
嶿,崐,0.7486859870483771
嶿,糥,0.7420515000210441
嶿,峏,0.7415910972063472
