char1,char2,similarity
嶷,嶷,1.0
嶷,寲,0.7451287307574315
嶷,薿,0.7391553226443583
嶷,宺,0.6982532817214696
嶷,籎,0.6968803375685131
嶷,棗,0.6940046496024437
嶷,案,0.6924249532529206
嶷,廑,0.6881733402647655
嶷,叓,0.6875886937589635
嶷,廀,0.6875329740440335
