char1,char2,similarity
巄,巄,1.0
巄,蠬,0.8117914831348388
巄,鑨,0.7723340015354092
巄,贚,0.764136303141858
巄,巏,0.7610737233939103
巄,襱,0.7597379713633905
巄,巉,0.7531401859817395
巄,櫳,0.7503427950886601
巄,瓏,0.7450111653586219
巄,爖,0.7380343606358758
