char1,char2,similarity
巃,巃,1.0
巃,籠,0.7728884764918251
巃,嶺,0.7247151252354747
巃,鼋,0.7240248672663631
巃,黿,0.7216438799264155
巃,巐,0.71881886804369
巃,巔,0.7168262247974946
巃,竉,0.7039616500634331
巃,恚,0.6974901892001791
巃,崺,0.6965917284880518
