char1,char2,similarity
巉,巉,1.0
巉,攙,0.8156067376452217
巉,纔,0.7886641379620846
巉,讒,0.7696715255009627
巉,欃,0.759527320627307
巉,巄,0.7531401859817395
巉,巊,0.7461202771165139
巉,儳,0.7412011832297221
巉,巏,0.7340267969548785
巉,巑,0.7289326577894721
