char1,char2,similarity
巇,巇,1.0
巇,巎,0.7213787227566928
巇,巉,0.7181639901037162
巇,蠘,0.717414843879993
巇,巙,0.7129312362634875
巇,蝂,0.710303662309598
巇,嶰,0.7090511224794908
巇,巗,0.704438502744025
巇,巏,0.7041611941935446
巇,衇,0.7017671051895059
