char1,char2,similarity
巏,巏,1.0
巏,爟,0.8017142685939804
巏,壦,0.782550810607908
巏,巄,0.7610737233939103
巏,鑵,0.7562470489783051
巏,權,0.7542418571007578
巏,爠,0.7504101460524666
巏,孉,0.7478320366109557
巏,巊,0.747739938768898
巏,巑,0.747107321073181
