char1,char2,similarity
巋,巋,1.0
巋,巐,0.7254349943453836
巋,嶭,0.7172612756932648
巋,嶐,0.7122939054961501
巋,嶳,0.7072296954237475
巋,巂,0.7050583589959286
巋,嶊,0.701057910404972
巋,嶤,0.697935612763233
巋,楍,0.6898193417382368
巋,嶏,0.6890900216753213
