char1,char2,similarity
巊,巊,1.0
巊,蠳,0.7694020394975736
巊,巏,0.747739938768898
巊,巉,0.7461202771165139
巊,巎,0.7455447019005699
巊,攖,0.7340245905605781
巊,巄,0.728559198728978
巊,嶩,0.7244497293019223
巊,嶧,0.7236227835591125
巊,纓,0.7211972379034357
