char1,char2,similarity
巓,巓,1.0
巓,巔,0.7691758537500057
巓,巅,0.7269620646718808
巓,嶺,0.7057139431038153
巓,靠,0.7019064637864497
巓,嶳,0.691340234746871
巓,嵿,0.691016023225582
巓,巖,0.6864586588075011
巓,嶪,0.683472152051692
巓,巃,0.6817456107241592
