char1,char2,similarity
巑,巑,1.0
巑,襸,0.7864457032780088
巑,鑽,0.770386462094319
巑,嶩,0.763964095756464
巑,瓚,0.7617513773573489
巑,瓉,0.7593289459799673
巑,櫕,0.7561149143908521
巑,纉,0.753399941859007
巑,嶢,0.7512067254872781
巑,欑,0.7483781742453128
