char1,char2,similarity
巌,巌,1.0
巌,巖,0.7307649449083202
巌,嶡,0.7205314284501001
巌,嚴,0.7178137708574331
巌,嶎,0.7141572454330557
巌,崫,0.7080525875478163
巌,巚,0.7068117971257486
巌,庠,0.7054623523217389
巌,启,0.7028826159366733
巌,灻,0.7001866964253128
