char1,char2,similarity
川,川,1.0
川,亅,0.8107463695426212
川,止,0.8071654509809686
川,冫,0.7972826756784003
川,坥,0.7963674210849734
川,氵,0.7909651422190149
川,丨,0.7853561247204726
川,柑,0.7815451828150866
川,刂,0.7812533914146622
川,丶,0.7809601562136146
