char1,char2,similarity
巛,巛,1.0
巛,丨,0.7502819744158364
巛,仫,0.7474400181099718
巛,亅,0.7454481006520296
巛,丶,0.7446877811753414
巛,仈,0.7441629861011763
巛,丿,0.7438790748692026
巛,丄,0.7346044664251655
巛,一,0.7341097544570758
巛,爫,0.7330736594980124
