char1,char2,similarity
巖,巖,1.0
巖,巌,0.7307649449083202
巖,廄,0.7244124730294871
巖,巚,0.7207020747690962
巖,麞,0.7115521197683045
巖,廏,0.7075689319947809
巖,嶯,0.7071683323226023
巖,鼻,0.7009049492328382
巖,屐,0.6943968116089432
巖,屒,0.6942432941162187
