char1,char2,similarity
巚,巚,1.0
巚,巖,0.7207020747690962
巚,嶽,0.707405945806698
巚,巌,0.7068117971257486
巚,嵅,0.7065639730940708
巚,嶡,0.703944436157532
巚,崴,0.7028187844409057
巚,产,0.6973079329009384
巚,虍,0.6931672543077967
巚,祟,0.6925846515934806
