char1,char2,similarity
巕,巕,1.0
巕,嶬,0.7592043963253566
巕,嶱,0.7548033225728367
巕,嶫,0.7544499651694005
巕,巏,0.7444311825786339
巕,嶁,0.7385954346508359
巕,嶢,0.7363004104082977
巕,巑,0.7356184125228368
巕,嶩,0.7344222237746979
巕,巆,0.7343895327602954
