char1,char2,similarity
巗,巗,1.0
巗,欕,0.7858018394286155
巗,壧,0.7558031862179048
巗,嶥,0.7366642545202702
巗,幱,0.7209331193859807
巗,巊,0.719689987969563
巗,嶹,0.7148854758052369
巗,孍,0.7131777921806185
巗,壎,0.7114834194877854
巗,嶮,0.7079389606630474
