char1,char2,similarity
巘,巘,1.0
巘,擜,0.7249107691734399
巘,嶰,0.6983070286358516
巘,巇,0.6837630825188675
巘,爋,0.6787754285471465
巘,呭,0.6690727792758446
巘,壚,0.6689924821821476
巘,壧,0.6687461693709482
巘,橛,0.6658512952242556
巘,镢,0.6635889049826893
