char1,char2,similarity
巡,巡,1.0
巡,迩,0.7557207614868394
巡,边,0.7478112980058499
巡,迭,0.7470241753784606
巡,还,0.7452750076872374
巡,迮,0.7451802077015318
巡,迕,0.7437817577500424
巡,迢,0.7423697185992422
巡,逑,0.7405103732477681
巡,退,0.738478056094023
