char1,char2,similarity
工,工,1.0
工,丄,0.9058011252152229
工,王,0.8944547862213151
工,土,0.870851259070787
工,丨,0.86525773131828
工,丁,0.8567391129460824
工,三,0.8561702833933912
工,正,0.8547732047824673
工,匸,0.8546091846270508
工,上,0.8486121755652508
