char1,char2,similarity
巠,巠,1.0
巠,坙,0.7932351787097823
巠,杢,0.7795636034607208
巠,匚,0.7697279184451224
巠,空,0.7662818297377907
巠,芏,0.7647748982373268
巠,丅,0.7588499225051399
巠,翌,0.7581747844184524
巠,了,0.7578972582370017
巠,玊,0.7567652425479534
