char1,char2,similarity
巟,巟,1.0
巟,瓦,0.7864838677520043
巟,丌,0.7676404243738935
巟,下,0.7640882406529298
巟,凡,0.7632206540428293
巟,杗,0.7598559272221149
巟,玒,0.7586272433042488
巟,万,0.754799439842053
巟,丩,0.7543489248125475
巟,荒,0.7536366904091453
