char1,char2,similarity
巣,巣,1.0
巣,臬,0.8445099182131975
巣,桌,0.8077057059848047
巣,粜,0.7510145948215975
巣,惠,0.744964631354692
巣,崇,0.7417538031790836
巣,妻,0.7409628034193536
巣,夫,0.7407805702952984
巣,皐,0.7385411756820619
巣,枲,0.7369642575659572
