char1,char2,similarity
巧,巧,1.0
巧,尸,0.7726764512153932
巧,刁,0.7672568530387947
巧,斤,0.7663466151556136
巧,爫,0.7617956206954718
巧,圬,0.7590567083328118
巧,冫,0.7567396420047097
巧,卭,0.7563740416030451
巧,功,0.7554380177176366
巧,厂,0.7542794996616999
