char1,char2,similarity
己,己,1.0
己,已,0.90793036090772
己,巳,0.8509298438848333
己,巴,0.8147939389409863
己,匕,0.8017959670937934
己,巨,0.7914784612733071
己,厂,0.7891840788369242
己,旦,0.7877091103542402
己,円,0.7862915358558953
己,匚,0.7841972248841013
