char1,char2,similarity
巨,巨,1.0
巨,臣,0.8627451488014627
巨,亖,0.8548933869282281
巨,冱,0.8039397883618242
巨,巳,0.7943023868229223
巨,匸,0.7940215271719507
巨,亞,0.7936975802351313
巨,岂,0.7929322085232493
巨,已,0.7920626693879399
巨,己,0.7914784612733071
