char1,char2,similarity
巫,巫,1.0
巫,玊,0.8359576177828452
巫,丕,0.8148753207427978
巫,玉,0.8056865317010141
巫,王,0.804919576389255
巫,小,0.7903115520926545
巫,丁,0.7828338494961988
巫,壬,0.7814284136938954
巫,亘,0.7737692269855497
巫,亖,0.7724617965334384
