char1,char2,similarity
巰,巰,1.0
巰,鋶,0.756010517897495
巰,裗,0.748098738829564
巰,巯,0.7341415818282389
巰,旈,0.7225190174395448
巰,锍,0.7079120514028502
巰,疏,0.7070180810198714
巰,蝰,0.6974665739023019
巰,蝊,0.695554647999664
巰,硫,0.6953681112500288
