char1,char2,similarity
巹,巹,1.0
巹,奆,0.7452868065804206
巹,琧,0.7426526959814055
巹,夿,0.7408623273556387
巹,皇,0.7369030502900862
巹,奎,0.7344817633902854
巹,羞,0.7341538953644406
巹,查,0.7311705815446516
巹,雪,0.7305507409328653
巹,乻,0.7301108409999717
