char1,char2,similarity
已,已,1.0
已,己,0.90793036090772
已,巳,0.889066818710477
已,巴,0.8526471560685664
已,匸,0.8014790750382788
已,匕,0.7973714986178855
已,巨,0.7920626693879399
已,匚,0.7801344214472735
已,玊,0.7790587954518284
已,气,0.7750841736861467
