char1,char2,similarity
帆,帆,1.0
帆,帜,0.797272759619333
帆,析,0.7742427138968879
帆,帕,0.7647033957900957
帆,帖,0.7618666095469597
帆,岈,0.759775120737105
帆,釩,0.7567582991225297
帆,虮,0.7565569048675224
帆,钒,0.7561349945092702
帆,杋,0.7506043547916671
