char1,char2,similarity
帎,帎,1.0
帎,枕,0.8090106762068889
帎,忕,0.7824666570182857
帎,帓,0.7761076482736434
帎,帉,0.7739956660059262
帎,忱,0.7729090954845251
帎,衴,0.7692609603647327
帎,忺,0.7664465198042403
帎,帵,0.765072603122801
帎,妉,0.764264369330958
