char1,char2,similarity
帉,帉,1.0
帉,岎,0.8192497260686271
帉,枌,0.7946925196589817
帉,昐,0.7916546740658102
帉,帢,0.7775256627184635
帉,帎,0.7739956660059262
帉,忪,0.7733097745578
帉,蚡,0.7703737471586187
帉,帡,0.7640658377344824
帉,衯,0.7623763656209003
