char1,char2,similarity
帋,帋,1.0
帋,帒,0.7542229537353531
帋,市,0.7495820348407627
帋,帇,0.7394422113882255
帋,午,0.7387240733376825
帋,击,0.7369741576480754
帋,単,0.7344083450454358
帋,中,0.7333279060834536
帋,丨,0.7319180289466525
帋,十,0.7307987378925903
