char1,char2,similarity
帊,帊,1.0
帊,把,0.8173871737181346
帊,杷,0.8053644273231202
帊,钯,0.801415044658612
帊,忋,0.7939809166552794
帊,怉,0.7932245602418798
帊,帓,0.7812087170067604
帊,蚆,0.7802905384024453
帊,粑,0.7716721628160162
帊,幒,0.7713056344845981
