char1,char2,similarity
帍,帍,1.0
帍,厈,0.7775571748352912
帍,杘,0.7650636526650518
帍,厂,0.7579958649362597
帍,兒,0.752720353108677
帍,厗,0.7520100984815806
帍,庢,0.7515670460445439
帍,扆,0.7491178939872914
帍,肁,0.7471246750584385
帍,厍,0.7465487188996736
