char1,char2,similarity
帑,帑,1.0
帑,努,0.7700136912083053
帑,帯,0.7609777345998654
帑,夲,0.7556598151943714
帑,带,0.7285282604941027
帑,帒,0.7242762714582877
帑,幦,0.7211408300731151
帑,笫,0.7188131675403682
帑,卆,0.7184179485950694
帑,呰,0.7171217185995418
