char1,char2,similarity
帓,帓,1.0
帓,袾,0.8179268539669673
帓,袜,0.7997437844600749
帓,株,0.7952781533386409
帓,枺,0.7852869533410468
帓,蛛,0.7849412492330899
帓,妺,0.7826900204375088
帓,帊,0.7812087170067604
帓,抹,0.7766792354628288
帓,帎,0.7761076482736434
