char1,char2,similarity
帗,帗,1.0
帗,帔,0.7995219988455001
帗,軷,0.791551098595797
帗,蛂,0.7833418362451151
帗,韨,0.7767477787129127
帗,幁,0.7500293454307083
帗,鲅,0.7478651471303126
帗,帓,0.7472927054052448
帗,幀,0.7463856883135135
帗,幈,0.7462454320946923
