char1,char2,similarity
帒,帒,1.0
帒,牮,0.8000679282850821
帒,柋,0.7821436672788686
帒,帶,0.7610056781114869
帒,市,0.7564554566424664
帒,帋,0.7542229537353531
帒,岱,0.7390073706490162
帒,丫,0.7378832854179367
帒,丨,0.7365071866729391
帒,带,0.7342907827806637
