char1,char2,similarity
帐,帐,1.0
帐,账,0.7896781275318719
帐,怅,0.7820497528390778
帐,帙,0.7688853946977975
帐,帔,0.7596799747325051
帐,帨,0.7546166591777274
帐,帽,0.7540644279924603
帐,忶,0.7538884780766785
帐,帪,0.7488223515230455
帐,帓,0.7483453270219727
