char1,char2,similarity
帘,帘,1.0
帘,屮,0.7834741780294223
帘,审,0.7759707524045261
帘,帝,0.7719811752841162
帘,个,0.7719339437574902
帘,容,0.7630985415159615
帘,丨,0.7618295359819515
帘,串,0.7603607046461355
帘,杳,0.7588596986985475
帘,巿,0.7584259337495787
