char1,char2,similarity
帣,帣,1.0
帣,帚,0.7961052036485841
帣,帯,0.7643171645268348
帣,岙,0.7358947345649693
帣,豢,0.7345126292015262
帣,蒂,0.7240493757822385
帣,巻,0.7207121101383833
帣,得,0.7206064369913072
帣,啔,0.7195722328359452
帣,冐,0.7175351663920099
