char1,char2,similarity
帚,帚,1.0
帚,帣,0.7961052036485841
帚,帯,0.7916827345742387
帚,巪,0.777447037761166
帚,昺,0.7762252088058651
帚,缶,0.7592206077800308
帚,昻,0.7576024394862618
帚,昊,0.757055334849525
帚,喿,0.7527928406626581
帚,昘,0.7519407591278136
