char1,char2,similarity
帤,帤,1.0
帤,帟,0.782868764313771
帤,帝,0.763247256440974
帤,佸,0.7504278034010774
帤,币,0.7461401216292093
帤,手,0.742291866071766
帤,芾,0.7386409194343576
帤,平,0.7364197508309173
帤,仚,0.7350150415140261
帤,弓,0.7322213773694524
