char1,char2,similarity
帬,帬,1.0
帬,馽,0.7250019113941184
帬,霍,0.7247048545218927
帬,羣,0.7230712569837003
帬,罠,0.7199043178983755
帬,苞,0.7182779372547256
帬,晕,0.7174207270695938
帬,曼,0.7172191839663149
帬,尋,0.7166139866722333
帬,暴,0.7139417596179434
