char1,char2,similarity
帧,帧,1.0
帧,祯,0.798510327267956
帧,桢,0.7807127611162834
帧,幀,0.7744289586333115
帧,幁,0.7701275993613378
帧,帻,0.767436561270371
帧,幩,0.7638910078756721
帧,幊,0.7626789053286591
帧,帼,0.762348230697258
帧,帊,0.7598723305321223
