char1,char2,similarity
帩,帩,1.0
帩,幍,0.8081578210505511
帩,帕,0.7932965222058469
帩,帞,0.7729912739808528
帩,帄,0.7716096429092052
帩,帖,0.7695447679604034
帩,帙,0.7648255840827166
帩,蚋,0.7562784554040358
帩,屿,0.756136945161034
帩,怕,0.7535452693068477
