char1,char2,similarity
帥,帥,1.0
帥,師,0.8573184872333265
帥,訕,0.771285030130406
帥,衶,0.7710710746213977
帥,蚛,0.7690527014710166
帥,旪,0.7555223336480298
帥,咘,0.7440084335411964
帥,鈡,0.7364265246120058
帥,鈰,0.7333022241085758
帥,訓,0.7296937079303739
