char1,char2,similarity
帷,帷,1.0
帷,蜼,0.7722237584501906
帷,帢,0.770772837426469
帷,帳,0.7665173440390417
帷,幌,0.7627027753011204
帷,雂,0.7620836405893283
帷,骓,0.7572947720171941
帷,雎,0.7567214291034009
帷,岲,0.7556110285031233
帷,帎,0.7510535385134524
