char1,char2,similarity
帰,帰,1.0
帰,掃,0.7581606616972779
帰,埽,0.7541318534769219
帰,婦,0.7286814591210057
帰,唚,0.7263479829908387
帰,昻,0.7234445278647371
帰,嗶,0.7177555985583909
帰,炞,0.7129792935184643
帰,嗗,0.7116420957486128
帰,汘,0.7116216974409025
