char1,char2,similarity
帽,帽,1.0
帽,蝐,0.7893754543212476
帽,帞,0.7713983046922617
帽,帔,0.7630616848037619
帽,帕,0.7603801657817075
帽,帼,0.7565325390532015
帽,帐,0.7540644279924603
帽,幍,0.7515059556604252
帽,帖,0.7474236245701239
帽,幆,0.7425347790250107
