char1,char2,similarity
帼,帼,1.0
帼,幅,0.8247527404925485
帼,帪,0.7936760770852705
帼,蜠,0.773714884966428
帼,柖,0.770584195100726
帼,蛔,0.7675376148332793
帼,蝈,0.7643441745318079
帼,幁,0.7639261493119006
帼,幈,0.7626888079255257
帼,帧,0.762348230697258
