char1,char2,similarity
帾,帾,1.0
帾,赌,0.819647242099521
帾,蝫,0.8028509985197403
帾,帹,0.7624500931129328
帾,帢,0.7611179944665427
帾,豬,0.757197541629463
帾,帵,0.7557160533795014
帾,幜,0.7546129768672506
帾,幒,0.7544734300860426
帾,賭,0.7537345485020924
