char1,char2,similarity
常,常,1.0
常,棠,0.7818905080870746
常,苇,0.7613055305430964
常,旱,0.7501617488031102
常,甫,0.7347245425889087
常,丰,0.7342625427890462
常,伞,0.7307750499415532
常,當,0.7261834276268941
常,営,0.7249577592957662
常,覚,0.7248516908240668
