char1,char2,similarity
幀,幀,1.0
幀,幁,0.8054754253839901
幀,帞,0.7980018075952113
幀,楨,0.7938851333991676
幀,帧,0.7744289586333115
幀,帨,0.7738545041769566
幀,帻,0.7716674425680997
幀,緽,0.762301422746544
幀,惧,0.7591026273055971
幀,帪,0.7488661090332146
