char1,char2,similarity
帹,帹,1.0
帹,帢,0.8167539069051889
帹,帵,0.7857535871679072
帹,帾,0.7624500931129328
帹,幁,0.7554768974198859
帹,帡,0.7542171361304071
帹,帻,0.7496310406363234
帹,楆,0.7483669300262674
帹,帊,0.7478387651659169
帹,幞,0.7477690621364472
