char1,char2,similarity
幁,幁,1.0
幁,幀,0.8054754253839901
幁,幊,0.7873319241898381
幁,帞,0.7871533948580789
幁,帻,0.7831987649128245
幁,帪,0.7751589891154934
幁,帢,0.7706073862603753
幁,帧,0.7701275993613378
幁,帨,0.7661322885087901
幁,幅,0.766082466411369
