char1,char2,similarity
幃,幃,1.0
幃,煒,0.8363705905183002
幃,幛,0.8302370848607308
幃,椲,0.8198785682831372
幃,褘,0.8062320126389297
幃,幢,0.8040398361599274
幃,幥,0.7819784971280688
幃,幙,0.7813407485389214
幃,蟑,0.766746062846651
幃,幜,0.7629801510882067
