char1,char2,similarity
幅,幅,1.0
幅,帼,0.8247527404925485
幅,辐,0.8104686798018573
幅,帻,0.799737067386845
幅,楅,0.7877331281328261
幅,褔,0.7741129875320457
幅,蝠,0.7668599454996776
幅,幁,0.766082466411369
幅,福,0.7584539464802952
幅,帊,0.7565478270996419
