char1,char2,similarity
幋,幋,1.0
幋,媻,0.7710320171651733
幋,磐,0.7608083309551381
幋,螌,0.7576540259554828
幋,幇,0.7408134640654089
幋,幤,0.7201803797549884
幋,甬,0.7163865552838385
幋,常,0.7153500398248568
幋,槃,0.7107945021011396
幋,縏,0.7097345310089198
