char1,char2,similarity
幇,幇,1.0
幇,幤,0.7644891486875223
幇,幣,0.7483267624001151
幇,幋,0.7408134640654089
幇,苇,0.7313772176148711
幇,常,0.7245407386878889
幇,币,0.7161384733393208
幇,甯,0.7146687104438831
幇,帛,0.7114688289211792
幇,巿,0.7110066950118702
