char1,char2,similarity
幍,幍,1.0
幍,帩,0.8081578210505511
幍,帖,0.7806139967683833
幍,帕,0.771171728142626
幍,槄,0.7642334913491138
幍,帄,0.7587196510155452
幍,帞,0.7574072489497707
幍,鞱,0.7555592730267916
幍,韜,0.7520752530841612
幍,帽,0.7515059556604252
