char1,char2,similarity
幒,幒,1.0
幒,蟌,0.7997869578052569
幒,帊,0.7713056344845981
幒,帵,0.7692213351938506
幒,幨,0.7679472988851074
幒,幝,0.7651713750534131
幒,幩,0.7642867649494811
幒,帱,0.7600367354786335
幒,幃,0.757381684029468
幒,帾,0.7544734300860426
