char1,char2,similarity
幕,幕,1.0
幕,墓,0.7943358965580771
幕,幂,0.7553147499738799
幕,箺,0.7483770520006765
幕,暮,0.747998923068818
幕,臯,0.7371943218253236
幕,蓽,0.7361217768653371
幕,羸,0.7300828997596341
幕,葈,0.7291745196072907
幕,宰,0.7258885246162772
