char1,char2,similarity
幓,幓,1.0
幓,縿,0.7552365887992809
幓,襂,0.7545876235282031
幓,帿,0.7507758229886908
幓,幃,0.750199374125519
幓,幜,0.75002280799087
幓,幔,0.7494526328510619
幓,幖,0.7445068290251873
幓,幮,0.7428497772896382
幓,幯,0.7427504784954078
