char1,char2,similarity
幎,幎,1.0
幎,帳,0.810119282803592
幎,幈,0.7970079050227232
幎,幉,0.7906687849619409
幎,帺,0.7834369190893269
幎,幆,0.7761978051237689
幎,幊,0.7758231264464343
幎,幌,0.7640455266687409
幎,椇,0.7590067038791495
幎,螟,0.7539946711979496
