char1,char2,similarity
幖,幖,1.0
幖,螵,0.8359671872516065
幖,幜,0.7942877924635298
幖,標,0.7672738337767213
幖,幙,0.7647963849131524
幖,徱,0.7647870584628585
幖,嶛,0.7605343466061691
幖,褾,0.7602317492008763
幖,幃,0.7580289855366559
幖,崸,0.7541354312811291
