char1,char2,similarity
幝,幝,1.0
幝,蟬,0.7989422584749462
幝,幡,0.7717252331681607
幝,幥,0.769352653150937
幝,幒,0.7651713750534131
幝,蝉,0.7626530569304678
幝,幩,0.7599380582141849
幝,燀,0.7572449985567488
幝,峍,0.7554389062101553
幝,裈,0.7505327792630003
