char1,char2,similarity
幘,幘,1.0
幘,幩,0.8694677005850762
幘,績,0.7851530261979887
幘,蠙,0.7834364722086723
幘,檳,0.7723538793772343
幘,帳,0.7620366976003685
幘,橨,0.7598851235044098
幘,嵮,0.7564396702071563
幘,襀,0.7519292791325438
幘,幎,0.7499088937625775
