char1,char2,similarity
幛,幛,1.0
幛,幢,0.8545274043916316
幛,幃,0.8302370848607308
幛,幥,0.7950019072821921
幛,墇,0.7918256124052703
幛,嶂,0.7891246681449501
幛,椲,0.7806309206486597
幛,蟑,0.7629458033900967
幛,幩,0.7591451552623946
幛,幙,0.7578172512683606
