char1,char2,similarity
幥,幥,1.0
幥,幛,0.7950019072821921
幥,幃,0.7819784971280688
幥,鐣,0.773211754551314
幥,幝,0.769352653150937
幥,幨,0.7657387434204174
幥,幢,0.7655381590069559
幥,幩,0.7624140868788093
幥,帓,0.7584381356677937
幥,帺,0.7580632422024082
