char1,char2,similarity
幠,幠,1.0
幠,蟱,0.8108312793349239
幠,橅,0.7721179949582383
幠,幜,0.7654746492176584
幠,幏,0.7534497906867235
幠,墲,0.7511068715635194
幠,帺,0.7486959153335093
幠,幯,0.7452842894202064
幠,帵,0.7452234246071483
幠,幮,0.7442361307505367
