char1,char2,similarity
幢,幢,1.0
幢,幛,0.8545274043916316
幢,幃,0.8040398361599274
幢,疃,0.8031566753673909
幢,螼,0.7811293835089925
幢,橦,0.7784790861802681
幢,穜,0.7726448158458759
幢,徸,0.7719949769344838
幢,幙,0.7681344878827224
幢,幥,0.7655381590069559
