char1,char2,similarity
幧,幧,1.0
幧,蝚,0.7840411114681953
幧,嵥,0.7618443752326127
幧,襙,0.7617645790376257
幧,蟝,0.7561974895480162
幧,燥,0.7530922510015342
幧,嵲,0.7530167618969691
幧,嶸,0.7459412710340316
幧,慄,0.7397985087916175
幧,臊,0.7396629432018388
