char1,char2,similarity
幩,幩,1.0
幩,幘,0.8694677005850762
幩,橨,0.7970019461866765
幩,幡,0.7789917584439198
幩,檳,0.7728651056913315
幩,蠙,0.7671950919141727
幩,幢,0.7646836133160827
幩,幒,0.7642867649494811
幩,帧,0.7638910078756721
幩,幥,0.7624140868788093
