char1,char2,similarity
幦,幦,1.0
幦,臂,0.7531672886829036
幦,帟,0.744778740621186
幦,孹,0.738138493092468
幦,糪,0.737406413578709
幦,礕,0.7331211328876667
幦,甲,0.7294927853685045
幦,檗,0.7242803356650458
幦,帠,0.724269995234962
幦,帒,0.72390340405522
