char1,char2,similarity
幡,幡,1.0
幡,轓,0.7996967456597025
幡,嶓,0.7910313044310454
幡,襎,0.7859957302409144
幡,幩,0.7789917584439198
幡,鐇,0.7745737393189949
幡,蟠,0.7724097250811885
幡,崏,0.7721319155561716
幡,幝,0.7717252331681607
幡,譒,0.7621598421571907
