char1,char2,similarity
幬,幬,1.0
幬,嶹,0.7941713695127817
幬,蠔,0.7607236505699972
幬,幗,0.749238127885719
幬,檮,0.7465657251630278
幬,疇,0.7436186820849973
幬,鑄,0.7395274114026078
幬,憘,0.7388015411513933
幬,嶠,0.738756772238476
幬,幩,0.7380528039984878
