char1,char2,similarity
平,平,1.0
平,丅,0.8402107077400927
平,干,0.8239530007049616
平,丨,0.8207156956927331
平,了,0.8192831922355304
平,中,0.8013062542978342
平,丁,0.7963629422406968
平,乎,0.7960635624060753
平,十,0.7955506121997403
平,于,0.7951015882067612
