char1,char2,similarity
幯,幯,1.0
幯,櫛,0.773220042426352
幯,帵,0.7621649568935891
幯,幗,0.756769703368421
幯,幪,0.7508516881685886
幯,帿,0.746448434207029
幯,幠,0.7452842894202064
幯,幓,0.7427504784954078
幯,幮,0.7349888490076089
幯,栭,0.7348175557802199
