char1,char2,similarity
并,并,1.0
并,井,0.8679666498142434
并,一,0.7842399680419994
并,丼,0.7782494909605548
并,弁,0.7742833452066343
并,仵,0.7694433091741638
并,乛,0.7687637235426742
并,亢,0.7686895727508931
并,丬,0.7677259058947258
并,亣,0.7670524663416077
