char1,char2,similarity
年,年,1.0
年,勻,0.7919301281483683
年,丰,0.7823484698841929
年,句,0.7722076866033762
年,牢,0.771437189629172
年,丆,0.7708025064046437
年,与,0.7661742110597128
年,毕,0.7640956269925159
年,丶,0.7611491286926703
年,申,0.7565178636527992
