char1,char2,similarity
幽,幽,1.0
幽,凼,0.7258400919938567
幽,蛔,0.7234333330510097
幽,凾,0.7204484910302789
幽,帼,0.7138997724645307
幽,凷,0.709682755680913
幽,豳,0.7077700726384002
幽,啩,0.6994915416143087
幽,出,0.6987798115969454
幽,岀,0.6965271906374849
