char1,char2,similarity
幷,幷,1.0
幷,艸,0.8116687050937202
幷,丹,0.7923414229686674
幷,一,0.7897135643168347
幷,舟,0.7826279614113324
幷,乛,0.7721233480271806
幷,忄,0.7663882618864477
幷,卩,0.7629238617266666
幷,亠,0.7542029493551444
幷,甘,0.7515203272644719
