char1,char2,similarity
幹,幹,1.0
幹,輇,0.7987281254231882
幹,軨,0.7755588390784621
幹,軩,0.7737664269328698
幹,軡,0.7646900462660773
幹,軯,0.7635059928167025
幹,靲,0.7587539019719224
幹,軫,0.7537019974367213
幹,軘,0.7519710938027044
幹,輅,0.751761981665159
