char1,char2,similarity
幾,幾,1.0
幾,喪,0.7009203689682127
幾,嫂,0.6891570838998778
幾,亊,0.6868009462696788
幾,虫,0.6862380409299661
幾,杰,0.6857147460329222
幾,走,0.68546884320711
幾,装,0.685356826156022
幾,媪,0.6848233784990375
幾,果,0.6848200254409891
