char1,char2,similarity
广,广,1.0
广,厂,0.8806774378835104
广,乛,0.8708888212821213
广,冫,0.8614126123037641
广,户,0.8540031684129401
广,氵,0.8369386337837461
广,丆,0.830290572242117
广,冖,0.8286030995075104
广,丶,0.8273307832304032
广,宀,0.8273170081506557
