char1,char2,similarity
庆,庆,1.0
庆,庂,0.8686445697591872
庆,仄,0.8112183602354099
庆,庄,0.7985680856727682
庆,庅,0.7934413023027854
庆,产,0.7921943930453305
庆,庒,0.7838744888757018
庆,厌,0.7787160183508604
庆,庀,0.777977544976824
庆,床,0.775294061664873
