char1,char2,similarity
庇,庇,1.0
庇,庛,0.7789884115222234
庇,庣,0.7605837756605511
庇,庂,0.7527626827529782
庇,凣,0.7519426582069217
庇,庒,0.7512617425475101
庇,奼,0.7507167762326022
庇,兀,0.7497750534904121
庇,庉,0.7496972356935682
庇,匸,0.7494670470730346
