char1,char2,similarity
庁,庁,1.0
庁,厅,0.8643876217038103
庁,庋,0.8143286074564222
庁,厂,0.8127801097597145
庁,庐,0.8111521666402868
庁,库,0.7945681149513948
庁,庉,0.7931299831727439
庁,庘,0.7907488712876937
庁,厃,0.7900078361640558
庁,庂,0.7896622163315614
