char1,char2,similarity
庄,庄,1.0
庄,圧,0.8083745538444477
庄,庒,0.8072381483861472
庄,庆,0.7985680856727682
庄,彐,0.795086692223714
庄,仨,0.7931718807162254
庄,应,0.7916047633934546
庄,产,0.7909427419372558
庄,仼,0.7901035729721584
庄,厂,0.7840810258464018
