char1,char2,similarity
庐,庐,1.0
庐,庁,0.8111521666402868
庐,庋,0.7985242464191106
庐,庎,0.7895983741004173
庐,卢,0.7882242022831744
庐,庂,0.7858791554248895
庐,庘,0.784133304826593
庐,庲,0.7716681576195531
庐,庉,0.7692728942347531
庐,庹,0.76899955149995
