char1,char2,similarity
庉,庉,1.0
庉,庘,0.7977748243771663
庉,庡,0.793942301411593
庉,庁,0.7931299831727439
庉,庤,0.792368408936441
庉,庒,0.7912908952074776
庉,庝,0.7809253669972466
庉,庈,0.7801907347180927
庉,庯,0.7777668109450891
庉,庣,0.7706010941311541
