char1,char2,similarity
庑,庑,1.0
庑,戾,0.7745333645725444
庑,庖,0.7656569437472257
庑,庞,0.7580108818957682
庑,戻,0.7561103695175695
庑,浣,0.7471573432208167
庑,戹,0.7395447038576031
庑,吏,0.73945721265298
庑,庇,0.7383917766664971
庑,房,0.7368522110586347
