char1,char2,similarity
底,底,1.0
底,戻,0.7930133650480163
底,戹,0.7778438206795407
底,疷,0.7707027465110606
底,疧,0.7609304368275764
底,肩,0.7544080580391064
底,庄,0.7508913965273366
底,扂,0.7480201666479441
底,庌,0.7463189048491587
底,庅,0.7448944461498043
