char1,char2,similarity
庛,庛,1.0
庛,庣,0.7951101160247541
庛,庒,0.7835571949261536
庛,庎,0.7826703426827838
庛,庇,0.7789884115222234
庛,庍,0.7732277309744359
庛,庝,0.7718222820965746
庛,庩,0.7623395550403912
庛,度,0.7599574152638687
庛,廄,0.7588463092536827
