char1,char2,similarity
庘,庘,1.0
庘,庫,0.832928552452084
庘,庈,0.8075929771569273
庘,庤,0.8018351532593707
庘,庉,0.7977748243771663
庘,庢,0.7977031394946731
庘,庯,0.7975185623171537
庘,庍,0.7966786532504694
庘,庌,0.7952850639103191
庘,庁,0.7907488712876937
