char1,char2,similarity
庙,庙,1.0
庙,启,0.8124758416944245
庙,店,0.8113876028324543
庙,床,0.791976772950018
庙,庶,0.7817006256009934
庙,应,0.7765565094282191
庙,庒,0.764211687567966
庙,庀,0.7587845884979176
庙,庄,0.7582315832377416
庙,当,0.7569166508027433
