char1,char2,similarity
庝,庝,1.0
庝,庤,0.788655758956526
庝,庰,0.7843259056466029
庝,庉,0.7809253669972466
庝,庨,0.7808293055298087
庝,庎,0.7779852730618334
庝,庁,0.7761775115280803
庝,庴,0.7760748857365235
庝,庒,0.7745450698563815
庝,庛,0.7718222820965746
