char1,char2,similarity
庡,庡,1.0
庡,庲,0.8037030975501721
庡,庉,0.793942301411593
庡,庁,0.7890273445588637
庡,庂,0.7798039839762082
庡,庋,0.778384355849182
庡,庤,0.7774290508256059
庡,庯,0.7728189705317287
庡,庴,0.7683563396239811
庡,庫,0.7683326020300604
