char1,char2,similarity
庥,庥,1.0
庥,府,0.7992241325395253
庥,庖,0.7633829859402934
庥,庶,0.7622904372793528
庥,庅,0.7550108337409461
庥,庍,0.7546074940208273
庥,庀,0.7542645383737298
庥,庮,0.7530113449025261
庥,庒,0.7487915062074734
庥,床,0.7480995379806477
