char1,char2,similarity
庠,庠,1.0
庠,库,0.8369998723321502
庠,序,0.8009423841237274
庠,府,0.759947945625433
庠,庨,0.7575156984644934
庠,痒,0.7568999518615301
庠,庰,0.7562682194830876
庠,産,0.7549581838199918
庠,庁,0.7521521828149592
庠,庐,0.7483190115444553
