char1,char2,similarity
废,废,1.0
废,床,0.7897944922422195
废,庶,0.7666627220267397
废,庀,0.7630645260020409
废,应,0.7619274182332365
废,唐,0.760329823946087
废,店,0.7595225402211402
废,庙,0.7535802298032535
废,庆,0.7508560339548452
废,庞,0.7443591606187798
