char1,char2,similarity
庯,庯,1.0
庯,庮,0.8091013488852917
庯,庘,0.7975185623171537
庯,庴,0.782571189290139
庯,扃,0.7815555485476584
庯,庉,0.7777668109450891
庯,庫,0.775716151654322
庯,肩,0.7731967066186725
庯,庡,0.7728189705317287
庯,庨,0.7696818024864378
