char1,char2,similarity
度,度,1.0
度,庰,0.7939777793365113
度,庋,0.7929638262996254
度,庻,0.785126008353805
度,庴,0.7788292268869752
度,庿,0.7784329513145811
度,庪,0.7741982096014545
度,廀,0.7709277650154899
度,庁,0.7671569220652067
度,庡,0.7621010411428737
