char1,char2,similarity
庬,庬,1.0
庬,庁,0.7640032827372744
庬,厅,0.751104862492108
庬,庈,0.7492086872143705
庬,庲,0.7475476260162166
庬,庯,0.747466828844742
庬,庻,0.7471697193838829
庬,庢,0.7470949202770486
庬,庘,0.7447741956315148
庬,庋,0.7436409409311024
