char1,char2,similarity
庩,庩,1.0
庩,庎,0.8046031507772959
庩,庒,0.7890067176332
庩,庘,0.7776847971899489
庩,庂,0.7729723899933968
庩,庲,0.7716929645258469
庩,庺,0.7702417924691711
庩,庤,0.7693300940204421
庩,庅,0.769295633083593
庩,庽,0.7666101012006921
