char1,char2,similarity
座,座,1.0
座,庖,0.7759712962208783
座,互,0.7666820830071683
座,庒,0.7534134304583056
座,庀,0.7528820942375646
座,床,0.7517830265506008
座,庞,0.7491032830617705
座,匸,0.7483888979064871
座,序,0.7458986165499366
座,庢,0.7451170344711063
