char1,char2,similarity
庮,庮,1.0
庮,庯,0.8091013488852917
庮,庌,0.7881484860097772
庮,庢,0.7845244962909659
庮,庘,0.7800832944889126
庮,庨,0.7793769547618464
庮,庒,0.7707334301245605
庮,庍,0.7702867336448623
庮,庎,0.7644764630743026
庮,庱,0.7632629232976451
