char1,char2,similarity
康,康,1.0
康,唐,0.7714516311704098
康,扆,0.7648698734570021
康,肁,0.7557507612577835
康,戻,0.7547665096042872
康,庚,0.745856746701724
康,庂,0.7416879632628016
康,廐,0.7389356856509188
康,患,0.738444387104441
康,庼,0.7379474722817541
