char1,char2,similarity
庳,庳,1.0
庳,庨,0.7538785704816011
庳,庘,0.7527112429962397
庳,库,0.7492158452240452
庳,庠,0.7462309299947218
庳,庾,0.7446333561609545
庳,庫,0.7428711122984243
庳,帍,0.7426054067201941
庳,屵,0.7391513991706913
庳,廈,0.7378665843462165
