char1,char2,similarity
庽,庽,1.0
庽,廋,0.7907061333326485
庽,廁,0.7673778866345459
庽,庩,0.7666101012006921
庽,庿,0.7606589199458952
庽,庤,0.760593113264022
庽,庘,0.7588301576643323
庽,庢,0.7563434353891422
庽,庛,0.7558355501780518
庽,廇,0.7557915597469
