char1,char2,similarity
廃,廃,1.0
廃,廋,0.7662132943896783
廃,庣,0.7619127665471103
廃,庛,0.7582511838478864
廃,庎,0.7580131187616875
廃,庽,0.74996274495596
廃,庿,0.746954718861482
廃,庰,0.7466324092121825
廃,庍,0.7463076194378073
廃,廀,0.7456251364222254
