char1,char2,similarity
庿,庿,1.0
庿,庢,0.7965433694419434
庿,庴,0.780683803836731
庿,度,0.7784329513145811
庿,席,0.7751258398308034
庿,庁,0.7709549019080357
庿,庻,0.766593313639598
庿,廗,0.7661709975942428
庿,廇,0.7636299358367482
庿,庡,0.7626986350241453
