char1,char2,similarity
庺,庺,1.0
庺,庻,0.7895236464741927
庺,庲,0.7793687278312921
庺,庩,0.7702417924691711
庺,庒,0.764651579414176
庺,席,0.760105075519707
庺,庂,0.7590951317719778
庺,庰,0.7580813937085685
庺,廕,0.7570842244441863
庺,庉,0.7560727452031148
