char1,char2,similarity
庾,庾,1.0
庾,庚,0.7854359087643309
庾,庉,0.7653598182567514
庾,席,0.7594636262047861
庾,廙,0.75802332907996
庾,庐,0.757309557822751
庾,廋,0.7570311311200476
庾,戻,0.7547797041740155
庾,庘,0.7529919294050127
庾,庋,0.7524197645499215
