char1,char2,similarity
廀,廀,1.0
廀,廋,0.8017821067903909
廀,庱,0.7817588783930224
廀,庋,0.7802645641853079
廀,庢,0.7780258838098162
廀,廇,0.7761810036695478
廀,度,0.7709277650154899
廀,廐,0.7690995674262464
廀,庻,0.7621796096050417
廀,庰,0.7611844684938345
