char1,char2,similarity
廅,廅,1.0
廅,廆,0.8030578998872101
廅,庱,0.7829513494799111
廅,庨,0.7765118222874874
廅,庹,0.7756849422607646
廅,廏,0.7651887487354021
廅,廄,0.7615970625418519
廅,庢,0.7609420114641124
廅,庻,0.7598078056203554
廅,庛,0.756800883026442
