char1,char2,similarity
廆,廆,1.0
廆,廅,0.8030578998872101
廆,戾,0.7886592897895094
廆,庹,0.7716141069624425
廆,庱,0.7617423558119529
廆,庫,0.7598747371138025
廆,庛,0.7529046523805389
廆,庲,0.751213477773475
廆,廗,0.751135444752521
廆,廐,0.7507725940192609
