char1,char2,similarity
廊,廊,1.0
廊,廍,0.7996055667089981
廊,廓,0.7642094397132576
廊,廚,0.7479306746899248
廊,庛,0.7453031227588267
廊,廄,0.7382389406767238
廊,廘,0.73432546009312
廊,庣,0.731955717177443
廊,廇,0.7283225060452584
廊,廝,0.7276369117359512
