char1,char2,similarity
廇,廇,1.0
廇,廀,0.7761810036695478
廇,廋,0.7694865814205553
廇,廂,0.766118547161985
廇,庿,0.7636299358367482
廇,麿,0.7582439579648836
廇,庮,0.7574908336961697
廇,庽,0.7557915597469
廇,廁,0.7530102515829841
廇,庢,0.7506230391329473
