char1,char2,similarity
廌,廌,1.0
廌,麃,0.7821058146386785
廌,塵,0.7817910019088471
廌,黁,0.7464924094462922
廌,麿,0.7462278851262998
廌,扈,0.7459390980458759
廌,廎,0.7404979983220962
廌,廙,0.7342497681555111
廌,赓,0.7317234688735346
廌,廜,0.7252781373243513
