char1,char2,similarity
廎,廎,1.0
廎,庼,0.8061949007285082
廎,廙,0.7593873045454176
廎,噟,0.7443619544858365
廎,廌,0.7404979983220962
廎,扈,0.7378825707760938
廎,廜,0.7375510537675707
廎,帍,0.7367673979329449
廎,庾,0.7367580201875472
廎,廑,0.735189330603222
