char1,char2,similarity
廑,廑,1.0
廑,噟,0.7868153931427211
廑,廔,0.7700975294103565
廑,庸,0.7646060839292225
廑,犘,0.756245521561159
廑,腐,0.7540994058370655
廑,廚,0.7499623713859755
廑,厪,0.7456505583614234
廑,麼,0.7438912439645435
廑,鹿,0.7437580389548885
