char1,char2,similarity
廖,廖,1.0
廖,麻,0.7294715835425462
廖,庰,0.7234895851933196
廖,罓,0.7161799268891313
廖,庠,0.7159648761750549
廖,戽,0.7145803998376418
廖,廄,0.7140985607719512
廖,序,0.7134538039481606
廖,廏,0.713348908815604
廖,庎,0.7120378242162271
