char1,char2,similarity
廐,廐,1.0
廐,廏,0.7704022300360754
廐,廀,0.7690995674262464
廐,廁,0.762417262113118
廐,廕,0.7589169816019415
廐,廘,0.7566935730638812
廐,庌,0.7521154613920464
廐,庢,0.7519548626610563
廐,庻,0.7518362855197697
廐,廆,0.7507725940192609
