char1,char2,similarity
廓,廓,1.0
廓,廍,0.786311407484037
廓,廊,0.7642094397132576
廓,廑,0.7385681825540826
廓,庳,0.7349821784696834
廓,庰,0.7325361243545118
廓,廘,0.7311352781868973
廓,庵,0.7304797061434591
廓,扉,0.7288338246060455
廓,廋,0.7247752906376833
