char1,char2,similarity
廟,廟,1.0
廟,廂,0.7498957601030507
廟,廫,0.749592328008083
廟,廱,0.729631597208757
廟,囘,0.727689617980436
廟,靡,0.7262050579146401
廟,廮,0.7253177298794788
廟,廞,0.7225283306910668
廟,犘,0.7217003214164008
廟,廠,0.7215306208370706
