char1,char2,similarity
廙,廙,1.0
廙,廛,0.7612016244954279
廙,廎,0.7593873045454176
廙,廢,0.758386622908735
廙,庾,0.75802332907996
廙,廈,0.7536589875414905
廙,廝,0.7498728620716032
廙,縻,0.7482343158698708
廙,塵,0.7438616984755814
廙,緳,0.7418097850985752
