char1,char2,similarity
廛,廛,1.0
廛,廙,0.7612016244954279
廛,鏖,0.755641997674672
廛,廈,0.7413540100990749
廛,廋,0.7336804637364415
廛,庫,0.732471286550894
廛,塺,0.7321993075217329
廛,庽,0.7307792351762629
廛,庱,0.7303922692297778
廛,鳸,0.7298209042587471
