char1,char2,similarity
廘,廘,1.0
廘,庼,0.7647559085404415
廘,廐,0.7566935730638812
廘,庛,0.7547260847108731
廘,廀,0.7536568492231918
廘,廏,0.7511988376773625
廘,廆,0.7506678616316114
廘,廃,0.7444085964714618
廘,廅,0.7443239299505535
廘,廚,0.7440727544587747
