char1,char2,similarity
廫,廫,1.0
廫,廟,0.749592328008083
廫,廨,0.745828190637841
廫,廯,0.7423349829409291
廫,廲,0.7317469002216996
廫,廠,0.7280409043880319
廫,廦,0.7259636660158859
廫,廞,0.7228867718594785
廫,廱,0.7218844708033292
廫,廬,0.7209895523507733
