char1,char2,similarity
廥,廥,1.0
廥,庴,0.7374042622957035
廥,廬,0.7280567052420435
廥,廅,0.7273338118441238
廥,庰,0.7264423188478043
廥,庺,0.7259266408687961
廥,廧,0.7238902605357163
廥,廀,0.720229084877914
廥,廯,0.7192535987717295
廥,廊,0.71892064888387
