char1,char2,similarity
廦,廦,1.0
廦,廯,0.769076194006414
廦,廰,0.7423126563341128
廦,廫,0.7259636660158859
廦,廞,0.7223005970291398
廦,廨,0.7181488086581267
廦,廲,0.7167084188836883
廦,廧,0.7154929173498272
廦,廍,0.7137833032495972
廦,廱,0.7135787729811299
