char1,char2,similarity
廧,廧,1.0
廧,噟,0.757917488983681
廧,廝,0.743096828125463
廧,廑,0.7337384402196679
廧,廣,0.7271799030042642
廧,廜,0.7257077769068498
廧,廥,0.7238902605357163
廧,廤,0.7217675527981053
廧,廎,0.720694196369132
廧,磨,0.7193431098607215
