char1,char2,similarity
廩,廩,1.0
廩,廪,0.7948636358197171
廩,麋,0.7650187525986036
廩,黀,0.7464829687923167
廩,膺,0.7417615517478727
廩,廙,0.7373541416819629
廩,禀,0.7322016894162736
廩,廣,0.7310960357773735
廩,鳸,0.7263623414954132
廩,廳,0.7249222088666426
