char1,char2,similarity
廲,廲,1.0
廲,廬,0.7447440889663713
廲,廫,0.7317469002216996
廲,廱,0.7253619906157244
廲,廯,0.7243753410291643
廲,亹,0.7178319247051652
廲,廰,0.7178278609084001
廲,廦,0.7167084188836883
廲,廮,0.7158534579262815
廲,廞,0.7128935449164604
