char1,char2,similarity
廴,廴,1.0
廴,辶,0.8236952729474832
廴,氵,0.815482570681322
廴,乚,0.8136226527571391
廴,冫,0.8104071467520778
廴,亻,0.8041196713822134
廴,讠,0.8012882371588496
廴,匸,0.7899972600786467
廴,匚,0.7893456088459645
廴,丶,0.784821777119885
