char1,char2,similarity
廰,廰,1.0
廰,廦,0.7423126563341128
廰,廘,0.7420190144108881
廰,廯,0.7344241170741875
廰,廨,0.7246312308615082
廰,廫,0.7203898173473035
廰,廱,0.7184712740497681
廰,廠,0.717991666913851
廰,廲,0.7178278609084001
廰,廧,0.7138491240999649
