char1,char2,similarity
廭,廭,1.0
廭,廈,0.711306670071083
廭,厢,0.7104232203617824
廭,廎,0.7098695206233417
廭,黀,0.708834437700674
廭,廞,0.7084268303267774
廭,廟,0.7073525694647199
廭,艪,0.707289523294926
廭,廮,0.7039623797148038
廭,廧,0.7025441443445603
