char1,char2,similarity
廬,廬,1.0
廬,廲,0.7447440889663713
廬,廪,0.7353828663810515
廬,廉,0.7302137959722278
廬,廥,0.7280567052420435
廬,廟,0.7213151498286516
廬,廤,0.7211907558699284
廬,廫,0.7209895523507733
廬,廠,0.7200767050929758
廬,庾,0.7181299582771561
