char1,char2,similarity
廻,廻,1.0
廻,廽,0.7987715499977868
廻,廵,0.7635739067800051
廻,廼,0.7534652361248901
廻,廹,0.7492443553296716
廻,延,0.738548297404385
廻,廸,0.730240577238507
廻,建,0.7249558395798231
廻,娓,0.7217070977819185
廻,殈,0.7176059264838376
