char1,char2,similarity
廷,廷,1.0
廷,延,0.7836910758822562
廷,廸,0.7655651633885792
廷,乏,0.7632153065726077
廷,廽,0.7624566811536285
廷,斤,0.7477555400861076
廷,廴,0.7475881160313306
廷,迁,0.7420678749288807
廷,廹,0.7397098447272342
廷,迂,0.7390174833260557
