char1,char2,similarity
廹,廹,1.0
廹,廸,0.8203988520881182
廹,廽,0.7767806726385905
廹,廵,0.7631487919368457
廹,延,0.7595165308919227
廹,廴,0.7498736038777417
廹,廻,0.7492443553296716
廹,与,0.7436196638855779
廹,建,0.7420935002736366
廹,廷,0.7397098447272342
