char1,char2,similarity
廸,廸,1.0
廸,廹,0.8203988520881182
廸,廽,0.7686217603948653
廸,廷,0.7655651633885792
廸,廵,0.7369981576120237
廸,延,0.7335011894175353
廸,乍,0.733068122051706
廸,迫,0.732901843616479
廸,廻,0.730240577238507
廸,沌,0.727857232219721
