char1,char2,similarity
廽,廽,1.0
廽,廼,0.8230330217929405
廽,廻,0.7987715499977868
廽,廹,0.7767806726385905
廽,廸,0.7686217603948653
廽,廷,0.7624566811536285
廽,延,0.7609340739332171
廽,廵,0.7482105306913325
廽,建,0.7386510244333129
廽,娅,0.7217988131932662
