char1,char2,similarity
延,延,1.0
延,廷,0.7836910758822562
延,建,0.7705295128844611
延,廽,0.7609340739332171
延,廹,0.7595165308919227
延,廼,0.7531746476885374
延,廵,0.7451869697078937
延,近,0.7412977888924287
延,廻,0.738548297404385
延,辽,0.7371825470742082
