char1,char2,similarity
弄,弄,1.0
弄,竎,0.8251958562143796
弄,异,0.8177167465362293
弄,耎,0.7702775662610537
弄,券,0.7591551344688031
弄,灷,0.7560362888757028
弄,舁,0.755694345728061
弄,半,0.7523948668747769
弄,吳,0.7523766247894408
弄,荓,0.751847276489526
