char1,char2,similarity
弈,弈,1.0
弈,奔,0.7800832564094243
弈,穽,0.768738806549275
弈,孪,0.7606839002097998
弈,变,0.7476798423866887
弈,宾,0.7467573178484226
弈,奕,0.7459164130358396
弈,弇,0.7424097058784952
弈,齐,0.740511080429392
弈,壳,0.7401099590712382
