char1,char2,similarity
弉,弉,1.0
弉,弅,0.7632284593493572
弉,昇,0.7562560806003747
弉,肨,0.7538603226029393
弉,硅,0.7504223308547555
弉,奘,0.749974649657598
弉,弇,0.7454436240287077
弉,奔,0.7401549672431397
弉,妦,0.7391411243782641
弉,胖,0.7380638664214385
