char1,char2,similarity
弁,弁,1.0
弁,井,0.7931754733856844
弁,共,0.7797943502240553
弁,九,0.7788852057008032
弁,寸,0.7780640853394518
弁,并,0.7742833452066343
弁,艹,0.7710098251710875
弁,丼,0.7683056715569478
弁,件,0.763472361900157
弁,介,0.7627676328129914
