char1,char2,similarity
弑,弑,1.0
弑,弒,0.7960508625130867
弑,鉽,0.7769615940934546
弑,軾,0.7311851372965011
弑,铽,0.7217113334018678
弑,鋱,0.7214561448346425
弑,轼,0.7208201630760254
弑,倵,0.7172743570478354
弑,烒,0.709599740876411
弑,仁,0.7059415483146776
