char1,char2,similarity
弊,弊,1.0
弊,昪,0.7293659626465764
弊,獘,0.728442335324158
弊,猝,0.7196726258963532
弊,脺,0.7108805604233795
弊,笲,0.7065964658031336
弊,馵,0.7048961373903649
弊,彜,0.7048620749743141
弊,悴,0.7047263297101511
弊,丳,0.7033451484791304
