char1,char2,similarity
弎,弎,1.0
弎,弌,0.8589423892626694
弎,弍,0.8274040752257178
弎,忒,0.7921430878869757
弎,亢,0.761091014365622
弎,乛,0.759858861804336
弎,成,0.754197372829429
弎,广,0.7370881613452684
弎,甙,0.7320841819020403
弎,丶,0.7311589209718068
