char1,char2,similarity
式,式,1.0
式,丈,0.7814649048604269
式,弍,0.7731027372926504
式,宀,0.7575516076882565
式,凣,0.7510599155388661
式,弌,0.7481961770931501
式,二,0.7479962898637426
式,人,0.7468239239535737
式,乛,0.7465362726504363
式,亢,0.743190476597179
