char1,char2,similarity
弓,弓,1.0
弓,亏,0.8183641276633268
弓,月,0.8159677113884769
弓,丏,0.8108749332263583
弓,另,0.8085533260087339
弓,目,0.8051454892366613
弓,用,0.7984276135414523
弓,百,0.7926730273235489
弓,平,0.7907692859936805
弓,丐,0.7906179318230121
