char1,char2,similarity
弋,弋,1.0
弋,丶,0.8061198544577016
弋,乀,0.7847068540528402
弋,丨,0.7815293855364817
弋,亠,0.7756493727891983
弋,艹,0.7725295841167096
弋,乛,0.7706297121896286
弋,亅,0.7697257868642176
弋,冖,0.7690419498504792
弋,十,0.7685879747952324
