char1,char2,similarity
引,引,1.0
引,丨,0.7944846719045666
引,丁,0.7905977590421845
引,丅,0.7869548955360209
引,了,0.7868997807519418
引,弓,0.7868485283964544
引,用,0.7845432046549831
引,于,0.7760434183668343
引,帀,0.7755221962399048
引,亅,0.7753799623110305
