char1,char2,similarity
弖,弖,1.0
弖,里,0.8313869441666861
弖,亘,0.8008796292431195
弖,呈,0.7965194310824032
弖,民,0.7957901369598278
弖,丒,0.7927440352953264
弖,玊,0.7831966062583715
弖,亐,0.7827202536360721
弖,豆,0.7812964547716117
弖,匚,0.7804699859679407
