char1,char2,similarity
弧,弧,1.0
弧,孤,0.8028665634693265
弧,狐,0.7897960164664019
弧,柧,0.7572091068706555
弧,坬,0.7443034200277799
弧,抓,0.7414715242489173
弧,沠,0.7338171129984234
弧,汎,0.7204963091198034
弧,弦,0.7177505534283156
弧,呃,0.7145380092482339
