char1,char2,similarity
弟,弟,1.0
弟,弚,0.8276627630138769
弟,韦,0.7912201573895201
弟,甪,0.7647861272479373
弟,弗,0.7598230104716888
弟,枀,0.7504519173030437
弟,自,0.7493427696014842
弟,芊,0.7369269732320084
弟,吿,0.7355630700842604
弟,申,0.7348849705388869
