char1,char2,similarity
弨,弨,1.0
弨,昭,0.7880645418952762
弨,玿,0.7822042374609086
弨,牊,0.7742739450204134
弨,弫,0.766581117398424
弨,弣,0.7658561996914255
弨,怊,0.7601417604627081
弨,绍,0.7596199185560707
弨,招,0.7559367981453894
弨,柖,0.7530874720370033
