char1,char2,similarity
弭,弭,1.0
弭,再,0.7655304614933867
弭,佴,0.7612764573966161
弭,爿,0.7536238475386123
弭,眲,0.7503596529996268
弭,張,0.7416766092707241
弭,彁,0.7401105955888178
弭,弔,0.7378385553554084
弭,卩,0.7375969568049849
弭,咡,0.7367954369075959
