char1,char2,similarity
弩,弩,1.0
弩,胃,0.7578649718838852
弩,彆,0.7577899352923038
弩,弯,0.7543315121400285
弩,萼,0.7518266561480899
弩,胬,0.7512332287916204
弩,拏,0.7481524384948763
弩,哥,0.7444435567923604
弩,眢,0.7401062967939861
弩,曹,0.7363895092796562
