char1,char2,similarity
弰,弰,1.0
弰,弲,0.8197545260304139
弰,悄,0.7656439837480816
弰,睄,0.7628686070929573
弰,弶,0.7626200032640923
弰,娋,0.7625390790548693
弰,弫,0.7606706832253939
弰,焇,0.7572106042151137
弰,張,0.7514461912850978
弰,梢,0.7482408696471712
