char1,char2,similarity
弱,弱,1.0
弱,届,0.7353307786108799
弱,罘,0.7278955418723361
弱,朋,0.7244879511816238
弱,居,0.719208006544334
弱,局,0.7186390021504733
弱,旵,0.7172447147000736
弱,司,0.7145110652024944
弱,屛,0.7098823158347882
弱,戸,0.7081581664914588
