char1,char2,similarity
張,張,1.0
張,脹,0.8176304194567766
張,彁,0.7753314683075914
張,弶,0.755048987779663
張,弰,0.7514461912850978
張,弭,0.7416766092707241
張,弲,0.7409920385736468
張,弫,0.7404471183360153
張,弨,0.7359384493664917
張,掁,0.7358282868156371
