char1,char2,similarity
弹,弹,1.0
弹,殚,0.7608970948418756
弹,惮,0.7576545513569987
弹,彈,0.7516439252917755
弹,掸,0.7479932193129397
弹,婵,0.7447734520510852
弹,椫,0.7414309730919112
弹,悌,0.7392886603515568
弹,弥,0.7282473489345797
弹,娣,0.7273150781790628
