char1,char2,similarity
弲,弲,1.0
弲,弰,0.8197545260304139
弲,焆,0.7909357923940301
弲,狷,0.7557370822900721
弲,弾,0.7522334589729623
弲,捐,0.7511394460843718
弲,裐,0.7505293110984812
弲,弤,0.745847451982365
弲,弫,0.7437255437893372
弲,張,0.7409920385736468
