char1,char2,similarity
強,強,1.0
強,弴,0.7556421784091555
強,强,0.7550552045598317
強,弶,0.753362707166207
強,弛,0.7404410923926873
強,弳,0.737871686093213
強,弾,0.7334246878530039
強,弝,0.7323414620316765
強,弢,0.7314860219928678
強,弫,0.7271814521341061
