char1,char2,similarity
弽,弽,1.0
弽,牒,0.7820183596460588
弽,煠,0.7669333247022752
弽,牃,0.7458583951504306
弽,碟,0.7391748904006606
弽,殜,0.7391535032953428
弽,惵,0.7383796613311256
弽,彇,0.7374516565233629
弽,張,0.7338015333528067
弽,彃,0.7330043762182706
