char1,char2,similarity
弾,弾,1.0
弾,弴,0.785558163097335
弾,弲,0.7522334589729623
弾,強,0.7334246878530039
弾,弶,0.731500149385337
弾,弹,0.7260202593334285
弾,彈,0.725625791138184
弾,悼,0.7254948736407948
弾,强,0.7242661986756418
弾,悍,0.7224366139798538
