char1,char2,similarity
彀,彀,1.0
彀,瞉,0.789192354575885
彀,穀,0.7749182105251805
彀,糓,0.7695238298283632
彀,觳,0.7569752275446955
彀,毂,0.7439952008140618
彀,縠,0.733716371001956
彀,殿,0.7328822749747248
彀,瑴,0.7181135008744824
彀,缎,0.7154269819908907
