char1,char2,similarity
彁,彁,1.0
彁,謌,0.7876504779056958
彁,張,0.7753314683075914
彁,彊,0.7746397217204477
彁,弳,0.7607475166337381
彁,彃,0.7514803424795646
彁,弫,0.7512014412902848
彁,彈,0.7441612990898959
彁,弝,0.7420582602096528
彁,弭,0.7401105955888178
