char1,char2,similarity
彂,彂,1.0
彂,騃,0.7071155988019342
彂,祓,0.7008703601664875
彂,胈,0.6950574369316265
彂,驭,0.6926788732458768
彂,竢,0.6907715485218956
彂,柭,0.6904894553395018
彂,钹,0.6858727294875016
彂,乛,0.6817960763472366
彂,袚,0.6814218915843471
