char1,char2,similarity
彉,彉,1.0
彉,曂,0.7592645715277673
彉,嫹,0.7575089207210195
彉,彈,0.7521515953650398
彉,彅,0.7427830434061663
彉,璜,0.7330950491877327
彉,彋,0.7307014260128113
彉,鐄,0.7261880031331154
彉,弦,0.7175045297812898
彉,弢,0.7111889741480031
