char1,char2,similarity
彍,彍,1.0
彍,櫎,0.7500419187970528
彍,擴,0.746743578387793
彍,爌,0.7466170611865647
彍,礦,0.7427001396496052
彍,曠,0.7303443141308986
彍,壙,0.727334138888818
彍,儣,0.7090249298838809
彍,矌,0.7054784172804822
彍,矖,0.7047566521368779
