char1,char2,similarity
彋,彋,1.0
彋,缳,0.7851553583920403
彋,彈,0.7804180828934371
彋,獧,0.7793551633867967
彋,彊,0.7656098623370375
彋,譞,0.7580017534817725
彋,嬛,0.750833013445535
彋,懁,0.746927688724841
彋,擐,0.7419177841810446
彋,儇,0.7399895381482352
