char1,char2,similarity
当,当,1.0
当,出,0.7928647361746566
当,半,0.7724076620225904
当,刍,0.7636292277790407
当,回,0.7570140098328711
当,庙,0.7569166508027433
当,岩,0.7557242972259064
当,亗,0.7521797554322884
当,启,0.7504288878073375
当,自,0.7503094895222208
