char1,char2,similarity
彔,彔,1.0
彔,录,0.7916800657029303
彔,莍,0.749773890575471
彔,亍,0.7445076455244154
彔,杂,0.7421958389199105
彔,艼,0.7403977250175794
彔,示,0.7402935248443443
彔,亰,0.7389569332290493
彔,亨,0.7379221776047308
彔,果,0.7363754331853537
