char1,char2,similarity
彗,彗,1.0
彗,亯,0.769680945112327
彗,普,0.7616895896604049
彗,畗,0.7586370446206248
彗,菑,0.7554814930733353
彗,善,0.7473012123081059
彗,畓,0.7454013030371772
彗,曽,0.7441952458406458
彗,曶,0.7438997840212626
彗,叀,0.7426771629761476
