char1,char2,similarity
彐,彐,1.0
彐,仨,0.8150196475589175
彐,冖,0.8138886357845816
彐,臼,0.8092813376125937
彐,王,0.8062923242394238
彐,刀,0.7993806671977263
彐,田,0.796851679409068
彐,正,0.7952272074336776
彐,庄,0.795086692223714
彐,三,0.7944477914684571
