char1,char2,similarity
录,录,1.0
录,彔,0.7916800657029303
录,乗,0.7717323665798093
录,沗,0.7640807797075714
录,莍,0.754156792430293
录,亍,0.7531814435264028
录,昆,0.7521885056036505
录,天,0.749234057542986
录,杲,0.7476941361657943
录,示,0.7475918381775426
