char1,char2,similarity
彛,彛,1.0
彛,彞,0.8843141782843732
彛,彜,0.8463723378005775
彛,彚,0.7461159527957224
彛,昪,0.733542391277517
彛,馵,0.7290474972790076
彛,異,0.7134443851375155
彛,昦,0.7095195514532499
彛,罦,0.70570091688543
彛,粪,0.7034652491744584
