char1,char2,similarity
彚,彚,1.0
彚,彙,0.7562036945654302
彚,彞,0.7537024643537821
彚,羮,0.7475973425395409
彚,彛,0.7461159527957224
彚,鼂,0.7276404823868361
彚,嶪,0.725040727712923
彚,奰,0.7248197319121995
彚,葈,0.7238818177897685
彚,覺,0.7230358434707626
