char1,char2,similarity
彝,彝,1.0
彝,惲,0.7031490191033319
彝,彞,0.6974044931383225
彝,墠,0.6888333330768418
彝,彛,0.6888194190342839
彝,晕,0.6875284499168701
彝,拳,0.6854367430500066
彝,孨,0.6818786400245564
彝,揮,0.6815080337006288
彝,渾,0.6808210258052111
