char1,char2,similarity
彜,彜,1.0
彜,彛,0.8463723378005775
彜,彞,0.7941540066796072
彜,馵,0.7337187285638955
彜,葬,0.7318453943861375
彜,昪,0.7224559831190532
彜,彙,0.7124609516611999
彜,井,0.7113546230163742
彜,鼻,0.7090389605436151
彜,龏,0.7051860953594961
