char1,char2,similarity
彩,彩,1.0
彩,彯,0.7269229712509118
彩,彤,0.7152964643563205
彩,峲,0.713580296877717
彩,髟,0.7110016923914909
彩,耏,0.7094339912424724
彩,彭,0.7090704246062269
彩,影,0.7071191720300298
彩,彫,0.7065635388716259
彩,形,0.7061243221393106
