char1,char2,similarity
彭,彭,1.0
彭,尌,0.7223725796755378
彭,羏,0.7173274529762341
彭,形,0.7157017283552255
彭,髟,0.7153821660723584
彭,釤,0.7132923380877508
彭,皷,0.7095645334909363
彭,彩,0.7090704246062269
彭,彤,0.7062988589760486
彭,彬,0.7015540654018414
