char1,char2,similarity
彪,彪,1.0
彪,甝,0.7152646779601424
彪,觑,0.7029641568561203
彪,虬,0.6966603053238035
彪,匠,0.6896733474531822
彪,脆,0.688442305397341
彪,彫,0.68623550303476
彪,虝,0.684703344067079
彪,內,0.6833039328325154
彪,灴,0.6830950927204654
