char1,char2,similarity
彦,彦,1.0
彦,彥,0.7885936582360401
彦,庁,0.7847691437465064
彦,庋,0.7566174569705785
彦,庸,0.748234147299292
彦,広,0.74401732302977
彦,庐,0.7412531707891149
彦,度,0.7337982823395913
彦,竒,0.7322343483434056
彦,厅,0.7287185823241418
