char1,char2,similarity
彬,彬,1.0
彬,椒,0.742584755689655
彬,惏,0.7423355199039593
彬,柛,0.7331388858167863
彬,杷,0.7330092992685724
彬,涁,0.7305251850652708
彬,桁,0.7271047508027306
彬,椹,0.7224883486527751
彬,栫,0.7218361202124252
彬,羏,0.7209804247207704
