char1,char2,similarity
彵,彵,1.0
彵,忚,0.8268530287567507
彵,他,0.7823716889795388
彵,怈,0.765831585317272
彵,征,0.7638729211888712
彵,徃,0.7597704842759182
彵,忳,0.7591048380282105
彵,徰,0.7543048980446272
彵,往,0.7539563958308076
彵,挹,0.7532122918960703
