char1,char2,similarity
彮,彮,1.0
彮,彰,0.7343352021437222
彮,彲,0.7174953995078812
彮,虨,0.7153831310072053
彮,彯,0.7146645197494248
彮,彬,0.7127175756983413
彮,耏,0.7030893246424108
彮,涁,0.7019652425277425
彮,棼,0.6937238044613855
彮,苇,0.6855584056381572
