char1,char2,similarity
彲,彲,1.0
彲,彯,0.7585384500876582
彲,彫,0.7469107776214261
彲,耏,0.7227902030256422
彲,彮,0.7174953995078812
彲,虨,0.7108570586153564
彲,酈,0.6976714415481204
彲,彨,0.6931522011211618
彲,彩,0.6890895621942139
彲,影,0.6846901882197329
