char1,char2,similarity
彷,彷,1.0
彷,仿,0.8324369306920609
彷,枋,0.7918317579376108
彷,坊,0.7866757935519396
彷,访,0.7834117227355681
彷,徂,0.7696725787541939
彷,纺,0.7651865272539847
彷,杭,0.7636294901783702
彷,抗,0.7617183403617612
彷,枿,0.7616633261754324
