char1,char2,similarity
彻,彻,1.0
彻,徇,0.7405976570678626
彻,韧,0.7394879053959248
彻,佪,0.732298892554401
彻,抑,0.730319507188634
彻,怬,0.7261682538487003
彻,栩,0.7240884780688926
彻,徒,0.7237920727281587
彻,怞,0.7226639367563663
彻,怮,0.7220369574266003
