char1,char2,similarity
彽,彽,1.0
彽,怟,0.8119002201155704
彽,阺,0.8093752698492277
彽,抵,0.8016559898947935
彽,袛,0.7866162279904123
彽,忯,0.7835408651350271
彽,柢,0.7696078321656147
彽,彺,0.764050350229845
彽,徍,0.7620268456099875
彽,祇,0.7611363900552809
