char1,char2,similarity
往,往,1.0
往,住,0.8428103327591284
往,忹,0.775527916915791
往,彺,0.7698636502316785
往,佇,0.7692141187404585
往,伅,0.768534249929242
往,注,0.7670568319113191
往,佳,0.7640681834093248
往,在,0.7626329334033976
往,仼,0.7612374604791209
