char1,char2,similarity
征,征,1.0
征,怔,0.855264860899649
征,彺,0.8327196378429934
征,抂,0.8051804517558805
征,证,0.7897361001132577
征,佂,0.7895472254627833
征,枉,0.7783898551775735
征,忓,0.7674943489553713
征,忹,0.7672309030296142
征,彵,0.7638729211888712
