char1,char2,similarity
彼,彼,1.0
彼,波,0.7721674060023591
彼,枝,0.7597205570635349
彼,忮,0.7570968966389718
彼,坡,0.7561231378868446
彼,技,0.7548977493135137
彼,怶,0.7469492221669941
彼,吱,0.745364018182851
彼,伖,0.7396341624338401
彼,烄,0.7345262410791177
