char1,char2,similarity
徊,徊,1.0
徊,佪,0.8523300160035437
徊,恛,0.8017153594522675
徊,徆,0.7799999903394523
徊,怬,0.771544402764141
徊,恫,0.7680410167752247
徊,愐,0.7645166266599623
徊,榈,0.7627425104768152
徊,侕,0.7603321439999675
徊,恓,0.7553901744660823
