char1,char2,similarity
待,待,1.0
待,侍,0.8425372962427913
待,持,0.8337494449813198
待,洔,0.7788178460521324
待,徒,0.769647564091008
待,恃,0.7600933146592774
待,桔,0.7597019532733149
待,桛,0.7576239400065938
待,伟,0.7572161389033764
待,徙,0.7568960840813377
