char1,char2,similarity
徆,徆,1.0
徆,恓,0.8572907756299099
徆,栖,0.7995156610244593
徆,牺,0.7847884895565199
徆,徊,0.7799999903394523
徆,怬,0.7662365106322301
徆,哂,0.7612175672733865
徆,拪,0.7575120154905598
徆,忷,0.7572358828921893
徆,徟,0.7567553515768252
