char1,char2,similarity
徉,徉,1.0
徉,佯,0.860108000488177
徉,洋,0.8041581254322278
徉,徘,0.7797572096510852
徉,详,0.7771981193829776
徉,仹,0.7715860805556137
徉,拃,0.7639885870172881
徉,彷,0.7616616632333061
徉,伡,0.7552780187473374
徉,柞,0.7540268961128802
