char1,char2,similarity
很,很,1.0
很,恨,0.775186150315772
很,徂,0.7552534618651268
很,役,0.7546784758896592
很,拫,0.7536177721901631
很,怇,0.7424718880091361
很,佷,0.7398423619576998
很,棂,0.7341610754736897
很,根,0.7318970604376127
很,板,0.7318355428819755
