char1,char2,similarity
徕,徕,1.0
徕,倈,0.7981141518485697
徕,俫,0.797512427477556
徕,诔,0.7803804338494343
徕,俕,0.7789335644930477
徕,徠,0.7693043176764551
徕,保,0.7579025939026658
徕,洡,0.7533299213159654
徕,徐,0.7518012560494606
徕,抺,0.7514006329012846
