char1,char2,similarity
徔,徔,1.0
徔,従,0.7696773062482165
徔,彺,0.7676482681976182
徔,從,0.7662093147786867
徔,徃,0.7649722263456826
徔,往,0.7553641109460856
徔,徣,0.7540043538576916
徔,彾,0.750932167475847
徔,仨,0.7489354862761115
徔,徍,0.7481030699627341
