char1,char2,similarity
徏,徏,1.0
徏,徍,0.8058948345695313
徏,埗,0.7958933386730948
徏,徃,0.7772471818300005
徏,捗,0.7699913051650237
徏,彾,0.7627995083404618
徏,徙,0.7530638830848779
徏,彸,0.7476302825945247
徏,徣,0.7451995297330176
徏,杪,0.7438186050658805
