char1,char2,similarity
徍,徍,1.0
徍,挂,0.8307819480949119
徍,桂,0.8217235827003919
徍,彺,0.8138086661540717
徍,徏,0.8058948345695313
徍,佳,0.8031587192732408
徍,徃,0.8023680547499136
徍,徙,0.7887416217156096
徍,栓,0.7802473689108756
徍,娃,0.7706478197547961
