char1,char2,similarity
得,得,1.0
得,淂,0.7869528128094493
得,胃,0.7835077689375836
得,徥,0.759688785852701
得,徂,0.7560169019447232
得,偈,0.7559285462972448
得,衍,0.7555686380580636
得,碍,0.7546659620106204
得,棏,0.7532199296377878
得,倀,0.7492023364817291
