char1,char2,similarity
徜,徜,1.0
徜,倘,0.8096699580757297
徜,惝,0.7819604692776744
徜,徇,0.7771446679462258
徜,徟,0.7529521224596093
徜,埫,0.7518698144813922
徜,淌,0.7427600132652233
徜,侕,0.7391717372556099
徜,徒,0.7386808895055239
徜,傐,0.7318812516597363
