char1,char2,similarity
徝,徝,1.0
徝,愃,0.8325149075512739
徝,植,0.8215092837145825
徝,值,0.7961804316379164
徝,揎,0.779830013355549
徝,徚,0.7776500778784411
徝,値,0.7753806201490523
徝,徛,0.7735129254926699
徝,恞,0.7563571971290087
徝,彺,0.7544813826652402
