char1,char2,similarity
從,從,1.0
從,徃,0.7917881843747989
從,従,0.7827573447794756
從,徔,0.7662093147786867
從,徙,0.76263289740962
從,彺,0.7581147874882532
從,徍,0.7520471688261109
從,彾,0.7483108225196399
從,徒,0.7466087853319706
從,彵,0.7459794012605909
