char1,char2,similarity
徣,徣,1.0
徣,惜,0.8065773485283322
徣,措,0.8031412982021223
徣,棤,0.7972257260497376
徣,唶,0.7704539802539608
徣,徍,0.7553892067286266
徣,愔,0.7553464749543118
徣,徔,0.7540043538576916
徣,焟,0.751114086122066
徣,宿,0.7505315327916067
