char1,char2,similarity
徢,徢,1.0
徢,倢,0.7822877705721677
徢,睫,0.7657835185580605
徢,徸,0.7645585129131395
徢,啑,0.7642073760673104
徢,徰,0.7572923973278219
徢,徨,0.7543778108792297
徢,偟,0.752398824995616
徢,徝,0.751967633379061
徢,復,0.749991203283439
