char1,char2,similarity
徨,徨,1.0
徨,惶,0.7781254862747884
徨,揘,0.7737464372576812
徨,偟,0.7734555847022794
徨,堭,0.7705126890017722
徨,倢,0.7692941032691347
徨,湟,0.7675566803422642
徨,隍,0.7635100977104371
徨,楻,0.7616399005747541
徨,煌,0.7604238735065201
