char1,char2,similarity
徥,徥,1.0
徥,惿,0.8444723266959451
徥,提,0.7826328774190418
徥,倀,0.7714444944806566
徥,偍,0.7714170636979446
徥,湜,0.7707611721489227
徥,従,0.763318669421275
徥,悵,0.7624561400867371
徥,得,0.759688785852701
徥,往,0.7505864352354159
