char1,char2,similarity
徧,徧,1.0
徧,徳,0.7771008150213872
徧,揙,0.7624768350718434
徧,惼,0.7545592640633856
徧,徚,0.7510272558659592
徧,徖,0.7423548237719617
徧,摝,0.7322466578828759
徧,悺,0.7296454936530719
徧,徥,0.7260623640622927
徧,犏,0.7236388394602435
