char1,char2,similarity
徤,徤,1.0
徤,楗,0.8300785174511826
徤,键,0.7955558795247737
徤,揵,0.7438723900216977
徤,慩,0.736437197260774
徤,犍,0.7348168325076989
徤,挺,0.7278704362330967
徤,健,0.726519993227857
徤,倢,0.722179432241945
徤,踺,0.7206521162410044
