char1,char2,similarity
徲,徲,1.0
徲,墀,0.7861637416200712
徲,徟,0.7709194100402902
徲,摨,0.7448952786062902
徲,搱,0.7377052370361198
徲,倨,0.7333562526536799
徲,徱,0.7330327682381365
徲,漽,0.7295521163679138
徲,彿,0.7279396587977244
徲,穉,0.7275490617445187
