char1,char2,similarity
徫,徫,1.0
徫,愇,0.8315777709631715
徫,媁,0.7795740486223242
徫,瑋,0.7712682332799554
徫,椲,0.7579234268315778
徫,徸,0.7524433130737869
徫,湋,0.7520810982928472
徫,徱,0.7485432108787691
徫,暐,0.7460099361609546
徫,徖,0.7440031452940751
