char1,char2,similarity
微,微,1.0
微,徵,0.8099133410383881
微,徼,0.7924398748654758
微,黴,0.7817509431630978
微,幑,0.752497228225289
微,傲,0.750700034230775
微,鰴,0.7474700315768306
微,滶,0.740782827068095
微,撴,0.7380996440421699
微,做,0.7340497118684493
