char1,char2,similarity
徭,徭,1.0
徭,傜,0.7838100518770333
徭,滛,0.7631800867245808
徭,愮,0.7582555046355891
徭,揺,0.7458302986428872
徭,暚,0.7296150595627064
徭,徙,0.728004871831516
徭,荏,0.7256829573335589
徭,摇,0.725614063455167
徭,猺,0.7250458679312954
