char1,char2,similarity
徯,徯,1.0
徯,慀,0.8056510713203249
徯,傒,0.78791011025314
徯,徰,0.7556576535323702
徯,嵠,0.7485477850026309
徯,嗘,0.7377969022152356
徯,葔,0.7281436881519274
徯,偁,0.7260503156963437
徯,徢,0.721744987017014
徯,従,0.721516307307998
