char1,char2,similarity
徶,徶,1.0
徶,徹,0.770169685465431
徶,徾,0.761373488219232
徶,徴,0.7535777827481971
徶,憿,0.7424010647902705
徶,撇,0.7371705055718337
徶,撤,0.7347049017273584
徶,慠,0.7268812835983204
徶,潎,0.7247196930025613
徶,擞,0.7246346133584564
