char1,char2,similarity
徸,徸,1.0
徸,撞,0.8038570064699012
徸,墥,0.7896661562696676
徸,箯,0.7790698648435861
徸,僮,0.7773318967979436
徸,幢,0.7719949769344838
徸,憶,0.7680388995162302
徸,槿,0.7657590857554183
徸,徢,0.7645585129131395
徸,憧,0.7583825445427648
