char1,char2,similarity
徽,徽,1.0
徽,徾,0.7768326721981528
徽,徵,0.7426079295116645
徽,徴,0.7375284452691208
徽,徼,0.7341784831148161
徽,慠,0.7327725412539314
徽,檄,0.7290294609210892
徽,徹,0.7273660687603386
徽,怓,0.7208512319299464
徽,徶,0.7200639878791233
