char1,char2,similarity
徼,徼,1.0
徼,徵,0.8592053747764796
徼,微,0.7924398748654758
徼,激,0.7661213012209794
徼,黴,0.7640752523855504
徼,缴,0.7605054344268317
徼,撽,0.7569078209685812
徼,幑,0.7502011853235176
徼,曒,0.7479370305301221
徼,傲,0.7392945949108924
