char1,char2,similarity
徴,徴,1.0
徴,徶,0.7535777827481971
徴,徵,0.7465392978884462
徴,幑,0.738011959313999
徴,徽,0.7375284452691208
徴,怓,0.7363701337383529
徴,徾,0.7337282812792587
徴,徹,0.7306408864928561
徴,微,0.7254284276022295
徴,褹,0.7222920602115623
