char1,char2,similarity
心,心,1.0
心,丶,0.7905328321182876
心,丨,0.7883728098759543
心,一,0.7865456135323083
心,亅,0.7849315689076432
心,必,0.7829437918238814
心,乚,0.7817287304727035
心,丿,0.7746811350173366
心,卜,0.7746341854736227
心,亻,0.7735531937599224
