char1,char2,similarity
忄,忄,1.0
忄,讠,0.8758163732698648
忄,饣,0.8747934697130346
忄,氵,0.852000420352408
忄,亻,0.8518917748875442
忄,牜,0.8508497971877567
忄,丶,0.8508098919213314
忄,冫,0.8497133496829976
忄,乛,0.8413016652956031
忄,宀,0.8363217492057059
