char1,char2,similarity
忀,忀,1.0
忀,攘,0.8061285325512134
忀,禳,0.7968447825143323
忀,爙,0.7751145495698772
忀,壤,0.7674533911944024
忀,獽,0.7674041699305745
忀,嚷,0.7526976425854462
忀,蠰,0.7523123174483322
忀,懹,0.7519714506433796
忀,瓖,0.7492857185891559
