char1,char2,similarity
徾,徾,1.0
徾,徽,0.7768326721981528
徾,徹,0.7733543145936581
徾,徶,0.761373488219232
徾,撤,0.7362015706688283
徾,徴,0.7337282812792587
徾,撖,0.7300427726082658
徾,檄,0.7241201978421484
徾,儌,0.7213236099599368
徾,憿,0.7186817029160824
