char1,char2,similarity
必,必,1.0
必,心,0.7829437918238814
必,一,0.736830512499856
必,丶,0.7368104826340288
必,卜,0.7363748486200354
必,乚,0.7325885830818324
必,亅,0.7309129221031497
必,丨,0.730604890426793
必,仑,0.7298734029675276
必,上,0.7298541069752229
