char1,char2,similarity
徿,徿,1.0
徿,儱,0.8075244088984049
徿,瀧,0.7910529178479733
徿,櫳,0.7902255721170302
徿,隴,0.7885310318474166
徿,曨,0.7793392219255967
徿,壠,0.7788843519032689
徿,嚨,0.7717154530194686
徿,瓏,0.7665789355949577
徿,爖,0.7640005170954318
