char1,char2,similarity
忁,忁,1.0
忁,徰,0.7166128701388883
忁,傊,0.7120194940069581
忁,徝,0.7070575575468347
忁,忀,0.7060300483464168
忁,僂,0.7045464286992208
忁,徳,0.7031859763513861
忁,従,0.7011458510952778
忁,彵,0.7004332570153979
忁,徸,0.6999266765546179
