char1,char2,similarity
忑,忑,1.0
忑,忐,0.8052322088571867
忑,忈,0.7908610071545432
忑,思,0.7828984444442005
忑,忢,0.7712783834597245
忑,忎,0.7675661287083744
忑,恧,0.760820277424922
忑,了,0.7595174467864734
忑,孞,0.7594225342464056
忑,丅,0.7590013914685234
