char1,char2,similarity
忉,忉,1.0
忉,切,0.8221797332640278
忉,忶,0.7945232438436652
忉,仞,0.7917184898607038
忉,初,0.7865361677284998
忉,杤,0.7861655696970422
忉,忊,0.7812179262962017
忉,朷,0.7776905077382772
忉,忆,0.777534923115432
忉,怃,0.7749166271967435
