char1,char2,similarity
忋,忋,1.0
忋,圯,0.8364572835136601
忋,杞,0.8135413289024565
忋,怳,0.8124959585726041
忋,忸,0.8089316018456998
忋,伍,0.8086280434710363
忋,忹,0.8058871968509682
忋,忚,0.804098331095368
忋,忯,0.8026740562857779
忋,忔,0.8005163742123407
