char1,char2,similarity
忙,忙,1.0
忙,忖,0.8297506579051079
忙,怙,0.8148586515591553
忙,忟,0.8034427566814157
忙,怅,0.7993472979398606
忙,忸,0.7935884538634101
忙,忊,0.7925602284327089
忙,忦,0.7924934450679434
忙,忭,0.791613731471863
忙,怰,0.7906620558458028
