char1,char2,similarity
志,志,1.0
志,忠,0.8515645430272087
志,忐,0.8445972745114105
志,忘,0.8043324217287322
志,怸,0.7872615731016679
志,丰,0.7842368647045727
志,市,0.7805452516852455
志,支,0.7740432677993244
志,忞,0.7711377388652342
志,态,0.7700998618772945
