char1,char2,similarity
忛,忛,1.0
忛,怚,0.8046053901724999
忛,忼,0.7894540102381807
忛,恆,0.7891268448263143
忛,汎,0.7870132680608082
忛,忾,0.7858310789245047
忛,怋,0.7846050760175228
忛,怩,0.7841353356881043
忛,忨,0.7792502616332114
忛,讥,0.7761882305551338
