char1,char2,similarity
忕,忕,1.0
忕,忲,0.870763846695426
忕,忺,0.8148343591876398
忕,怢,0.8065132959002185
忕,忨,0.7989580261776633
忕,忼,0.7934155515120742
忕,枤,0.7914119565583878
忕,快,0.7889374559099501
忕,伏,0.7853479959403401
忕,帎,0.7824666570182857
