char1,char2,similarity
忔,忔,1.0
忔,杚,0.8201683494910119
忔,怉,0.819538839734717
忔,仡,0.8066048985001558
忔,扢,0.8050155147460449
忔,怐,0.8017468520350367
忔,怆,0.8011389127656167
忔,忋,0.8005163742123407
忔,忮,0.796731862951344
忔,忤,0.7914488685720436
