char1,char2,similarity
忘,忘,1.0
忘,志,0.8043324217287322
忘,忐,0.7841592998191689
忘,方,0.7738434881743363
忘,思,0.7731202747842856
忘,忠,0.7726248850319093
忘,乛,0.7698893476348373
忘,总,0.7681578497007505
忘,右,0.7615161965242038
忘,态,0.7602143682105719
