char1,char2,similarity
忣,忣,1.0
忣,扱,0.8363662009352952
忣,彶,0.8333725543705368
忣,岋,0.8133384384824449
忣,极,0.7852234556429596
忣,衱,0.7782924539048327
忣,怇,0.7777158312276935
忣,怩,0.7688444778811844
忣,板,0.7687837591719242
忣,怚,0.7663199962536026
