char1,char2,similarity
忢,忢,1.0
忢,恧,0.7888493332761465
忢,恶,0.7747337531079802
忢,忌,0.77431106637074
忢,忑,0.7712783834597245
忢,吾,0.7680593496115139
忢,总,0.7660013259912246
忢,忐,0.7636041052305456
忢,思,0.7633210968819955
忢,号,0.7615018269789534
