char1,char2,similarity
忤,忤,1.0
忤,忊,0.8567919523323555
忤,忏,0.8051786896622072
忤,忬,0.7997741204378751
忤,吘,0.7928032814716718
忤,許,0.7927328345008251
忤,玝,0.7922964926430802
忤,忔,0.7914488685720436
忤,仃,0.7876367858408644
忤,忧,0.7863861233531828
