char1,char2,similarity
忥,忥,1.0
忥,気,0.7955771265426496
忥,氖,0.7838702273957847
忥,氚,0.7547775474968473
忥,氩,0.7529605056982985
忥,氙,0.7299211247285058
忥,享,0.724757557667865
忥,衰,0.7242058942826928
忥,氛,0.7241733859098058
忥,氡,0.7229598099087923
