char1,char2,similarity
忡,忡,1.0
忡,仲,0.8319522491269071
忡,性,0.820521632039794
忡,柛,0.8104031505202959
忡,怞,0.8013585794269608
忡,钟,0.7989843410827591
忡,怙,0.7958758220307114
忡,讪,0.7912398124845188
忡,柈,0.7854757492313781
忡,悙,0.784877124603045
