char1,char2,similarity
忟,忟,1.0
忟,玟,0.8144378889082268
忟,坟,0.8124417236123674
忟,坆,0.8097952820293471
忟,抆,0.805367543911869
忟,忙,0.8034427566814157
忟,呅,0.8008464007361912
忟,怙,0.7940155838142022
忟,恔,0.7918965999262514
忟,忺,0.7900920628598828
