char1,char2,similarity
忝,忝,1.0
忝,岙,0.7878607661870399
忝,吞,0.7716408117477808
忝,不,0.7636790235484251
忝,卞,0.7312559338300414
忝,弔,0.7221863444548801
忝,贡,0.7217464899482773
忝,亽,0.7214747419874913
忝,司,0.7196717565777729
忝,叐,0.7175321034141542
