char1,char2,similarity
忠,忠,1.0
忠,志,0.8515645430272087
忠,忐,0.7999340933089679
忠,怷,0.7902312484806927
忠,忘,0.7726248850319093
忠,怸,0.7714017516669073
忠,忍,0.7698763108442371
忠,圭,0.7591902338633841
忠,盅,0.7588518233804388
忠,怂,0.7578959880944546
