char1,char2,similarity
忦,忦,1.0
忦,忻,0.8197267070245625
忦,圿,0.8052338571708227
忦,怆,0.8015024356812399
忦,忖,0.8006897653742708
忦,扴,0.7994686943002446
忦,忙,0.7924934450679434
忦,忼,0.7910883464004442
忦,恰,0.7908313646177226
忦,恲,0.7892429436708425
