char1,char2,similarity
忮,忮,1.0
忮,技,0.8368039093264343
忮,枝,0.8334825054805863
忮,恔,0.820601559400077
忮,吱,0.8017437768633248
忮,忔,0.796731862951344
忮,怯,0.7943441113235286
忮,伎,0.7858435953309906
忮,恄,0.7835867139507866
忮,忳,0.7824504848883705
