char1,char2,similarity
忭,忭,1.0
忭,抃,0.8275044248927194
忭,怍,0.8021209712741045
忭,玣,0.7984325230297874
忭,忙,0.791613731471863
忭,什,0.7915937937827285
忭,忴,0.7878310285254447
忭,忬,0.787669530675304
忭,怙,0.7848102686109932
忭,仹,0.7847624661433532
