char1,char2,similarity
快,快,1.0
快,块,0.8444491625695247
快,伕,0.815364493145271
快,悏,0.7937494105499887
快,忕,0.7889374559099501
快,俠,0.7873501087102845
快,抉,0.7872236709778643
快,忺,0.7864421286549678
快,恲,0.7854585983162601
快,怏,0.785191640111889
