char1,char2,similarity
忧,忧,1.0
忧,扰,0.8204391150736695
忧,优,0.8198196408274397
忧,怃,0.8083047281281307
忧,忱,0.8016940248701351
忧,忊,0.7983999506829231
忧,怳,0.7865785551882131
忧,忤,0.7863861233531828
忧,沋,0.7818885935035853
忧,忔,0.7802404769502027
