char1,char2,similarity
忨,忨,1.0
忨,岏,0.8554742882950561
忨,忼,0.823238679234245
忨,坈,0.8112016738082574
忨,怳,0.8083069255652255
忨,忕,0.7989580261776633
忨,悅,0.7976294524006602
忨,坃,0.7970166762361253
忨,怛,0.7908581710298361
忨,忋,0.7906600780568664
