char1,char2,similarity
忹,忹,1.0
忹,怌,0.8607225178836783
忹,抂,0.8466414614937384
忹,仼,0.8381648816923303
忹,怔,0.8370395460531761
忹,任,0.8286323269186057
忹,彺,0.8254160601751991
忹,忸,0.8238123467648661
忹,忓,0.8194935134782548
忹,仠,0.8141931579276672
