char1,char2,similarity
忳,忳,1.0
忳,忚,0.8261892398982091
忳,炖,0.8182339815650769
忳,扽,0.8142707699680078
忳,怑,0.8079978874754472
忳,怉,0.8046901083613729
忳,坉,0.8015825519121529
忳,怩,0.7914635346067653
忳,恄,0.7904107705389205
忳,忹,0.7883611675097633
