char1,char2,similarity
忴,忴,1.0
忴,仱,0.8330859064312993
忴,扲,0.8109919750847742
忴,怆,0.7996427442373946
忴,恰,0.7945785585639036
忴,忊,0.7885411719462291
忴,忭,0.7878310285254447
忴,怜,0.7804227484519094
忴,忬,0.7754175730104018
忴,汵,0.7751713402097332
