char1,char2,similarity
忸,忸,1.0
忸,扭,0.8322687710073238
忸,忹,0.8238123467648661
忸,忋,0.8089316018456998
忸,忙,0.7935884538634101
忸,怌,0.7896350061441724
忸,恒,0.7892798750377776
忸,怚,0.7857819379214136
忸,桓,0.7839484416295968
忸,怾,0.7816122021295377
