char1,char2,similarity
忲,忲,1.0
忲,忕,0.870763846695426
忲,伙,0.8045296033028784
忲,忱,0.7915490625636565
忲,忺,0.7903713423396521
忲,伏,0.7870699945903648
忲,忙,0.7819560153769639
忲,忟,0.7782104428394488
忲,恬,0.7776849301013563
忲,从,0.775907550055498
