char1,char2,similarity
念,念,1.0
念,尒,0.7893931688771969
念,含,0.767573525223843
念,伞,0.7518011746605642
念,忠,0.7450823964949045
念,息,0.7448998446512318
念,志,0.7446479885050384
念,恴,0.7410503745685688
念,怘,0.740471415880533
念,命,0.7400865882934492
