char1,char2,similarity
忿,忿,1.0
忿,怎,0.7613144946023068
忿,怘,0.7523043019903269
忿,恖,0.7487393883981789
忿,急,0.7485013686995355
忿,恏,0.7425961744645316
忿,忽,0.7406090440134606
忿,悥,0.7402991849472532
忿,忩,0.7394021574939205
忿,怨,0.738259989112726
