char1,char2,similarity
忻,忻,1.0
忻,忦,0.8197267070245625
忻,柝,0.8154851189238521
忻,忖,0.8094179365348373
忻,炘,0.8074949765029654
忻,恃,0.8062317825930958
忻,折,0.80183711246482
忻,岓,0.7983675592763859
忻,拆,0.7953097340370541
忻,妡,0.7856494775898601
