char1,char2,similarity
怃,怃,1.0
怃,忧,0.8083047281281307
怃,忶,0.786054170934858
怃,忏,0.7841989475858697
怃,忉,0.7749166271967435
怃,怳,0.767248866844505
怃,忱,0.7657760495824573
怃,仸,0.7611883681893883
怃,杤,0.7598859149580132
怃,忬,0.7597849060909652
