char1,char2,similarity
怂,怂,1.0
怂,孞,0.7620268540107438
怂,总,0.7586794784604175
怂,忠,0.7578959880944546
怂,悐,0.7517892513464352
怂,忢,0.7492858637920372
怂,忈,0.7491345084235131
怂,怸,0.748498457382203
怂,恶,0.7481212031806227
怂,忎,0.7473541805391773
