char1,char2,similarity
忼,忼,1.0
忼,忨,0.823238679234245
忼,恍,0.7941127269457346
忼,忕,0.7934155515120742
忼,抗,0.792687550774034
忼,忦,0.7910883464004442
忼,忛,0.7894540102381807
忼,恲,0.7872669750831907
忼,坑,0.7859445600380327
忼,忋,0.7833604540974431
