char1,char2,similarity
忾,忾,1.0
忾,饩,0.8285841004388607
忾,忛,0.7858310789245047
忾,忓,0.7778944618948652
忾,恑,0.7737359620077491
忾,忼,0.7705326982993163
忾,悢,0.7691441087537332
忾,悏,0.7690781878097809
忾,肖,0.7671591327960542
忾,愧,0.7671232277214527
