char1,char2,similarity
忽,忽,1.0
忽,怱,0.7876380032492352
忽,息,0.7865666184406042
忽,怘,0.7777216533612226
忽,总,0.7762987777639759
忽,怎,0.7732162780461784
忽,恵,0.7649321616764381
忽,恖,0.7649302021655581
忽,急,0.7636745640769598
忽,惁,0.761437185124385
