char1,char2,similarity
怉,怉,1.0
怉,抱,0.8365341668771357
怉,忔,0.819538839734717
怉,垉,0.8116749044177056
怉,恂,0.806519078564134
怉,忳,0.8046901083613729
怉,孢,0.8036508269660164
怉,忚,0.800496673632815
怉,柂,0.7996048771485076
怉,栬,0.7953445947555843
