char1,char2,similarity
怌,怌,1.0
怌,忹,0.8607225178836783
怌,怀,0.8225553320493477
怌,怔,0.8008766414031082
怌,忸,0.7896350061441724
怌,抂,0.787982295460074
怌,忊,0.7860726432308178
怌,仼,0.7827827120258488
怌,忶,0.7817395265576521
怌,忬,0.77906072673211
