char1,char2,similarity
怄,怄,1.0
怄,伛,0.8047275921632562
怄,恇,0.8037707634331315
怄,伹,0.8011768271992072
怄,怲,0.7813443466890203
怄,讴,0.7769629270163958
怄,悝,0.7686762048075488
怄,愃,0.7665864120473764
怄,惺,0.7660166715616138
怄,愔,0.7656373643265768
