char1,char2,similarity
怆,怆,1.0
怆,抢,0.8320224434791291
怆,枪,0.8123346936650053
怆,忦,0.8015024356812399
怆,怜,0.8013437877532382
怆,恰,0.8011751553237246
怆,忔,0.8011389127656167
怆,忴,0.7996427442373946
怆,论,0.7908836758075568
怆,抡,0.7901174892106413
