char1,char2,similarity
怊,怊,1.0
怊,诏,0.8225929508754037
怊,招,0.7923504895089748
怊,玿,0.7767527687815845
怊,怡,0.776600862204564
怊,佦,0.7722058497225567
怊,炤,0.7710705856024956
怊,忋,0.7709957007353059
怊,柖,0.7670952140345225
怊,绍,0.7664899581283625
