char1,char2,similarity
怓,怓,1.0
怓,愡,0.7575788664718808
怓,棷,0.7511186440210913
怓,惐,0.7505333557137679
怓,椒,0.7484008027774521
怓,慠,0.7479816996254276
怓,呶,0.7478454358776909
怓,惞,0.7457790485622683
怓,懆,0.7456243959190108
怓,慩,0.7454492439902379
