char1,char2,similarity
怐,怐,1.0
怐,恂,0.8356749359849279
怐,枸,0.8282999142689882
怐,忔,0.8017468520350367
怐,袧,0.8013622915337971
怐,栒,0.7953829574368839
怐,抅,0.7921358835309223
怐,怆,0.7891529367858956
怐,眗,0.7836449283689384
怐,枃,0.7819526541942189
