char1,char2,similarity
怒,怒,1.0
怒,怨,0.7797122127006686
怒,恕,0.7742032988821501
怒,恏,0.7641342040580043
怒,恶,0.751036026797103
怒,惁,0.744709516024252
怒,惄,0.7445616211461981
怒,恝,0.7417976081874322
怒,怎,0.7404193802202822
怒,态,0.7369605317842395
