char1,char2,similarity
怏,怏,1.0
怏,悏,0.8314247810286616
怏,佒,0.813953281063556
怏,挟,0.8051120903723588
怏,咉,0.7975138789202999
怏,悗,0.7970261813899675
怏,岟,0.796530262058854
怏,抰,0.7914646883994413
怏,快,0.785191640111889
怏,坱,0.7831073340609787
