char1,char2,similarity
怘,怘,1.0
怘,恵,0.8134552417506689
怘,恴,0.8025208301631332
怘,息,0.7949572037243184
怘,惉,0.7892701878905327
怘,京,0.7874248279604414
怘,忽,0.7777216533612226
怘,怎,0.7733562648181695
怘,怤,0.7655726455610999
怘,怷,0.7647346878524649
