char1,char2,similarity
怡,怡,1.0
怡,恄,0.824593600820455
怡,恬,0.8229018372617514
怡,饴,0.8154482671694031
怡,恰,0.80563306252947
怡,抬,0.8040233006199989
怡,诒,0.8020255930861098
怡,坮,0.8010837959040066
怡,怙,0.7988202130936936
怡,孡,0.7961413719160175
