char1,char2,similarity
思,思,1.0
思,忌,0.8014823217225283
思,忍,0.792160135991516
思,忑,0.7828984444442005
思,忘,0.7731202747842856
思,忎,0.7700812234941489
思,孞,0.7700288756357582
思,恧,0.7665591346187073
思,忢,0.7633210968819955
思,甩,0.758803569343462
