char1,char2,similarity
怟,怟,1.0
怟,忯,0.8183633272866736
怟,彽,0.8119002201155704
怟,怋,0.8040086658448931
怟,诋,0.7987227922848925
怟,坻,0.7955931313278652
怟,抵,0.7925856852161951
怟,坁,0.7888323191559007
怟,恹,0.7861354470423909
怟,怳,0.7765731503180644
