char1,char2,similarity
怣,怣,1.0
怣,怘,0.7558381409979027
怣,怨,0.7494459272008682
怣,怎,0.7400927329901617
怣,恏,0.7382892966040688
怣,串,0.7369257961382489
怣,怤,0.7349090643398495
怣,恙,0.7343195770420301
怣,忽,0.7336796312372968
怣,悉,0.733363450696715
