char1,char2,similarity
急,急,1.0
急,息,0.7849950928672756
急,恴,0.7745049181118384
急,荵,0.7681616213713284
急,葸,0.7653068002396319
急,忽,0.7636745640769598
急,崽,0.762793122944573
急,肩,0.7622678622428639
急,恵,0.7611352334770722
急,恖,0.7584918263255048
