char1,char2,similarity
怢,怢,1.0
怢,佚,0.814604521146847
怢,铁,0.80722707532883
怢,忕,0.8065132959002185
怢,柣,0.8024047961082448
怢,垁,0.797055458008842
怢,呹,0.7954288802825789
怢,忺,0.7910065990229939
怢,祑,0.7908974545411486
怢,悏,0.7905371829910345
