char1,char2,similarity
怩,怩,1.0
怩,柅,0.8178437083600999
怩,怇,0.8004156639288998
怩,怾,0.7963195139604115
怩,忳,0.7914635346067653
怩,忛,0.7841353356881043
怩,抳,0.7808946512185334
怩,恒,0.7803844505702505
怩,枙,0.7781690274199787
怩,忚,0.7772643039373138
