char1,char2,similarity
怨,怨,1.0
怨,怒,0.7797122127006686
怨,怣,0.7494459272008682
怨,恕,0.7422898056451476
怨,忽,0.7418899430363042
怨,恖,0.7399548082659277
怨,忿,0.738259989112726
怨,怱,0.7351777831002263
怨,惄,0.7336778715910102
怨,恏,0.7314159296384518
