char1,char2,similarity
怭,怭,1.0
怭,佖,0.7720842863070296
怭,恾,0.7523773725739309
怭,忷,0.7482509139476332
怭,忨,0.7481576319281747
怭,恅,0.7475941097702316
怭,忋,0.7445043531394884
怭,忕,0.744473820035447
怭,恲,0.7442271720263134
怭,忔,0.7434376156437226
