char1,char2,similarity
怲,怲,1.0
怲,悀,0.8218120197254324
怲,炳,0.8115551769534354
怲,柄,0.808241790343418
怲,惘,0.8013905513079949
怲,惆,0.8003891376912189
怲,恦,0.7984814794159151
怲,恓,0.7984434414853583
怲,恫,0.794127644608285
怲,悁,0.7922624162943214
