char1,char2,similarity
怮,怮,1.0
怮,拗,0.8194160618205917
怮,恸,0.8141024564810376
怮,坳,0.7728961082122733
怮,泑,0.7710908768351321
怮,恛,0.7656928392332101
怮,恦,0.7624974272800062
怮,眑,0.7535393889160933
怮,恟,0.7533895455463703
怮,惘,0.745404679981214
