char1,char2,similarity
怳,怳,1.0
怳,恍,0.8365482963633429
怳,忋,0.8124959585726041
怳,柷,0.8103632718858864
怳,坃,0.8103345850886293
怳,忨,0.8083069255652255
怳,炾,0.8043740095350828
怳,拀,0.7966305737429481
怳,怾,0.7948370817365757
怳,忯,0.7947435731711496
