char1,char2,similarity
怱,怱,1.0
怱,忽,0.7876380032492352
怱,恖,0.7818607370908819
怱,恵,0.7732280450468736
怱,悤,0.7722569107563702
怱,恴,0.7699253199487074
怱,患,0.7690829781119196
怱,怹,0.7548796837288437
怱,息,0.7539953172292302
怱,惣,0.7455920762988508
