char1,char2,similarity
怵,怵,1.0
怵,怽,0.7968722137220474
怵,林,0.7927453836375625
怵,怺,0.7828953818960033
怵,怦,0.7822173148584045
怵,梂,0.7799513102098591
怵,悼,0.7773396816949542
怵,忡,0.7765585418756448
怵,忓,0.7758511799240189
怵,性,0.7744945186962446
