char1,char2,similarity
怺,怺,1.0
怺,忓,0.7961616808189568
怺,怽,0.7865754255450882
怺,怵,0.7828953818960033
怺,忼,0.7666091168481143
怺,忡,0.7648453725477785
怺,悎,0.7587271747333467
怺,怞,0.7576879186685074
怺,忚,0.7572590016201319
怺,性,0.7571289876999674
