char1,char2,similarity
怶,怶,1.0
怶,坡,0.8182449030703497
怶,佊,0.8180898402513854
怶,披,0.800854928485205
怶,玻,0.7848853964470611
怶,被,0.7840140522605219
怶,悢,0.7742819842237353
怶,陂,0.7729103196090568
怶,悏,0.7725068808668356
怶,悎,0.7723839115100503
