char1,char2,similarity
怸,怸,1.0
怸,怷,0.8486340437108413
怸,志,0.7872615731016679
怸,态,0.7870996191708409
怸,忠,0.7714017516669073
怸,忐,0.7553124397634152
怸,怤,0.7517162310492983
怸,杢,0.7493627113562877
怸,怂,0.748498457382203
怸,忘,0.7484929394320271
