char1,char2,similarity
怷,怷,1.0
怷,怸,0.8486340437108413
怷,态,0.7943408700657523
怷,忠,0.7902312484806927
怷,怤,0.7810969449354666
怷,志,0.7697264901632215
怷,怘,0.7647346878524649
怷,忘,0.7544255762012307
怷,来,0.7496273595916314
怷,恣,0.7492672446878925
