char1,char2,similarity
怽,怽,1.0
怽,抺,0.8229969017181913
怽,侎,0.8067536181564198
怽,怑,0.8047070653224198
怽,怵,0.7968722137220474
怽,侏,0.7931685617044205
怽,伸,0.790186546907882
怽,昧,0.7891991815650354
怽,忳,0.7867568970393773
怽,怺,0.7865754255450882
