char1,char2,similarity
怿,怿,1.0
怿,怪,0.7880228833585374
怿,怦,0.7859792657583031
怿,悍,0.7855008728186096
怿,绎,0.7678079369243778
怿,佭,0.7669417847143712
怿,伃,0.7657931888721088
怿,忬,0.7657697315518626
怿,怽,0.7604599127897952
怿,栙,0.7589213602424031
