char1,char2,similarity
恀,恀,1.0
恀,栘,0.8130374120568921
恀,拸,0.8087358274592023
恀,袳,0.7968438073149788
恀,恪,0.7765029506833497
恀,惨,0.773715023873811
恀,忾,0.7608613391227402
恀,惂,0.7606841606183852
恀,性,0.7602752852357099
恀,垑,0.7575857427347548
