char1,char2,similarity
恅,恅,1.0
恅,栳,0.7965244363178887
恅,怽,0.7804249020965864
恅,姥,0.7716766621380065
恅,忳,0.7664352074103242
恅,恮,0.7644252787144926
恅,恦,0.7608329579945682
恅,恼,0.7598528271828326
恅,恺,0.7597420358147715
恅,峔,0.7593597781512753
