char1,char2,similarity
恈,恈,1.0
恈,悍,0.7920586214203567
恈,恽,0.7904368275897902
恈,悼,0.7790700957075366
恈,忓,0.770067872100393
恈,惮,0.7695140283003281
恈,惇,0.7654849528692871
恈,侔,0.7633230596732573
恈,恾,0.763240571345569
恈,怽,0.7631246809867995
