char1,char2,similarity
恉,恉,1.0
恉,恒,0.790517895327379
恉,怙,0.7904373285299697
恉,悺,0.7836545973485499
恉,栺,0.7795895488332711
恉,悄,0.777288957871202
恉,恬,0.7734028536011435
恉,怚,0.7723350599936475
恉,怇,0.7721621306996704
恉,怾,0.767240910603686
