char1,char2,similarity
恁,恁,1.0
恁,伄,0.7500957931082908
恁,厃,0.7379773237101132
恁,佸,0.7277717040466344
恁,惩,0.727657917544461
恁,恷,0.7253338367903912
恁,痣,0.7221236851729984
恁,龟,0.7190532460269503
恁,甸,0.7184914600899396
恁,惉,0.7183859805283643
