char1,char2,similarity
恋,恋,1.0
恋,忞,0.7739882779318398
恋,怘,0.76102047824912
恋,悲,0.7544914428297819
恋,栾,0.7519099447680652
恋,志,0.7427912556201842
恋,恣,0.7424374229484071
恋,忠,0.7391889522925715
恋,峦,0.7375205543758628
恋,恐,0.736308822565019
