char1,char2,similarity
恎,恎,1.0
恎,怪,0.8271987876912639
恎,侄,0.8198056908728383
恎,恮,0.8173205184249158
恎,恆,0.8018711403459288
恎,怛,0.7978376482252683
恎,挃,0.7947125097642279
恎,悂,0.7910705294389073
恎,忹,0.7860181050924984
恎,柽,0.7817762197600281
