char1,char2,similarity
恐,恐,1.0
恐,忢,0.7577850015994227
恐,恶,0.7510190723352977
恐,怸,0.7431541372919014
恐,怷,0.7430990713532388
恐,怤,0.7416709865205844
恐,恋,0.736308822565019
恐,恣,0.7355446347958711
恐,思,0.7346550617126233
恐,忩,0.7342210021995257
