char1,char2,similarity
恊,恊,1.0
恊,栛,0.7767763909672656
恊,恞,0.7671597758965173
恊,恑,0.7629067693122938
恊,忛,0.7598140096957432
恊,拹,0.7579670950395769
恊,悾,0.7576805374401008
恊,悷,0.7566022207940317
恊,惂,0.7515905123750254
恊,協,0.7499733336031814
