char1,char2,similarity
恑,恑,1.0
恑,悗,0.8069212296655448
恑,垝,0.8025667689197256
恑,佹,0.7955262611764993
恑,桅,0.7925244426456186
恑,忾,0.7737359620077491
恑,诡,0.7688216924071853
恑,峗,0.7687127142353537
恑,悅,0.7637162682287343
恑,恊,0.7629067693122938
