char1,char2,similarity
恏,恏,1.0
恏,怒,0.7641342040580043
恏,恕,0.7585587951071834
恏,惁,0.7515293696528607
恏,悊,0.7510700676937618
恏,怤,0.7479379965168917
恏,忿,0.7425961744645316
恏,怷,0.7418459198385461
恏,怣,0.7382892966040688
恏,忽,0.7382024478596272
