char1,char2,similarity
恖,恖,1.0
恖,悤,0.8519497779449783
恖,恴,0.8322413364296778
恖,恵,0.8213199194715124
恖,息,0.8176668138363085
恖,悥,0.7988938312774113
恖,患,0.7931270761904818
恖,怱,0.7818607370908819
恖,怠,0.7767893800573925
恖,恩,0.7752810676596199
