char1,char2,similarity
恚,恚,1.0
恚,葸,0.774615286036973
恚,聿,0.7664922822880988
恚,崽,0.7610657091658295
恚,祟,0.7522559813751234
恚,惹,0.744529413234987
恚,帛,0.7441294646614994
恚,怘,0.7419407461824683
恚,窐,0.7363053055417768
恚,夷,0.7356594258653496
