char1,char2,similarity
恗,恗,1.0
恗,侉,0.8136674531571219
恗,挎,0.8110584924582884
恗,洿,0.7851676649240626
恗,愕,0.7824436333158344
恗,垮,0.7807335398904788
恗,桍,0.7803217661108741
恗,愔,0.7802949528757387
恗,悇,0.7729579058755052
恗,悾,0.766550661922406
