char1,char2,similarity
恕,恕,1.0
恕,怒,0.7742032988821501
恕,恏,0.7585587951071834
恕,怎,0.7560741866819425
恕,恷,0.7457102299458717
恕,怨,0.7422898056451476
恕,恶,0.7382259117191445
恕,态,0.7361730467743167
恕,怘,0.735387190109116
恕,惁,0.7332569761934886
