char1,char2,similarity
恔,恔,1.0
恔,忮,0.820601559400077
恔,佼,0.7968834467356122
恔,忟,0.7918965999262514
恔,悛,0.7917223142779047
恔,恼,0.7814458150733804
恔,恠,0.7809890836403585
恔,饺,0.7801534530841135
恔,恦,0.7792693021225006
恔,洨,0.7782615101324425
