char1,char2,similarity
恥,恥,1.0
恥,毦,0.7762833752066746
恥,耺,0.7579315808687971
恥,杺,0.7475034818603381
恥,聍,0.7469416007807913
恥,耾,0.7446796003897164
恥,胩,0.7413944575571487
恥,职,0.7372208415968676
恥,耿,0.7349266848458931
恥,聆,0.7332877380294557
