char1,char2,similarity
恠,恠,1.0
恠,悢,0.796880312387565
恠,恾,0.7964813962474127
恠,恦,0.7856628892300672
恠,恤,0.7816673707543016
恠,恔,0.7809890836403585
恠,恼,0.7789573326928323
恠,侟,0.770277671240091
恠,怋,0.7701380781364706
恠,悑,0.7676126532605752
