char1,char2,similarity
恟,恟,1.0
恟,恦,0.8207352652840701
恟,恛,0.784759296595662
恟,侚,0.783641431042706
恟,惆,0.7821834036407904
恟,恫,0.7739405000631647
恟,佝,0.7693563734734162
恟,忾,0.7652545564275933
恟,恂,0.7642739833731784
恟,惘,0.7631705392517767
