char1,char2,similarity
恧,恧,1.0
恧,忢,0.7888493332761465
恧,忌,0.7777510587397981
恧,恩,0.7693570695082376
恧,思,0.7665591346187073
恧,恶,0.7659706076752528
恧,忑,0.760820277424922
恧,垔,0.7589745323713906
恧,忍,0.7535990882235645
恧,总,0.7512064528084248
