char1,char2,similarity
恦,恦,1.0
恦,恫,0.8345073390759784
恦,恟,0.8207352652840701
恦,珦,0.8197419771069837
恦,恛,0.8130038843436825
恦,饷,0.807530322234152
恦,恼,0.8026518965151339
恦,怲,0.7984814794159151
恦,惘,0.7962505985144605
恦,恤,0.795090719706268
