char1,char2,similarity
恤,恤,1.0
恤,侐,0.8070530055472723
恤,恦,0.795090719706268
恤,桖,0.7945368459707486
恤,恛,0.7847899142945365
恤,恠,0.7816673707543016
恤,恼,0.7814299792336118
恤,怫,0.7804895153897674
恤,愉,0.7800334680700199
恤,恇,0.778586190066334
