char1,char2,similarity
恣,恣,1.0
恣,态,0.7740214457852683
恣,怷,0.7492672446878925
恣,恋,0.7424374229484071
恣,恙,0.7417868096062097
恣,忽,0.738872878315138
恣,恐,0.7355446347958711
恣,怎,0.7355090705912649
恣,怼,0.7348187370129784
恣,忘,0.7340205171892857
