char1,char2,similarity
恬,恬,1.0
恬,括,0.8740282777236186
恬,怡,0.8229018372617514
恬,怙,0.7985116106158633
恬,忯,0.7823704599187662
恬,忕,0.7815450082749099
恬,恄,0.7784676298260548
恬,忲,0.7776849301013563
恬,姡,0.7766257436513557
恬,怋,0.7755163674166083
