char1,char2,similarity
恱,恱,1.0
恱,悅,0.8073718794621052
恱,悓,0.804608853944233
恱,悗,0.79219218855774
恱,恌,0.7912557780017281
恱,忨,0.7765470316206518
恱,恮,0.7630828473504636
恱,恑,0.7627368716569447
恱,傥,0.7605245426816908
恱,忼,0.754884556380253
