char1,char2,similarity
息,息,1.0
息,恴,0.8765637409088335
息,恵,0.8669356182060484
息,悤,0.8248632598152951
息,恖,0.8176668138363085
息,患,0.8077406392835189
息,怘,0.7949572037243184
息,怠,0.7880948740533587
息,忽,0.7865666184406042
息,急,0.7849950928672756
