char1,char2,similarity
恮,恮,1.0
恮,佺,0.8620075109300642
恮,惍,0.845533419263523
恮,洤,0.8388096692485512
恮,拴,0.8300158481585137
恮,恎,0.8173205184249158
恮,侄,0.7910323562665238
恮,诠,0.7876084594049821
恮,佳,0.7822896287881681
恮,悂,0.7791283236470795
