char1,char2,similarity
恫,恫,1.0
恫,恦,0.8345073390759784
恫,恛,0.8232931293946267
恫,怬,0.8184069317676351
恫,桐,0.8156975162876402
恫,惆,0.8141376288462137
恫,挏,0.8083052666756683
恫,榈,0.8015629350347587
恫,埛,0.8010144124637871
恫,悁,0.7983191110131556
