char1,char2,similarity
恳,恳,1.0
恳,垦,0.7739069284497819
恳,悘,0.7708574884623927
恳,恩,0.770831393488308
恳,悪,0.7633699787575464
恳,惥,0.7588099012894002
恳,乬,0.744798198532118
恳,昰,0.7440963253269057
恳,昂,0.7413214935658748
恳,星,0.7395596202405034
