char1,char2,similarity
恲,恲,1.0
恲,拼,0.82037149156457
恲,垪,0.8013237865846591
恲,帡,0.7923263161875946
恲,忦,0.7892429436708425
恲,忼,0.7872669750831907
恲,洴,0.7870018348865551
恲,快,0.7854585983162601
恲,忖,0.7812327141225192
恲,忟,0.7777461650271295
