char1,char2,similarity
恵,恵,1.0
恵,恴,0.9142212964503563
恵,息,0.8669356182060484
恵,悤,0.8321276961135735
恵,患,0.8309047505792373
恵,恖,0.8213199194715124
恵,怘,0.8134552417506689
恵,悥,0.7960705567129764
恵,車,0.7741951732048185
恵,怱,0.7732280450468736
