char1,char2,similarity
恸,恸,1.0
恸,怮,0.8141024564810376
恸,拗,0.7965404017081299
恸,恦,0.7537169648246076
恸,恛,0.7514957913353318
恸,忷,0.7490413009816992
恸,惝,0.7484180120428037
恸,惕,0.7465266087000315
恸,恫,0.7425962207329735
恸,忨,0.7421926074490676
