char1,char2,similarity
恴,恴,1.0
恴,恵,0.9142212964503563
恴,息,0.8765637409088335
恴,悤,0.8383353786331417
恴,恖,0.8322413364296778
恴,患,0.8190232234450783
恴,悥,0.8094987855727758
恴,怘,0.8025208301631332
恴,亰,0.7873272183382527
恴,意,0.7812848457754991
