char1,char2,similarity
悁,悁,1.0
悁,悒,0.8030169044878801
悁,恫,0.7983191110131556
悁,悍,0.7941585539940361
悁,怲,0.7922624162943214
悁,怬,0.7875575296810894
悁,恺,0.7856244267659903
悁,惆,0.7816309176607575
悁,悼,0.7808237945049497
悁,恦,0.7792727372006581
