char1,char2,similarity
恾,恾,1.0
恾,恠,0.7964813962474127
恾,铓,0.7823365290380299
恾,忋,0.7723244555604187
恾,快,0.7681480946835227
恾,悢,0.7681362230911197
恾,怉,0.7680143377589412
恾,惜,0.765619662549269
恾,恼,0.765051974990261
恾,恈,0.763240571345569
