char1,char2,similarity
恿,恿,1.0
恿,恩,0.7645047328104421
恿,甩,0.758425009390441
恿,戸,0.752231723297601
恿,憑,0.7435554821036915
恿,罳,0.7418955570541803
恿,蒠,0.7416455777739954
恿,惖,0.7369245259717704
恿,慁,0.7363498122345724
恿,总,0.7360154744927048
