char1,char2,similarity
悂,悂,1.0
悂,恇,0.7945638567678018
悂,恎,0.7910705294389073
悂,惂,0.7861809823340274
悂,恮,0.7791283236470795
悂,悜,0.7756198128006491
悂,恤,0.7739938164675915
悂,忹,0.7718969303850909
悂,愷,0.765223659392742
悂,怪,0.7647925029789022
