char1,char2,similarity
悊,悊,1.0
悊,惁,0.7783083432272628
悊,悐,0.7552697542622776
悊,恏,0.7510700676937618
悊,悤,0.7488420615720781
悊,恵,0.7478123489097142
悊,愬,0.7397753498648726
悊,悪,0.7394654186951642
悊,悥,0.7394335234275261
悊,怱,0.7385532276405631
