char1,char2,similarity
悍,悍,1.0
悍,桿,0.8515298464874392
悍,悼,0.8453557400127943
悍,怦,0.8213275533343466
悍,棹,0.808147397438393
悍,惇,0.8064714694101608
悍,惶,0.7946955195790877
悍,悁,0.7941585539940361
悍,椫,0.7937793320021163
悍,恈,0.7920586214203567
