char1,char2,similarity
悆,悆,1.0
悆,峹,0.7948500597881654
悆,愈,0.7662496830852018
悆,怠,0.7524498085734185
悆,悤,0.7354148816080437
悆,恿,0.7335184797432904
悆,惄,0.7308329215499539
悆,惡,0.73074927242762
悆,畣,0.7305641984781248
悆,悪,0.7302490984314522
