char1,char2,similarity
悔,悔,1.0
悔,梅,0.7769720816243345
悔,挴,0.7726284369060534
悔,怋,0.7662513084725323
悔,恬,0.7635492852626259
悔,恟,0.7629169811903487
悔,恾,0.7594703361671827
悔,忚,0.7524757656412112
悔,怞,0.7508123827529101
悔,悺,0.7495101138261469
