char1,char2,similarity
悗,悗,1.0
悗,悅,0.8378393424694698
悗,挽,0.8227124164495236
悗,梚,0.814415779001851
悗,恑,0.8069212296655448
悗,怏,0.7970261813899675
悗,恱,0.79219218855774
悗,俛,0.7875145716926136
悗,悓,0.7842337179558817
悗,悏,0.7741353297329244
