char1,char2,similarity
悐,悐,1.0
悐,悊,0.7552697542622776
悐,怂,0.7517892513464352
悐,惄,0.7428546185853458
悐,怱,0.7377949687507985
悐,悤,0.7349817472755409
悐,愬,0.7333905030099178
悐,恵,0.7320866582028429
悐,总,0.7319755455532277
悐,悪,0.7311128320597946
