char1,char2,similarity
悙,悙,1.0
悙,梈,0.8027765692416057
悙,哼,0.7928434288469207
悙,恺,0.7864847715508516
悙,性,0.7864314524790704
悙,忊,0.7857881956500524
悙,忡,0.784877124603045
悙,怑,0.7840280049977775
悙,悋,0.780440630523252
悙,悼,0.7800673935287331
