char1,char2,similarity
悒,悒,1.0
悒,悁,0.8030169044878801
悒,恺,0.79866090779725
悒,挹,0.7912946802596533
悒,怳,0.7890140153465702
悒,忋,0.7833130067014017
悒,怪,0.7816475407887318
悒,悜,0.7793362972914686
悒,忚,0.7771416306100912
悒,恍,0.7760501836736536
