char1,char2,similarity
悡,悡,1.0
悡,惒,0.7719449158371169
悡,忢,0.7435374301433644
悡,梨,0.7382488166155657
悡,怸,0.7363804704106582
悡,怤,0.7334093702648553
悡,恐,0.73263356993986
悡,恧,0.7303268306124232
悡,忘,0.730254080440144
悡,惉,0.7278997375598972
