char1,char2,similarity
悢,悢,1.0
悢,悑,0.8051217572015767
悢,怋,0.797218270003815
悢,恠,0.796880312387565
悢,悵,0.7957324867536097
悢,桹,0.7953193705937962
悢,悏,0.794675901983332
悢,哴,0.7944759473114262
悢,怛,0.7909660093345376
悢,愄,0.7867583133556131
