char1,char2,similarity
患,患,1.0
患,恵,0.8309047505792373
患,恴,0.8190232234450783
患,息,0.8077406392835189
患,車,0.7966153376082112
患,恖,0.7931270761904818
患,悤,0.7926279973703416
患,峊,0.7880105611851694
患,怱,0.7690829781119196
患,亰,0.7612134537710512
