char1,char2,similarity
悤,悤,1.0
悤,恖,0.8519497779449783
悤,恴,0.8383353786331417
悤,恵,0.8321276961135735
悤,息,0.8248632598152951
悤,悥,0.8103338032109123
悤,患,0.7926279973703416
悤,怱,0.7722569107563702
悤,悪,0.7708262009723518
悤,怘,0.7646264554786277
