char1,char2,similarity
悦,悦,1.0
悦,祱,0.8332336252970988
悦,棁,0.8298132910598763
悦,裞,0.8069729022678457
悦,鋭,0.80025962550191
悦,帨,0.788594586591497
悦,怳,0.7826738480816513
悦,税,0.7814505211728007
悦,锐,0.7743694306746851
悦,忺,0.7736966253954076
