char1,char2,similarity
悧,悧,1.0
悧,恻,0.7902054321860821
悧,唎,0.7848982037976256
悧,梸,0.7821703477218489
悧,蛚,0.7577449845042222
悧,惻,0.7572410759195288
悧,椡,0.7543721607937308
悧,猁,0.7493771559146399
悧,俬,0.7464038235240337
悧,側,0.7451138207238114
