char1,char2,similarity
悵,悵,1.0
悵,愄,0.8463991958047706
悵,惿,0.8329800507505589
悵,愒,0.8206227394683723
悵,倀,0.8114897790806661
悵,惯,0.7976767660903915
悵,悢,0.7957324867536097
悵,愩,0.7871902169261391
悵,愲,0.7843961700703619
悵,愰,0.7819034937697746
