char1,char2,similarity
悷,悷,1.0
悷,棙,0.813645821985935
悷,捩,0.784878704095813
悷,愃,0.7841064434362723
悷,悾,0.7647193144826
悷,悢,0.7632408328879988
悷,愱,0.761945445520005
悷,愩,0.75805130057164
悷,恊,0.7566022207940317
悷,憓,0.7538541904435923
