char1,char2,similarity
悯,悯,1.0
悯,悃,0.7597088771978305
悯,惘,0.7454454098411839
悯,焖,0.7432653231843517
悯,慴,0.7430496706566473
悯,惆,0.7420719779312963
悯,裥,0.7415477920575357
悯,恛,0.7386935597197035
悯,榈,0.7376823326548202
悯,堈,0.7359253464334355
