char1,char2,similarity
悮,悮,1.0
悮,悞,0.8411041588301735
悮,愰,0.7988078229637009
悮,悜,0.7943053539043474
悮,愞,0.7829548574738141
悮,惔,0.7812738948741965
悮,愌,0.778419833095654
悮,堧,0.7753259716268069
悮,悵,0.7722201518037702
悮,愥,0.7711939439498304
