char1,char2,similarity
悶,悶,1.0
悶,閖,0.8311748860846128
悶,開,0.8170121732653828
悶,閂,0.8152619413550607
悶,閠,0.8140734629605323
悶,間,0.8131217242713561
悶,閗,0.8124484906416987
悶,閊,0.8109365906860452
悶,閃,0.8105219112250669
悶,閑,0.806910192441756
