char1,char2,similarity
悳,悳,1.0
悳,惪,0.792890631470002
悳,慁,0.7434928062809303
悳,慝,0.73636289159696
悳,慙,0.7324428184921786
悳,禀,0.7309180561092866
悳,責,0.7287408970442717
悳,窸,0.7284170915588107
悳,邑,0.7282089646756693
悳,悘,0.7264368713576076
