char1,char2,similarity
悾,悾,1.0
悾,惊,0.7758297618798352
悾,悰,0.7757406264185187
悾,惶,0.7747252733196668
悾,悗,0.7738096820059182
悾,愃,0.7728411041803015
悾,愔,0.7724409333376842
悾,悺,0.7683237344797126
悾,怛,0.7677106439241882
悾,恎,0.7670933797446989
