char1,char2,similarity
惀,惀,1.0
惀,倫,0.8277521579336686
惀,愉,0.7760363018612721
惀,淪,0.769610129497881
惀,恮,0.768059250541701
惀,悇,0.7673502805388753
惀,恦,0.7560100330017235
惀,恤,0.7545196298956643
惀,恱,0.7540092302380982
惀,怢,0.7489534092409218
