char1,char2,similarity
悿,悿,1.0
悿,掭,0.7952173961005929
悿,愐,0.7520392622617511
悿,憶,0.7425964155408658
悿,愇,0.7416610976142264
悿,悞,0.7393840095898181
悿,恜,0.7388052162732758
悿,侨,0.7369657506012081
悿,惛,0.735773381563244
悿,悟,0.7342358423579083
