char1,char2,similarity
惁,惁,1.0
惁,悊,0.7783083432272628
惁,忽,0.761437185124385
惁,恏,0.7515293696528607
惁,惣,0.7462623218793148
惁,怒,0.744709516024252
惁,怘,0.7443953156777677
惁,埑,0.743852889047175
惁,总,0.7415537548715068
惁,椞,0.7385840864742259
