char1,char2,similarity
悻,悻,1.0
悻,恽,0.7976883748695719
悻,啈,0.7955364944047553
悻,悖,0.7902331296637816
悻,倖,0.7887357556408765
悻,惮,0.7868318194302848
悻,悼,0.78571346341168
悻,涬,0.7843200971513279
悻,悍,0.7753910289868606
悻,惇,0.7657225141921344
