char1,char2,similarity
惉,惉,1.0
惉,怘,0.7892701878905327
惉,息,0.7621113823302703
惉,怎,0.758507154760121
惉,恴,0.7491105257897559
惉,恩,0.7476233826502087
惉,恷,0.7457568008646572
惉,恵,0.7443108042149222
惉,忽,0.742972738732745
惉,孞,0.7417347655676528
