char1,char2,similarity
惈,惈,1.0
惈,棵,0.8024434650504356
惈,捰,0.80143643293782
惈,倮,0.793953540750892
惈,偶,0.7894596355816595
惈,愄,0.7811346310274602
惈,惮,0.7775943163431785
惈,淉,0.7725973912338431
惈,塖,0.771436514436882
惈,悚,0.7703148451312388
