char1,char2,similarity
惄,惄,1.0
惄,怒,0.7445616211461981
惄,怱,0.7442606053169759
惄,惣,0.7433480584952006
惄,悐,0.7428546185853458
惄,恴,0.7389963687975888
惄,悤,0.7373617980640906
惄,慹,0.7370372107411033
惄,惌,0.7359736150918929
惄,怨,0.7336778715910102
