char1,char2,similarity
惃,惃,1.0
惃,掍,0.8110043883303307
惃,悓,0.797454222541577
惃,堒,0.7938304510295296
惃,焜,0.7872651536341297
惃,倱,0.7818372179309072
惃,愄,0.7805526551592576
惃,琨,0.7757856569643251
惃,愰,0.7734717690337014
惃,愊,0.7719016069467178
