char1,char2,similarity
惒,惒,1.0
惒,悡,0.7719449158371169
惒,怸,0.7398038291864427
惒,忌,0.7397894737339967
惒,恶,0.7345680300863752
惒,忢,0.7344508821934885
惒,忘,0.7340582280046554
惒,忍,0.7325602246972738
惒,总,0.7317918133395274
惒,怂,0.7248705915596863
