char1,char2,similarity
惐,惐,1.0
惐,悈,0.8106623687582339
惐,掝,0.7937955802915697
惐,棫,0.7797663484001642
惐,搣,0.7747347876555618
惐,琙,0.7729215900041159
惐,惸,0.7582147710525494
惐,憚,0.753529301648065
惐,煘,0.7533442089617973
惐,怓,0.7505333557137679
