char1,char2,similarity
惏,惏,1.0
惏,楙,0.7700451342485607
惏,愹,0.7433968923092418
惏,彬,0.7423355199039593
惏,惓,0.7406400761272043
惏,愘,0.7398858176547138
惏,惼,0.7363846961865728
惏,憳,0.7361297152966996
惏,慬,0.7352837228070637
惏,啉,0.7336459302217105
