char1,char2,similarity
惎,惎,1.0
惎,棊,0.7344386550046895
惎,慧,0.7302672613167038
惎,専,0.7173232648599179
惎,悹,0.7171663539263794
惎,子,0.7170477617410732
惎,干,0.7099409634250649
惎,氟,0.7099142199627891
惎,悫,0.7089848790869855
惎,寔,0.7080606064236472
