char1,char2,similarity
惗,惗,1.0
惗,捻,0.781557202697815
惗,惍,0.77560261212506
惗,恮,0.774867919792164
惗,憁,0.772770008059607
惗,悇,0.7701377010113679
惗,愡,0.7663720909993921
惗,惚,0.7636528176728831
惗,谂,0.7622228787312562
惗,忼,0.7470494379026678
