char1,char2,similarity
惚,惚,1.0
惚,唿,0.7916176059153661
惚,偬,0.7746786655506877
惚,愡,0.7663483488210703
惚,惗,0.7636528176728831
惚,憶,0.7547706766636568
惚,愢,0.7461352384185572
惚,憁,0.7450786143356427
惚,悚,0.7431326791355853
惚,恟,0.7404994898351352
