char1,char2,similarity
惜,惜,1.0
惜,棤,0.8478707976366635
惜,措,0.8071045248245272
惜,徣,0.8065773485283322
惜,错,0.7900928900082062
惜,侑,0.7802406673606226
惜,愔,0.7743295159126381
惜,搢,0.7742888213179756
惜,堷,0.7717589272496144
惜,怡,0.76812065566806
