char1,char2,similarity
惥,惥,1.0
惥,恳,0.7588099012894002
惥,帠,0.7496984599835966
惥,惡,0.7425656628336446
惥,惌,0.7421900780774965
惥,悪,0.7299620657130941
惥,恿,0.7247988895311569
惥,悆,0.7240678492070959
惥,恩,0.7235281488161674
惥,巵,0.7204004359116855
