char1,char2,similarity
惨,惨,1.0
惨,掺,0.792550358222371
惨,椮,0.785333543045265
惨,僇,0.774943501532684
惨,恀,0.773715023873811
惨,恠,0.7608664157883984
惨,碜,0.746207782864455
惨,恾,0.7425058422001595
惨,怈,0.7403440168634182
惨,恪,0.7397371842483665
