char1,char2,similarity
惦,惦,1.0
惦,掂,0.7958788138068634
惦,恄,0.775102454052845
惦,怡,0.7646869713062879
惦,怔,0.7621192397828946
惦,忊,0.7595758264401148
惦,悙,0.759505041469002
惦,忡,0.7577755103642668
惦,性,0.7496655128903082
惦,忕,0.7443556489921737
