char1,char2,similarity
惡,惡,1.0
惡,悪,0.885499575564475
惡,愳,0.7859216056265398
惡,悤,0.7631042934266475
惡,怠,0.7584522603091352
惡,恵,0.7524560946581345
惡,悘,0.7504284572410709
惡,恴,0.7499129922588661
惡,恖,0.7498370175649048
惡,憇,0.7493355380459656
