char1,char2,similarity
惢,惢,1.0
惢,蕊,0.7090666394112899
惢,匕,0.707434168803139
惢,俤,0.6970886769747385
惢,乙,0.6957354933870495
惢,互,0.6955077603738491
惢,二,0.6940445784253276
惢,凣,0.6929380251209422
惢,冫,0.6928256570062067
惢,庑,0.6927691524398233
