char1,char2,similarity
惣,惣,1.0
惣,愂,0.7586166848392294
惣,惁,0.7462623218793148
惣,怱,0.7455920762988508
惣,恴,0.7449996720340606
惣,恵,0.7446129429870714
惣,愸,0.7434169540424196
惣,惄,0.7433480584952006
惣,怘,0.7417683019194885
惣,憇,0.73969234857176
