char1,char2,similarity
惲,惲,1.0
惲,愇,0.7876017958341933
惲,懌,0.7849903483021671
惲,堚,0.7818618095649166
惲,媈,0.7790186329106141
惲,憤,0.7782160315393305
惲,堹,0.7773785001663684
惲,渾,0.7747162817261911
惲,慏,0.7726337237918924
惲,愅,0.7703311804332282
