char1,char2,similarity
惭,惭,1.0
惭,衎,0.7333717479149738
惭,憎,0.723041464185279
惭,懈,0.7196414776902443
惭,衘,0.7179158901681644
惭,垳,0.7173281025349015
惭,憏,0.7168406697446346
惭,慷,0.7157027164464933
惭,衒,0.7141866856744149
惭,漸,0.713318681544392
