char1,char2,similarity
想,想,1.0
想,誢,0.73454593467354
想,頍,0.72101424303462
想,頬,0.720008120463264
想,愆,0.7127517884865251
想,惡,0.7126212288064787
想,炽,0.712094926191355
想,规,0.7115315224857333
想,頡,0.7105573244070609
想,頖,0.7089507762109046
