char1,char2,similarity
惫,惫,1.0
惫,憲,0.7606400730596616
惫,悥,0.7463540922436702
惫,意,0.7414954503555267
惫,慧,0.7295344545095959
惫,愈,0.7263600885560934
惫,悤,0.7237215872793791
惫,夆,0.7223952361266941
惫,寭,0.7222717373959171
惫,恖,0.7219097086892605
