char1,char2,similarity
惬,惬,1.0
惬,愜,0.8121049625874481
惬,慪,0.7923497771932958
惬,愝,0.7904724972112057
惬,塸,0.781611342846712
惬,悭,0.7689781165543719
惬,慩,0.7573348237978924
惬,愠,0.7567877641427024
惬,憆,0.7565179019785379
惬,愐,0.7539025062211696
