char1,char2,similarity
惱,惱,1.0
惱,瑙,0.7985585326107916
惱,堖,0.7943947998057946
惱,慆,0.7731794998226873
惱,惂,0.7645722371089485
惱,愐,0.7547157382290308
惱,愒,0.7529989343345721
惱,惘,0.7526117927359157
惱,碯,0.7523843525107513
惱,恦,0.7465658094980023
