char1,char2,similarity
惷,惷,1.0
惷,憃,0.8045436033174366
惷,悥,0.7599094333264966
惷,憲,0.731153078834162
惷,餥,0.7285044056328526
惷,惪,0.7221973739358316
惷,貴,0.7190660172170203
惷,斍,0.7185275737030785
惷,臮,0.7174501918993876
惷,菍,0.7172434654345536
