char1,char2,similarity
惻,惻,1.0
惻,側,0.8564508625564755
惻,恻,0.845772747625779
惻,悧,0.7572410759195288
惻,測,0.7526809207188924
惻,慖,0.7506217593615164
惻,慲,0.7498373712985534
惻,硎,0.7438226774826947
惻,慡,0.7401641546321976
惻,佃,0.7389222560124068
