char1,char2,similarity
惽,惽,1.0
惽,湣,0.7859451636455989
惽,慴,0.7640732580364458
惽,懢,0.7628603716397074
惽,愲,0.7581920864493531
惽,愜,0.7561946623230149
惽,惿,0.7543023691691554
惽,憎,0.750626128235393
惽,悵,0.7494953458269292
惽,憛,0.7478990989700076
