char1,char2,similarity
惼,惼,1.0
惼,憁,0.7837193778320788
惼,揙,0.7764425087862528
惼,憈,0.7565548216778413
惼,徧,0.7545592640633856
惼,慥,0.7500602122198593
惼,懊,0.7500012262004894
惼,愊,0.7461526817505832
惼,馆,0.7403648038972984
惼,惚,0.7384636530862784
