char1,char2,similarity
惴,惴,1.0
惴,揣,0.812102711683599
惴,喘,0.7995978398054608
惴,惝,0.7850218175101616
惴,愠,0.7718180173019635
惴,瑞,0.7709132536526149
惴,惆,0.7683588574858092
惴,愦,0.7679633140699783
惴,塭,0.7660562659027556
惴,悓,0.7617945401057392
