char1,char2,similarity
愁,愁,1.0
愁,憩,0.7545651645568705
愁,慭,0.7405596426071172
愁,愗,0.7341112473408511
愁,慹,0.7333726555256452
愁,愸,0.7241645300290959
愁,愂,0.7239051489777448
愁,惄,0.7235603743926737
愁,怹,0.7213669393437523
愁,恴,0.7210520791850096
