char1,char2,similarity
愄,愄,1.0
愄,悵,0.8463991958047706
愄,惯,0.8341307487708494
愄,偎,0.8189611884194077
愄,愊,0.8105876834032167
愄,悢,0.7867583133556131
愄,愕,0.7865985834355258
愄,惿,0.7816782505458163
愄,惈,0.7811346310274602
愄,惃,0.7805526551592576
