char1,char2,similarity
愀,愀,1.0
愀,揪,0.8589484138633838
愀,楸,0.7735778985701086
愀,偢,0.7704492072791088
愀,瞅,0.7635964837241607
愀,唙,0.7231713000930642
愀,啾,0.7221050693147381
愀,垘,0.7196497711116564
愀,惞,0.716166235871844
愀,俐,0.7155825243367548
