char1,char2,similarity
惿,惿,1.0
惿,徥,0.8444723266959451
惿,悵,0.8329800507505589
惿,提,0.8109291541016713
惿,愒,0.8089203569524626
惿,偍,0.8044244409700843
惿,愊,0.7993461100636885
惿,愋,0.7890822398810536
惿,愲,0.7874413111717725
惿,愷,0.7825782178320387
