char1,char2,similarity
愆,愆,1.0
愆,恩,0.741230802501622
愆,怼,0.7368920095685422
愆,恖,0.7304594086416081
愆,惩,0.7302527057553858
愆,忽,0.7207977103884546
愆,慾,0.7206542170950607
愆,总,0.7147546776349584
愆,恧,0.7144184120672115
愆,想,0.7127517884865251
