char1,char2,similarity
愉,愉,1.0
愉,榆,0.8336034867550896
愉,揄,0.814425598914068
愉,楡,0.7850778935804773
愉,恤,0.7800334680700199
愉,惀,0.7760363018612721
愉,偸,0.7640879276861134
愉,睮,0.7638993711791817
愉,倫,0.7587116153073487
愉,喻,0.7577976028032749
