char1,char2,similarity
愊,愊,1.0
愊,愄,0.8105876834032167
愊,偪,0.8099898171901551
愊,倡,0.8051671044455134
愊,惿,0.7993461100636885
愊,慅,0.7942446547365769
愊,慓,0.791202667809498
愊,愒,0.7905516445635495
愊,慪,0.7871243315573987
愊,湢,0.7849206667912962
