char1,char2,similarity
愌,愌,1.0
愌,愞,0.7917262664379823
愌,愥,0.7905627417762725
愌,悮,0.778419833095654
愌,渙,0.7759735167866092
愌,慡,0.77085562529506
愌,慔,0.7670857133321887
愌,懙,0.7665547047907391
愌,換,0.7591085465927893
愌,悞,0.7490611545770048
