char1,char2,similarity
愎,愎,1.0
愎,復,0.8308203585441654
愎,愯,0.8038442576469285
愎,悽,0.7887925224336761
愎,愋,0.7640568331205865
愎,惾,0.7543452730762368
愎,慬,0.7527499209220175
愎,憧,0.7471246626167556
愎,懓,0.746944059412734
愎,愥,0.7447415735005302
