char1,char2,similarity
愍,愍,1.0
愍,慜,0.7453566921366059
愍,慗,0.7324682141488027
愍,憋,0.7278938477002824
愍,恙,0.7174982252675371
愍,憼,0.7151523990495411
愍,憨,0.7147723500153822
愍,悪,0.7083989935873474
愍,惡,0.7071349147696805
愍,慤,0.705811199889
