char1,char2,similarity
愕,愕,1.0
愕,偔,0.82346052443288
愕,愄,0.7865985834355258
愕,湂,0.7836783589918113
愕,恗,0.7824436333158344
愕,锷,0.7805640759068926
愕,侤,0.7737506206539728
愕,愣,0.7667748273201048
愕,捍,0.765652325241743
愕,惘,0.7650205746027379
