char1,char2,similarity
愙,愙,1.0
愙,惠,0.7582638059857205
愙,意,0.7420673876227255
愙,惪,0.7361101847853136
愙,寭,0.7332759109979453
愙,蒽,0.7331473243995735
愙,慸,0.7316417323854466
愙,胄,0.7305999148152149
愙,岂,0.7213456535299317
愙,罳,0.7187735677898796
