char1,char2,similarity
愝,愝,1.0
愝,惬,0.7904724972112057
愝,慪,0.7889399406434418
愝,揠,0.7781929286977451
愝,愜,0.7640866017252721
愝,慅,0.7584126236159304
愝,懢,0.7539413079411406
愝,慍,0.7528565016248141
愝,憆,0.7517606520838352
愝,悭,0.7517475941028108
