char1,char2,similarity
愞,愞,1.0
愞,偄,0.7918808119293077
愞,愌,0.7917262664379823
愞,堧,0.7863453581529993
愞,悮,0.7829548574738141
愞,憟,0.7807471874906251
愞,愜,0.7656315704065716
愞,懆,0.7642757461097451
愞,渜,0.7628754681974791
愞,愥,0.7585138547530823
