char1,char2,similarity
愜,愜,1.0
愜,惬,0.8121049625874481
愜,慪,0.7980906702985445
愜,慖,0.7704884625599974
愜,愞,0.7656315704065716
愜,愝,0.7640866017252721
愜,惽,0.7561946623230149
愜,憟,0.7552911619111583
愜,慳,0.7461740810107722
愜,憕,0.7459472241091218
