char1,char2,similarity
愥,愥,1.0
愥,偀,0.797898066297056
愥,慡,0.7972495061343292
愥,愌,0.7905627417762725
愥,慬,0.7825440597542466
愥,悞,0.779529856455184
愥,悮,0.7711939439498304
愥,渶,0.7669647815029018
愥,绬,0.7588603184155912
愥,愞,0.7585138547530823
