char1,char2,similarity
愠,愠,1.0
愠,塭,0.8178596205533848
愠,悓,0.8140412426489058
愠,揾,0.8068456547185336
愠,慍,0.7975843737874548
愠,惴,0.7718180173019635
愠,懢,0.7681177739471909
愠,揣,0.7637416946580301
愠,懎,0.7614605937820463
愠,侽,0.7590365246833912
