char1,char2,similarity
愦,愦,1.0
愦,馈,0.8242805570531757
愦,债,0.8133297040233407
愦,渍,0.780569167851933
愦,偾,0.7772956685458609
愦,惶,0.7711138174085764
愦,愔,0.7684982336218144
愦,惴,0.7679633140699783
愦,悢,0.7671872259629832
愦,倩,0.7659333807234693
