char1,char2,similarity
愯,愯,1.0
愯,愎,0.8038442576469285
愯,愋,0.7779531744425497
愯,悽,0.7758317740854497
愯,懏,0.7721251996750604
愯,慬,0.7584344518569734
愯,慒,0.7553021465487367
愯,愥,0.7535808673265839
愯,惯,0.7506549936971173
愯,憤,0.7474718936465886
