char1,char2,similarity
愮,愮,1.0
愮,傜,0.8055001271495545
愮,瑶,0.789059662248175
愮,憘,0.7835883504554207
愮,滛,0.7821897270381385
愮,摇,0.7752736493692352
愮,暚,0.7727466337800405
愮,恇,0.7700280753565416
愮,慆,0.7691163930364802
愮,悎,0.7634824568260329
