char1,char2,similarity
愨,愨,1.0
愨,慇,0.7563124219453096
愨,慗,0.7405277955088992
愨,憖,0.722324763269053
愨,憼,0.7209891963025254
愨,慜,0.7189388438047358
愨,悤,0.7180223780773382
愨,慫,0.7152798274251668
愨,惡,0.7143875769777982
愨,慹,0.7135531127675411
