char1,char2,similarity
愳,愳,1.0
愳,悪,0.8091610793058557
愳,惡,0.7859216056265398
愳,憇,0.7641993686125356
愳,罳,0.7546563858262919
愳,憵,0.7521920092397522
愳,慂,0.7371503477137132
愳,恩,0.7357207564258481
愳,慁,0.7353843338916799
愳,恧,0.7348148783876244
