char1,char2,similarity
愶,愶,1.0
愶,懀,0.7647517726031621
愶,懵,0.7492844900611212
愶,懛,0.7485019776223611
愶,慞,0.7475053478814397
愶,憣,0.7456659107618147
愶,懎,0.7402876987936208
愶,懮,0.7385692694791475
愶,慴,0.7380878742505499
愶,憧,0.7374620135425914
