char1,char2,similarity
愷,愷,1.0
愷,憕,0.7908868325516203
愷,惿,0.7825782178320387
愷,悵,0.7794567930082694
愷,悂,0.765223659392742
愷,惺,0.7646226145865145
愷,悢,0.7626577956620916
愷,愃,0.7607480656252391
愷,慬,0.7604385276411262
愷,憆,0.7602832444094534
