char1,char2,similarity
愲,愲,1.0
愲,傦,0.8511930883148078
愲,嗗,0.7912639155018552
愲,惿,0.7874413111717725
愲,悵,0.7843961700703619
愲,俼,0.7764391232750876
愲,情,0.7757945657207509
愲,怈,0.7691620561413546
愲,愷,0.7586481780831877
愲,惽,0.7581920864493531
