char1,char2,similarity
愻,愻,1.0
愻,悪,0.7543716133520006
愻,惡,0.7482779831590795
愻,忿,0.7307563870007505
愻,悤,0.7292937542390738
愻,惣,0.7276756991819963
愻,愗,0.7262140914760837
愻,愳,0.7255774036779201
愻,悐,0.7253914853546717
愻,悊,0.7229310000175068
