char1,char2,similarity
愾,愾,1.0
愾,滊,0.7801791815196476
愾,憏,0.7450739604613233
愾,慬,0.7448270569271598
愾,愇,0.739767058140615
愾,粛,0.7397063362154868
愾,慷,0.7350444738172629
愾,懷,0.7341194662762779
愾,悽,0.7331912896450162
愾,懞,0.7328584698547994
