char1,char2,similarity
愿,愿,1.0
愿,厚,0.8122376529109196
愿,慮,0.7400419077575112
愿,悘,0.738788826623995
愿,蓐,0.7331516013341419
愿,廛,0.7292030118676762
愿,恳,0.7244145870652918
愿,鳸,0.7243522228296138
愿,屒,0.7212913126017779
愿,屌,0.7205361025198704
