char1,char2,similarity
慃,慃,1.0
慃,塕,0.8193865298148513
慃,傟,0.7875940771201788
慃,恟,0.7604590998284917
慃,恾,0.75020734394713
慃,恑,0.7468342009894561
慃,恛,0.7463462410567308
慃,慆,0.7455695830423636
慃,螉,0.7437303780939412
慃,恦,0.7433867036143615
