char1,char2,similarity
慍,慍,1.0
慍,懢,0.8087917235944893
慍,溫,0.8049065678128984
慍,愠,0.7975843737874548
慍,悓,0.7797661034526281
慍,愃,0.7795184039529206
慍,愓,0.7717523933043301
慍,愪,0.7678902930819785
慍,愩,0.7666383668225384
慍,惃,0.7662375601714769
