char1,char2,similarity
慌,慌,1.0
慌,塃,0.7823898180839202
慌,慬,0.7737349573098051
慌,谎,0.7667361057899872
慌,忾,0.7568390368836324
慌,恑,0.753392071846177
慌,惿,0.7516132806342762
慌,侃,0.7507701966985939
慌,惘,0.7495297266383184
慌,愷,0.7495132192302116
