char1,char2,similarity
慅,慅,1.0
慅,愊,0.7942446547365769
慅,憯,0.7755217779543413
慅,搔,0.7749617694610548
慅,愔,0.7697419737981984
慅,愄,0.7681084011067668
慅,溞,0.7603621660465191
慅,愝,0.7584126236159304
慅,懎,0.7548601076941815
慅,惿,0.7544999275705266
