char1,char2,similarity
慇,慇,1.0
慇,愨,0.7563124219453096
慇,悘,0.7522938869596021
慇,慁,0.7453271133124116
慇,憠,0.7297090667524062
慇,慤,0.7293709224187006
慇,憨,0.7267982852795173
慇,恳,0.7210300908232682
慇,慾,0.7148363504059687
慇,慼,0.7146125614221029
