char1,char2,similarity
慉,慉,1.0
慉,搐,0.8394382913852847
慉,慛,0.7785478085369848
慉,悋,0.7752144173636378
慉,傗,0.7714877415070888
慉,憘,0.7682361688187369
慉,愃,0.7674140131208309
慉,櫁,0.7672532510019183
慉,恞,0.7660930145383648
慉,惂,0.7638826194999836
