char1,char2,similarity
態,態,1.0
態,懖,0.7333615177777687
態,慙,0.7189462872354713
態,惖,0.7161628814019313
態,憩,0.7142530698082226
態,慈,0.713345605902058
態,愬,0.7104209103885253
態,慁,0.7102224320929809
態,慫,0.7073785190721682
態,悳,0.7049998959377074
