char1,char2,similarity
慓,慓,1.0
慓,僄,0.8289853894192408
慓,徱,0.8096996153715611
慓,缥,0.805386467480578
慓,憟,0.8051422264556231
慓,摽,0.8006999869311947
慓,愊,0.791202667809498
慓,慏,0.7847116533259024
慓,墂,0.7788856201803231
慓,憛,0.7734529964795384
