char1,char2,similarity
慖,慖,1.0
慖,愜,0.7704884625599974
慖,愊,0.7652823573836349
慖,摑,0.7643562901862891
慖,撋,0.7513705171016695
慖,惻,0.7506217593615164
慖,撊,0.7502470595291786
慖,憰,0.7488642349690908
慖,愑,0.746688372128969
慖,恻,0.7462450837755737
