char1,char2,similarity
慔,慔,1.0
慔,馍,0.8046079483471154
慔,愺,0.8033572977414333
慔,僙,0.7926281690151588
慔,懊,0.7842558550446541
慔,横,0.7793604184260925
慔,慀,0.7774822677777091
慔,慱,0.7700191637227263
慔,愌,0.7670857133321887
慔,慞,0.7664076858756951
