char1,char2,similarity
慑,慑,1.0
慑,摄,0.8599376160713819
慑,嗫,0.7449518149266827
慑,慍,0.7423265199650901
慑,愓,0.7353344443445702
慑,傊,0.7279184817171985
慑,愪,0.7277842622879076
慑,惺,0.7253340736520322
慑,悵,0.7211233432165135
慑,愩,0.7203375388150413
