char1,char2,similarity
慏,慏,1.0
慏,慓,0.7847116533259024
慏,惯,0.7760662419152368
慏,憤,0.7759014473895971
慏,悽,0.7751169135993985
慏,惲,0.7726337237918924
慏,愊,0.7696006143856654
慏,憟,0.7690142671008138
慏,塓,0.7668705618781754
慏,暝,0.7588067676779751
