char1,char2,similarity
慚,慚,1.0
慚,摲,0.7907423871943606
慚,嶃,0.7568250863965882
慚,憞,0.7419328289479027
慚,螹,0.7385933369053852
慚,俐,0.7272926826772804
慚,憉,0.7222996002752368
慚,墘,0.715762941147424
慚,侧,0.7150949490328485
慚,蟖,0.7093071173809166
