char1,char2,similarity
慝,慝,1.0
慝,厧,0.738081570399675
慝,悳,0.73636289159696
慝,罵,0.7279601757536392
慝,愚,0.7226582795668477
慝,慐,0.721112765959449
慝,罳,0.7177234037316623
慝,厥,0.7171906058562616
慝,薼,0.7154306971420294
慝,愳,0.7151459076168067
