char1,char2,similarity
慞,慞,1.0
慞,獐,0.7955568500033511
慞,墇,0.7910434338327472
慞,愇,0.7854118774084873
慞,愺,0.7824719215556948
慞,暲,0.777954999021406
慞,憶,0.7763172470035745
慞,偉,0.7762558230551806
慞,嫜,0.7710915329580788
慞,懎,0.7704329939185288
