char1,char2,similarity
慪,慪,1.0
慪,塸,0.8065943117297031
慪,摳,0.8003283281638981
慪,愜,0.7980906702985445
慪,惬,0.7923497771932958
慪,愝,0.7889399406434418
慪,愊,0.7871243315573987
慪,惿,0.7795193771286615
慪,愑,0.7648626671461544
慪,慍,0.7630211335033467
