char1,char2,similarity
慩,慩,1.0
慩,僆,0.8096556081704633
慩,慥,0.7911048689458677
慩,漣,0.7725540850331012
慩,憹,0.7578400281464314
慩,惬,0.7573348237978924
慩,憁,0.7568806940735131
慩,愡,0.7524240887145806
慩,懎,0.749640888131855
慩,愝,0.7476934304093588
