char1,char2,similarity
慦,慦,1.0
慦,愗,0.7715497527693664
慦,慜,0.7698876709524407
慦,慗,0.7470560245062783
慦,憼,0.7332638428967535
慦,憗,0.7323920251765612
慦,恵,0.7287548274956549
慦,忽,0.7287209838027333
慦,惁,0.7276565647157519
慦,愸,0.7276241144147938
