char1,char2,similarity
慣,慣,1.0
慣,憒,0.8272704985647628
慣,摜,0.8128422094323456
慣,樌,0.7899213489310188
慣,僓,0.7896821815473373
慣,懫,0.7884143021077402
慣,墤,0.7857038659878016
慣,懦,0.7836425419509164
慣,瑻,0.7738588635732894
慣,憤,0.7683058358677838
