char1,char2,similarity
慢,慢,1.0
慢,僈,0.820430693125061
慢,谩,0.7705970067304362
慢,摱,0.7674689368137338
慢,熳,0.7661594921975892
慢,馒,0.7651460838436528
慢,縵,0.7620458871675185
慢,墁,0.7618258205463336
慢,怋,0.7606197960060435
慢,镘,0.7540382977935667
