char1,char2,similarity
慧,慧,1.0
慧,悹,0.7380832999591429
慧,庸,0.7367341135481233
慧,駡,0.7340810938976489
慧,惎,0.7302672613167038
慧,惫,0.7295344545095959
慧,悥,0.7274890979270052
慧,悫,0.7256259952798849
慧,憲,0.724069786255856
慧,萺,0.7213143092693853
