char1,char2,similarity
慨,慨,1.0
慨,概,0.8046942713708178
慨,嘅,0.7492526756863885
慨,摡,0.7398385935919419
慨,槪,0.7358565454021195
慨,艮,0.7306747642826992
慨,惻,0.7289196997133714
慨,恻,0.724370518903563
慨,慲,0.724249086566373
慨,悸,0.7234174499263193
