char1,char2,similarity
慵,慵,1.0
慵,傭,0.8640516727270392
慵,镛,0.8050048233344266
慵,滽,0.7988668466590773
慵,嘃,0.7875939775383652
慵,懡,0.7634708692431701
慵,憹,0.7586811156026966
慵,憁,0.7586260922160911
慵,慷,0.741862472561764
慵,憓,0.7402585891608674
