char1,char2,similarity
慴,慴,1.0
慴,惽,0.7640732580364458
慴,慳,0.7480790775849577
慴,憯,0.7471889402168477
慴,摺,0.7469104617761854
慴,惘,0.7454147347826362
慴,悯,0.7430496706566473
慴,憈,0.7411543692044472
慴,憛,0.7410835897081067
慴,懼,0.739298473103345
