char1,char2,similarity
慮,慮,1.0
慮,雐,0.7748186170983754
慮,盧,0.7745408095545967
慮,虜,0.7686678745344478
慮,豦,0.7443897410666028
慮,愿,0.7400419077575112
慮,遺,0.7324471980077939
慮,庫,0.7236333565409698
慮,憙,0.718278892123205
慮,崽,0.7137709927677863
