char1,char2,similarity
慯,慯,1.0
慯,摥,0.8199908986185829
慯,憘,0.7435073122954888
慯,偃,0.7419043284441031
慯,怦,0.7379391195151543
慯,慛,0.7371712543650305
慯,撸,0.7346754872226164
慯,怚,0.7336772642386871
慯,恼,0.7295360981451342
慯,怈,0.7286188917601084
