char1,char2,similarity
慭,慭,1.0
慭,愸,0.7834310222499791
慭,憖,0.7659452878391292
慭,愂,0.7470503755829917
慭,愁,0.7405596426071172
慭,悥,0.7381601652024095
慭,憗,0.7367997557164022
慭,慗,0.7252790651757264
慭,愗,0.7175413757069183
慭,慦,0.7146146437116708
