char1,char2,similarity
慿,慿,1.0
慿,憑,0.7457544597380806
慿,慂,0.7159406784649908
慿,慸,0.7084655407565661
慿,憥,0.7009693472665561
慿,罳,0.6987004460074426
慿,悘,0.6976030923577652
慿,慁,0.6945668518631234
慿,惖,0.6920208194107897
慿,崽,0.6918830690697625
