char1,char2,similarity
慹,慹,1.0
慹,墊,0.7589285209634397
慹,慗,0.7568744819461518
慹,惄,0.7370372107411033
慹,愁,0.7333726555256452
慹,慜,0.7272428562655637
慹,慼,0.7264948430089938
慹,恖,0.7190228078295997
慹,憵,0.7189639506106911
慹,慙,0.715838000780218
