char1,char2,similarity
慾,慾,1.0
慾,慗,0.7298493849392964
慾,恖,0.7219161731232372
慾,愆,0.7206542170950607
慾,悤,0.7168954961564972
慾,悹,0.7168210808354275
慾,憵,0.7150326211358791
慾,慇,0.7148363504059687
慾,愨,0.7129130533394222
慾,悘,0.7116958014831617
