char1,char2,similarity
慷,慷,1.0
慷,漮,0.7763298926109045
慷,悽,0.7713955840649679
慷,惞,0.7641627034046173
慷,憧,0.7581947070873253
慷,憭,0.7503732441036377
慷,懭,0.7477260723893975
慷,懞,0.7449031101948739
慷,懡,0.7440155055083262
慷,愎,0.7419092550556355
