char1,char2,similarity
慽,慽,1.0
慽,墄,0.7812416143652818
慽,槭,0.7725602838241157
慽,傶,0.7553937916301531
慽,摵,0.7513755371169081
慽,嘁,0.7471003879359162
慽,懴,0.7458773178918456
慽,悈,0.7399566624234304
慽,憱,0.7390061324229912
慽,滅,0.7347968717985749
