char1,char2,similarity
慼,慼,1.0
慼,慗,0.7357328959018944
慼,恵,0.7302760307783781
慼,恴,0.7285767102446707
慼,慹,0.7264948430089938
慼,惑,0.7263734964330286
慼,憠,0.7239103646984594
慼,悤,0.7228052673179954
慼,慦,0.7196443096695482
慼,息,0.7189535344815203
