char1,char2,similarity
憅,憅,1.0
憅,懃,0.7842773983533232
憅,戁,0.7220297550918228
憅,勲,0.7133110587920387
憅,慈,0.7025913230686593
憅,慐,0.6993531722122595
憅,憋,0.6973715261670559
憅,愸,0.69259795996812
憅,慦,0.6925445123839646
憅,慝,0.6895530504983608
