char1,char2,similarity
憉,憉,1.0
憉,嘭,0.7390817426121737
憉,憿,0.7263724813781948
憉,懠,0.7255270236947966
憉,慚,0.7222996002752368
憉,懚,0.7151083992230911
憉,憞,0.7147114280826784
憉,懄,0.7124337237085608
憉,懴,0.712388095166822
憉,愶,0.7030247885404761
