char1,char2,similarity
憂,憂,1.0
憂,愛,0.7230183036833565
憂,髲,0.7181936974907506
憂,夏,0.717348068030733
憂,曼,0.7140199086560505
憂,轟,0.7127469947410683
憂,薆,0.7073845668894381
憂,贀,0.7046496590860992
憂,霬,0.6993798855744832
憂,霋,0.6950743001626586
