char1,char2,similarity
憆,憆,1.0
憆,摚,0.8339193479133952
憆,隚,0.7951125975719505
憆,镗,0.793743809401192
憆,漟,0.7854789768916247
憆,惇,0.78400754891483
憆,悓,0.77539723450046
憆,惺,0.7745440439837681
憆,悍,0.7661700429736876
憆,悼,0.7650212858566092
