char1,char2,similarity
憏,憏,1.0
憏,憡,0.76306929291216
憏,傺,0.7610082928312504
憏,惵,0.7521373796209192
憏,懧,0.7504859563812425
憏,愾,0.7450739604613233
憏,怓,0.7434965606548191
憏,愅,0.7412892976187785
憏,憭,0.7395904124927426
憏,憚,0.7391089512747956
