char1,char2,similarity
憌,憌,1.0
憌,懖,0.7434705891113602
憌,愸,0.7311132061883806
憌,憇,0.7257836637155286
憌,葸,0.724696990521861
憌,慁,0.7204834362177648
憌,恕,0.7165228613389555
憌,愂,0.7155525248519207
憌,愳,0.7154998595408412
憌,恚,0.7145263148517557
