char1,char2,similarity
憋,憋,1.0
憋,憼,0.7358833734023441
憋,愍,0.7278938477002824
憋,慜,0.7239299035717127
憋,憝,0.7216098398186434
憋,憨,0.7210074128738102
憋,慗,0.718262937074381
憋,懃,0.7162656193405452
憋,悆,0.7145606840240576
憋,懟,0.7118024100583836
