char1,char2,similarity
憓,憓,1.0
憓,僡,0.7986927508127732
憓,橞,0.7754456272973455
憓,憶,0.771067303459141
憓,穗,0.7698694611011413
憓,璤,0.7675672243502921
憓,潓,0.7635270657400459
憓,僖,0.7606241023769519
憓,懱,0.7564013852837157
憓,惇,0.7557937093640328
