char1,char2,similarity
憍,憍,1.0
憍,墧,0.8504869141233353
憍,僑,0.7863175938325531
憍,燆,0.7811866705426201
憍,懦,0.7738010182043894
憍,撟,0.7616572493842217
憍,憒,0.7574665448595694
憍,愒,0.7568228319872633
憍,憤,0.7565268036371104
憍,愊,0.7562585566584085
