char1,char2,similarity
憛,憛,1.0
憛,撢,0.8480427390104494
憛,谭,0.8117022284593015
憛,懌,0.7887269532534047
憛,墰,0.7802155059339073
憛,憻,0.779218468151318
憛,曋,0.7765460419468926
憛,懁,0.7760849311615575
憛,慓,0.7734529964795384
憛,慞,0.7684464725621206
