char1,char2,similarity
憚,憚,1.0
憚,僤,0.8100599003978508
憚,愅,0.7968576273845636
憚,墠,0.7931035699316117
憚,撣,0.7892908705010255
憚,惸,0.7862854338665927
憚,愪,0.7776734259719166
憚,懌,0.7703742851050598
憚,惮,0.7698043148113988
憚,懁,0.7693843302214212
