char1,char2,similarity
憝,憝,1.0
憝,憨,0.7604713997085223
憝,慗,0.7414874404154798
憝,慤,0.7309305492385786
憝,悥,0.7232479911970046
憝,慜,0.7220575924997751
憝,憋,0.7216098398186434
憝,憼,0.717171819164261
憝,慈,0.7164706645656141
憝,懯,0.7150843878393826
