char1,char2,similarity
憘,憘,1.0
憘,愮,0.7835883504554207
憘,慛,0.7731272751720702
憘,愪,0.7729017769485141
憘,懥,0.7727098395384876
憘,慉,0.7682361688187369
憘,愩,0.7621571341370462
憘,僖,0.7600461526241573
憘,恓,0.7594854324868372
憘,慱,0.7594135919544707
