char1,char2,similarity
憜,憜,1.0
憜,撱,0.8448265153991763
憜,嫷,0.7706972081312135
憜,憪,0.7448743502456132
憜,懭,0.742466207658356
憜,憫,0.7326438926358867
憜,惤,0.7231646609057002
憜,慲,0.7193391514261044
憜,憭,0.7191403375106974
憜,惻,0.7184202412774976
