char1,char2,similarity
憦,憦,1.0
憦,嘮,0.7408223056450306
憦,僗,0.7358468142586789
憦,憞,0.721745928895569
憦,撈,0.7174950053032508
憦,懵,0.7169966028324654
憦,懰,0.7133050143062776
憦,懫,0.7111660296611004
憦,僀,0.7046331393515181
憦,悮,0.7037996327400284
