char1,char2,similarity
憤,憤,1.0
憤,憒,0.8438197323904376
憤,墳,0.8400984055958683
憤,惯,0.8057755403649789
憤,惲,0.7782160315393305
憤,慏,0.7759014473895971
憤,隫,0.7700042949919652
憤,慣,0.7683058358677838
憤,愄,0.7607355931460695
憤,憆,0.7602893737019452
