char1,char2,similarity
憞,憞,1.0
憞,憿,0.7861349816557976
憞,镦,0.7688549891192703
憞,暾,0.7679551757739738
憞,獤,0.7636060861520962
憞,礅,0.7632247459694375
憞,譈,0.7599093728555967
憞,橔,0.7561666837542861
憞,燉,0.7556327195543663
憞,犜,0.7551980272512496
