char1,char2,similarity
憡,憡,1.0
憡,懆,0.7719291196803396
憡,悚,0.7660518940752347
憡,惵,0.7638800956650214
憡,憏,0.76306929291216
憡,憛,0.7613079332952314
憡,懌,0.7542000688281719
憡,懞,0.7471677872231638
憡,憚,0.7460083421915364
憡,懁,0.7445147322856194
