char1,char2,similarity
憱,憱,1.0
憱,僦,0.7484094657163991
憱,慽,0.7390061324229912
憱,殧,0.7339696851552505
憱,懺,0.7272927056588187
憱,佩,0.7168190958739198
憱,蹴,0.7147624908228828
憱,愀,0.7138952138072246
憱,傠,0.709286415076337
憱,慚,0.7076349162847017
