char1,char2,similarity
憨,憨,1.0
憨,憝,0.7604713997085223
憨,慰,0.7358939348778198
憨,懯,0.7301298720880567
憨,悘,0.7278581291454372
憨,慇,0.7267982852795173
憨,慈,0.72445283336181
憨,憋,0.7210074128738102
憨,愍,0.7147723500153822
憨,憼,0.7102261342596046
