char1,char2,similarity
憰,憰,1.0
憰,愊,0.7610499588620486
憰,噊,0.758309803225859
憰,懦,0.7582824743556583
憰,懌,0.7557381732267255
憰,愒,0.750452754362004
憰,愑,0.7502310014501412
憰,慖,0.7488642349690908
憰,憍,0.7467664614321377
憰,谲,0.74588097121809
