char1,char2,similarity
憹,憹,1.0
憹,憺,0.8076213273196406
憹,儂,0.7971195944959611
憹,燶,0.7832286399051864
憹,檂,0.774939149643822
憹,嶩,0.767120647243648
憹,懹,0.7634117923449005
憹,懵,0.7621413426707364
憹,慵,0.7586811156026966
憹,慩,0.7578400281464314
