char1,char2,similarity
憵,憵,1.0
憵,壁,0.7546185306702806
憵,愳,0.7521920092397522
憵,悥,0.7501018424544146
憵,嬖,0.7370844287986393
憵,悤,0.7284163748409755
憵,恖,0.7255415258920899
憵,忿,0.7238600303288285
憵,愗,0.7220041455386341
憵,悊,0.7214423771422278
