char1,char2,similarity
憴,憴,1.0
憴,僶,0.7973974005045562
憴,憢,0.7528385195588435
憴,懼,0.7501383146241049
憴,憀,0.7465969452206087
憴,惙,0.7382595257117448
憴,憫,0.7381014916782676
憴,憪,0.7370512218039347
憴,懮,0.7356971211039488
憴,懌,0.7354309599077764
