char1,char2,similarity
懅,懅,1.0
懅,壉,0.8229543160520387
懅,璩,0.7685598487626365
懅,據,0.7521245339987749
懅,憈,0.7422849885660457
懅,懤,0.738994066270965
懅,懛,0.7351918147045394
懅,惼,0.7347353947395968
懅,爐,0.733087487819695
懅,攄,0.7328003212324138
