char1,char2,similarity
憾,憾,1.0
憾,撼,0.8453205109170222
憾,澸,0.7411701763049086
憾,懅,0.7270958292265269
憾,憽,0.721732105561492
憾,懐,0.7155526969864919
憾,惚,0.7155419239380867
憾,憪,0.7149024474809959
憾,懳,0.7115918703512122
憾,愡,0.7110286449184675
