char1,char2,similarity
憼,憼,1.0
憼,慜,0.7925270915945247
憼,檠,0.7455703438214155
憼,慗,0.7361213182466484
憼,憋,0.7358833734023441
憼,慦,0.7332638428967535
憼,悤,0.7321819054139436
憼,患,0.7297334768877356
憼,恵,0.72131471639981
憼,愨,0.7209891963025254
