char1,char2,similarity
懀,懀,1.0
懀,徻,0.8138060575905802
懀,禬,0.8122899384332927
懀,澮,0.8004501499560227
懀,嬒,0.7917731021880726
懀,懵,0.7842486474053189
懀,慻,0.7826313765407718
懀,瞺,0.7689358378092386
懀,愶,0.7647517726031621
懀,糩,0.7645343521724131
