char1,char2,similarity
懃,懃,1.0
懃,戁,0.7872564634100937
懃,憅,0.7842773983533232
懃,愂,0.7366400346996356
懃,憋,0.7162656193405452
懃,慁,0.7151914760126835
懃,憩,0.7140991263301684
懃,愸,0.7068419066746499
懃,慙,0.7064791009243081
懃,憼,0.7064297717320959
