char1,char2,similarity
懄,懄,1.0
懄,慟,0.7429351221427599
懄,爋,0.7367284296959608
懄,懰,0.7130386952414409
懄,憉,0.7124337237085608
懄,懪,0.7102630714221501
懄,憢,0.7070116556624706
懄,憪,0.7061267909835922
懄,懏,0.7014373599547419
懄,憫,0.6997461835035679
