char1,char2,similarity
懌,懌,1.0
懌,墿,0.8098871859132191
懌,澤,0.7983780092383055
懌,嶧,0.7900480584539958
懌,憛,0.7887269532534047
懌,惲,0.7849903483021671
懌,擇,0.77891788142097
懌,惿,0.7704867760720983
懌,憚,0.7703742851050598
懌,慓,0.7699325495856432
