char1,char2,similarity
懈,懈,1.0
懈,獬,0.800107743371027
懈,澥,0.7715681139650497
懈,嶰,0.7419619391309343
懈,惭,0.7196414776902443
懈,慠,0.7152162218081931
懈,戂,0.7059034771309665
懈,檞,0.705271897385008
懈,憱,0.7032757192057217
懈,偑,0.7030267316187349
