char1,char2,similarity
懎,懎,1.0
懎,墻,0.8065569581798128
懎,濇,0.7781303904161975
懎,慞,0.7704329939185288
懎,愔,0.7659959918194168
懎,愠,0.7614605937820463
懎,慣,0.7572887187700708
懎,慅,0.7548601076941815
懎,懡,0.7535500374414574
懎,慬,0.7509410324220309
