char1,char2,similarity
懆,懆,1.0
懆,燥,0.7941379259973279
懆,惵,0.7922469305242686
懆,操,0.7887913590989828
懆,憡,0.7719291196803396
懆,悵,0.7659275404949831
懆,愞,0.7642757461097451
懆,噪,0.7634006927236664
懆,澡,0.7619985427251343
懆,矂,0.7614541542931794
