char1,char2,similarity
懋,懋,1.0
懋,壄,0.7199051087202524
懋,恳,0.704484516071412
懋,愈,0.699243539696404
懋,悥,0.6983451478052898
懋,慹,0.6950479904720079
懋,愆,0.6944412128768414
懋,悉,0.6918315416474232
懋,憲,0.6918279642881211
懋,悬,0.6915060044212185
