char1,char2,similarity
懒,懒,1.0
懒,獭,0.7861904396775433
懒,懶,0.7390926167756566
懒,攋,0.7282611766549478
懒,瓎,0.7175675309006704
懒,悵,0.7152913934397137
懒,懆,0.7124970971409929
懒,惵,0.7109461872954971
懒,怓,0.7078380762042376
懒,憡,0.7072018183051159
