char1,char2,similarity
懐,懐,1.0
懐,懷,0.7710141927335837
懐,懱,0.7591014260212727
懐,愱,0.7493972758410569
懐,憳,0.747686817913945
懐,壞,0.7458805830216316
懐,懍,0.7409666359510632
懐,慡,0.7379584677221029
懐,惍,0.7329184849720595
懐,慊,0.732886487564824
