char1,char2,similarity
懔,懔,1.0
懔,憻,0.8397288663270921
懔,懍,0.7969870947037949
懔,儃,0.7920374035872798
懔,擅,0.7714985542231653
懔,懤,0.76564186540538
懔,壈,0.758317871839547
懔,檀,0.7569993084479928
懔,瘭,0.7558364148260915
懔,憛,0.748686645515443
