char1,char2,similarity
懕,懕,1.0
懕,壓,0.7240138375649202
懕,應,0.7221683517382169
懕,屌,0.7047983419652566
懕,孱,0.7014406356570012
懕,慮,0.698108381500509
懕,厕,0.6976610510384658
懕,厠,0.6970395529363594
懕,愿,0.6962958562122854
懕,厥,0.696010177938073
