char1,char2,similarity
懑,懑,1.0
懑,懣,0.7161821935071496
懑,憊,0.715804543722569
懑,意,0.7043406202361466
懑,患,0.7028671295544596
懑,懖,0.698429718534747
懑,惠,0.6977575694261456
懑,壅,0.6931579434487084
懑,感,0.6904093761327478
懑,憩,0.6895748348121409
