char1,char2,similarity
懖,懖,1.0
懖,憌,0.7434705891113602
懖,慁,0.7335116165897476
懖,態,0.7333615177777687
懖,慈,0.7193452770182015
懖,憄,0.716334182097561
懖,惖,0.7144241613838612
懖,蒠,0.712088595215674
懖,慇,0.7114873892531057
懖,悳,0.7077020286194475
