char1,char2,similarity
懘,懘,1.0
懘,懣,0.7371533331294999
懘,慂,0.7371308500168414
懘,憥,0.7176121040173778
懘,悹,0.7137774852069957
懘,憵,0.7120633769638242
懘,悤,0.7096365347471035
懘,慼,0.7076225609556741
懘,恖,0.7047887472065008
懘,惹,0.7018622168730413
