char1,char2,similarity
懗,懗,1.0
懗,爀,0.8017274278372032
懗,嚇,0.7185371321883494
懗,憞,0.7141851129075202
懗,憦,0.6982923872406035
懗,慚,0.6929893578501216
懗,懄,0.6929670371707279
懗,戄,0.691258577569703
懗,憱,0.689702841185397
懗,惼,0.688507135434238
