char1,char2,similarity
懚,懚,1.0
懚,懳,0.7480968158829169
懚,懮,0.7391239491787671
懚,懛,0.7362275968403518
懚,懓,0.7356723358731674
懚,憳,0.7352204582357376
懚,懼,0.7328921939980964
懚,戄,0.7325065160205602
懚,濦,0.7300682950672363
懚,懪,0.7284655185874096
