char1,char2,similarity
懡,懡,1.0
懡,慵,0.7634708692431701
懡,憁,0.7559283511363402
懡,愘,0.7539742910509448
懡,懎,0.7535500374414574
懡,惞,0.7535322087145466
懡,慞,0.7440479873470778
懡,慷,0.7440155055083262
懡,愹,0.7429953651537201
懡,憈,0.7421592763188642
