char1,char2,similarity
懞,懞,1.0
懞,檬,0.769658595391584
懞,愇,0.7566692992237207
懞,慬,0.7528214895671451
懞,憡,0.7471677872231638
懞,慷,0.7449031101948739
懞,懤,0.7429665213943476
懞,憻,0.7415865159791505
懞,慒,0.7393205576486304
懞,愯,0.7376402092394587
