char1,char2,similarity
懛,懛,1.0
懛,擡,0.8354912194401587
懛,儓,0.8125619352503717
懛,僵,0.7681353368141792
懛,憻,0.765127800807542
懛,憛,0.7649684708558007
懛,嬯,0.7570124650817724
懛,懤,0.7540011155208243
懛,愶,0.7485019776223611
懛,憳,0.7430066563688014
