char1,char2,similarity
懠,懠,1.0
懠,嚌,0.8017373068965916
懠,儕,0.7983917964283254
懠,擠,0.7846696552478368
懠,憭,0.741235221298698
懠,懍,0.7376580652205904
懠,濟,0.7332330223822748
懠,穧,0.7330442762172573
懠,懩,0.7255613748252429
懠,憉,0.7255270236947966
