char1,char2,similarity
懣,懣,1.0
懣,懘,0.7371533331294999
懣,惪,0.7285455740017052
懣,悥,0.7277544971346629
懣,悹,0.7227930563369405
懣,懑,0.7161821935071496
懣,悫,0.7153995201764188
懣,悘,0.7151685451851608
懣,惷,0.7121361661715286
懣,慂,0.7108503275601131
