char1,char2,similarity
懝,懝,1.0
懝,擬,0.7962523077770185
懝,儗,0.7927862761596011
懝,憭,0.7280872962751548
懝,懹,0.7190024594329593
懝,憀,0.7169012135688073
懝,愾,0.7161308239601782
懝,懮,0.7157052511591341
懝,惻,0.7156091348398187
懝,懚,0.7148631619006742
