char1,char2,similarity
懜,懜,1.0
懜,儚,0.7925986483493606
懜,慒,0.7626340884369487
懜,停,0.7584688671289632
懜,愋,0.7478404608616913
懜,恛,0.7392174494019028
懜,懞,0.7351612173355336
懜,惇,0.7313290705814651
懜,愯,0.7282297745598976
懜,慄,0.7278753576107985
