char1,char2,similarity
懟,懟,1.0
懟,憇,0.7315099907196942
懟,悘,0.7189846391615771
懟,憋,0.7118024100583836
懟,悹,0.7112471018544393
懟,悆,0.7086671453643834
懟,慁,0.7040782723724442
懟,慰,0.7030840240198389
懟,愂,0.7003316553965167
懟,怱,0.6973781193429779
