char1,char2,similarity
懪,懪,1.0
懪,瀑,0.8115904325720226
懪,嚗,0.7424241662826215
懪,憳,0.7417090969040688
懪,懾,0.7358498720360448
懪,懚,0.7284655185874096
懪,憭,0.7265658222140565
懪,懷,0.7261570498968852
懪,懏,0.7256700435034403
懪,悽,0.7221577171190481
