char1,char2,similarity
懦,懦,1.0
懦,擩,0.8182884263180616
懦,襦,0.8148391779842468
懦,壖,0.7962060652527431
懦,慣,0.7836425419509164
懦,憍,0.7738010182043894
懦,瓀,0.7680739526017727
懦,憒,0.763684288186853
懦,憰,0.7582824743556583
懦,孺,0.7546165797654624
