char1,char2,similarity
懥,懥,1.0
懥,憒,0.7898557139488053
懥,憘,0.7727098395384876
懥,慣,0.7610622590948959
懥,憤,0.7583442070708317
懥,嚏,0.7573281628428745
懥,樗,0.7512810521255018
懥,憻,0.7507706543233302
懥,憶,0.7488290666444246
懥,慱,0.7482361048016818
