char1,char2,similarity
懧,懧,1.0
懧,儜,0.8120677208801534
懧,擰,0.8024075416695452
懧,檸,0.7808582914221759
懧,愺,0.7770861142983224
懧,濘,0.7770779618242948
懧,矃,0.7718881279026952
懧,嚀,0.7693769785547846
懧,惇,0.7616348397037475
懧,嬣,0.7604366637708518
