char1,char2,similarity
懫,懫,1.0
懫,慣,0.7884143021077402
懫,櫍,0.7825796951840617
懫,摜,0.7449320872462496
懫,懩,0.7408811702502709
懫,憪,0.7389419961897695
懫,價,0.7383546727823366
懫,瓆,0.7361579062839282
懫,僋,0.7349522861919188
懫,憒,0.7312222148011567
