char1,char2,similarity
懨,懨,1.0
懨,擫,0.7227615171882623
懨,撅,0.7076866171240437
懨,嚈,0.7073159510719896
懨,佩,0.6994823017418408
懨,慟,0.6921950872792735
懨,懶,0.6828400388628701
懨,愲,0.6824218094083242
懨,湚,0.6796914186351755
懨,衕,0.6794632750823069
