char1,char2,similarity
懬,懬,1.0
懬,廈,0.7406015075235646
懬,悥,0.7366817827423114
懬,厅,0.7343105494529655
懬,庬,0.7330061243486047
懬,扈,0.7292611941420627
懬,広,0.7276169699959991
懬,庸,0.7257558708600099
懬,厄,0.7229731147519104
懬,廛,0.7219115859629446
