char1,char2,similarity
懩,懩,1.0
懩,懫,0.7408811702502709
懩,憣,0.7397852247710972
懩,礢,0.7385011291280403
懩,懠,0.7255613748252429
懩,攁,0.7189315949147249
懩,懳,0.714704148076505
懩,瀁,0.7130369951585175
懩,惤,0.7129687080249272
懩,戄,0.7104099732389474
