char1,char2,similarity
懶,懶,1.0
懶,攋,0.7912093152244326
懶,瓎,0.7784404183477238
懶,獺,0.7593573775201448
懶,嬾,0.7400065888771102
懶,懒,0.7390926167756566
懶,憱,0.6990786808978319
懶,獭,0.6986723028723248
懶,敒,0.6984244358138951
懶,潄,0.6944285176458797
