char1,char2,similarity
懵,懵,1.0
懵,懀,0.7842486474053189
懵,憹,0.7621413426707364
懵,橹,0.7609692600907235
懵,慻,0.7600008338500869
懵,憣,0.7509486004718432
懵,愶,0.7492844900611212
懵,憺,0.7449784822309246
懵,惽,0.7396089555387667
懵,懛,0.7364931456661659
