char1,char2,similarity
懮,懮,1.0
懮,擾,0.7828323817778167
懮,瓇,0.7765430814021363
懮,懓,0.7749570390924777
懮,悽,0.7597169524383071
懮,櫌,0.7445945503784727
懮,慻,0.7429015119893839
懮,戄,0.739575992556164
懮,懚,0.7391239491787671
懮,愶,0.7385692694791475
