char1,char2,similarity
懼,懼,1.0
懼,懽,0.7953395267859191
懼,灈,0.7862240009131037
懼,憧,0.7588291383302379
懼,憴,0.7501383146241049
懼,慴,0.739298473103345
懼,愜,0.7363277794764461
懼,嚾,0.7363150485873815
懼,憀,0.7345778887670306
懼,懚,0.7328921939980964
