char1,char2,similarity
懸,懸,1.0
懸,感,0.6752986578042581
懸,惷,0.6703546115088249
懸,慰,0.6680285764205836
懸,慹,0.6662531662089158
懸,憠,0.6640716437478341
懸,憝,0.6640121634845506
懸,態,0.6638232110554394
懸,懲,0.6633468760232742
懸,愻,0.6629579977598119
