char1,char2,similarity
懹,懹,1.0
懹,懳,0.7802428695199588
懹,儴,0.7730064553423697
懹,攘,0.7715975593887693
懹,慺,0.7703923703029029
懹,憹,0.7634117923449005
懹,壤,0.7601297931438636
懹,瀼,0.7595111555439396
懹,忀,0.7519714506433796
懹,嚷,0.747845898870794
