char1,char2,similarity
懿,懿,1.0
懿,鷧,0.7047276883025058
懿,皼,0.700035800273051
懿,慧,0.6782683728238046
懿,釔,0.673566758784573
懿,錰,0.6717842270261306
懿,豓,0.6709396390191735
懿,棗,0.6706862329955989
懿,亄,0.6704478057417208
懿,怌,0.6694820868064478
