char1,char2,similarity
戈,戈,1.0
戈,丶,0.763896198073034
戈,二,0.755269809639892
戈,乀,0.7530788619481014
戈,九,0.7503922258730403
戈,弋,0.7500648238378751
戈,父,0.7475980344259692
戈,丿,0.7440420928658293
戈,尢,0.7430523943570347
戈,艹,0.7412862417775291
