char1,char2,similarity
戉,戉,1.0
戉,戍,0.7618034909735325
戉,戌,0.7586904911950979
戉,戎,0.7567430091752095
戉,砇,0.7486047100453862
戉,广,0.7390791743296362
戉,戓,0.7380769768801468
戉,乛,0.737530681284125
戉,末,0.7366342588494375
戉,叹,0.7364765237377182
