char1,char2,similarity
戔,戔,1.0
戔,尧,0.6958221206029909
戔,毛,0.69414045619545
戔,土,0.6880160419270193
戔,工,0.6873358992239362
戔,亖,0.6871408830823768
戔,壬,0.6867652522523836
戔,圡,0.6844400281351022
戔,芕,0.6841446131582781
戔,苃,0.683979764188643
