char1,char2,similarity
戍,戍,1.0
戍,戌,0.8334432502729681
戍,广,0.7713883237144796
戍,戉,0.7618034909735325
戍,皮,0.7561188942286833
戍,戊,0.7545451569604439
戍,应,0.7501260328418039
戍,口,0.7441903637424514
戍,戓,0.736782155198834
戍,庄,0.733270624596678
