char1,char2,similarity
战,战,1.0
战,戏,0.763008367509159
战,戕,0.7368013183354426
战,覘,0.7367226551016011
战,敀,0.7366978912762272
战,找,0.7356752191895466
战,牫,0.7345817603102291
战,伐,0.7276937551315468
战,线,0.7259953469727161
战,或,0.7253043655488718
