char1,char2,similarity
戝,戝,1.0
戝,戙,0.7628806979803722
戝,戨,0.7585655312936529
戝,浌,0.7443277366691976
戝,戤,0.7332037405410635
戝,戥,0.7327545336739619
戝,败,0.7320252488332083
戝,戡,0.7300982949541269
戝,敗,0.7286015495679575
戝,則,0.7275402658239991
