char1,char2,similarity
戛,戛,1.0
戛,夏,0.7546915977632489
戛,蓦,0.7390683487137968
戛,罼,0.7350158971236669
戛,雩,0.7328566110232851
戛,雮,0.7295285029862423
戛,雭,0.7264373980929736
戛,嵔,0.7193607571014297
戛,電,0.714914390832635
戛,雲,0.71085444015065
