char1,char2,similarity
戜,戜,1.0
戜,甙,0.7592133862466733
戜,戚,0.7528489582932962
戜,减,0.74116300010785
戜,彧,0.7395418373459937
戜,烕,0.724079902484769
戜,威,0.7231128936310515
戜,韱,0.7169946499942313
戜,狘,0.71341606279379
戜,咸,0.7129101124915256
