char1,char2,similarity
或,或,1.0
或,戓,0.8236662284266879
或,成,0.7724041432119847
或,弍,0.7482625247262111
或,戎,0.7398799825174237
或,戒,0.7388695015495194
或,戏,0.7365246658039709
或,戌,0.7364825819352738
或,戍,0.7329761471640559
或,弎,0.7284009884873892
