char1,char2,similarity
戥,戥,1.0
戥,戤,0.7554694853123752
戥,戡,0.7498153372886937
戥,戙,0.737142886091163
戥,戰,0.7363270151070223
戥,戝,0.7327545336739619
戥,戨,0.7300982543958024
戥,戧,0.7214713879194061
戥,韱,0.721313739419748
戥,浌,0.7118245369446764
