char1,char2,similarity
戦,戦,1.0
戦,戨,0.7544844959473018
戦,戟,0.7407051438040151
戦,戙,0.7367811093310459
戦,戭,0.7355992662089555
戦,戰,0.7348724840739997
戦,戮,0.7311853815263251
戦,戧,0.7299667118443652
戦,戣,0.7283348885689557
戦,戝,0.7242859293531286
