char1,char2,similarity
戨,戨,1.0
戨,戝,0.7585655312936529
戨,戦,0.7544844959473018
戨,戩,0.7511083167742991
戨,戧,0.7492147072752908
戨,戙,0.7455897666436343
戨,戣,0.7343097623981386
戨,戰,0.7339778946781834
戨,戥,0.7300982543958024
戨,戡,0.7260106634136512
