char1,char2,similarity
戢,戢,1.0
戢,哉,0.7163110407246
戢,箃,0.715989482984795
戢,罠,0.7086885802819911
戢,戠,0.7039261483798286
戢,戝,0.7026261355558622
戢,殿,0.6987751997842792
戢,烕,0.6964561651950246
戢,武,0.694615210561581
戢,嶯,0.6945040986626566
