char1,char2,similarity
戧,戧,1.0
戧,戨,0.7492147072752908
戧,戭,0.7463926413194436
戧,戙,0.7324351322121732
戧,戡,0.7315233759212043
戧,戦,0.7299667118443652
戧,栰,0.7269061207309095
戧,戯,0.7264109490777568
戧,戥,0.7214713879194061
戧,戱,0.7184546237722675
