char1,char2,similarity
戩,戩,1.0
戩,戳,0.7630584478039644
戩,戨,0.7511083167742991
戩,戣,0.739932791863802
戩,戙,0.7275238821792086
戩,戬,0.7211781058895835
戩,戲,0.7204309837870101
戩,戯,0.7191324732880738
戩,戭,0.7099318016986874
戩,戵,0.7097053280686904
