char1,char2,similarity
戫,戫,1.0
戫,龓,0.7363768129515775
戫,慽,0.7325235516746867
戫,瑊,0.725252297382412
戫,馘,0.7162541989233843
戫,蜮,0.7160527621040821
戫,椷,0.7157244748071923
戫,聝,0.7152326713747741
戫,槭,0.7138279180585864
戫,鯎,0.7125711221736385
