char1,char2,similarity
戬,戬,1.0
戬,戩,0.7211781058895835
戬,乨,0.707916967299559
戬,戝,0.7036594605880927
戬,戨,0.703649239147312
戬,臷,0.6988645840467758
戬,胾,0.6957300742800135
戬,怋,0.6953930092020095
戬,敔,0.6953660774929771
戬,戜,0.6908376826826182
