char1,char2,similarity
截,截,1.0
截,韯,0.7576813511840238
截,貮,0.7417673075195967
截,馛,0.7338585208980286
截,泧,0.7317938348288705
截,臷,0.7098621089352406
截,戧,0.6978435007121
截,胾,0.695147569715443
截,戠,0.6946897817274544
截,戴,0.6914871636782625
