char1,char2,similarity
戭,戭,1.0
戭,戧,0.7463926413194436
戭,戣,0.7454813524016088
戭,戦,0.7355992662089555
戭,戯,0.7209823074339936
戭,戙,0.7204746374436855
戭,戤,0.7202918352596289
戭,戨,0.7198161339827505
戭,貮,0.7165226333195166
戭,栰,0.7100174657105199
