char1,char2,similarity
戰,戰,1.0
戰,戙,0.7551634914000145
戰,戥,0.7363270151070223
戰,戦,0.7348724840739997
戰,戨,0.7339778946781834
戰,斁,0.7267808880276114
戰,戝,0.7258692607860188
戰,戤,0.7129446580593432
戰,戮,0.6997736522286055
戰,眓,0.6971559462414341
