char1,char2,similarity
戹,戹,1.0
戹,房,0.806134377750309
戹,扂,0.7896976797838233
戹,庖,0.7826656772481386
戹,肩,0.7802696019704046
戹,戻,0.7795746078694568
戹,底,0.7778438206795407
戹,扄,0.7713428429809973
戹,庄,0.7657926699307801
戹,危,0.7625265141935552
