char1,char2,similarity
戴,戴,1.0
戴,酨,0.7428981509301461
戴,數,0.7082028108282291
戴,狨,0.703630598160835
戴,狘,0.6988787217451194
戴,威,0.6974611144039912
戴,眓,0.6962596644621527
戴,减,0.6937662594700484
戴,截,0.6914871636782625
戴,甙,0.690395942912148
