char1,char2,similarity
戸,戸,1.0
戸,戶,0.851485410663339
戸,户,0.830188570522681
戸,冫,0.7978767252349936
戸,厈,0.7904916030626287
戸,一,0.7898613185378912
戸,宀,0.7889147287887252
戸,氵,0.7883536334134682
戸,乛,0.7857206512775566
戸,尸,0.7757418094994009
