char1,char2,similarity
戻,戻,1.0
戻,戾,0.8104431555380187
戻,底,0.7930133650480163
戻,扄,0.7900756694898503
戻,庌,0.7891696527507793
戻,庂,0.7875195543875353
戻,房,0.7863519397894722
戻,扂,0.7843140893081824
戻,戹,0.7795746078694568
戻,肩,0.7747968238257584
