char1,char2,similarity
户,户,1.0
户,戶,0.8599318711149025
户,广,0.8540031684129401
户,乛,0.8464378393113425
户,戸,0.830188570522681
户,一,0.8248262695167801
户,冫,0.818800074712029
户,卢,0.799766598521261
户,丶,0.7982677466918613
户,氵,0.7961671937905648
