char1,char2,similarity
戾,戾,1.0
戾,戻,0.8104431555380187
戾,戽,0.8076410602820957
戾,廆,0.7886592897895094
戾,庑,0.7745333645725444
戾,庂,0.7629970169575804
戾,庹,0.7583556701530031
戾,扃,0.7549984612781652
戾,宸,0.7498420529919683
戾,庻,0.7471737016983413
