char1,char2,similarity
扄,扄,1.0
扄,扃,0.8348498591467834
扄,扂,0.8103248245297225
扄,戻,0.7900756694898503
扄,戹,0.7713428429809973
扄,肩,0.7659064985515391
扄,扇,0.7642340975838001
扄,扁,0.7625502712690777
扄,烏,0.7612503933201121
扄,扆,0.7576516615104442
