char1,char2,similarity
扅,扅,1.0
扅,扊,0.7719940318671634
扅,扆,0.7431691589631808
扅,庚,0.7381282958443145
扅,届,0.7359627821929654
扅,雇,0.735130596328384
扅,肁,0.734026280668535
扅,帍,0.7308396424552673
扅,盾,0.726866174518141
扅,庳,0.7238466742905552
