char1,char2,similarity
扃,扃,1.0
扃,扄,0.8348498591467834
扃,扂,0.7983544306692663
扃,扇,0.7957247621687975
扃,肩,0.7931437854162011
扃,庯,0.7815555485476584
扃,庘,0.7776708003893587
扃,戻,0.7666935411895234
扃,庉,0.7629414822014866
扃,戹,0.7617791491651524
