char1,char2,similarity
扆,扆,1.0
扆,戻,0.772384511811223
扆,康,0.7648698734570021
扆,扄,0.7576516615104442
扆,杘,0.7574070348480723
扆,仄,0.7567247749211365
扆,広,0.7536936742561967
扆,厂,0.7500632164604828
扆,肁,0.7496165026793823
扆,帍,0.7491178939872914
