char1,char2,similarity
所,所,1.0
所,歽,0.7818531063406148
所,厂,0.7657268738951111
所,斫,0.7603376208693691
所,臣,0.7592293084880865
所,肵,0.7587131116714098
所,亍,0.754672326764718
所,析,0.7546056194822377
所,巨,0.7519524048527
所,庁,0.7510658881665989
