char1,char2,similarity
扂,扂,1.0
扂,扄,0.8103248245297225
扂,扃,0.7983544306692663
扂,戹,0.7896976797838233
扂,戻,0.7843140893081824
扂,房,0.7834061011691454
扂,肩,0.7788340929860845
扂,庤,0.7691764137710942
扂,庄,0.76435780800372
扂,宫,0.7567191113955608
