char1,char2,similarity
扏,扏,1.0
扏,扰,0.8136910093550954
扏,杌,0.7975997951794609
扏,执,0.7932982211125461
扏,抁,0.7859989112025325
扏,机,0.7808771986478356
扏,找,0.7775084643674361
扏,扥,0.7774333560734705
扏,扔,0.7765362976722283
扏,仇,0.7758116895471457
