char1,char2,similarity
扌,扌,1.0
扌,丨,0.862222817607721
扌,亅,0.8548841703382896
扌,丶,0.8467151910444355
扌,卜,0.8401042709542411
扌,丿,0.8376623696367781
扌,宀,0.8311831567928701
扌,乛,0.8260155075306532
扌,下,0.8259166520352139
扌,上,0.8234831025221471
