char1,char2,similarity
扈,扈,1.0
扈,塵,0.7681662295045755
扈,豊,0.75597153700455
扈,悹,0.7512917084281336
扈,廌,0.7459390980458759
扈,違,0.7428127313834451
扈,肁,0.7405981834742835
扈,廎,0.7378825707760938
扈,遑,0.73742638501414
扈,緳,0.7372975987779206
