char1,char2,similarity
扑,扑,1.0
扑,扎,0.8120413244026002
扑,讣,0.8052875104982384
扑,圤,0.7959781035514512
扑,补,0.7921087360082982
扑,忄,0.7805382129123845
扑,仆,0.7778610038470155
扑,扖,0.7751452344106593
扑,払,0.7725463079183581
扑,朴,0.7717825196516482
