char1,char2,similarity
手,手,1.0
手,芋,0.862333704833337
手,宇,0.8387639242934481
手,亅,0.8122319782540152
手,字,0.8098567372301465
手,亍,0.8078718570061005
手,芉,0.8075491433646313
手,苸,0.8007936711253615
手,乎,0.795141997915612
手,丨,0.7938731860807547
