char1,char2,similarity
払,払,1.0
払,扖,0.795593171503682
払,扒,0.7900434693289855
払,仏,0.7823157882288756
払,拈,0.7809357702428827
払,拍,0.7774939074314001
払,朳,0.7762649523989006
払,扑,0.7725463079183581
払,扎,0.7650568564675346
払,扗,0.764512204964739
