char1,char2,similarity
扡,扡,1.0
扡,杝,0.8291669675590847
扡,她,0.7812412337944245
扡,柂,0.7799714022083479
扡,把,0.7766428529682902
扡,扯,0.7744239048737384
扡,扲,0.7725310330507392
扡,扗,0.7697897139891274
扡,祂,0.7686092604513314
扡,扰,0.7675044983315525
