char1,char2,similarity
扥,扥,1.0
扥,抃,0.8322768931387013
扥,扽,0.8207901394412361
扥,拤,0.806993210310612
扥,挊,0.7961681694361736
扥,拦,0.7853575822685179
扥,抡,0.7848449669374223
扥,扲,0.7837918252340796
扥,拄,0.7799828930498054
扥,扏,0.7774333560734705
