char1,char2,similarity
扤,扤,1.0
扤,抚,0.7933203036237523
扤,扩,0.7877862544107131
扤,抏,0.7850422012136299
扤,扯,0.7839608287419609
扤,机,0.7832549544573538
扤,扰,0.7829723211266699
扤,拀,0.777687050260882
扤,扛,0.7764840032111848
扤,拆,0.776062253159849
