char1,char2,similarity
扣,扣,1.0
扣,忄,0.7630366569377167
扣,扎,0.7592400118799817
扣,扑,0.758853561151696
扣,朻,0.750254229286337
扣,朼,0.7494619460772443
扣,扫,0.7465033743826684
扣,扛,0.7388477806950223
扣,知,0.7380807660617945
扣,乛,0.735793332027448
