char1,char2,similarity
扦,扦,1.0
扦,忏,0.8764126108485443
扦,扞,0.8617820617090163
扦,钎,0.8176143164164271
扦,扛,0.8129999609738491
扦,扜,0.8127778490885197
扦,杍,0.8049802476636532
扦,扗,0.8037980740790521
扦,衦,0.8013423066143694
扦,衧,0.7988210525547207
