char1,char2,similarity
扭,扭,1.0
扭,忸,0.8322687710073238
扭,扟,0.7921869841776035
扭,抂,0.791190750123223
扭,担,0.787986310140794
扭,抎,0.7715477484358828
扭,抯,0.7711424324140812
扭,桓,0.7683596174729107
扭,杻,0.7666824753903714
扭,拓,0.7640370629870273
