char1,char2,similarity
扪,扪,1.0
扪,抇,0.8131186663627041
扪,抑,0.8003265324575571
扪,桐,0.7930007179764025
扪,挏,0.7885365077983444
扪,拘,0.7879182201819379
扪,抦,0.7821580528756708
扪,抻,0.7814343797833035
扪,抐,0.7802846906884069
扪,挧,0.7787617759172701
