char1,char2,similarity
扫,扫,1.0
扫,抇,0.8144152148780118
扫,拍,0.7929558120766121
扫,桕,0.780914524035892
扫,衵,0.780482859796358
扫,妇,0.7798589202755276
扫,扞,0.7655578174466786
扫,打,0.7648799717056896
扫,扗,0.7643945167814767
扫,拈,0.7622020134403676
