char1,char2,similarity
扯,扯,1.0
扯,扗,0.8068741396195175
扯,柾,0.79630959177495
扯,挋,0.7936638348612584
扯,拞,0.7931344469429762
扯,祉,0.7913950135325328
扯,抁,0.7862762931232143
扯,抴,0.7859648313323614
扯,択,0.78544264475966
扯,阯,0.7853450265403294
