char1,char2,similarity
扶,扶,1.0
扶,妋,0.7989765216799587
扶,枎,0.7882330018013212
扶,朲,0.7874998748913508
扶,衭,0.7856755899007352
扶,怯,0.7851637687536861
扶,祛,0.7744549113457041
扶,扩,0.7673825077421794
扶,杦,0.7665285940049503
扶,衴,0.7661207923779565
