char1,char2,similarity
扰,扰,1.0
扰,忧,0.8204391150736695
扰,优,0.8181018836875301
扰,扏,0.8136910093550954
扰,找,0.8080524884426362
扰,沋,0.8057321845138853
扰,拀,0.7948955766389234
扰,扤,0.7829723211266699
扰,拢,0.7798915251028942
扰,抁,0.777904557946124
