char1,char2,similarity
扴,扴,1.0
扴,抍,0.8194682668408975
扴,扵,0.8179863435675482
扴,吤,0.8179509436415918
扴,拚,0.8048454972218854
扴,砎,0.7999336474928254
扴,忦,0.7994686943002446
扴,妎,0.7898276902928519
扴,扟,0.7890975862338153
扴,扻,0.7847477129489955
