char1,char2,similarity
扸,扸,1.0
扸,抈,0.806361429552495
扸,拦,0.8052363466005961
扸,扝,0.7887974701503955
扸,扩,0.7843094287104073
扸,拑,0.7807655719050741
扸,抧,0.7775040176386684
扸,扰,0.7757054946606416
扸,柑,0.7717424001858837
扸,护,0.7675354732436274
