char1,char2,similarity
扱,扱,1.0
扱,忣,0.8363662009352952
扱,衱,0.809454749514095
扱,彶,0.7956929363546464
扱,岋,0.7858067609138739
扱,极,0.783442835831273
扱,抜,0.7795519926878083
扱,抯,0.777248258944262
扱,扳,0.7770848203882229
扱,扠,0.7713419475178865
