char1,char2,similarity
扵,扵,1.0
扵,扴,0.8179863435675482
扵,拎,0.8038692721613089
扵,抁,0.7970967081808517
扵,抟,0.7878882928804957
扵,捦,0.787639151076022
扵,捈,0.7864379715732249
扵,忦,0.7849344196212001
扵,拕,0.7844908698753081
扵,扲,0.7833992866907392
