char1,char2,similarity
扷,扷,1.0
扷,拞,0.8156869371364265
扷,拀,0.813164636893743
扷,仸,0.8122074213383772
扷,抸,0.8117816204422797
扷,沃,0.8063283456552863
扷,抚,0.8033670689236861
扷,枖,0.7971621838365598
扷,抂,0.7950935127729708
扷,択,0.7948589042957707
