char1,char2,similarity
扳,扳,1.0
扳,板,0.84781145393692
扳,択,0.7939159410199232
扳,抜,0.7902562379834845
扳,仮,0.786837221191217
扳,捉,0.7835681173885761
扳,抯,0.7817720868403466
扳,抧,0.7812881798184611
扳,抳,0.7790226510159243
扳,扼,0.7775708213899708
