char1,char2,similarity
技,技,1.0
技,枝,0.8488145599215147
技,忮,0.8368039093264343
技,校,0.8023419871428201
技,抹,0.7967883523270576
技,拮,0.779962901930232
技,拉,0.7783849993560961
技,投,0.7758816598848641
技,披,0.7746581506457856
技,吱,0.772950191167269
