char1,char2,similarity
抃,抃,1.0
抃,扥,0.8322768931387013
抃,忭,0.8275044248927194
抃,拤,0.8162011061100527
抃,抔,0.8098041755526322
抃,扽,0.8024791314946546
抃,犿,0.8015274565749205
抃,玣,0.7983225689464507
抃,拌,0.7982072466475204
抃,拃,0.7961527096113477
