char1,char2,similarity
抂,抂,1.0
抂,彺,0.8539219847885924
抂,忹,0.8466414614937384
抂,怔,0.8252415487351427
抂,枉,0.8063518144520598
抂,征,0.8051804517558805
抂,抸,0.7956208768962714
抂,掗,0.7953052534250244
抂,扷,0.7950935127729708
抂,扭,0.791190750123223
