char1,char2,similarity
抆,抆,1.0
抆,执,0.8106204506191289
抆,抰,0.805651773471856
抆,忟,0.805367543911869
抆,抗,0.797904396414469
抆,抁,0.7889601475385712
抆,扻,0.7882876654650467
抆,伩,0.7871181633669885
抆,杖,0.7867381961616542
抆,拕,0.7844952067277213
