char1,char2,similarity
抌,抌,1.0
抌,挄,0.801856917624748
抌,捝,0.8018285746642583
抌,抗,0.8012192539606202
抌,抭,0.8005320002815927
抌,执,0.7887358925370408
抌,捥,0.7840703077254124
抌,忱,0.7822308632324172
抌,抰,0.7819976938871422
抌,抆,0.7781632120157969
