char1,char2,similarity
抇,抇,1.0
抇,扫,0.8144152148780118
抇,扪,0.8131186663627041
抇,桕,0.8105019699425788
抇,択,0.8023984249046417
抇,拞,0.7985287189654857
抇,捛,0.7922591938089251
抇,柌,0.7873144697895942
抇,把,0.7788503743127619
抇,扺,0.7781063632696243
