char1,char2,similarity
抉,抉,1.0
抉,诀,0.807078942361406
抉,捝,0.7890452935866868
抉,快,0.7872236709778643
抉,执,0.7869740005415514
抉,決,0.7834180044196316
抉,按,0.7825648585094719
抉,抭,0.7819762075015638
抉,挾,0.7815971976043348
抉,捖,0.7807723744142538
