char1,char2,similarity
抐,抐,1.0
抐,挏,0.8230355655237758
抐,讷,0.8166779123655272
抐,抩,0.7891015701209867
抐,抰,0.7823057499074043
抐,扪,0.7802846906884069
抐,枘,0.7749250697554331
抐,捔,0.774476849840389
抐,拕,0.7743210218875408
抐,抻,0.7734118683450346
