char1,char2,similarity
抗,抗,1.0
抗,杭,0.8496103317775646
抗,抭,0.8409182348996778
抗,坑,0.8246065995186233
抗,抌,0.8012192539606202
抗,沆,0.7990464535445635
抗,抆,0.797904396414469
抗,拞,0.7941383304700562
抗,忼,0.792687550774034
抗,抾,0.7875005853287718
