char1,char2,similarity
抏,抏,1.0
抏,拀,0.7972241754200897
抏,抁,0.7907620719089481
抏,忨,0.7898947630212133
抏,抚,0.787051226587795
抏,扤,0.7850422012136299
抏,柷,0.784419988965297
抏,岏,0.7732254277033611
抏,抭,0.7689681948255934
抏,坃,0.7688268964460276
