char1,char2,similarity
抔,抔,1.0
抔,抃,0.8098041755526322
抔,扞,0.8035420990519926
抔,怀,0.7944335335597131
抔,抷,0.7927653884688141
抔,杯,0.7926019080943859
抔,妚,0.791059081093111
抔,扜,0.785213359118281
抔,拤,0.7773015560133165
抔,扥,0.7771257686971107
