char1,char2,similarity
抖,抖,1.0
抖,扒,0.7899289037186757
抖,炓,0.7812045403090307
抖,打,0.7797791954603769
抖,扚,0.7659189798179196
抖,钭,0.7651573379370845
抖,呌,0.7638845564172408
抖,抣,0.7606596530970463
抖,材,0.7605448109613643
抖,阧,0.751754615265463
