char1,char2,similarity
抒,抒,1.0
抒,杼,0.8474344811372657
抒,忬,0.827141264720308
抒,拤,0.8066038998394023
抒,扞,0.8046459351034114
抒,扜,0.8002820576695369
抒,汿,0.7915115567253919
抒,柕,0.7914762138727145
抒,抙,0.7893546335031655
抒,吇,0.7888212012129479
