char1,char2,similarity
抡,抡,1.0
抡,抢,0.8412921831531764
抡,扲,0.8298407124382092
抡,枪,0.7934377899357985
抡,拕,0.7916538718565784
抡,怆,0.7901174892106413
抡,扥,0.7848449669374223
抡,拎,0.7840320889084105
抡,扴,0.7836022367967481
抡,拾,0.781056408741172
