char1,char2,similarity
抛,抛,1.0
抛,拋,0.7957591450314075
抛,掘,0.7623044036791182
抛,捱,0.7566818874847399
抛,掤,0.7520884511741587
抛,挀,0.7482063836780583
抛,挞,0.7455230477110786
抛,搌,0.7415282583946556
抛,揗,0.7374505098665629
抛,搵,0.7336161617439642
