char1,char2,similarity
択,択,1.0
択,抧,0.8201265105445168
択,拞,0.81593311990899
択,抯,0.8065002064341331
択,抇,0.8023984249046417
択,扺,0.7968286030035427
択,担,0.7966382744433868
択,扷,0.7948589042957707
択,扳,0.7939159410199232
択,捠,0.7908269484795819
