char1,char2,similarity
抜,抜,1.0
抜,扳,0.7902562379834845
抜,执,0.7824309388167423
抜,扱,0.7795519926878083
抜,抆,0.7744077005864575
抜,抉,0.7689126614142625
抜,技,0.7684109967239011
抜,拕,0.7670634417001372
抜,拔,0.7631477383444452
抜,捘,0.7609009648016998
