char1,char2,similarity
抟,抟,1.0
抟,传,0.7915724958750983
抟,挂,0.791565329619866
抟,持,0.788126366057414
抟,扵,0.7878882928804957
抟,挊,0.7865608658165949
抟,抭,0.7856727797265399
抟,桛,0.7826966289775065
抟,捇,0.7743982747320904
抟,拤,0.7741800780816329
