char1,char2,similarity
抙,抙,1.0
抙,抨,0.8203868999305064
抙,括,0.8078974319327673
抙,扝,0.7929872446903701
抙,抒,0.7893546335031655
抙,杽,0.7865555442854221
抙,捊,0.7859578972846466
抙,押,0.7826354984396947
抙,怦,0.7819575196617535
抙,挋,0.7818122016307815
