char1,char2,similarity
抚,抚,1.0
抚,挄,0.8355309940958425
抚,拀,0.8249198707563858
抚,扷,0.8033670689236861
抚,抎,0.7942402902022794
抚,扤,0.7933203036237523
抚,抧,0.7896343508530834
抚,坃,0.787633280749994
抚,抏,0.787051226587795
抚,抁,0.7866748495383832
