char1,char2,similarity
报,报,1.0
报,根,0.7762200280750463
报,扱,0.7660303685426361
报,扞,0.7574597787387873
报,扜,0.7557524554317477
报,拍,0.7551173589264183
报,抴,0.7507550569846598
报,衱,0.7455301121795851
报,拞,0.7451795640686278
报,打,0.7409816378792348
