char1,char2,similarity
抣,抣,1.0
抣,扚,0.8371992002594629
抣,抅,0.8029230575547103
抣,构,0.780490506453567
抣,扐,0.7781024951149956
抣,拃,0.7756826586611429
抣,枃,0.7749123366884054
抣,袀,0.7738262577945796
抣,彴,0.7737184366412726
抣,扻,0.7694543101119318
