char1,char2,similarity
抪,抪,1.0
抪,柨,0.8033054456499037
抪,钸,0.7911055558339752
抪,挊,0.7681626055372208
抪,捇,0.7669606380300973
抪,抟,0.7660095526299483
抪,扵,0.7648704340455256
抪,抋,0.7636578296726351
抪,掵,0.7635215094045219
抪,抁,0.7630566766540551
