char1,char2,similarity
抬,抬,1.0
抬,怡,0.8040233006199989
抬,始,0.8003965705093069
抬,珆,0.7940780689274711
抬,坮,0.7931971166622502
抬,括,0.7897279961582934
抬,诒,0.7832713073708197
抬,饴,0.777759118289941
抬,孡,0.7761177696525824
抬,揞,0.7723142767727879
