char1,char2,similarity
抮,抮,1.0
抮,捈,0.7997999224889072
抮,捦,0.7985106381088888
抮,扵,0.7819015211079855
抮,抄,0.7739818021105068
抮,扴,0.770600672869007
抮,拸,0.7656412797495681
抮,袗,0.7624204077323387
抮,捻,0.7605559156228902
抮,诊,0.7526969415008621
