char1,char2,similarity
抰,抰,1.0
抰,扻,0.8110594591984251
抰,挭,0.8108985921146572
抰,抆,0.805651773471856
抰,挾,0.8029198761914427
抰,柍,0.8017385275038245
抰,咉,0.7992140687058956
抰,楰,0.7973163329151798
抰,挟,0.7927470247631474
抰,怏,0.7914646883994413
