char1,char2,similarity
抵,抵,1.0
抵,扺,0.8501567888468723
抵,彽,0.8016559898947935
抵,怟,0.7925856852161951
抵,忯,0.7880905617143393
抵,坁,0.7878114910822679
抵,阺,0.7861718265426199
抵,柢,0.7855944537521794
抵,拞,0.7833980988274674
抵,袛,0.7804853674130598
