char1,char2,similarity
抲,抲,1.0
抲,抯,0.8384345273636504
抲,挕,0.8293957979212755
抲,抧,0.7925059471603821
抲,抠,0.7884093910677707
抲,扝,0.787164319513455
抲,択,0.7841847368309667
抲,坷,0.781706707653765
抲,扽,0.779597751356472
抲,抂,0.778914725534029
