char1,char2,similarity
抳,抳,1.0
抳,扼,0.8141378233727058
抳,柅,0.8043755116352632
抳,据,0.7905465904520244
抳,挋,0.7878785612796922
抳,挰,0.7846311851487308
抳,挃,0.7823597741328046
抳,伲,0.7811980178291129
抳,怩,0.7808946512185334
抳,扳,0.7790226510159243
