char1,char2,similarity
抺,抺,1.0
抺,怽,0.8229969017181913
抺,拤,0.8178877576443554
抺,抹,0.8113484306347485
抺,味,0.811223742530414
抺,挊,0.8071590899212033
抺,佅,0.7937318698541307
抺,扢,0.7836411690251257
抺,拺,0.7813134506825853
抺,捒,0.7778326834141825
