char1,char2,similarity
抶,抶,1.0
抶,柣,0.8500509329208497
抶,祑,0.8160499570317968
抶,袟,0.8030587942399797
抶,扙,0.7915345304439939
抶,扻,0.7894747342352811
抶,铁,0.7863346866600708
抶,枎,0.7839015050229257
抶,紩,0.7796451818752612
抶,扠,0.7769756849406535
