char1,char2,similarity
抿,抿,1.0
抿,怋,0.8322837533431634
抿,捛,0.7977772408151043
抿,垊,0.7917438458195772
抿,拫,0.7883053987169513
抿,扺,0.7851767169849313
抿,捩,0.7803918511834944
抿,抳,0.7767858738471396
抿,抠,0.7735685103036914
抿,抵,0.7696390963464208
