char1,char2,similarity
拁,拁,1.0
拁,袽,0.7479944324547891
拁,枷,0.7478981254984632
拁,拋,0.7427974925526414
拁,咖,0.7337766070584649
拁,掬,0.7309942693303487
拁,掏,0.7261015407561722
拁,铷,0.7231226791550429
拁,撫,0.7222049940001627
拁,珈,0.7211120396735272
