char1,char2,similarity
拂,拂,1.0
拂,狒,0.8182627168927806
拂,怫,0.8013742767861018
拂,彿,0.791847055117856
拂,挑,0.7856936989355626
拂,沸,0.7762434728123502
拂,坲,0.7620080769806468
拂,捵,0.760855831039876
拂,挷,0.7565759343540182
拂,佛,0.742975889017718
