char1,char2,similarity
拉,拉,1.0
拉,柆,0.8274956577634882
拉,拦,0.7898938609101687
拉,扗,0.787458995005314
拉,技,0.7783849993560961
拉,抆,0.7721272501311073
拉,抃,0.7693727641795393
拉,拔,0.7656883349260044
拉,扶,0.7654821661988349
拉,柱,0.7636736507451314
