char1,char2,similarity
担,担,1.0
担,柦,0.821747542547174
担,拒,0.8173465077290758
担,拞,0.7999643003698321
担,択,0.7966382744433868
担,柤,0.7895885850029833
担,扭,0.787986310140794
担,狚,0.787194488822351
担,怛,0.7868550998240238
担,抂,0.7852136092233603
