char1,char2,similarity
拇,拇,1.0
拇,栂,0.7713401705690293
拇,掎,0.7600379874453477
拇,拊,0.7561694058413423
拇,姆,0.7524873063582022
拇,抵,0.747329608137644
拇,呣,0.7470966296519402
拇,搢,0.744857913385838
拇,悍,0.7435007538075716
拇,掉,0.7433017240696238
