char1,char2,similarity
拆,拆,1.0
拆,折,0.8549404802791207
拆,柝,0.8279149748423765
拆,忻,0.7953097340370541
拆,拞,0.7790247884447632
拆,扒,0.7775962838939333
拆,扔,0.7764214480270935
拆,扤,0.776062253159849
拆,択,0.7736307379376983
拆,扩,0.7727321618591749
