char1,char2,similarity
拒,拒,1.0
拒,担,0.8173465077290758
拒,挋,0.8122516317756736
拒,抴,0.7921899618257676
拒,扯,0.7789729337546483
拒,掯,0.7771391258375318
拒,抈,0.7747970231825322
拒,招,0.7682823298399708
拒,挳,0.7677129216898435
拒,捛,0.7649778965741119
