char1,char2,similarity
拓,拓,1.0
拓,坧,0.8115138908358782
拓,柘,0.7907240524627123
拓,扟,0.7749754013711595
拓,扷,0.7704577972974461
拓,抇,0.7690282881320698
拓,抂,0.7646984807425078
拓,扭,0.7640370629870273
拓,拫,0.7615076643046803
拓,妬,0.7603132742284733
