char1,char2,similarity
拏,拏,1.0
拏,挐,0.7848081046200982
拏,孥,0.770347693274889
拏,弩,0.7481524384948763
拏,孼,0.7336151853371607
拏,事,0.7254709068530564
拏,孯,0.7229595117179974
拏,荦,0.7153875696018865
拏,軍,0.7132975412935885
拏,胬,0.7097714697047843
