char1,char2,similarity
拌,拌,1.0
拌,怑,0.846354456507765
拌,拤,0.8071467895748514
拌,抃,0.7982072466475204
拌,冸,0.7837327984257759
拌,抒,0.7812531391812221
拌,抻,0.7808929213329785
拌,捚,0.7806526905733091
拌,捊,0.7805954621807484
拌,挂,0.7801506102332143
