char1,char2,similarity
拊,拊,1.0
拊,柎,0.803972996244418
拊,拑,0.7988995679344473
拊,抱,0.7858132746610329
拊,抴,0.7751891484314389
拊,掯,0.7729185293272277
拊,坿,0.7678231367963065
拊,拒,0.7577346104073511
拊,拇,0.7561694058413423
拊,挌,0.7553655673933526
