char1,char2,similarity
拍,拍,1.0
拍,怕,0.8171721650952652
拍,扫,0.7929558120766121
拍,桕,0.7890017514413764
拍,护,0.7883609906838571
拍,柏,0.7875298088003583
拍,袩,0.7802366768911274
拍,狛,0.7791788373724647
拍,払,0.7774939074314001
拍,袖,0.7755921994371291
