char1,char2,similarity
拐,拐,1.0
拐,柺,0.8157945018404654
拐,捛,0.8125355318495302
拐,抈,0.7985015832579755
拐,扐,0.7813812677447554
拐,扨,0.776602799766437
拐,扝,0.7731453905996882
拐,拦,0.7727656226869297
拐,抶,0.767111851722511
拐,扠,0.764162749972896
