char1,char2,similarity
拔,拔,1.0
拔,柭,0.8088309181288147
拔,披,0.7766388208099411
拔,拨,0.7719833087631065
拔,扳,0.7704583905196669
拔,拢,0.7698082199369478
拔,捘,0.7683281244932183
拔,技,0.7679882715801789
拔,祓,0.767541747344622
拔,拉,0.7656883349260044
