char1,char2,similarity
拖,拖,1.0
拖,抱,0.8076897882718257
拖,柂,0.7781673074849272
拖,拘,0.7691285726441685
拖,栬,0.7659099754745674
拖,拵,0.7604118613651186
拖,拄,0.7524591163029313
拖,抻,0.7523922624495675
拖,挹,0.7516176849785138
拖,挂,0.7500178101724229
