char1,char2,similarity
拕,拕,1.0
拕,拄,0.8016296179841297
拕,拧,0.7980572556733726
拕,咜,0.7947384178817402
拕,抡,0.7916538718565784
拕,抢,0.7895674797143402
拕,挓,0.789456828690579
拕,扢,0.7877960110376317
拕,抋,0.7869093082872548
拕,柁,0.7864875229695995
