char1,char2,similarity
拙,拙,1.0
拙,拴,0.785492996275234
拙,挂,0.7809222230658649
拙,柮,0.7760220476815686
拙,抂,0.7710002051505944
拙,挡,0.76986803029315
拙,抻,0.7657313440808307
拙,诎,0.7605901500736333
拙,讪,0.7575518632212346
拙,揇,0.7566092606957333
