char1,char2,similarity
拚,拚,1.0
拚,栟,0.8051423745342513
拚,扴,0.8048454972218854
拚,抍,0.7791306676453174
拚,峅,0.7667658618394476
拚,帡,0.750101157465463
拚,技,0.7497085009352683
拚,妌,0.749258729399524
拚,挢,0.7476707787344817
拚,拼,0.7463528450577084
