char1,char2,similarity
拝,拝,1.0
拝,挰,0.8097341183619681
拝,捊,0.8097229044391305
拝,抂,0.7825667827678987
拝,捽,0.7818980132056805
拝,抃,0.7700363822242794
拝,桴,0.769320551201946
拝,捁,0.7681676673746168
拝,挬,0.7677660215528476
拝,抒,0.7666825965270382
