char1,char2,similarity
拥,拥,1.0
拥,佣,0.8472371752722327
拥,扽,0.7723846634679004
拥,栶,0.7654151364849672
拥,扨,0.7608539642442581
拥,捉,0.7596732501404828
拥,栢,0.7549193713148339
拥,扝,0.7538729894645729
拥,据,0.7537315629865493
拥,抯,0.752187585785172
