char1,char2,similarity
拞,拞,1.0
拞,扺,0.8168065869110235
拞,坵,0.8166707554559717
拞,択,0.81593311990899
拞,扷,0.8156869371364265
拞,抸,0.8104301519639288
拞,捠,0.8095390268122528
拞,折,0.8013237159974115
拞,担,0.7999643003698321
拞,拀,0.7992376150603661
