char1,char2,similarity
拣,拣,1.0
拣,掠,0.7837544839601381
拣,椋,0.7705117592260968
拣,捒,0.762875344098961
拣,捺,0.7564450790346758
拣,栋,0.7552960201910283
拣,悚,0.7506549238319241
拣,捾,0.7484361834678722
拣,惊,0.746649866994416
拣,捭,0.741480675249862
