char1,char2,similarity
拧,拧,1.0
拧,坾,0.81343033698676
拧,柠,0.8076229622680108
拧,狞,0.8060984741133254
拧,挬,0.8005727123736759
拧,拕,0.7980572556733726
拧,拄,0.7952127512894328
拧,按,0.7900331531209548
拧,抾,0.7809257669074476
拧,挊,0.7767550956772676
