char1,char2,similarity
拫,拫,1.0
拫,拀,0.7945235490936208
拫,抿,0.7883053987169513
拫,扺,0.7872528457415704
拫,抧,0.7819263069055398
拫,抠,0.7782675183843643
拫,垠,0.7753755082337608
拫,珢,0.7748090575701903
拫,挹,0.773245106419161
拫,抂,0.7699831258731329
