char1,char2,similarity
择,择,1.0
择,译,0.7909407544401719
择,掸,0.7812730923621346
择,泽,0.7591114234845608
择,铎,0.7549813382941113
择,惮,0.7498605439025292
择,挥,0.7481232554880771
择,痒,0.7462666369895861
择,怿,0.7448539876964152
择,摔,0.7420599545390502
