char1,char2,similarity
拱,拱,1.0
拱,垬,0.8173186425899926
拱,栱,0.8050083446676969
拱,哄,0.7982201619529227
拱,烘,0.7901700174208951
拱,娂,0.778869544450491
拱,珙,0.77080083342939
拱,抗,0.7645678090224661
拱,拼,0.7607645068688198
拱,执,0.7564752529588482
