char1,char2,similarity
拮,拮,1.0
拮,桔,0.8708065553837725
拮,恄,0.8590961159150038
拮,持,0.8084792945486351
拮,祮,0.8065177997347529
拮,柿,0.7898280725843191
拮,棓,0.7868421753704025
拮,拤,0.7863508424526481
拮,挡,0.7854484973486064
拮,技,0.779962901930232
