char1,char2,similarity
拪,拪,1.0
拪,恓,0.7847797921565772
拪,挏,0.7824102469258276
拪,挜,0.7669726322101572
拪,挧,0.7630648059590667
拪,抐,0.7624806569706511
拪,搯,0.7589655174396016
拪,徆,0.7575120154905598
拪,椚,0.754964595960264
拪,捛,0.7514155414349976
