char1,char2,similarity
拰,拰,1.0
拰,栣,0.7767488585737564
拰,拞,0.7658744617539205
拰,扪,0.7651167018231
拰,掐,0.7567200050761215
拰,抱,0.747914311313884
拰,批,0.7471634542436649
拰,扢,0.7468840026307237
拰,抯,0.7449594530313189
拰,抠,0.7437467860570359
