char1,char2,similarity
拵,拵,1.0
拵,栫,0.8234694384128226
拵,捾,0.7743438684860737
拵,袸,0.7740700172183397
拵,抟,0.771765198453993
拵,掊,0.7686329520708786
拵,捹,0.7684997623677841
拵,抱,0.7649459365202395
拵,洊,0.7615375372558448
拵,拖,0.7604118613651186
