char1,char2,similarity
拸,拸,1.0
拸,栘,0.8583637169783412
拸,袳,0.8101546663697158
拸,恀,0.8087358274592023
拸,姼,0.8069347229034991
拸,挌,0.7751026347520418
拸,掐,0.7727980023150812
拸,抮,0.7656412797495681
拸,扢,0.7580481598721526
拸,扵,0.7575025442946955
