char1,char2,similarity
拷,拷,1.0
拷,栲,0.813950252189145
拷,烤,0.7910846296331054
拷,洘,0.7887948257071864
拷,挎,0.773119083294475
拷,捭,0.7661748026658862
拷,侤,0.7457213313860518
拷,抟,0.7449572398943507
拷,揨,0.741845851369335
拷,捞,0.7414540107578595
