char1,char2,similarity
拻,拻,1.0
拻,洃,0.8063881648421115
拻,恢,0.7861124928397267
拻,挍,0.7750785254305906
拻,扢,0.7593443948987488
拻,抪,0.7572132838395049
拻,拡,0.7568884343296284
拻,捩,0.752750343830313
拻,捒,0.7517556829811671
拻,挔,0.7515250407814033
