char1,char2,similarity
挅,挅,1.0
挅,挆,0.8553570789482225
挅,捰,0.8051094951649916
挅,捒,0.7852548418335028
挅,抳,0.778168280440395
挅,捈,0.7747256780947245
挅,挃,0.7735141708378742
挅,抧,0.770204716762047
挅,扵,0.7622746979892306
挅,挋,0.7591734254722247
