char1,char2,similarity
挄,挄,1.0
挄,抚,0.8355309940958425
挄,拀,0.8061804155244175
挄,抌,0.801856917624748
挄,抁,0.7990923134472591
挄,抭,0.797689528922145
挄,恍,0.7874568233047986
挄,抗,0.7871053012396928
挄,捥,0.7831890046098998
挄,捝,0.7752867044045683
