char1,char2,similarity
拼,拼,1.0
拼,垪,0.8207387045924265
拼,恲,0.82037149156457
拼,皏,0.7940155869253759
拼,洴,0.784282438040824
拼,饼,0.7804318808869521
拼,栟,0.7779293735507703
拼,硑,0.7762812763407285
拼,姘,0.7757429255002383
拼,捝,0.7689599286465856
