char1,char2,similarity
挃,挃,1.0
挃,挂,0.7997426875883361
挃,恎,0.7947125097642279
挃,洷,0.7905667838604141
挃,秷,0.7884129523929434
挃,拴,0.7855712587833208
挃,挳,0.7825741840514642
挃,抳,0.7823597741328046
挃,拞,0.7817804660031473
挃,捚,0.779267509557295
