char1,char2,similarity
持,持,1.0
持,待,0.8337494449813198
持,拤,0.815415689316579
持,拮,0.8084792945486351
持,侍,0.8076004534472455
持,挦,0.8063915146139902
持,洔,0.8043129052859148
持,恃,0.7984365837354553
持,扲,0.7944672606606512
持,桔,0.7932308661404973
