char1,char2,similarity
挀,挀,1.0
挀,揗,0.7948157906807319
挀,捤,0.7661747566639904
挀,搌,0.7599439008484236
挀,掫,0.75541778683841
挀,振,0.7552842744276691
挀,採,0.7483734811966132
挀,抛,0.7482063836780583
挀,侲,0.7480920853853019
挀,梔,0.7463990920295461
