char1,char2,similarity
挂,挂,1.0
挂,徍,0.8307819480949119
挂,桂,0.8018858758319966
挂,挃,0.7997426875883361
挂,抟,0.791565329619866
挂,拴,0.7911052560719359
挂,娃,0.7894144676419906
挂,栓,0.787514132282076
挂,挡,0.7874744562390676
挂,拤,0.7846591996660909
