char1,char2,similarity
挎,挎,1.0
挎,侉,0.8167475194266858
挎,恗,0.8110584924582884
挎,桍,0.8105778687979676
挎,揞,0.7952841721528746
挎,掎,0.7827999919537222
挎,洿,0.7816931655431011
挎,袴,0.7744487708280978
挎,拷,0.773119083294475
挎,抟,0.7715281149081294
