char1,char2,similarity
挊,挊,1.0
挊,拤,0.8457060132228176
挊,桛,0.8221994814293471
挊,捒,0.8071809403730988
挊,抺,0.8071590899212033
挊,扥,0.7961681694361736
挊,抃,0.7960239903123718
挊,垰,0.7917142821989868
挊,抟,0.7865608658165949
挊,扽,0.7835144929654942
