char1,char2,similarity
挍,挍,1.0
挍,捖,0.7961121793575419
挍,校,0.794559087399408
挍,抭,0.7869904100685233
挍,投,0.7817738757620429
挍,捾,0.7788593801387009
挍,抉,0.7781924231849321
挍,铰,0.7772996496555392
挍,挂,0.7767762440502767
挍,恔,0.7763344156518179
