char1,char2,similarity
按,按,1.0
按,桉,0.798962409608243
按,垵,0.7963361231002267
按,拧,0.7900331531209548
按,抉,0.7825648585094719
按,抭,0.7677824650714575
按,技,0.7676479941911634
按,捨,0.7654763996089791
按,洝,0.764094410557613
按,掊,0.7624983192480154
