char1,char2,similarity
指,指,1.0
指,措,0.7696548900220508
指,拾,0.7659562572841514
指,扢,0.7642616560635614
指,扸,0.7638815252793378
指,捾,0.7628322010303074
指,抇,0.758301377979276
指,抧,0.7579333629881022
指,把,0.7575261404990609
指,搢,0.7566524368900227
