char1,char2,similarity
挆,挆,1.0
挆,挅,0.8553570789482225
挆,捰,0.7996289255112733
挆,捒,0.7752777628051809
挆,捈,0.7712988474081384
挆,抧,0.7681117501587631
挆,执,0.7606038374085715
挆,抁,0.7597366198587551
挆,挋,0.7587266365524166
挆,扷,0.756752802213315
