char1,char2,similarity
挔,挔,1.0
挔,拕,0.7849357887053525
挔,拺,0.7695505582793153
挔,抺,0.7648107765037164
挔,扽,0.7636759602425472
挔,抾,0.7592584206294923
挔,挊,0.7589894415529057
挔,抪,0.7581005273377049
挔,拧,0.7540280032958333
挔,抹,0.7532939178377941
