char1,char2,similarity
挐,挐,1.0
挐,拏,0.7848081046200982
挐,挈,0.7513707809427583
挐,擘,0.7330882041771759
挐,挚,0.7326044735089875
挐,皐,0.7269403985413112
挐,孥,0.7219832752000201
挐,雚,0.7157206384206296
挐,亭,0.7156918727716121
挐,事,0.715584777349197
