char1,char2,similarity
挓,挓,1.0
挓,扽,0.8012468089439041
挓,垞,0.7950941593038547
挓,拕,0.789456828690579
挓,姹,0.7837952258270142
挓,抭,0.7779725334456621
挓,侘,0.7737254863965715
挓,拧,0.7692406032223331
挓,拴,0.7692354515312712
挓,抗,0.7677281528058701
