char1,char2,similarity
挒,挒,1.0
挒,挏,0.7603215883659158
挒,椡,0.7602304090653635
挒,桐,0.7571092793635803
挒,搊,0.7551358216601792
挒,捯,0.7526750273192497
挒,栁,0.7506134621346842
挒,恫,0.747541680717869
挒,挧,0.7463459264570627
挒,揤,0.7444699242477472
