char1,char2,similarity
挛,挛,1.0
挛,弯,0.7592005543507938
挛,阜,0.7488371196264567
挛,筝,0.7401541693848562
挛,牵,0.7362323251809645
挛,孶,0.7356706178940572
挛,帟,0.7315477206291022
挛,寚,0.7309839502083239
挛,奢,0.7257862708647688
挛,鸾,0.7235130360662937
