char1,char2,similarity
挢,挢,1.0
挢,桥,0.8029867931148965
挢,掜,0.7625853259453572
挢,扴,0.7542080846400155
挢,娇,0.7535369488713342
挢,挦,0.7523423120981917
挢,挸,0.751503527010011
挢,扏,0.7510203457139124
挢,枓,0.7483569258117305
挢,拞,0.7479685958290824
