char1,char2,similarity
挟,挟,1.0
挟,悏,0.8139182090254526
挟,怏,0.8051120903723588
挟,挾,0.8000369775939554
挟,捖,0.7955566903884762
挟,抰,0.7927470247631474
挟,狭,0.7838205910232298
挟,梡,0.7739006895216332
挟,梜,0.7737620311131138
挟,抉,0.773572652536871
