char1,char2,similarity
挚,挚,1.0
挚,掔,0.7533028724366513
挚,挲,0.7406071155016226
挚,挈,0.7390507116300193
挚,擘,0.7380745275513466
挚,挐,0.7326044735089875
挚,莗,0.7246108507849592
挚,擥,0.7242500440087284
挚,揅,0.7219345795559298
挚,掌,0.7210608794151987
