char1,char2,similarity
挠,挠,1.0
挠,挩,0.7698062413144087
挠,捖,0.766250058134093
挠,桡,0.7613514210358628
挠,挄,0.7582375697683652
挠,挭,0.7548391566275175
挠,挗,0.7543951728787358
挠,铙,0.754107484598282
挠,抗,0.7514043344898413
挠,抭,0.7512422459307408
