char1,char2,similarity
挩,挩,1.0
挩,捖,0.8050576772045294
挩,梲,0.7864247581213135
挩,捝,0.7762387465961814
挩,投,0.7722239007475861
挩,挠,0.7698062413144087
挩,挍,0.76284244249474
挩,抌,0.7628024633899778
挩,挸,0.7607218170576919
挩,梡,0.7594586486395645
