char1,char2,similarity
挬,挬,1.0
挬,桲,0.8130149512599962
挬,拧,0.8005727123736759
挬,捽,0.780398785909813
挬,揀,0.7768501271474406
挬,饽,0.773955796641278
挬,挊,0.7679130040920731
挬,拝,0.7677660215528476
挬,梓,0.7620960511694762
挬,揸,0.7596815119744978
