char1,char2,similarity
挭,挭,1.0
挭,抰,0.8108985921146572
挭,梗,0.7907394165025841
挭,捰,0.7851969719085574
挭,揘,0.7686109475518528
挭,抌,0.7674992319283749
挭,掍,0.7659763464025634
挭,挋,0.7659389229302824
挭,哽,0.7643707155206116
挭,捪,0.7623951829697733
