char1,char2,similarity
挨,挨,1.0
挨,埃,0.8137805228143864
挨,换,0.8021590092068828
挨,唉,0.7846511012989702
挨,抆,0.7727773152074003
挨,抰,0.7662267743370805
挨,俟,0.7660828574182726
挨,扻,0.7637747697784001
挨,涘,0.763121936061459
挨,拫,0.7593344117206627
