char1,char2,similarity
挫,挫,1.0
挫,拴,0.7850253361947638
挫,挂,0.7623495149616937
挫,控,0.7536692729990991
挫,恎,0.7519635028186888
挫,栓,0.7480081822898629
挫,恮,0.7478965168489532
挫,柽,0.7471988560872928
挫,抂,0.7448721503299616
挫,侄,0.7431748493808968
