char1,char2,similarity
挥,挥,1.0
挥,恽,0.8200208838247615
挥,浑,0.7897684748923087
挥,掸,0.7842032667276677
挥,桿,0.7840168848327413
挥,捭,0.779294967847314
挥,捍,0.7783426382368482
挥,抙,0.7701632873143849
挥,掉,0.7683746816440842
挥,摔,0.7681624202512698
