char1,char2,similarity
挧,挧,1.0
挧,掤,0.8022531682424455
挧,挏,0.7977892825891478
挧,扪,0.7787617759172701
挧,诩,0.775142263457476
挧,搦,0.771483151385171
挧,翊,0.7677200766809575
挧,拪,0.7630648059590667
挧,捓,0.7581013475738198
挧,捯,0.7545208418173018
