char1,char2,similarity
挷,挷,1.0
挷,綁,0.780935615931959
挷,梆,0.7808010624931244
挷,揤,0.7685430769886126
挷,拂,0.7565759343540182
挷,捓,0.7515679314592704
挷,掛,0.7492987425516431
挷,揳,0.741942359422696
挷,掓,0.7388151909781571
挷,掷,0.7379207016379301
