char1,char2,similarity
挴,挴,1.0
挴,梅,0.826203074265706
挴,悔,0.7726284369060534
挴,晦,0.7677501341616996
挴,诲,0.7639223210368302
挴,珻,0.7597714360070512
挴,侮,0.7586320289063752
挴,海,0.7585067757578696
挴,搆,0.7560592490953371
挴,揥,0.7523075048047909
