char1,char2,similarity
挮,挮,1.0
挮,悌,0.8475777525876685
挮,拺,0.8003051727634253
挮,揀,0.7797411160943589
挮,挊,0.7764643930321455
挮,锑,0.7722725260569717
挮,梯,0.7702434511989106
挮,挦,0.7665132744332422
挮,珶,0.7651528251502313
挮,扽,0.7636322828185255
