char1,char2,similarity
挶,挶,1.0
挶,搱,0.7999778432303918
挶,挏,0.7973550216993998
挶,惆,0.79378289889029
挶,揾,0.792890081126748
挶,捤,0.7784126045876755
挶,挿,0.7728961920728942
挶,振,0.767478569887663
挶,挹,0.7669919585184586
挶,掘,0.766444120677946
