char1,char2,similarity
挵,挵,1.0
挵,捝,0.7715186788804551
挵,拼,0.7670244473358261
挵,扷,0.766972620826965
挵,抗,0.7668912208753574
挵,捯,0.7654108606153446
挵,梇,0.7623461303282089
挵,抸,0.7592976572262601
挵,抩,0.7587471924173944
挵,捰,0.7578913525669416
