char1,char2,similarity
挿,挿,1.0
挿,揷,0.8212362681860944
挿,押,0.806267219454637
挿,抨,0.7752034260736169
挿,挶,0.7728961920728942
挿,抑,0.7690550488261965
挿,捪,0.768443610892106
挿,抻,0.7675763079721093
挿,悁,0.7656390404928661
挿,柛,0.7622062301026077
