char1,char2,similarity
挹,挹,1.0
挹,悒,0.7912946802596533
挹,揑,0.7771640947795586
挹,抱,0.7765915398316875
挹,拫,0.773245106419161
挹,抳,0.7729187759980114
挹,揺,0.7727880393978572
挹,捏,0.7716486922401112
挹,挃,0.7690185086228503
挹,拀,0.7678853146274603
