char1,char2,similarity
捉,捉,1.0
捉,促,0.8267504383497146
捉,抯,0.7936497386937994
捉,扳,0.7835681173885761
捉,択,0.7791059024947484
捉,抳,0.7747108772601274
捉,抧,0.768174926715718
捉,担,0.7665018385719875
捉,怇,0.7620561286814523
捉,拐,0.761869459081323
