char1,char2,similarity
捆,捆,1.0
捆,挏,0.7858779631158104
捆,抐,0.7701007919990218
捆,悃,0.7659958497078576
捆,堌,0.7638820897288562
捆,挋,0.7627881851601733
捆,揊,0.7531307703104108
捆,捛,0.7527695169876906
捆,掴,0.7514758768390503
捆,襴,0.751168423848413
