char1,char2,similarity
捕,捕,1.0
捕,悑,0.8268047015155139
捕,陠,0.8019200246519431
捕,捅,0.7804364662450767
捕,掠,0.7771548103323715
捕,拺,0.7762934437908905
捕,押,0.7645932807680138
捕,捎,0.7612121529834598
捕,梀,0.7586086777941258
捕,桶,0.7558551379036821
