char1,char2,similarity
捌,捌,1.0
捌,掬,0.7560951108662619
捌,惘,0.7461919770720239
捌,侧,0.7441503866403096
捌,恻,0.7428383223572382
捌,例,0.7400590851179594
捌,捅,0.7392324150199421
捌,搁,0.7391937649661129
捌,恦,0.7385878979046615
捌,掤,0.7385358389778037
