char1,char2,similarity
捑,捑,1.0
捑,掼,0.7595781108395129
捑,換,0.7568203727135049
捑,損,0.7491812062633397
捑,提,0.7487184917683296
捑,摆,0.7472804244470207
捑,搰,0.7465880406370123
捑,操,0.7448352221682761
捑,损,0.7438794583981294
捑,捵,0.739885855568563
