char1,char2,similarity
捔,捔,1.0
捔,桷,0.7805295432448394
捔,捀,0.7773052492204038
捔,抐,0.774476849840389
捔,拺,0.7736644403291135
捔,捛,0.7696415509500192
捔,换,0.7674372140019108
捔,揈,0.765517472500206
捔,扪,0.7636024198757696
捔,挊,0.7634983318568392
