char1,char2,similarity
捙,捙,1.0
捙,掉,0.8056872002287391
捙,棟,0.8026835903549816
捙,棹,0.79190600356194
捙,悼,0.7789519433829014
捙,椁,0.7776178695575124
捙,埬,0.7768382098361981
捙,拌,0.7737604360290778
捙,拤,0.7691818425841548
捙,搖,0.7684331141680957
