char1,char2,similarity
捝,捝,1.0
捝,拀,0.8059892309267626
捝,说,0.8046621360825481
捝,抌,0.8018285746642583
捝,掜,0.7982555482955872
捝,捖,0.7891144063844474
捝,抉,0.7890452935866868
捝,抁,0.7862466792578056
捝,梘,0.7854111365586463
捝,捥,0.7838668688601151
