char1,char2,similarity
捜,捜,1.0
捜,掅,0.7785855024038888
捜,捷,0.770924391596202
捜,捿,0.7658527142903784
捜,拄,0.7648477791813835
捜,揘,0.7597729780773617
捜,揍,0.7597511164361148
捜,挭,0.758943015764157
捜,挼,0.7570324473924385
捜,捪,0.7554488000524823
