char1,char2,similarity
捖,捖,1.0
捖,梡,0.8449124378825132
捖,抭,0.8162491715097671
捖,晥,0.8066879929339994
捖,挩,0.8050576772045294
捖,捾,0.7991277700388965
捖,捥,0.7981498488014336
捖,挍,0.7961121793575419
捖,挟,0.7955566903884762
捖,捝,0.7891144063844474
