char1,char2,similarity
捘,捘,1.0
捘,梭,0.8221048180926868
捘,焌,0.7814795559204013
捘,拔,0.7683281244932183
捘,抜,0.7609009648016998
捘,俊,0.7564689821490156
捘,捜,0.7551017074662891
捘,掕,0.7542765556678173
捘,睃,0.7525009164918461
捘,竣,0.7524717395455418
