char1,char2,similarity
损,损,1.0
损,埙,0.7919216589653756
损,掼,0.7492517638617435
损,挭,0.7467509103067458
损,梋,0.7446554152181801
损,捑,0.7438794583981294
损,惯,0.741673669276003
损,拇,0.7407073877930912
损,垠,0.7378697603792702
损,顸,0.7345546390239367
