char1,char2,similarity
捩,捩,1.0
捩,棙,0.8390267766666357
捩,椖,0.7951407626347546
捩,掮,0.7950837687940888
捩,悷,0.784878704095813
捩,椩,0.7821753610869737
捩,抿,0.7803918511834944
捩,揎,0.7710276943903336
捩,拫,0.7654353589534538
捩,扼,0.7574251326810677
