char1,char2,similarity
捠,捠,1.0
捠,拞,0.8095390268122528
捠,梹,0.8041851592147836
捠,択,0.7908269484795819
捠,捛,0.7834310668355502
捠,抧,0.779566865018113
捠,抸,0.7772302809616803
捠,担,0.7768391643873452
捠,掑,0.7759734632051896
捠,扷,0.7711074940536998
