char1,char2,similarity
捧,捧,1.0
捧,棒,0.8287938632131138
捧,掎,0.7602876805048889
捧,搞,0.7554409067588529
捧,捺,0.7552026246002965
捧,搸,0.7539239732052081
捧,俸,0.7503658878694353
捧,櫸,0.7490932699015415
捧,挖,0.7466084486886269
捧,棣,0.746517641612156
