char1,char2,similarity
捡,捡,1.0
捡,拴,0.7997298842555041
捡,拾,0.7925022563753193
捡,抢,0.7918416361494975
捡,怜,0.7723611245055744
捡,俭,0.7683869758580356
捡,拞,0.7664481824726463
捡,枪,0.7660738913023034
捡,棆,0.762072973185269
捡,揸,0.7614048827848421
