char1,char2,similarity
捨,捨,1.0
捨,捁,0.8109384216072724
捨,挌,0.8053929700886325
捨,捂,0.7991872784661043
捨,抾,0.7987491407781953
捨,検,0.7912715286123901
捨,掊,0.7902162203674918
捨,捾,0.7777288011065963
捨,扵,0.7776167339289571
捨,梧,0.7760260159134797
