char1,char2,similarity
捲,捲,1.0
捲,棬,0.7949546326002831
捲,惓,0.789751101288094
捲,椿,0.7513542947081256
捲,挵,0.7478962234133182
捲,啳,0.7465288523739823
捲,埢,0.7440594531781818
捲,倦,0.7434695465056531
捲,抢,0.7409650868788477
捲,摚,0.740451161645041
