char1,char2,similarity
捪,捪,1.0
捪,惛,0.8187517555210028
捪,棔,0.8127779917920572
捪,揞,0.7761038450110445
捪,措,0.7717550637739673
捪,括,0.7698950008448775
捪,挿,0.768443610892106
捪,崏,0.7673928090257907
捪,拫,0.7631508033395403
捪,摏,0.7627088964565142
