char1,char2,similarity
捱,捱,1.0
捱,捏,0.7675617245578458
捱,掹,0.7614139884720591
捱,揾,0.7591348116222311
捱,掘,0.7583807296422083
捱,捚,0.7582133714914052
捱,抛,0.7566818874847399
捱,搱,0.7526776405547844
捱,搌,0.7518825252800628
捱,恇,0.7464833412781852
