char1,char2,similarity
捯,捯,1.0
捯,椡,0.7979095576148019
捯,挵,0.7654108606153446
捯,揈,0.7574782409678142
捯,挧,0.7545208418173018
捯,挒,0.7526750273192497
捯,掛,0.7500749914135226
捯,挄,0.7475212052261969
捯,拪,0.7419854559607554
捯,挏,0.7393885473804197
