char1,char2,similarity
捸,捸,1.0
捸,棣,0.8235007011236526
捸,棟,0.7744327059837607
捸,抺,0.7717722467461089
捸,捙,0.7672278039346841
捸,捈,0.7629075466733627
捸,捒,0.7623185468027347
捸,掕,0.7612974950540861
捸,掉,0.7601038600632363
捸,揘,0.7586990721750543
