char1,char2,similarity
捶,捶,1.0
捶,锤,0.8590947284634249
捶,棰,0.8233708518511457
捶,睡,0.7887922832236991
捶,倕,0.7824925050733283
捶,唾,0.767918343572
捶,捋,0.7558930445954464
捶,埵,0.7552208117809164
捶,揘,0.7533022625058018
捶,搕,0.7525205159374189
