char1,char2,similarity
捼,捼,1.0
捼,腇,0.7683224377501682
捼,拞,0.7611326734946688
捼,扷,0.7594891379845276
捼,楼,0.7547505946994908
捼,镂,0.7540593887657512
捼,搂,0.7539263498367466
捼,抂,0.7502250629196451
捼,拝,0.749202482468937
捼,捁,0.7482207389536676
