char1,char2,similarity
捻,捻,1.0
捻,棯,0.791445798638629
捻,惗,0.781557202697815
捻,梽,0.7802502027453674
捻,捴,0.7652814257304653
捻,唸,0.7616539469411018
捻,谂,0.7610055134276521
捻,抮,0.7605559156228902
捻,揔,0.7566444143313246
捻,揌,0.751882385003658
