char1,char2,similarity
捹,捹,1.0
捹,扵,0.7772435250313031
捹,锛,0.7771053895663699
捹,扴,0.7769760616673639
捹,挾,0.7725986516088539
捹,拵,0.7684997623677841
捹,拌,0.764758482949328
捹,抍,0.7631659236361823
捹,挂,0.7601276801898426
捹,渀,0.7594451269463212
