char1,char2,similarity
掃,掃,1.0
掃,埽,0.796374235240117
掃,撔,0.7689480661480544
掃,帰,0.7581606616972779
掃,摕,0.7540758637383123
掃,掎,0.752261433992821
掃,掲,0.7497657872376594
掃,挿,0.7493676383997357
掃,婦,0.748971053732018
掃,榇,0.7479694175059348
