char1,char2,similarity
掁,掁,1.0
掁,揊,0.7983319469531334
掁,揋,0.7908465508245339
掁,挋,0.7834066825616438
掁,提,0.7787899985760071
掁,棖,0.7724198628162625
掁,拞,0.7708992715247023
掁,捛,0.7678826199429907
掁,揭,0.767061902609467
掁,桹,0.7659753550303926
