char1,char2,similarity
掂,掂,1.0
掂,拡,0.8078408803017073
掂,惦,0.7958788138068634
掂,捬,0.77623820800911
掂,捾,0.7536603570182376
掂,拮,0.7517282410896825
掂,拙,0.7509456333967788
掂,挂,0.7506001348104051
掂,挍,0.748781272542039
掂,揗,0.7468170869477112
