char1,char2,similarity
掅,掅,1.0
掅,棈,0.8126918593307384
掅,捷,0.789323426400548
掅,啨,0.7839511221871536
掅,搆,0.7802095536505185
掅,捜,0.7785855024038888
掅,捿,0.7769159600573117
掅,靖,0.7758986864255436
掅,埥,0.7706671568340101
掅,楕,0.7682614264497508
