char1,char2,similarity
掄,掄,1.0
掄,掵,0.7997092067475688
掄,椧,0.7638648291795757
掄,抬,0.7626952889364913
掄,碖,0.7489717769664476
掄,捭,0.7471274850301022
掄,摘,0.7460607948152953
掄,捖,0.7450887208529872
掄,榀,0.7441800412774808
掄,搥,0.7438580548294635
