char1,char2,similarity
掆,掆,1.0
掆,撋,0.8240454537129346
掆,捫,0.8121809181235512
掆,攔,0.809795436243981
掆,撊,0.8020624128765186
掆,揦,0.7645509074143161
掆,堈,0.7586814548190731
掆,掴,0.7515038003449718
掆,僴,0.7503176418932829
掆,摳,0.7448404733678551
