char1,char2,similarity
捿,捿,1.0
捿,捷,0.8108396848670165
捿,悽,0.8095871330267213
捿,棲,0.8078996867636316
捿,揨,0.787590668978782
捿,淒,0.7838192137212533
捿,搝,0.7772165397578897
捿,掅,0.7769159600573117
捿,撎,0.7673589275323047
捿,捜,0.7658527142903784
