char1,char2,similarity
掐,掐,1.0
掐,惂,0.8010875453691079
掐,埳,0.7923438350193251
掐,陷,0.7852713036095287
掐,扢,0.7798485843984024
掐,焰,0.7763913522563565
掐,拸,0.7727980023150812
掐,捛,0.7713404883277105
掐,扪,0.768737068900817
掐,抇,0.767573218762358
