char1,char2,similarity
掎,掎,1.0
掎,椅,0.8129827228935725
掎,揞,0.7956086413879682
掎,渏,0.794486601676405
掎,掩,0.7898251187987515
掎,挎,0.7827999919537222
掎,捺,0.7698100336018767
掎,搈,0.7633407899675403
掎,梈,0.7630135315296841
掎,捧,0.7602876805048889
