char1,char2,similarity
掋,掋,1.0
掋,拭,0.755508255897559
掋,擔,0.7531258579308436
掋,揙,0.7493404232026006
掋,擄,0.747047884930304
掋,揻,0.7430674470088161
掋,捖,0.742014525767189
掋,控,0.7381038044531024
掋,摭,0.7322540527624908
掋,挍,0.7295806479842358
