char1,char2,similarity
掙,掙,1.0
掙,捍,0.7818453805672824
掙,揨,0.7663159150199309
掙,捽,0.7599561204312375
掙,捰,0.7531778287489059
掙,搢,0.7521504369413575
掙,撔,0.7490970713224201
掙,搵,0.7451776126592182
掙,挭,0.7435492636788016
掙,抨,0.7434304826415288
