char1,char2,similarity
掖,掖,1.0
掖,液,0.7844959101399648
掖,掩,0.7292943392106145
掖,榕,0.7282238246885572
掖,棭,0.7272025648744006
掖,擰,0.7228490104452437
掖,褷,0.7215341112577714
掖,捺,0.7169334156429762
掖,擠,0.71665312026133
掖,摐,0.7152978924033029
