char1,char2,similarity
掕,掕,1.0
掕,陵,0.7898625336500639
掕,棱,0.7818530603602046
掕,祾,0.7787160939103549
掕,搕,0.7718749474100639
掕,挾,0.7671925884686254
掕,接,0.7663510731495626
掕,捸,0.7612974950540861
掕,倰,0.7586831634103914
掕,堎,0.7578878547192464
