char1,char2,similarity
掤,掤,1.0
掤,堋,0.8195368315240309
掤,倗,0.8165814289522914
掤,挧,0.8022531682424455
掤,绷,0.7960296845179377
掤,揤,0.79036612729373
掤,捫,0.7817975450383078
掤,樃,0.7721725185526775
掤,搁,0.7708683125075413
掤,搦,0.7664247899289418
