char1,char2,similarity
掞,掞,1.0
掞,裧,0.7989399755307096
掞,緂,0.783062614467222
掞,婒,0.7744366439026296
掞,锬,0.7708487031641731
掞,抴,0.7625855580070057
掞,拫,0.7608067200842785
掞,択,0.7607296773458444
掞,扻,0.7598378606387566
掞,抄,0.7583437052604645
