char1,char2,similarity
採,採,1.0
採,棌,0.8061792442405309
採,捋,0.8036667519157848
採,梾,0.801558220268074
採,捒,0.7911439316028491
採,挊,0.7830245415415211
採,埰,0.7815163397504605
採,睬,0.775468534194483
採,棎,0.7752740771797679
採,抙,0.774041956734108
