char1,char2,similarity
接,接,1.0
接,揞,0.7863276769190989
接,椄,0.7833129589297623
接,掕,0.7663510731495626
接,淁,0.761778991456138
接,挗,0.7575371348173047
接,搜,0.7548860191174801
接,桵,0.7487013931546381
接,摉,0.7485000063760046
接,揍,0.748005027886727
