char1,char2,similarity
探,探,1.0
探,深,0.7584012190539922
探,琛,0.7549050185673052
探,垛,0.753533212391473
探,揼,0.7470657921438886
探,堔,0.746601260019343
探,捍,0.7459623428745565
探,棵,0.743317761086491
探,惈,0.7404279892485571
探,悚,0.7397581908341346
