char1,char2,similarity
掟,掟,1.0
掟,绽,0.8009383267102318
掟,椗,0.7992635481841686
掟,蝊,0.7924004114146809
掟,锭,0.7891190916546631
掟,琔,0.7724907810353594
掟,捥,0.771240549318283
掟,揘,0.7576881492676699
掟,扯,0.7574482767450629
掟,抭,0.7571761681853684
