char1,char2,similarity
掣,掣,1.0
掣,揧,0.7987254285644565
掣,揫,0.7781880246568633
掣,拿,0.7753483223558
掣,揱,0.7719917542736533
掣,搴,0.7380883717745713
掣,莗,0.7370702012405778
掣,擥,0.735842088376344
掣,蕇,0.7335086870967459
掣,擎,0.7315810271428582
