char1,char2,similarity
掬,掬,1.0
掬,掏,0.8240557414742852
掬,捌,0.7560951108662619
掬,婅,0.7524139943051239
掬,拘,0.750541860939459
掬,揃,0.7487745430913033
掬,淗,0.7471447291687703
掬,拗,0.7450745640999863
掬,搇,0.7425888976120281
掬,询,0.7400554204570551
