char1,char2,similarity
掮,掮,1.0
掮,捩,0.7950837687940888
掮,揎,0.7931587591082727
掮,猏,0.7883140537203936
掮,摀,0.7881327376064695
掮,搧,0.7819687836762428
掮,楣,0.7691771482946241
掮,梮,0.7689825353306279
掮,搾,0.7664228073196938
掮,扼,0.7614767022239157
