char1,char2,similarity
掫,掫,1.0
掫,棷,0.7963436252867829
掫,捵,0.7607189224398406
掫,挀,0.75541778683841
掫,掝,0.7479622081489381
掫,振,0.7478817013060709
掫,恤,0.7469156205040748
掫,捬,0.7459687573034534
掫,揤,0.7459476458866751
掫,陬,0.745116392111682
