char1,char2,similarity
掴,掴,1.0
掴,插,0.7617608342576709
掴,搯,0.759064816620362
掴,啯,0.7582307294902041
掴,挏,0.7570622827715255
掴,挶,0.7520853143518808
掴,掆,0.7515038003449718
掴,捆,0.7514758768390503
掴,搱,0.7509232667816905
掴,悃,0.7498802784556147
