char1,char2,similarity
掹,掹,1.0
掹,揾,0.7999086790577707
掹,搕,0.7792255981794473
掹,揑,0.7626913367624183
掹,捱,0.7614139884720591
掹,搵,0.7605582699073753
掹,挹,0.7593817681031741
掹,挿,0.7471195585766497
掹,擝,0.7464604104403074
掹,猛,0.7464090574868505
