char1,char2,similarity
掶,掶,1.0
掶,換,0.764460380451109
掶,椩,0.7632110168170512
掶,揬,0.7497619730009693
掶,搧,0.7484726701583794
掶,撗,0.745671680543907
掶,搕,0.7443686311317101
掶,搀,0.7381898557231146
掶,擙,0.7375213269282862
掶,挫,0.736924781162315
