char1,char2,similarity
掲,掲,1.0
掲,揭,0.8424997386622066
掲,掦,0.7981239186607294
掲,搨,0.7732462334126372
掲,褐,0.7661527326549498
掲,搯,0.7611825923265721
掲,堨,0.7526730677202592
掲,渇,0.75167872578636
掲,提,0.750880341858461
掲,猲,0.7504766569896627
