char1,char2,similarity
掷,掷,1.0
掷,揤,0.7554504345012135
掷,榔,0.7469015143008048
掷,挪,0.7467409753869618
掷,倻,0.7381275903322113
掷,挷,0.7379207016379301
掷,揶,0.7371306664623842
掷,挴,0.734855058647973
掷,椰,0.7342644842075823
掷,拂,0.7294695159876833
