char1,char2,similarity
掳,掳,1.0
掳,抌,0.7626775306306519
掳,摅,0.7540522426241516
掳,捤,0.7454771301818157
掳,捬,0.7452413963156428
掳,捷,0.7389446154658253
掳,捜,0.7384444190843622
掳,摒,0.7346315739093141
掳,挀,0.7323096695852463
掳,摘,0.7318116774479134
