char1,char2,similarity
掱,掱,1.0
掱,搻,0.7626809261154299
掱,雾,0.7091495592628023
掱,暑,0.7090637213211255
掱,雩,0.7089243717488212
掱,晨,0.7003873085703334
掱,膋,0.6998431128760847
掱,每,0.6992199753070667
掱,雋,0.6979771437070369
掱,隽,0.6977194332997977
