char1,char2,similarity
掵,掵,1.0
掵,掄,0.7997092067475688
掵,椧,0.7796315036140703
掵,抪,0.7635215094045219
掵,挩,0.7577898427905233
掵,抾,0.7557251654721379
掵,揤,0.7542782298897674
掵,捨,0.7538761281365474
掵,摘,0.7538607488693697
掵,埨,0.7533171359896402
