char1,char2,similarity
揂,揂,1.0
揂,楢,0.7945156730723633
揂,禉,0.7681935467067302
揂,掽,0.7676305704417172
揂,揞,0.7588756002525696
揂,梋,0.7583984930821897
揂,挋,0.7563107028815155
揂,掻,0.7550979064910824
揂,措,0.7549415626794714
揂,扪,0.7543339898373407
