char1,char2,similarity
掽,掽,1.0
掽,椪,0.8018387900664163
掽,揂,0.7676305704417172
掽,抅,0.7578852102387719
掽,拞,0.7560210455972497
掽,掗,0.7493219127679575
掽,抯,0.7471360475351874
掽,排,0.7434732418666421
掽,扏,0.7433391203935534
掽,椾,0.7413368278397012
