char1,char2,similarity
揀,揀,1.0
揀,拺,0.8161839961117674
揀,捒,0.8143116834709877
揀,揇,0.7824214842126683
揀,煉,0.7814885416185924
揀,挮,0.7797411160943589
揀,媡,0.7795106147842504
揀,練,0.7794186174556094
揀,挬,0.7768501271474406
揀,楝,0.7719249404653817
