char1,char2,similarity
掻,掻,1.0
掻,揊,0.779346121512465
掻,捔,0.7631636904715196
掻,挋,0.7587894801086152
掻,掁,0.756014068130229
掻,揂,0.7550979064910824
掻,捀,0.753122244792475
掻,挂,0.7518576967928992
掻,搢,0.751642660348938
掻,挅,0.7502136705731879
