char1,char2,similarity
掼,掼,1.0
掼,惯,0.8289037035256736
掼,提,0.7780382075195478
掼,捑,0.7595781108395129
掼,悵,0.7594642891324936
掼,擐,0.75665875553183
掼,愄,0.7559498193966597
掼,損,0.7525999863444616
掼,损,0.7492517638617435
掼,掦,0.7483740791626381
