char1,char2,similarity
揈,揈,1.0
揈,輷,0.774003146297642
揈,捔,0.765517472500206
揈,捾,0.7650683515459764
揈,拘,0.7639296082492961
揈,搨,0.7620194979240774
揈,搳,0.7591888076288368
揈,捯,0.7574782409678142
揈,捖,0.7568377028934037
揈,挏,0.756709319832686
