char1,char2,similarity
揅,揅,1.0
揅,掔,0.7712853784434179
揅,掌,0.7604229599397797
揅,擥,0.7475497290169347
揅,蒘,0.728543020683422
揅,擘,0.7277108210831852
揅,挚,0.7219345795559298
揅,揫,0.7213360281888358
揅,臯,0.7142036133356053
揅,罩,0.7095593332851594
