char1,char2,similarity
揍,揍,1.0
揍,搸,0.815739975843572
揍,湊,0.7898093448185833
揍,搝,0.7782971496429935
揍,捷,0.7621929370882404
揍,楱,0.7611292015142155
揍,揨,0.7600931261784454
揍,捜,0.7597511164361148
揍,捿,0.7565730724771507
揍,榛,0.7510079994555412
