char1,char2,similarity
揄,揄,1.0
揄,愉,0.814425598914068
揄,偷,0.801669825555797
揄,渝,0.7926075609517172
揄,榆,0.7881812414892702
揄,楡,0.7705875116066296
揄,瑜,0.7643101285157351
揄,偸,0.761043535236736
揄,桖,0.7464844396304067
揄,捬,0.7437301815086153
