char1,char2,similarity
揊,揊,1.0
揊,煏,0.8041811593740585
揊,掁,0.7983319469531334
揊,搹,0.7964222745534042
揊,椙,0.7831378930169953
揊,捛,0.7793591618898902
揊,掻,0.779346121512465
揊,揋,0.7749323245612025
揊,挋,0.7745079553754506
揊,褆,0.7667531684704315
