char1,char2,similarity
揗,揗,1.0
揗,楯,0.8026605495974216
揗,挀,0.7948157906807319
揗,振,0.7722524296614655
揗,捤,0.7678691962634284
揗,挿,0.7614857365204567
揗,循,0.7607862256312916
揗,偱,0.757050569491186
揗,捪,0.7559199830909828
揗,揺,0.7546837282591758
