char1,char2,similarity
揖,揖,1.0
揖,榵,0.7650209900270099
揖,諿,0.7573742105831482
揖,缉,0.7535993973999793
揖,抴,0.750683128286242
揖,拆,0.7496629887780997
揖,扩,0.7494269174276073
揖,拑,0.7469060268898625
揖,楫,0.7466304691522909
揖,搑,0.744784820477415
