char1,char2,similarity
插,插,1.0
插,揷,0.7846149696711078
插,掴,0.7617608342576709
插,锸,0.7607116852314444
插,喢,0.7550532750895916
插,搯,0.750160612755231
插,捃,0.7416927363048488
插,捅,0.7353586544900541
插,悃,0.7353248827012846
插,檑,0.7348037157945929
