char1,char2,similarity
揎,揎,1.0
揎,愃,0.8310569903575131
揎,楦,0.8189217506655107
揎,揸,0.8141361508936866
揎,煊,0.8088466042876772
揎,掮,0.7931587591082727
揎,媗,0.7870439274390043
揎,植,0.7816943521133152
揎,徝,0.779830013355549
揎,捩,0.7710276943903336
