char1,char2,similarity
揔,揔,1.0
揔,揌,0.7819159587401566
揔,搃,0.7719587299537466
揔,楤,0.7708943121244808
揔,摠,0.7694999989300411
揔,捻,0.7566444143313246
揔,樬,0.7556432235758702
揔,抱,0.7506287844490664
揔,摁,0.7497313731491944
揔,挣,0.7469294338148913
