char1,char2,similarity
揓,揓,1.0
揓,揙,0.7246538202441409
揓,揥,0.7118371749555872
揓,摭,0.7097977394077877
揓,掋,0.7094685934476793
揓,掚,0.7083191558539712
揓,掓,0.7070752770823677
揓,暆,0.7048950755358989
揓,撱,0.704514669212734
揓,掩,0.7032276104257831
