char1,char2,similarity
握,握,1.0
握,偓,0.7529352835908795
握,垕,0.7276400825689932
握,掘,0.72025944606333
握,攫,0.7192477914928416
握,惺,0.7181727754567948
握,揶,0.7155225608082091
握,湦,0.7147114741725309
握,攪,0.7137359794263111
握,摫,0.7123736433967153
