char1,char2,similarity
揞,揞,1.0
揞,措,0.8224886551633379
揞,喑,0.8189053736613958
揞,堷,0.8156507928863693
揞,摏,0.8128938226246538
揞,愔,0.8019564991833273
揞,掎,0.7956086413879682
揞,挎,0.7952841721528746
揞,接,0.7863276769190989
揞,揢,0.7846075609458617
