char1,char2,similarity
揚,揚,1.0
揚,糃,0.7736287843248112
揚,楊,0.7619177122484923
揚,裼,0.7573367022616295
揚,掲,0.7450798622733684
揚,禓,0.7420057121201662
揚,掯,0.7388557455441505
揚,蝪,0.7370824334999594
揚,锡,0.7320667709816195
揚,技,0.7312282746822386
