char1,char2,similarity
揨,揨,1.0
揨,停,0.7933823709714501
揨,捿,0.787590668978782
揨,搝,0.7787267550852698
揨,蝏,0.7764076022296742
揨,婷,0.7758990465732812
揨,搸,0.7756083427405089
揨,捽,0.7717779722194931
揨,捀,0.7692935945392068
揨,渟,0.7692215387662117
