char1,char2,similarity
揣,揣,1.0
揣,惴,0.812102711683599
揣,揾,0.7960848942195623
揣,愠,0.7637416946580301
揣,喘,0.7524481245152924
揣,搞,0.7510209754759957
揣,搁,0.7494028856069657
揣,撟,0.7469092710826876
揣,挶,0.7390306534451739
揣,掘,0.7364559573821783
