char1,char2,similarity
揫,揫,1.0
揫,掣,0.7781880246568633
揫,揧,0.7608872033019145
揫,擥,0.7523071456023881
揫,拿,0.7523040729140412
揫,擎,0.7428418002341423
揫,摯,0.7352959668476612
揫,篫,0.7345569057448886
揫,湬,0.7341096562225282
揫,摮,0.7309209402928237
