char1,char2,similarity
揧,揧,1.0
揧,掣,0.7987254285644565
揧,拿,0.7650684388301484
揧,揫,0.7608872033019145
揧,摮,0.7522808406946562
揧,篫,0.747383334128861
揧,擥,0.7469065196314816
揧,蒘,0.7392198639237775
揧,掌,0.7338118122346494
揧,揱,0.73361390515879
