char1,char2,similarity
揢,揢,1.0
揢,楁,0.8321383831028233
揢,搈,0.8146986263740614
揢,揞,0.7846075609458617
揢,搳,0.7737380670409664
揢,捾,0.7733975163661002
揢,搉,0.7659093176960031
揢,捥,0.7631822524311106
揢,撸,0.7620416934541846
揢,摏,0.7611189699223391
