char1,char2,similarity
揰,揰,1.0
揰,堹,0.8287476586563418
揰,揮,0.8067989219454627
揰,撞,0.7991031051425577
揰,煄,0.7801232465555352
揰,锺,0.7638129242342956
揰,櫮,0.7613025770433901
揰,搘,0.760070229744646
揰,棅,0.7599187454514863
揰,畽,0.7541783333025246
