char1,char2,similarity
揵,揵,1.0
揵,楗,0.7887035895278561
揵,挞,0.7702836224850738
揵,煡,0.7701075040040205
揵,犍,0.7610736570991028
揵,踺,0.7514084174250926
揵,徤,0.7438723900216977
揵,摓,0.7405310733110212
揵,搲,0.7397366359328231
揵,搕,0.7367084347923876
