char1,char2,similarity
揯,揯,1.0
揯,搄,0.772773152780429
揯,搤,0.7399050805695098
揯,撹,0.7314187102004035
揯,摱,0.7290217248876862
揯,揹,0.7285213204247749
揯,抱,0.7237868967741126
揯,摴,0.7232217150132645
揯,撨,0.7228723396465307
揯,挋,0.7193400864654137
