char1,char2,similarity
揲,揲,1.0
揲,谍,0.7802012127283182
揲,操,0.7767315158293056
揲,偞,0.7573343803848366
揲,堞,0.7501874842338997
揲,捽,0.7407103037316389
揲,摕,0.7402617708582943
揲,抉,0.7369199694941311
揲,摷,0.7362499184288435
揲,惵,0.7355125931947175
