char1,char2,similarity
揾,揾,1.0
揾,搵,0.8236671023304268
揾,愠,0.8068456547185336
揾,掹,0.7999086790577707
揾,塭,0.7977792341711709
揾,揣,0.7960848942195623
揾,挶,0.792890081126748
揾,掘,0.7817373827321638
揾,搌,0.7756058869583035
揾,搱,0.7715678296943684
