char1,char2,similarity
揿,揿,1.0
揿,惞,0.7443696216223236
揿,搤,0.7356750184439871
揿,搶,0.7348899964918244
揿,撘,0.7293733281656062
揿,撳,0.7287425927099288
揿,搩,0.7280144783420223
揿,掬,0.7264480039616471
揿,掓,0.7263750796874243
揿,掀,0.7255734133096586
