char1,char2,similarity
揸,揸,1.0
揸,揎,0.8141361508936866
揸,楂,0.7958572150579651
揸,棛,0.7804835764960043
揸,楦,0.7753080813247152
揸,拾,0.7659215694152451
揸,撎,0.7616291590510351
揸,捡,0.7614048827848421
揸,拴,0.7603575325955212
揸,挬,0.7596815119744978
