char1,char2,similarity
揷,揷,1.0
揷,挿,0.8212362681860944
揷,插,0.7846149696711078
揷,挥,0.7677207163687985
揷,捍,0.7615392910815717
揷,掸,0.7589153043527339
揷,抨,0.757823161482591
揷,揰,0.7524611718253312
揷,挹,0.7524046330637231
揷,摚,0.7515222283228029
