char1,char2,similarity
搉,搉,1.0
搉,榷,0.8476223620471348
搉,捾,0.7794724108262163
搉,捥,0.776482792758226
搉,棺,0.766924417601332
搉,揢,0.7659093176960031
搉,搸,0.7625636771676694
搉,搈,0.7619224783983262
搉,挖,0.7596452329432345
搉,搢,0.75621487398345
