char1,char2,similarity
搀,搀,1.0
搀,換,0.7613072996219031
搀,馋,0.7598194561898864
搀,扮,0.7514390102898828
搀,捵,0.7411186068141301
搀,捭,0.7386584259772242
搀,掶,0.7381898557231146
搀,搈,0.7381144130525265
搀,捏,0.7370610415901547
搀,挴,0.735618057566132
