char1,char2,similarity
搅,搅,1.0
搅,谠,0.7518592738418853
搅,挝,0.7464300708530673
搅,憆,0.7361320363868807
搅,摬,0.7262369337479332
搅,揽,0.7254511636533609
搅,榄,0.7238509154722602
搅,擯,0.7210264050212645
搅,揣,0.7200435234249861
搅,摚,0.7173407107497454
