char1,char2,similarity
搈,搈,1.0
搈,熔,0.8158334246282564
搈,揢,0.8146986263740614
搈,榕,0.8081142966344351
搈,塎,0.8012288302114472
搈,揬,0.791122728560695
搈,嫆,0.7663051988065848
搈,愹,0.7649411436226837
搈,揞,0.7635853250165644
搈,掎,0.7633407899675403
