char1,char2,similarity
搆,搆,1.0
搆,媾,0.8222870366947305
搆,掅,0.7802095536505185
搆,煹,0.7753700550538571
搆,撞,0.7694563047782492
搆,溝,0.7659817892905402
搆,傋,0.7639487474860387
搆,揟,0.7594525410849121
搆,倩,0.7564108980342108
搆,挴,0.7560592490953371
