char1,char2,similarity
搃,搃,1.0
搃,揔,0.7719587299537466
搃,梞,0.7635105466443436
搃,掜,0.7612008078850722
搃,摠,0.7556824183116395
搃,抧,0.7533546268664901
搃,摁,0.7502678930507332
搃,抡,0.7502286918633181
搃,揌,0.7496948868774383
搃,捝,0.7471773928715437
