char1,char2,similarity
搓,搓,1.0
搓,槎,0.8187818648254407
搓,傞,0.8168169499126239
搓,嫅,0.7726019635514512
搓,提,0.7686723426502903
搓,溠,0.7561197871389295
搓,抉,0.7522160392048897
搓,挍,0.7460905633870889
搓,捽,0.7452339340239853
搓,按,0.743622868859042
