char1,char2,similarity
搐,搐,1.0
搐,慉,0.8394382913852847
搐,滀,0.7928234526747394
搐,傗,0.7666280499097434
搐,瘏,0.7644491999846442
搐,植,0.7635664899815113
搐,揎,0.7610300208811446
搐,掩,0.7530633437826671
搐,愃,0.7528378405695875
搐,摘,0.7500729814310845
