char1,char2,similarity
搚,搚,1.0
搚,撟,0.781159227292274
搚,嗋,0.7698365817729428
搚,掚,0.743743135112658
搚,捅,0.7379706461278136
搚,拪,0.7339247714992273
搚,掏,0.7282318633991678
搚,搁,0.7261594001916855
搚,揇,0.7260133787779991
搚,揩,0.7241254600886127
