char1,char2,similarity
搜,搜,1.0
搜,嗖,0.7946143421767813
搜,锼,0.7945935093942993
搜,馊,0.7930153476317925
搜,瞍,0.762642129754531
搜,獀,0.7585060650910791
搜,接,0.7548860191174801
搜,挭,0.7481498626837888
搜,傁,0.7463074286018556
搜,摧,0.7402337851911499
