char1,char2,similarity
搕,搕,1.0
搕,掹,0.7792255981794473
搕,撞,0.7768571343173029
搕,搲,0.7727715444482492
搕,掕,0.7718749474100639
搕,搵,0.7654486315270135
搕,搤,0.7542573746440697
搕,捶,0.7525205159374189
搕,摿,0.751968718887353
搕,瞌,0.750668577106828
