char1,char2,similarity
搙,搙,1.0
搙,傉,0.8106828876442692
搙,褥,0.7936481711779387
搙,媷,0.750322695745484
搙,揠,0.7486205481338976
搙,摒,0.7421384102850291
搙,搰,0.741532829520925
搙,摞,0.7332592050016205
搙,抛,0.730955896117155
搙,掲,0.7305164653164441
