char1,char2,similarity
搥,搥,1.0
搥,槌,0.8037243048492491
搥,挞,0.7488769075145394
搥,捎,0.7480027917484837
搥,捭,0.7464203566852203
搥,掄,0.7438580548294635
搥,挟,0.7386633563365644
搥,捕,0.7380970231759953
搥,挥,0.737019711368139
搥,損,0.7348324206421343
