char1,char2,similarity
搟,搟,1.0
搟,螹,0.7441756230875775
搟,肃,0.7343061913397678
搟,搛,0.733330678673655
搟,車,0.7310878178704087
搟,擠,0.727810344490423
搟,周,0.7263684491685332
搟,撦,0.7257508615144495
搟,摪,0.7221841305751978
搟,撯,0.7205082633172959
