char1,char2,similarity
搣,搣,1.0
搣,揻,0.8414295148111223
搣,掝,0.7998251763767358
搣,摵,0.7897439806505474
搣,惐,0.7747347876555618
搣,悈,0.7688974172269152
搣,隇,0.7625325536710648
搣,喴,0.7567978257113179
搣,椷,0.7475905001828025
搣,械,0.7442577907530855
