char1,char2,similarity
搢,搢,1.0
搢,措,0.8077885186431747
搢,惜,0.7742888213179756
搢,棤,0.7718502125347438
搢,揞,0.7703343432780297
搢,撍,0.7679094416243389
搢,摺,0.7669986797154924
搢,捪,0.7626821565537101
搢,捾,0.758105609117737
搢,指,0.7566524368900227
