char1,char2,similarity
搨,搨,1.0
搨,掲,0.7732462334126372
搨,揈,0.7620194979240774
搨,掁,0.7527054377518965
搨,揭,0.7519560731079961
搨,挰,0.7453127386285393
搨,掐,0.7446238278741142
搨,捛,0.7413089781242416
搨,捁,0.7408283342133751
搨,摀,0.740419893768787
