char1,char2,similarity
搪,搪,1.0
搪,塘,0.7828019195911732
搪,傏,0.7805516568740897
搪,擴,0.7703780139750263
搪,瑭,0.7336105290470939
搪,揞,0.7160357797283023
搪,櫎,0.7126366127598761
搪,撯,0.7126205847799945
搪,蜨,0.7124363655672922
搪,搏,0.7118309007640593
