char1,char2,similarity
搫,搫,1.0
搫,撀,0.8350300528141418
搫,撃,0.7855798519098469
搫,撆,0.762254292905608
搫,摰,0.7334657324814639
搫,摯,0.7322346366267122
搫,簞,0.7317407838105019
搫,摮,0.7261613156332682
搫,覃,0.7224308728876645
搫,擊,0.7221607789997914
