char1,char2,similarity
搳,搳,1.0
搳,捾,0.7981923025303466
搳,揢,0.7737380670409664
搳,揇,0.7721241816249418
搳,控,0.7701496959529273
搳,縖,0.7622258565064715
搳,揞,0.762165180788174
搳,揈,0.7591888076288368
搳,描,0.7580372871434938
搳,搭,0.7558135669635136
