char1,char2,similarity
搴,搴,1.0
搴,褰,0.7529879336388853
搴,拿,0.7481366191185456
搴,掣,0.7380883717745713
搴,赛,0.7329960942232832
搴,蕇,0.7327070401053976
搴,寰,0.7305652261422555
搴,菁,0.7303699707420582
搴,毒,0.7272115658769048
搴,寥,0.7265319909804572
