char1,char2,similarity
搻,搻,1.0
搻,掱,0.7626809261154299
搻,舙,0.7187450791189415
搻,雩,0.7187057836966841
搻,嵔,0.7172298890916505
搻,電,0.7069091552582857
搻,書,0.706015232861823
搻,貪,0.7059155136821884
搻,樖,0.7041308114638228
搻,舟,0.7032941143872055
