char1,char2,similarity
携,携,1.0
携,檇,0.7581681300927134
携,镌,0.7456206178254592
携,撔,0.7448544712887704
携,搆,0.744117822645358
携,揈,0.7412831535363256
携,捵,0.7391413362482362
携,搝,0.7388582714673002
携,揬,0.7377914046085248
携,拘,0.7347638119104756
