char1,char2,similarity
搸,搸,1.0
搸,揍,0.815739975843572
搸,榛,0.8027570833998328
搸,揨,0.7756083427405089
搸,搝,0.7725470716836548
搸,搉,0.7625636771676694
搸,搞,0.7567431391080601
搸,捧,0.7539239732052081
搸,摏,0.7532532195657451
搸,揥,0.7508876118139793
