char1,char2,similarity
搹,搹,1.0
搹,揊,0.7964222745534042
搹,塥,0.7937494686808804
搹,镉,0.7863352575243986
搹,捛,0.7700613659618384
搹,挳,0.7648384466692617
搹,橸,0.7642486618034687
搹,椙,0.7634847614624108
搹,抦,0.7626179192346875
搹,掁,0.7612579021141697
