char1,char2,similarity
搷,搷,1.0
搷,慎,0.8267513302628661
搷,傎,0.8179475693495876
搷,禛,0.8095079694636879
搷,嗔,0.80737901065048
搷,抯,0.7783062848028646
搷,滇,0.7750373774226245
搷,槙,0.7733754117032967
搷,抲,0.7675301861615511
搷,填,0.7650239242742848
