char1,char2,similarity
搲,搲,1.0
搲,搕,0.7727715444482492
搲,挖,0.750415307491766
搲,搾,0.7472374474997175
搲,掩,0.7449829261342615
搲,揢,0.7445357259635225
搲,摉,0.7425950285516082
搲,愃,0.7425779898129614
搲,控,0.7412040595805842
搲,摍,0.7404618365397436
