char1,char2,similarity
搾,搾,1.0
搾,揎,0.7698337607968091
搾,掮,0.7664228073196938
搾,摀,0.76376690328598
搾,榨,0.7569465375096729
搾,揸,0.7539094201738706
搾,撺,0.7520186632285419
搾,摉,0.7516808480141817
搾,摍,0.7500962522788956
搾,搧,0.7496962644271524
