char1,char2,similarity
摅,摅,1.0
摅,掳,0.7540522426241516
摅,擔,0.7403521956479213
摅,擄,0.7402958338848107
摅,櫨,0.734640296510008
摅,攎,0.7343372072213877
摅,攄,0.7327385524244456
摅,抌,0.7326679506952647
摅,摭,0.732105961553403
摅,搣,0.732078891137561
