char1,char2,similarity
搽,搽,1.0
搽,搭,0.7634261342600248
搽,掿,0.7585252312612125
搽,搐,0.7475464381432672
搽,掠,0.7413018222852588
搽,榇,0.7400494321855613
搽,捸,0.7387424299456226
搽,捒,0.7367418915513622
搽,挌,0.7360277667710868
搽,揀,0.7352131099030267
