char1,char2,similarity
摉,摉,1.0
摉,搾,0.7516808480141817
摉,揨,0.7501262938499835
摉,搐,0.7497298780073008
摉,接,0.7485000063760046
摉,搲,0.7425950285516082
摉,挖,0.7418574846274737
摉,摏,0.738533731020314
摉,捜,0.7371181502614222
摉,掎,0.7362907956467293
