char1,char2,similarity
摆,摆,1.0
摆,榧,0.7527316368801538
摆,換,0.7502309142984435
摆,捑,0.7472804244470207
摆,擆,0.7453905856350461
摆,揹,0.7444952183055238
摆,攘,0.744491024097898
摆,撜,0.7442076542988598
摆,捵,0.7419859811167786
摆,搩,0.7402156370027717
