char1,char2,similarity
摈,摈,1.0
摈,槟,0.7819002441852723
摈,镔,0.7586479758579477
摈,搧,0.754758233995373
摈,掟,0.7521921656489375
摈,投,0.7507136385163212
摈,揁,0.7504461434776315
摈,揎,0.749504454313468
摈,搝,0.7478491920040415
摈,挾,0.747499800640703
