char1,char2,similarity
摏,摏,1.0
摏,揞,0.8128938226246538
摏,樁,0.8109369578174179
摏,拾,0.768590377695526
摏,挗,0.7684890575198252
摏,捪,0.7627088964565142
摏,揢,0.7611189699223391
摏,撎,0.7605032453335095
摏,摚,0.7563578815702043
摏,掎,0.755302016694109
