char1,char2,similarity
摒,摒,1.0
摒,塀,0.8161273439124195
摒,偋,0.7750302435175207
摒,搙,0.7421384102850291
摒,抩,0.7349004633355553
摒,掳,0.7346315739093141
摒,捤,0.7255257079503303
摒,掍,0.7244233965256076
摒,搱,0.721545371819891
摒,搌,0.72033110149365
