char1,char2,similarity
摕,摕,1.0
摕,掃,0.7540758637383123
摕,撈,0.7493590097527568
摕,揲,0.7402617708582943
摕,捨,0.7400770050398309
摕,掊,0.7328533980305438
摕,墆,0.7323779417078979
摕,撣,0.73184343750927
摕,捽,0.7297568825641242
摕,艜,0.7280536824066074
