char1,char2,similarity
摑,摑,1.0
摑,攌,0.7896170360975111
摑,慖,0.7643562901862891
摑,擱,0.7409818517392498
摑,攂,0.7214785340021795
摑,撊,0.7205109775658112
摑,擓,0.7151348214262594
摑,漍,0.7089723907220112
摑,摾,0.7056410403176466
摑,撄,0.7053366874561882
