char1,char2,similarity
摘,摘,1.0
摘,揇,0.8045589956309139
摘,嫡,0.7808616788823198
摘,墑,0.7716551434964799
摘,拽,0.7667392644592084
摘,抝,0.7637813791538981
摘,滳,0.7610829495415803
摘,塙,0.7602112648800753
摘,搞,0.7581363695624823
摘,捞,0.7567688043469639
