char1,char2,similarity
摓,摓,1.0
摓,熢,0.778622389764987
摓,缝,0.775444378443037
摓,塳,0.7699031688651732
摓,摌,0.7638514348866535
摓,撻,0.7618118954505767
摓,摙,0.7473492410266976
摓,揵,0.7405310733110212
摓,撎,0.7372028467164127
摓,掩,0.7367866672429121
