char1,char2,similarity
摗,摗,1.0
摗,嫰,0.7463665773730992
摗,樕,0.7408427090986958
摗,掓,0.7299913033648023
摗,撳,0.7290519039691702
摗,揦,0.728576105059634
摗,搓,0.7252008926116228
摗,摪,0.7243588465886004
摗,掛,0.7224533809610902
摗,摖,0.7214747535185343
