char1,char2,similarity
摞,摞,1.0
摞,嫘,0.7701029633363161
摞,操,0.7700826542620482
摞,提,0.7597262305167111
摞,捚,0.7597184960648302
摞,缧,0.754572712247437
摞,撔,0.7532885111046945
摞,摽,0.7513534348095104
摞,撣,0.7503164536502642
摞,掲,0.7486862119432148
