char1,char2,similarity
摟,摟,1.0
摟,樓,0.7923100645726274
摟,縷,0.7828772180794085
摟,撌,0.7588854906689712
摟,塿,0.7545865844542888
摟,摷,0.7540781382490374
摟,摜,0.7493018509427982
摟,捜,0.7457795857563528
摟,摶,0.7439707883542661
摟,熡,0.7434710863034253
