char1,char2,similarity
摛,摛,1.0
摛,璃,0.8011938040248284
摛,摀,0.7692713507152112
摛,掮,0.7599621686715059
摛,掗,0.7468460102108341
摛,搧,0.746176137385257
摛,褵,0.7439070356749697
摛,楀,0.7438180034711549
摛,搾,0.74150751829809
摛,梮,0.7413951397579269
