char1,char2,similarity
摣,摣,1.0
摣,摢,0.8433515511141004
摣,摜,0.7657322389902106
摣,揠,0.7564289502898717
摣,摠,0.7522538991597264
摣,摿,0.7503723152434028
摣,捬,0.7501239218984574
摣,搵,0.7491125597844361
摣,摬,0.7480884806066121
摣,拡,0.7463787126304356
