char1,char2,similarity
摚,摚,1.0
摚,憆,0.8339193479133952
摚,樘,0.7995649337160285
摚,镗,0.7861655569371202
摚,揘,0.7848170187350851
摚,漟,0.7769793318449132
摚,隚,0.7617466576729878
摚,撎,0.7614747311545151
摚,摏,0.7563578815702043
摚,揷,0.7515222283228029
