char1,char2,similarity
摤,摤,1.0
摤,慡,0.7632671252889134
摤,漺,0.7414448469402583
摤,擠,0.7407038176526518
摤,挗,0.7383184021341836
摤,擌,0.7368307919926341
摤,挾,0.7360968392399139
摤,挟,0.7336234989879263
摤,掶,0.731261400945913
摤,擴,0.7265506747730963
