char1,char2,similarity
摨,摨,1.0
摨,墀,0.8165822868863948
摨,漽,0.7966299116701184
摨,撋,0.7599784541424566
摨,徲,0.7448952786062902
摨,擄,0.743457549269012
摨,摳,0.7417380809820129
摨,搋,0.7383238844805026
摨,摴,0.7335205862687597
摨,攔,0.7327564780024449
