char1,char2,similarity
摬,摬,1.0
摬,撌,0.7800254625290169
摬,滰,0.7777869586792256
摬,擃,0.7724080551558595
摬,撞,0.7602782633837676
摬,撓,0.7557431973495853
摬,摶,0.7526765813666069
摬,捝,0.7498084722427328
摬,撗,0.7486964620426076
摬,摣,0.7480884806066121
