char1,char2,similarity
摥,摥,1.0
摥,慯,0.8199908986185829
摥,摶,0.7258421488388509
摥,擋,0.7240642486316182
摥,橹,0.7173235839961242
摥,瘍,0.7151677713175887
摥,擼,0.7138158976629051
摥,搟,0.7129297288247515
摥,撸,0.7122610225352023
摥,摳,0.7118910782240484
