char1,char2,similarity
摪,摪,1.0
摪,擆,0.7262311065659249
摪,摗,0.7243588465886004
摪,搟,0.7221841305751978
摪,搛,0.7210867969314727
摪,锵,0.7199920077016119
摪,摤,0.7188922502439649
摪,揽,0.7183626872318919
摪,擄,0.7148514625700679
摪,撯,0.7062656768754831
