char1,char2,similarity
摭,摭,1.0
摭,嗻,0.7879336445801529
摭,墌,0.778700539664244
摭,揙,0.7434615214781767
摭,皿,0.7417221041867662
摭,擴,0.7343080500599786
摭,掋,0.7322540527624908
摭,摅,0.732105961553403
摭,摳,0.7317259413960863
摭,撯,0.7290601418966505
