char1,char2,similarity
摧,摧,1.0
摧,墔,0.8208192981434029
摧,熣,0.7981958171822744
摧,催,0.7912115045921523
摧,慛,0.7766639338860915
摧,漼,0.7746299374300745
摧,獕,0.7532484332731623
摧,搳,0.7507359107171645
摧,揞,0.7467775149410166
摧,膗,0.74578294004207
