char1,char2,similarity
摯,摯,1.0
摯,摰,0.8862671016270757
摯,撃,0.8070557590168491
摯,摮,0.7747314426443869
摯,撀,0.7619545287470926
摯,撆,0.7604444327584762
摯,漐,0.7548635442886973
摯,蕇,0.737786800434061
摯,揫,0.7352959668476612
摯,搫,0.7322346366267122
