char1,char2,similarity
摲,摲,1.0
摲,慚,0.7907423871943606
摲,獑,0.7533124254685677
摲,嶃,0.7420011321020537
摲,螹,0.7231973042204992
摲,澵,0.7175114066656033
摲,僌,0.7171138895233221
摲,撕,0.7090975643312906
摲,漸,0.7079656959703419
摲,撫,0.7078328986712336
