char1,char2,similarity
摴,摴,1.0
摴,樗,0.794704631677072
摴,嫮,0.7763621903729481
摴,憒,0.7504433692670472
摴,懥,0.7482062591551136
摴,懦,0.7474931938548514
摴,摳,0.7420217905047315
摴,撐,0.7408762816137655
摴,摿,0.7403925406248867
摴,攉,0.7371051326310438
