char1,char2,similarity
摱,摱,1.0
摱,墁,0.8013134476423935
摱,熳,0.7908365070348359
摱,僈,0.7836172880544885
摱,槾,0.7792484277003535
摱,慢,0.7674689368137338
摱,馒,0.7659429773290141
摱,謾,0.7623762322264159
摱,縵,0.7611073563493299
摱,镘,0.7609626044767327
