char1,char2,similarity
摮,摮,1.0
摮,摰,0.7820660452895883
摮,摯,0.7747314426443869
摮,揧,0.7522808406946562
摮,撀,0.7430010602174927
摮,撆,0.740323246027101
摮,擎,0.740146194286574
摮,骜,0.7375114667128945
摮,揱,0.7368654060698709
摮,撃,0.7356562166498459
