char1,char2,similarity
摰,摰,1.0
摰,摯,0.8862671016270757
摰,撃,0.7839083201935167
摰,摮,0.7820660452895883
摰,撆,0.7538632575283267
摰,蕇,0.7473756776795976
摰,搫,0.7334657324814639
摰,揱,0.7318168913904237
摰,蔁,0.7285236129298127
摰,揫,0.725308246268543
