char1,char2,similarity
摻,摻,1.0
摻,慘,0.7750627226434271
摻,穇,0.7674949572663862
摻,墋,0.7455738591690667
摻,摎,0.7410076520004577
摻,滲,0.7391737153855438
摻,揥,0.7358034355927454
摻,搸,0.7279542994655814
摻,撘,0.725860182346495
摻,摌,0.7250211559081733
