char1,char2,similarity
摸,摸,1.0
摸,镆,0.7970142268185345
摸,模,0.795527768422916
摸,搝,0.7790660824643215
摸,擙,0.7739885489783022
摸,撗,0.7644141883905519
摸,椟,0.7640598618097998
摸,縸,0.7612825808285406
摸,換,0.759563051036948
摸,摜,0.7595156681859583
