char1,char2,similarity
摾,摾,1.0
摾,襁,0.8314393880074693
摾,摼,0.7466429286231194
摾,摦,0.7283106451680694
摾,摵,0.725016964638167
摾,掼,0.7194185347735579
摾,摭,0.7187956867593231
摾,撍,0.7167434187719426
摾,攂,0.7157517499055915
摾,摐,0.7144386308977311
