char1,char2,similarity
摿,摿,1.0
摿,揎,0.759701051758948
摿,搕,0.751968718887353
摿,摣,0.7503723152434028
摿,擢,0.7452384843810133
摿,愭,0.7449620133882127
摿,撌,0.7444574407878406
摿,摍,0.7433798320620394
摿,捨,0.7431224540549941
摿,傮,0.7422201405393957
