char1,char2,similarity
撀,撀,1.0
撀,搫,0.8350300528141418
撀,撃,0.8154633300913499
撀,撆,0.7879344083868726
撀,摯,0.7619545287470926
撀,摮,0.7430010602174927
撀,摰,0.7239502621965448
撀,擊,0.7206685673523723
撀,覃,0.7193847623088255
撀,蓽,0.7170595809972549
