char1,char2,similarity
摺,摺,1.0
摺,熠,0.7685452452673686
摺,搢,0.7669986797154924
摺,揞,0.7553426198179973
摺,揂,0.7527779948805517
摺,褶,0.752559128985354
摺,梋,0.7508924470786689
摺,揆,0.749117903194171
摺,慴,0.7469104617761854
摺,捪,0.7460594436553393
