char1,char2,similarity
撈,撈,1.0
撈,摕,0.7493590097527568
撈,橯,0.7457052984153631
撈,擆,0.7312381362499225
撈,摆,0.7302659735873531
撈,撓,0.7296839802410267
撈,揹,0.7288372985863674
撈,換,0.7224272823073765
撈,攅,0.7210675626622998
撈,撘,0.7208844994732265
