char1,char2,similarity
撉,撉,1.0
撉,羣,0.7283232517456542
撉,謷,0.7233872250159767
撉,撆,0.7128022924428111
撉,鞏,0.7047028329304449
撉,撃,0.6985051045449868
撉,擊,0.6967061130439657
撉,鳌,0.6908095060842725
撉,幣,0.6863823077498618
撉,輂,0.6839801498526371
