char1,char2,similarity
撔,撔,1.0
撔,憬,0.8410227715961898
撔,摷,0.770811073961233
撔,掃,0.7689480661480544
撔,摜,0.7654796779754015
撔,撩,0.7589902248346592
撔,燝,0.7556909116413374
撔,摞,0.7532885111046945
撔,摱,0.7505098660727388
撔,摽,0.749714939673148
