char1,char2,similarity
撑,撑,1.0
撑,攉,0.7630605139135701
撑,礃,0.759448989244061
撑,幥,0.7520187615473101
撑,撔,0.7385588791829168
撑,撂,0.7367150520573325
撑,撞,0.7354961540883361
撑,襷,0.7352143130145933
撑,憬,0.7341171389302551
撑,撩,0.7335329543595935
