char1,char2,similarity
撌,撌,1.0
撌,摜,0.8166607146437956
撌,樻,0.8120859481507451
撌,僓,0.8043413148486298
撌,樍,0.7978199179450174
撌,攢,0.7887494878953184
撌,潰,0.7813285198256116
撌,摬,0.7800254625290169
撌,債,0.7778002428897351
撌,儐,0.7733087001764107
