char1,char2,similarity
撎,撎,1.0
撎,曀,0.7796485594310377
撎,慎,0.7709208739986908
撎,噎,0.7698582095090901
撎,捿,0.7673589275323047
撎,僼,0.7656172821750024
撎,嬄,0.7639229796308433
撎,摌,0.7627252342516707
撎,搷,0.7617882664857225
撎,揸,0.7616291590510351
