char1,char2,similarity
撓,撓,1.0
撓,嶢,0.7799089189643379
撓,墝,0.7769735607440446
撓,橈,0.7768094576795316
撓,燒,0.7691198196229426
撓,摬,0.7557431973495853
撓,揰,0.7503937664457101
撓,徺,0.7500040246881137
撓,撹,0.7451038402936965
撓,膮,0.7428427937250329
