char1,char2,similarity
撚,撚,1.0
撚,橪,0.7612360054049053
撚,燃,0.749753800594578
撚,撨,0.7453130837464798
撚,挞,0.7436368598643252
撚,摬,0.7248920388657462
撚,撘,0.7231881709344211
撚,掼,0.7226394625585538
撚,搕,0.7226212672223652
撚,撗,0.722497399910948
