char1,char2,similarity
撖,撖,1.0
撖,橄,0.8328932131330898
撖,瞰,0.7842573271589818
撖,撤,0.7779613943030423
撖,噉,0.7503561406117284
撖,擑,0.7465282041582136
撖,撮,0.733533424884825
撖,撒,0.7301418154976633
撖,徾,0.7300427726082658
撖,憿,0.7254373279204188
