char1,char2,similarity
撘,撘,1.0
撘,搭,0.7560986471774148
撘,撍,0.7489710588419479
撘,搳,0.7487550951263597
撘,揞,0.7455704358703579
撘,榙,0.745557821781873
撘,撸,0.7410090023971464
撘,摏,0.7401789713487237
撘,捪,0.7369298544073271
撘,撏,0.7364798023162127
