char1,char2,similarity
撝,撝,1.0
撝,僞,0.7603385249536435
撝,搗,0.7191523631906769
撝,擋,0.7173225080884572
撝,潙,0.7171173066723516
撝,拁,0.7155849556808423
撝,蟡,0.7060691067148452
撝,拠,0.705807417541158
撝,撟,0.7053614433049451
撝,摥,0.7052447958350816
