char1,char2,similarity
撜,撜,1.0
撜,橙,0.7869717423833859
撜,憕,0.7846617326373888
撜,燈,0.7793481325638418
撜,僜,0.7771298390776142
撜,膯,0.7607049426350494
撜,撎,0.7552290037717934
撜,愷,0.7475925977119655
撜,摆,0.7442076542988598
撜,隥,0.7431721146332629
