char1,char2,similarity
撣,撣,1.0
撣,樿,0.8006666349958128
撣,揮,0.7972793024426179
撣,憚,0.7892908705010255
撣,嬋,0.7768700269167051
撣,禈,0.7698803271903365
撣,墠,0.7646189612963564
撣,襌,0.7622662681607854
撣,摞,0.7503164536502642
撣,掲,0.7484671368606619
