char1,char2,similarity
撧,撧,1.0
撧,檰,0.754377134741937
撧,摵,0.7190935616710129
撧,揽,0.7166993119528018
撧,挽,0.7163784150004677
撧,搛,0.7151791918624363
撧,擋,0.7139526294807488
撧,搗,0.7121129290055811
撧,搩,0.7086012567612621
撧,拠,0.7081791088801168
