char1,char2,similarity
撢,撢,1.0
撢,憛,0.8480427390104494
撢,曋,0.7985812318875165
撢,谭,0.7948907993800025
撢,墰,0.7778930310405937
撢,撊,0.7592883153346879
撢,撟,0.750024793779598
撢,擋,0.7495123162483789
撢,瞫,0.7458373719809234
撢,潭,0.7369362261492997
