char1,char2,similarity
撩,撩,1.0
撩,镣,0.8373943008541036
撩,缭,0.810833921816883
撩,燎,0.810485144857339
撩,獠,0.7769727715662882
撩,嫽,0.7737150937756235
撩,捺,0.7654480263455047
撩,暸,0.7628306783152841
撩,撔,0.7589902248346592
撩,憭,0.75722745436875
