char1,char2,similarity
撪,撪,1.0
撪,撵,0.7819825619319134
撪,掩,0.7569305182238009
撪,撶,0.7493045917727408
撪,捀,0.7423274877363535
撪,捍,0.7419317190427523
撪,搆,0.7375642739917532
撪,撗,0.7365054476036741
撪,揥,0.7359348885045907
撪,挴,0.7352771679404974
