char1,char2,similarity
撫,撫,1.0
撫,墲,0.8032447387187394
撫,憮,0.761501383962635
撫,撨,0.7567325573731911
撫,璑,0.7349711150916384
撫,橅,0.7263295646305795
撫,嫵,0.7249980390571481
撫,攙,0.723932183240315
撫,拁,0.7222049940001627
撫,挽,0.7205026748680763
