char1,char2,similarity
撲,撲,1.0
撲,僕,0.7818174574791672
撲,擈,0.7777883595606573
撲,镤,0.7644434493702117
撲,墣,0.7574016864376096
撲,瞨,0.7567632978848865
撲,撗,0.7523663783898396
撲,損,0.7433243083032531
撲,獛,0.7414243049318922
撲,擙,0.7367936042610614
