char1,char2,similarity
撯,撯,1.0
撯,攚,0.7729870848571002
撯,搆,0.7546510316835324
撯,摱,0.7470414124242352
撯,攙,0.742338196863161
撯,擆,0.7418995975486626
撯,捧,0.7346823685041187
撯,嫸,0.732068314365945
撯,撙,0.7296459175432841
撯,嶆,0.7294905160673781
