char1,char2,similarity
撳,撳,1.0
撳,摗,0.7290519039691702
撳,揿,0.7287425927099288
撳,撽,0.7128557480677269
撳,楸,0.7123335736188324
撳,俽,0.7080098331733841
撳,撴,0.7076751854717338
撳,徴,0.7017288053640942
撳,惞,0.6999906554955688
撳,撖,0.6982043141681915
