char1,char2,similarity
撷,撷,1.0
撷,擷,0.8559703319441995
撷,纈,0.7224112275885252
撷,攧,0.712775098737732
撷,癫,0.7122640291469998
撷,缬,0.7077524229479302
撷,襭,0.7052386902087138
撷,撅,0.7025507311232588
撷,樾,0.7016454170698674
撷,擏,0.6959413206552297
