char1,char2,similarity
撺,撺,1.0
撺,捀,0.7924949123617836
撺,镩,0.7841228885911389
撺,桻,0.7639824058344278
撺,揨,0.7632555404204426
撺,椲,0.7580556919355751
撺,捷,0.7552872478649271
撺,捿,0.7551432215467513
撺,撁,0.754495956954303
撺,搾,0.7520186632285419
