char1,char2,similarity
撸,撸,1.0
撸,橹,0.8288288722787509
撸,櫓,0.7779252275212265
撸,澛,0.7651048849667039
撸,擼,0.7633699652982071
撸,揢,0.7620416934541846
撸,镥,0.7610945484192614
撸,噜,0.759952287483304
撸,搒,0.7553235096306294
撸,抩,0.7545884965136345
