char1,char2,similarity
擂,擂,1.0
擂,撂,0.7678292600880329
擂,檑,0.7512214149286329
擂,墵,0.7412127207547751
擂,撍,0.7403764073401108
擂,搔,0.739821458013526
擂,愊,0.7393418502568236
擂,擓,0.734633649730939
擂,镭,0.7340369601455126
擂,慅,0.7304481956193237
