char1,char2,similarity
擄,擄,1.0
擄,攎,0.7990957918637639
擄,壚,0.7939020416871012
擄,攄,0.7574633337778205
擄,櫨,0.7562031122740102
擄,擔,0.7514287894290718
擄,掋,0.747047884930304
擄,搋,0.7465686518886565
擄,摨,0.743457549269012
擄,爐,0.7434204591931163
