char1,char2,similarity
撿,撿,1.0
撿,憸,0.7737637376497285
撿,澰,0.7419845552851319
撿,擒,0.729591411914486
撿,搶,0.7260994876397519
撿,搇,0.7259533943440543
撿,儉,0.7259328379637104
撿,攐,0.7204405989091156
撿,攎,0.7160730060510231
撿,倹,0.7156072632620031
