char1,char2,similarity
擇,擇,1.0
擇,嶧,0.8147336270323379
擇,墿,0.7921577141823493
擇,嬕,0.7841539144523723
擇,懌,0.77891788142097
擇,擉,0.7757606499263952
擇,撁,0.7550107056700784
擇,揮,0.7502326735468541
擇,譯,0.7500652717296797
擇,撋,0.7498714725272145
