char1,char2,similarity
擆,擆,1.0
擆,墸,0.7968139436011467
擆,撦,0.7912353539357153
擆,揹,0.7647035646857117
擆,瘏,0.7529807950428773
擆,搰,0.7499937045270169
擆,搐,0.7480853011347656
擆,摆,0.7453905856350461
擆,揝,0.7429166883161861
擆,捁,0.7422286499114663
