char1,char2,similarity
擎,擎,1.0
擎,蒘,0.7452026069566569
擎,揫,0.7428418002341423
擎,摮,0.740146194286574
擎,莗,0.7355015717358658
擎,篫,0.7322072317823138
擎,掣,0.7315810271428582
擎,揧,0.7214818829961583
擎,拿,0.7200236441324358
擎,臯,0.7172789805319503
