char1,char2,similarity
擏,擏,1.0
擏,璥,0.7711160618018112
擏,撒,0.7491208188204331
擏,撇,0.7303635166161143
擏,擷,0.7244481061657766
擏,儆,0.7151017778796974
擏,撤,0.7055659956690961
擏,揪,0.7027828105571134
擏,撽,0.6986316459823253
擏,攝,0.698334134946049
