char1,char2,similarity
擊,擊,1.0
擊,撃,0.7292397164812306
擊,搫,0.7221607789997914
擊,撀,0.7206685673523723
擊,撆,0.7163963471867123
擊,蕈,0.7147365245762058
擊,簞,0.709247188276458
擊,藆,0.7091098742050966
擊,臀,0.7047388998745611
擊,蟿,0.7042776212454974
