char1,char2,similarity
擒,擒,1.0
擒,噙,0.7760183191555944
擒,擩,0.7504236339806878
擒,檎,0.7485365266639353
擒,擕,0.744261721412719
擒,搞,0.7305122076126718
擒,撿,0.729591411914486
擒,挽,0.726752363794945
擒,擡,0.7242511068084337
擒,搁,0.7208212638347536
