char1,char2,similarity
據,據,1.0
據,懅,0.7521245339987749
據,檬,0.740258344095705
據,捵,0.7368152500158309
據,揤,0.7356775838561144
據,拽,0.7353632633061293
據,揙,0.7324455942394795
據,捭,0.7272390431438628
據,壉,0.7266615235871856
據,掫,0.7261063069921381
