char1,char2,similarity
擗,擗,1.0
擗,壀,0.7635027685943719
擗,噼,0.7372453655521721
擗,澼,0.7225357733621206
擗,僻,0.7087873825968332
擗,擹,0.7061393630263373
擗,撽,0.6973006763125992
擗,辨,0.696277780892184
擗,擕,0.6952240121946253
擗,攥,0.6944367066873163
