char1,char2,similarity
擓,擓,1.0
擓,擂,0.734633649730939
擓,愊,0.7319185612983646
擓,挻,0.730978126417354
擓,拯,0.7256146518343134
擓,摳,0.7234616407854504
擓,插,0.7220407043616475
擓,掚,0.7213822084444974
擓,掴,0.7201786929513803
擓,撄,0.7195762699281594
