char1,char2,similarity
擛,擛,1.0
擛,搷,0.7600040705300098
擛,撎,0.7489449537912158
擛,撗,0.7443202760798792
擛,傼,0.7361893943968619
擛,慎,0.7347367827041092
擛,傎,0.7325440628684007
擛,損,0.7300752479833266
擛,檩,0.7256535617027996
擛,摓,0.7219542063560728
