char1,char2,similarity
擤,擤,1.0
擤,擡,0.7619865026301692
擤,嬶,0.7429231324155735
擤,櫋,0.7411680710149027
擤,濞,0.7367291665028787
擤,擄,0.7291219858459435
擤,攎,0.7264761523423263
擤,攉,0.7260772547813242
擤,摁,0.7253554105729609
擤,據,0.7247653684092673
