char1,char2,similarity
擢,擢,1.0
擢,櫂,0.7945154164841376
擢,攉,0.7652686050471632
擢,燿,0.7467475514104637
擢,摿,0.7452384843810133
擢,忂,0.7381098408111256
擢,嬥,0.7379779868114497
擢,曜,0.7346859028375405
擢,撣,0.732488975549323
擢,權,0.7307910709518198
