char1,char2,similarity
擥,擥,1.0
擥,掌,0.7632283105425698
擥,揫,0.7523071456023881
擥,揅,0.7475497290169347
擥,掔,0.746955169828014
擥,揧,0.7469065196314816
擥,篫,0.7451008205032174
擥,莗,0.7414284325247669
擥,掣,0.735842088376344
擥,蒘,0.7300784336411608
