char1,char2,similarity
擬,擬,1.0
擬,懝,0.7962523077770185
擬,儗,0.7858573015807032
擬,凝,0.7174305738331481
擬,攫,0.7159639910091523
擬,摐,0.7093456944647476
擬,挺,0.707779684615895
擬,摳,0.7027533026582572
擬,摡,0.7026030556089362
擬,撄,0.7022697941234433
