char1,char2,similarity
擩,擩,1.0
擩,懦,0.8182884263180616
擩,襦,0.7948028207986577
擩,獳,0.789771039129762
擩,嚅,0.7835701507697586
擩,擕,0.768132096615923
擩,壖,0.7523744087171558
擩,擒,0.7504236339806878
擩,攉,0.7467407779742908
擩,燸,0.7455666883845924
