char1,char2,similarity
擦,擦,1.0
擦,檫,0.8070875948955463
擦,攃,0.7831668850642295
擦,揨,0.763126500344816
擦,櫒,0.753262826553912
擦,搸,0.7504664334357949
擦,镲,0.7491188250120466
擦,撩,0.7466051832932069
擦,瘵,0.7411040215870902
擦,搞,0.7410786470870491
