char1,char2,similarity
擸,擸,1.0
擸,獵,0.732232325567996
擸,擣,0.7293162802154419
擸,擴,0.7140681250223574
擸,犣,0.7131813867969162
擸,爉,0.7106534124264383
擸,撥,0.7088923396437108
擸,搪,0.7054917895936359
擸,攛,0.7050735218967706
擸,撽,0.7040759306402007
