char1,char2,similarity
擹,擹,1.0
擹,擜,0.7330125416657342
擹,撤,0.7165487889512767
擹,蠍,0.7107806889351219
擹,撒,0.7092265876616125
擹,擗,0.7061393630263373
擹,攕,0.702548847799445
擹,撽,0.6981748043625686
擹,擺,0.6966242035515182
擹,撖,0.6953590361946809
