char1,char2,similarity
擵,擵,1.0
擵,攠,0.7643235409383242
擵,攄,0.7329569055976489
擵,擦,0.7239225990983714
擵,懭,0.7203588154170272
擵,摵,0.7181894199039447
擵,橛,0.7172756469003866
擵,慷,0.7162763765150464
擵,擡,0.7151761106019644
擵,摨,0.7151500589498003
