char1,char2,similarity
擱,擱,1.0
擱,撊,0.7890786901676459
擱,撋,0.781369287943238
擱,憫,0.7663653223257065
擱,憪,0.7657993557028754
擱,墹,0.763056633082087
擱,們,0.7603348127432111
擱,攌,0.7476159108903783
擱,撄,0.7466345301854591
擱,摑,0.7409818517392498
