char1,char2,similarity
擰,擰,1.0
擰,檸,0.8366360238865366
擰,嬣,0.8269404786660378
擰,懧,0.8024075416695452
擰,獰,0.7968026326731774
擰,濘,0.760457067987433
擰,矃,0.7516835856553826
擰,摔,0.7309645830595554
擰,儜,0.7260034470301238
擰,摉,0.7252500903420476
