char1,char2,similarity
擽,擽,1.0
擽,櫟,0.769959293792627
擽,瓅,0.7556291008690197
擽,爍,0.7413477787299465
擽,轢,0.7176858794909717
擽,揉,0.7128438867018743
擽,慄,0.7124904535365577
擽,攑,0.7099410707674991
擽,搩,0.7038666299891119
擽,攃,0.7012557886704286
