char1,char2,similarity
攀,攀,1.0
攀,毫,0.7060687908248028
攀,摰,0.7048522148465256
攀,礬,0.7044308945104261
攀,搴,0.7002213626112971
攀,詟,0.6959566340939612
攀,摮,0.6949158525338909
攀,揱,0.6941955810233863
攀,蕇,0.6924657920824864
攀,摯,0.6909250080227615
