char1,char2,similarity
擾,擾,1.0
擾,瀀,0.8012585118655569
擾,懮,0.7828323817778167
擾,嚘,0.7686084415890877
擾,瓇,0.7513745889633785
擾,優,0.7362656352154375
擾,攍,0.7184151245531927
擾,櫌,0.7181841189505291
擾,攊,0.7139761702467826
擾,擺,0.7126891134356712
