char1,char2,similarity
攁,攁,1.0
攁,礢,0.7664206383607811
攁,攐,0.7356398767352579
攁,擆,0.7347118740051457
攁,撪,0.7319992263585422
攁,撗,0.7314580660171055
攁,瀁,0.7306145307568965
攁,攍,0.7289809204833432
攁,撍,0.7270567074828866
攁,揹,0.7237445406433124
