char1,char2,similarity
攃,攃,1.0
攃,礤,0.7877677217369065
攃,擦,0.7831668850642295
攃,檫,0.7650433085600081
攃,撶,0.7382331047895223
攃,揼,0.7350849129374715
攃,搡,0.7335486988656696
攃,镲,0.7305596205489586
攃,撞,0.7231602916549802
攃,擈,0.7185673623721971
