char1,char2,similarity
擻,擻,1.0
擻,撽,0.7706949503911148
擻,墽,0.7374419635661391
擻,擞,0.7326355084526773
擻,缴,0.7318303171072764
擻,澂,0.7301954830978552
擻,徵,0.7250754314073379
擻,敒,0.7247912118068925
擻,檄,0.7206004596269266
擻,徼,0.7194439775025666
