char1,char2,similarity
擺,擺,1.0
擺,攞,0.719752347688556
擺,擾,0.7126891134356712
擺,攂,0.7071041668002366
擺,擱,0.7061068440347583
擺,挪,0.705057344652611
擺,揶,0.7046505900111306
擺,撮,0.6990473398840089
擺,握,0.6979880677568223
擺,攫,0.697561576387088
