char1,char2,similarity
攄,攄,1.0
攄,攎,0.8256230590812395
攄,櫖,0.7868251671475027
攄,濾,0.7851050459747843
攄,儢,0.7683222210189626
攄,櫨,0.76597631168323
攄,擄,0.7574633337778205
攄,壚,0.7451078711669465
攄,曥,0.7437302588049657
攄,獹,0.737035711980344
