char1,char2,similarity
攌,攌,1.0
攌,摑,0.7896170360975111
攌,擱,0.7476159108903783
攌,攬,0.7255362654237896
攌,撱,0.7236575136086792
攌,擓,0.7167208577777114
攌,擳,0.7147358775723457
攌,撄,0.7131794571407049
攌,擩,0.7124700352092747
攌,攟,0.7119883303622828
