char1,char2,similarity
攊,攊,1.0
攊,儮,0.790742604084395
攊,壢,0.7464494404581299
攊,擾,0.7139761702467826
攊,嚦,0.7089373324324398
攊,攌,0.7079658976621974
攊,攟,0.7021842744598047
攊,憪,0.7020299846445068
攊,攝,0.7007010464758339
攊,撥,0.6980677998109978
