char1,char2,similarity
攇,攇,1.0
攇,瀗,0.7614939398910467
攇,攍,0.7611358609074134
攇,攛,0.7602221217732804
攇,攜,0.753574777068435
攇,懳,0.7417900764817664
攇,攈,0.7159586002416851
攇,攐,0.7126542431679679
攇,攘,0.7110312462042928
攇,擵,0.7108475896128427
