char1,char2,similarity
攅,攅,1.0
攅,攆,0.802755502359581
攅,擅,0.7440861453524533
攅,攎,0.7417135835461992
攅,攄,0.7309195010259466
攅,擯,0.7302225012778274
攅,擼,0.7273366136872248
攅,撈,0.7210675626622998
攅,攬,0.7176642819826045
攅,瓉,0.7164582817645156
