char1,char2,similarity
攋,攋,1.0
攋,懶,0.7912093152244326
攋,瓎,0.777488000206516
攋,獺,0.7593868251312399
攋,懒,0.7282611766549478
攋,櫴,0.7200306517912504
攋,嬾,0.7145404616399988
攋,攝,0.703438940722474
攋,撅,0.7006977766346582
攋,撽,0.6968363458169989
