char1,char2,similarity
攎,攎,1.0
攎,攄,0.8256230590812395
攎,櫨,0.8071193911452984
攎,擄,0.7990957918637639
攎,壚,0.7882010275781439
攎,曥,0.7640172826897809
攎,爐,0.7591581874312673
攎,瓐,0.7493419486432529
攎,嚧,0.7442502444411514
攎,攅,0.7417135835461992
