char1,char2,similarity
攐,攐,1.0
攐,攘,0.7443847313078706
攐,攁,0.7356398767352579
攐,蠰,0.7264047165467625
攐,擃,0.7251782221786008
攐,攓,0.7233736611524696
攐,擼,0.7216083011379455
攐,撿,0.7204405989091156
攐,攃,0.7159538928903569
攐,摆,0.7143246554616506
