char1,char2,similarity
攓,攓,1.0
攓,擅,0.7621722485313287
攓,憻,0.7269715149556105
攓,瀽,0.7246761089192566
攓,攐,0.7233736611524696
攓,儃,0.7074994100430064
攓,攘,0.707457366020001
攓,懔,0.7047304293292236
攓,攍,0.7006481421578115
攓,檀,0.700182200177602
