char1,char2,similarity
攔,攔,1.0
攔,掆,0.809795436243981
攔,捫,0.7847489572491297
攔,撋,0.7696902741789925
攔,撊,0.7658208159030323
攔,撾,0.7615770142719328
攔,摳,0.7572776670773318
攔,爛,0.754143719506295
攔,欄,0.7438882776151658
攔,擕,0.7413014762583154
