char1,char2,similarity
攖,攖,1.0
攖,孆,0.7694109244781204
攖,撄,0.7679031823586407
攖,櫻,0.7516604661930538
攖,瀴,0.746080511586626
攖,攪,0.737612919956181
攖,摆,0.737209682960864
攖,巊,0.7340245905605781
攖,嚶,0.7292156363417642
攖,擱,0.7278075538375698
