char1,char2,similarity
攗,攗,1.0
攗,攈,0.8357172904794161
攗,攟,0.7525468694653858
攗,攜,0.7152921176089723
攗,攛,0.7123103528874088
攗,壢,0.7042864044826662
攗,攇,0.6994745178886029
攗,撅,0.6986333616876043
攗,攧,0.6925349209122983
攗,磧,0.6896261035054823
