char1,char2,similarity
攒,攒,1.0
攒,瓒,0.7635062767365907
攒,濳,0.7433009673300259
攒,缵,0.7329388264651979
攒,擯,0.7087298862524973
攒,横,0.7011291521120014
攒,攅,0.6994300382242147
攒,擠,0.6985523405072884
攒,攫,0.6965811498935791
攒,痕,0.6946554290973788
