char1,char2,similarity
攞,攞,1.0
攞,摨,0.7283593745814771
攞,欏,0.7233803488093534
攞,擺,0.719752347688556
攞,撢,0.7157478751866788
攞,擱,0.7118433413638832
攞,曪,0.7040454896252489
攞,撥,0.7005747164332615
攞,攤,0.6972961295997967
攞,撾,0.695849464266006
