char1,char2,similarity
攛,攛,1.0
攛,攇,0.7602221217732804
攛,攜,0.7430778109798104
攛,攈,0.7171924128212598
攛,攍,0.7143885731471564
攛,攗,0.7123103528874088
攛,濱,0.7100643623865317
攛,撽,0.7051636365630296
攛,擸,0.7050735218967706
攛,漬,0.6988966348184955
