char1,char2,similarity
攡,攡,1.0
攡,灕,0.759719353918771
攡,囄,0.7390998882301171
攡,雦,0.6853424675645617
攡,囃,0.6832552667017059
攡,尴,0.6707478424212105
攡,讎,0.6702789798462807
攡,灘,0.6673054978678004
攡,摊,0.6666176667157605
攡,攤,0.666231830585702
