char1,char2,similarity
攙,攙,1.0
攙,巉,0.8156067376452217
攙,纔,0.8056739349453816
攙,欃,0.762395665073982
攙,讒,0.7502819790365066
攙,儳,0.7467777626898576
攙,瀺,0.7430619832900957
攙,撯,0.742338196863161
攙,攚,0.7377396297827621
攙,摜,0.7338548482156961
