char1,char2,similarity
攜,攜,1.0
攜,攇,0.753574777068435
攜,儶,0.7502277876951773
攜,攛,0.7430778109798104
攜,攈,0.7204418941392092
攜,瓗,0.7180417597855882
攜,攗,0.7152921176089723
攜,攍,0.7108889278867686
攜,攐,0.6960415152006763
攜,鏖,0.6932125757982567
