char1,char2,similarity
攦,攦,1.0
攦,曬,0.7948776756515173
攦,儷,0.7451258744744796
攦,灑,0.7384929240763988
攦,囇,0.7320902786267512
攦,攝,0.6965401200412538
攦,穲,0.689987571853113
攦,擺,0.6885699191174274
攦,攗,0.6869800152135533
攦,攋,0.6856169867786652
