char1,char2,similarity
攢,攢,1.0
攢,禶,0.8113808705259186
攢,礸,0.7911236716601683
攢,撌,0.7887494878953184
攢,襸,0.7836531171270972
攢,摜,0.7810785627412775
攢,穳,0.7717478671856397
攢,櫕,0.7610883406503597
攢,擃,0.7533246715055988
攢,撗,0.7484926271440256
