char1,char2,similarity
攫,攫,1.0
攫,戄,0.7881419809122208
攫,撄,0.7280184293482003
攫,握,0.7192477914928416
攫,攪,0.7182176133264693
攫,擬,0.7159639910091523
攫,擯,0.7150448671909249
攫,攬,0.7148280905548422
攫,櫃,0.711718512672001
攫,懮,0.7083510712849852
