char1,char2,similarity
攥,攥,1.0
攥,擡,0.716550912644969
攥,擗,0.6944367066873163
攥,邅,0.6909397248958421
攥,攇,0.6865680359761565
攥,摥,0.6847241595199013
攥,擬,0.6805687748186682
攥,擸,0.6790155287254753
攥,擒,0.678663235046011
攥,撷,0.6779632827319229
