char1,char2,similarity
攤,攤,1.0
攤,灘,0.7460855257017097
攤,囄,0.7113432208281365
攤,摨,0.7063362061059032
攤,儺,0.6995498423046018
攤,摴,0.6979185364843519
攤,攞,0.6972961295997967
攤,拠,0.6941575268842566
攤,擁,0.6910680596810759
攤,攂,0.6897487541674497
