char1,char2,similarity
攴,攴,1.0
攴,支,0.8268498204817354
攴,芆,0.8040988133468273
攴,土,0.7935851541706592
攴,歺,0.7934046573377219
攴,芠,0.79116698935723
攴,士,0.7881801579950359
攴,丄,0.7851356873422067
攴,丿,0.7802501876613899
攴,工,0.7787410975831646
