char1,char2,similarity
攵,攵,1.0
攵,艾,0.8140786258607461
攵,交,0.8123424092165786
攵,支,0.8014721738125201
攵,父,0.7959509505522744
攵,文,0.7915740239145936
攵,义,0.7901803801207701
攵,夂,0.7803315657558632
攵,攴,0.7710122462765784
攵,亻,0.770329565933062
