char1,char2,similarity
攱,攱,1.0
攱,豉,0.7895804805408089
攱,跂,0.7768969755798258
攱,岐,0.7687951204064757
攱,衼,0.7654850688160993
攱,妓,0.7640396779454822
攱,诐,0.7541143421133338
攱,蚑,0.7520444973288122
攱,歧,0.7507093434015492
攱,敍,0.7484984699914561
