char1,char2,similarity
收,收,1.0
收,呚,0.8615171651138966
收,呅,0.7929477395731861
收,盿,0.7791375086899536
收,攻,0.7743970427879728
收,坆,0.7731872561382952
收,孜,0.7704948185461571
收,収,0.7682932837269749
收,敀,0.7604128156039958
收,旼,0.7572081085903214
