char1,char2,similarity
改,改,1.0
改,攻,0.7652645242476759
改,妏,0.764309883175457
改,孜,0.763921260307603
改,攺,0.7622711101977725
改,旼,0.7577876767130907
改,玫,0.755656970251466
改,玟,0.7549505528867061
改,呚,0.7543294111717128
改,忟,0.7512460124341539
