char1,char2,similarity
攺,攺,1.0
攺,攷,0.8162490121026744
攺,敀,0.8016331550962067
攺,炆,0.7661665288020615
攺,故,0.7628601002491551
攺,政,0.7625502799134095
攺,改,0.7622711101977725
攺,蚊,0.7607403292555238
攺,紋,0.760635024760721
攺,炇,0.7600617568412834
