char1,char2,similarity
敇,敇,1.0
敇,敕,0.823419017711787
敇,敘,0.7962240425524627
敇,敂,0.7716537841951817
敇,敜,0.752695260637858
敇,敋,0.7484905333453199
敇,敄,0.7445249464722973
敇,教,0.741733832704737
敇,敦,0.740759104652213
敇,敭,0.7395185857355502
