char1,char2,similarity
敂,敂,1.0
敂,敋,0.7917721150858
敂,敘,0.7895587449657056
敂,敇,0.7716537841951817
敂,敩,0.7591236130904842
敂,散,0.7584081430858984
敂,敏,0.7561606779158673
敂,敜,0.7561338415952865
敂,敄,0.7551313374167535
敂,欨,0.7549488978044251
