char1,char2,similarity
敉,敉,1.0
敉,枚,0.8298569475589245
敉,籹,0.7892757490986573
敉,粀,0.7616072132829075
敉,粉,0.7580301086269455
敉,敀,0.7567008880435764
敉,頪,0.755282369255331
敉,孜,0.7538251241061187
敉,籸,0.7491547405200296
敉,忟,0.7479669661722385
