char1,char2,similarity
敃,敃,1.0
敃,敚,0.7691091662121037
敃,敄,0.7589635375490426
敃,敜,0.7565380037074413
敃,敟,0.746005841635747
敃,敞,0.7443097998245037
敃,敘,0.7440245772685609
敃,敭,0.7382126336080802
敃,敇,0.7369454544650831
敃,敹,0.7351139154232778
