char1,char2,similarity
敁,敁,1.0
敁,岐,0.8073013674542329
敁,蚑,0.7647500580266906
敁,妓,0.7489916269810293
敁,攱,0.7456284343564801
敁,诐,0.7379412795522693
敁,衼,0.7350654984161243
敁,歧,0.7302110841098625
敁,坺,0.7292187382745114
敁,佊,0.7275200927511949
