char1,char2,similarity
敓,敓,1.0
敓,斂,0.74316475785931
敓,數,0.7370683754114348
敓,敏,0.7366956105377799
敓,敐,0.7338619945439812
敓,敳,0.7305652075256622
敓,敔,0.7303243605416241
敓,敖,0.7275359334135266
敓,攽,0.7273978832831866
敓,敃,0.7263454380227694
