char1,char2,similarity
敏,敏,1.0
敏,败,0.7735405664890742
敏,敦,0.7620562159749174
敏,敫,0.7605276693529831
敏,敖,0.7593273977037841
敏,敂,0.7561606779158673
敏,敛,0.748803962695344
敏,散,0.7432779370001983
敏,敗,0.7423215717015681
敏,敢,0.7413732785568129
