char1,char2,similarity
敐,敐,1.0
敐,啟,0.7433120405448024
敐,數,0.7372992572126159
敐,斁,0.7362453461176475
敐,敳,0.7361657646624608
敐,敔,0.7358384578537424
敐,敓,0.7338619945439812
敐,敄,0.7306373392979475
敐,敂,0.7305198796683348
敐,屙,0.7276108579778149
