char1,char2,similarity
敎,敎,1.0
敎,斆,0.7582484644954176
敎,斁,0.7493028130469247
敎,敵,0.7281494702926897
敎,數,0.7240799672130669
敎,斂,0.7232191506240007
敎,敹,0.7194753606853533
敎,敳,0.7190369855739854
敎,敚,0.7168849617606621
敎,澈,0.7116816686993707
