char1,char2,similarity
敖,敖,1.0
敖,败,0.7690739906165923
敖,敏,0.7593273977037841
敖,敗,0.7519426747439513
敖,攽,0.7509646652797292
敖,敛,0.750765547130028
敖,散,0.7500627457434821
敖,敫,0.7496049167121285
敖,斂,0.7459275095112076
敖,啟,0.7442369292060239
