char1,char2,similarity
敝,敝,1.0
敝,敞,0.7838654975611803
敝,敵,0.7784064111811612
敝,敳,0.7554738530732058
敝,敕,0.734175945701377
敝,敇,0.7310168296548927
敝,敘,0.727155999457123
敝,斁,0.7248077822064777
敝,澈,0.7173183046698516
敝,敂,0.716897811649698
