char1,char2,similarity
敛,敛,1.0
敛,败,0.7674072577138424
敛,叙,0.7613563960312753
敛,敖,0.750765547130028
敛,釹,0.7504984089652583
敛,敏,0.748803962695344
敛,散,0.7481379244594537
敛,斂,0.7458697810340614
敛,救,0.7422101656112017
敛,教,0.7388841373523581
