char1,char2,similarity
教,教,1.0
教,敦,0.7708352448276273
教,救,0.7564736390935938
教,敘,0.7441301536237955
教,敇,0.741733832704737
教,敛,0.7388841373523581
教,叙,0.7372906543953639
教,散,0.7355577079711151
教,敖,0.7351727915628639
教,敕,0.7331485472648787
