char1,char2,similarity
敕,敕,1.0
敕,敇,0.823419017711787
敕,敘,0.765608530711071
敕,敂,0.7426496004535635
敕,敖,0.7399619450423206
敕,敝,0.734175945701377
敕,教,0.7331485472648787
敕,敛,0.7293356092125299
敕,敦,0.7271973040875939
敕,敏,0.725841730523511
