char1,char2,similarity
敡,敡,1.0
敡,敯,0.7729208229795637
敡,敱,0.7642040007463545
敡,斀,0.7452894217310398
敡,敥,0.7335933639544481
敡,敽,0.7293341414229032
敡,敤,0.7205547541752988
敡,敮,0.7017456775899702
敡,剔,0.7001107558695374
敡,戥,0.6959969900750496
