char1,char2,similarity
敥,敥,1.0
敥,敱,0.7869068573773236
敥,敯,0.7621954012891062
敥,敮,0.7436702555742548
敥,敤,0.7389527679489358
敥,敡,0.7335933639544481
敥,剡,0.7237002751211027
敥,煔,0.7211071972916152
敥,鼓,0.7129487041342137
敥,斀,0.7123351554351659
