char1,char2,similarity
敢,敢,1.0
敢,敗,0.7718428981971288
敢,放,0.749669666688985
敢,敦,0.749646216171832
敢,畋,0.7465508663469721
敢,敏,0.7413732785568129
敢,啟,0.7387685905825456
敢,駇,0.7367109444832475
敢,敛,0.7357691344921156
敢,散,0.7348318576569645
