char1,char2,similarity
敧,敧,1.0
敧,攲,0.827816133923169
敧,欹,0.7586284703573467
敧,馶,0.739692858376526
敧,翄,0.7368578162864219
敧,鼔,0.7293568814170716
敧,敤,0.7235274571496245
敧,鼓,0.7194062738697904
敧,軙,0.7174998480201095
敧,跛,0.7118156473029325
