char1,char2,similarity
敤,敤,1.0
敤,敮,0.7917679816642803
敤,敱,0.7415486254986626
敤,敥,0.7389527679489358
敤,敧,0.7235274571496245
敤,敯,0.7223729000476017
敤,敡,0.7205547541752988
敤,馶,0.7106643274644296
敤,斅,0.7084661857487047
敤,駊,0.7070600807421203
