char1,char2,similarity
敱,敱,1.0
敱,敳,0.8012485501648936
敱,敥,0.7869068573773236
敱,敡,0.7642040007463545
敱,敯,0.7584938593098339
敱,敮,0.7443336821558849
敱,敤,0.7415486254986626
敱,顗,0.7320481413205376
敱,敽,0.72326013783359
敱,敼,0.7176414534790712
