char1,char2,similarity
数,数,1.0
数,救,0.7570689100501568
数,败,0.7544159832086857
数,駇,0.7503424292383946
数,敫,0.7376196910857672
数,畋,0.735013306527503
数,敗,0.7319280155169501
数,放,0.7311202343244778
数,敦,0.7232887335564269
数,敖,0.7227940373757126
