char1,char2,similarity
敭,敭,1.0
敭,敩,0.7525489643578593
敭,敂,0.7525010120874118
敭,敄,0.748551451045963
敭,敨,0.7468021285700882
敭,敜,0.7399122547183019
敭,敇,0.7395185857355502
敭,敘,0.738763812743556
敭,敃,0.7382126336080802
敭,敋,0.7375623736973544
