char1,char2,similarity
敮,敮,1.0
敮,敤,0.7917679816642803
敮,敱,0.7443336821558849
敮,敥,0.7436702555742548
敮,敼,0.7051238827707202
敮,乗,0.7034149159362162
敮,敡,0.7017456775899702
敮,貱,0.7009317421491141
敮,敯,0.7002107265735966
敮,颭,0.6992683203052414
