char1,char2,similarity
敨,敨,1.0
敨,敋,0.7870093794960166
敨,敂,0.7536716638295767
敨,啟,0.7478766578068534
敨,敭,0.7468021285700882
敨,敜,0.7388968103982447
敨,敄,0.7378385335711906
敨,散,0.7362210401414218
敨,敘,0.735892025678016
敨,敇,0.7344790767891446
