char1,char2,similarity
整,整,1.0
整,荁,0.7255180983250985
整,踅,0.7218562136048411
整,萓,0.7217227988651727
整,査,0.7194390555989565
整,墊,0.7171383522234822
整,葍,0.7144791311663188
整,茔,0.7116863560746866
整,塱,0.7115477231336144
整,塟,0.7089040175969598
