char1,char2,similarity
敻,敻,1.0
敻,亶,0.7130181234507743
敻,孁,0.7094096835281163
敻,蓌,0.7032491131640373
敻,霎,0.7023929856773422
敻,隻,0.7011899738676942
敻,霣,0.6997982434449117
敻,叟,0.6945602951181343
敻,雙,0.6941148406454405
敻,芟,0.693922477471181
