char1,char2,similarity
敵,敵,1.0
敵,敝,0.7784064111811612
敵,敲,0.7417329918862579
敵,數,0.7411942795059725
敵,敞,0.7388512079958429
敵,敹,0.7296357248840649
敵,敃,0.7285735761171992
敵,敎,0.7281494702926897
敵,敟,0.7269045188830877
敵,敳,0.722943715813893
