char1,char2,similarity
敷,敷,1.0
敷,敵,0.7225827511992986
敷,敳,0.7203689060148613
敷,敹,0.7180385860905818
敷,浟,0.7154377289473369
敷,敟,0.7136422379767775
敷,敝,0.7133634071971264
敷,敾,0.7064072184281576
敷,薂,0.7052876790842494
敷,數,0.7049113228788129
