char1,char2,similarity
斅,斅,1.0
斅,斆,0.74952795682741
斅,敼,0.7485910262240014
斅,斀,0.73648647430838
斅,敺,0.7086365919457498
斅,敤,0.7084661857487047
斅,敽,0.7019311467890773
斅,敯,0.6910815700129699
斅,敡,0.6872682385283507
斅,敮,0.6871555002985207
