char1,char2,similarity
敼,敼,1.0
敼,斅,0.7485910262240014
敼,斀,0.7262352174788561
敼,敱,0.7176414534790712
敼,噽,0.7161449679370381
敼,敮,0.7051238827707202
敼,歖,0.7043716887767947
敼,敲,0.6937418459231486
敼,敺,0.693417506587098
敼,敽,0.6920541327190708
