char1,char2,similarity
敾,敾,1.0
敾,鄯,0.7683069244355757
敾,歚,0.744621065561874
敾,敹,0.7310224696362271
敾,敳,0.7244400166223456
敾,敭,0.7228426930705618
敾,敚,0.7152330541953638
敾,敵,0.7150621102687064
敾,敂,0.714902203457118
敾,敄,0.7129907822957307
