char1,char2,similarity
斀,斀,1.0
斀,敽,0.7666699329235835
斀,敡,0.7452894217310398
斀,斣,0.7410140641904684
斀,斅,0.73648647430838
斀,敼,0.7262352174788561
斀,敯,0.7180585053827145
斀,敥,0.7123351554351659
斀,敱,0.7108451773449163
斀,駊,0.6975445948819485
