char1,char2,similarity
斂,斂,1.0
斂,敳,0.7477015275548133
斂,歛,0.7463741472779251
斂,敖,0.7459275095112076
斂,敛,0.7458697810340614
斂,敜,0.7432463533115968
斂,敓,0.74316475785931
斂,敋,0.7422422435055432
斂,斁,0.738965116743716
斂,敇,0.7354840056088742
