char1,char2,similarity
斋,斋,1.0
斋,斈,0.7790484863881887
斋,蚉,0.7723758852892196
斋,斉,0.7705762074771799
斋,紊,0.7400351054394508
斋,斧,0.7347634336409383
斋,茀,0.7326019006722267
斋,烹,0.7312023648076038
斋,菕,0.7284539896650534
斋,荟,0.7283337621266336
