char1,char2,similarity
斈,斈,1.0
斈,享,0.8410677877360477
斈,斉,0.8033849579634031
斈,蚉,0.797103996333942
斈,孥,0.7802389533241266
斈,斋,0.7790484863881887
斈,亨,0.7597004713855817
斈,亍,0.7527556246659003
斈,紊,0.7520176916125101
斈,學,0.7464720813615978
