char1,char2,similarity
斉,斉,1.0
斉,斈,0.8033849579634031
斉,蚉,0.7725787291355783
斉,斋,0.7705762074771799
斉,斊,0.7556018703554319
斉,肓,0.7515003842393285
斉,亓,0.745272917979326
斉,菕,0.7446459780021305
斉,万,0.7442310472589136
斉,紊,0.7394530873643075
