char1,char2,similarity
斎,斎,1.0
斎,齑,0.764315887327645
斎,斊,0.7229450379410537
斎,斍,0.7171903800248155
斎,西,0.7117206982023688
斎,面,0.7104024603761303
斎,奫,0.70467740918143
斎,甮,0.7036009717519034
斎,艮,0.7035946282846249
斎,话,0.703458329535666
