char1,char2,similarity
斆,斆,1.0
斆,斁,0.766980234897042
斆,敎,0.7582484644954176
斆,斅,0.74952795682741
斆,斂,0.7317892079232716
斆,敹,0.7241921702069491
斆,敐,0.7227803893104311
斆,敳,0.7198042114541652
斆,敩,0.717818861399714
斆,敭,0.7163303694853187
