char1,char2,similarity
斕,斕,1.0
斕,壛,0.7167258145665466
斕,孄,0.7138804003859507
斕,斓,0.708408728182267
斕,爛,0.7072936532521472
斕,瀥,0.6924942743722466
斕,憪,0.6895289649672777
斕,閹,0.6894621389858255
斕,闍,0.6893548596830825
斕,撋,0.6876839134534449
