char1,char2,similarity
斘,斘,1.0
斘,外,0.7789181436037884
斘,斞,0.7759817520757512
斘,蚪,0.7535326892698095
斘,入,0.7345479567418622
斘,川,0.7341140142630459
斘,乊,0.7307240617177266
斘,丷,0.7266598059769573
斘,刀,0.7225574030932603
斘,斜,0.7224851506442929
