char1,char2,similarity
斗,斗,1.0
斗,丩,0.8067233932493819
斗,丬,0.8051682771528388
斗,丶,0.7962781092511126
斗,寸,0.7911616258550622
斗,廾,0.7909676419556099
斗,丷,0.7854656187427412
斗,仲,0.7816428604789762
斗,艹,0.7815923505712147
斗,亠,0.7757530847354606
