char1,char2,similarity
斔,斔,1.0
斔,螤,0.7604477044609991
斔,鞅,0.7238492751026733
斔,歆,0.7201908195173319
斔,駚,0.7165180676660138
斔,錑,0.710724698917191
斔,欹,0.7073484634891699
斔,軼,0.7057039400577616
斔,镻,0.7047263644611415
斔,鈔,0.6966325683130434
