char1,char2,similarity
斞,斞,1.0
斞,斘,0.7759817520757512
斞,蚪,0.7442468107731937
斞,财,0.7394221645536095
斞,斜,0.7285697480488089
斞,剋,0.7203817352792284
斞,引,0.7174623165083178
斞,鈄,0.7172850404956354
斞,斛,0.716583818932813
斞,酙,0.713929011201985
