char1,char2,similarity
斜,斜,1.0
斜,鈄,0.7771127560749812
斜,蚪,0.7582572803910433
斜,叙,0.7469657617658393
斜,酙,0.7426827735768355
斜,敘,0.7391648489266686
斜,紏,0.7389939411584381
斜,斛,0.7330087218985558
斜,斞,0.7285697480488089
斜,敍,0.7225692779018255
