char1,char2,similarity
斟,斟,1.0
斟,唞,0.7427843808506881
斟,斢,0.7390299142295506
斟,勘,0.7385658015860663
斟,戡,0.7263659832219538
斟,卙,0.7061845769356968
斟,斯,0.7037994108796884
斟,斣,0.7036447941912787
斟,斛,0.6993276777170602
斟,州,0.6986976066955212
