char1,char2,similarity
斣,斣,1.0
斣,斀,0.7410140641904684
斣,川,0.7122477405032136
斣,斢,0.7088284163120235
斣,斘,0.7055953244735885
斣,州,0.7053341101144125
斣,斟,0.7036447941912787
斣,斠,0.7012346636773866
斣,罠,0.6999349729899724
斣,馽,0.6994162069782728
