char1,char2,similarity
斪,斪,1.0
斪,斨,0.7716109586628764
斪,斦,0.7648655197318269
斪,馸,0.7627219230723935
斪,敂,0.7541706567298296
斪,斬,0.7490047482608087
斪,釿,0.7383856653154842
斪,齗,0.7382442333411076
斪,斯,0.7378042273675856
斪,斮,0.7377771250592674
