char1,char2,similarity
斤,斤,1.0
斤,尸,0.8203304038014617
斤,仟,0.808318396546619
斤,汁,0.8081713100247581
斤,厂,0.8039400574719694
斤,亓,0.8031047259045746
斤,汘,0.8028050079013211
斤,冫,0.8027717486253272
斤,牙,0.7964854236131897
斤,氵,0.7959593525310062
