char1,char2,similarity
斧,斧,1.0
斧,斋,0.7347634336409383
斧,其,0.7341577339195334
斧,什,0.7332717115910307
斧,亠,0.7302824848213819
斧,冸,0.7296011962101205
斧,倅,0.7290096312764891
斧,廾,0.7270377049048292
斧,丬,0.7267565994642256
斧,丶,0.7254688692971363
