char1,char2,similarity
斥,斥,1.0
斥,厂,0.8037292634408074
斥,厅,0.7968936486835124
斥,斤,0.7950337314533176
斥,元,0.7849516879951279
斥,尸,0.7841094375604858
斥,瓜,0.7796720874329024
斥,汁,0.7755306767550694
斥,庁,0.7724998413318585
斥,仄,0.7705688530880089
