char1,char2,similarity
斷,斷,1.0
斷,唽,0.723776836801064
斷,渐,0.6865571511063491
斷,鼢,0.6859663266913396
斷,浙,0.6859368995445503
斷,齗,0.6839379097166024
斷,漸,0.6836469621228455
斷,惭,0.6811123158658821
斷,淅,0.6798988176719438
斷,呵,0.6775199302520118
