char1,char2,similarity
斯,斯,1.0
斯,斨,0.7561663428999886
斯,期,0.7382946701630558
斯,斪,0.7378042273675856
斯,斬,0.7328326419850392
斯,齗,0.7303999443856571
斯,靳,0.730237539898532
斯,斳,0.7264048813851485
斯,斦,0.7219468212766693
斯,鈃,0.7171094510380613
