char1,char2,similarity
斳,斳,1.0
斳,靳,0.759902370240548
斳,斮,0.7524004567289665
斳,斱,0.7490747628562441
斳,歏,0.7483848789977232
斳,斴,0.7329078837002581
斳,断,0.7310000223613559
斳,斵,0.7279530708042612
斳,斲,0.7267995850016835
斳,斯,0.7264048813851485
