char1,char2,similarity
斲,斲,1.0
斲,斵,0.8152007786083847
斲,斳,0.7267995850016835
斲,斮,0.7143273055876433
斲,斱,0.7067863192673907
斲,断,0.6938038331699706
斲,斴,0.6916198779911616
斲,枻,0.6892936787477038
斲,幈,0.6871749131299277
斲,浙,0.6869668405296191
