char1,char2,similarity
施,施,1.0
施,旌,0.7789422573819981
施,旎,0.770575770828512
施,旆,0.7522972312069462
施,旄,0.7490767460520958
施,族,0.7470646093556415
施,柂,0.7462135979927138
施,旖,0.7437131420869612
施,旃,0.7395184701574011
施,胣,0.7386068059086135
