char1,char2,similarity
斾,斾,1.0
斾,斿,0.8400834323281747
斾,旂,0.7930987655531796
斾,旍,0.7672952804185958
斾,斻,0.7584063969257312
斾,鉓,0.7532144872776998
斾,旊,0.7512015508437772
斾,旓,0.7316536020055073
斾,旀,0.7289680320539881
斾,旇,0.7262424702167579
