char1,char2,similarity
斿,斿,1.0
斿,斾,0.8400834323281747
斿,旂,0.8106177081842142
斿,旍,0.7789988792929907
斿,斻,0.7668400073047263
斿,旊,0.7547454420152336
斿,侟,0.745050870295078
斿,旀,0.7377411824299662
斿,广,0.7288984819805546
斿,旇,0.7279373676285694
