char1,char2,similarity
斺,斺,1.0
斺,蚧,0.7637063964489645
斺,畍,0.7504980085864228
斺,尬,0.7326805484521043
斺,於,0.7325952154887676
斺,口,0.7299538244100476
斺,斻,0.7280721830239788
斺,旂,0.7264535622308453
斺,妎,0.7184756533926994
斺,放,0.7163592662864763
