char1,char2,similarity
旀,旀,1.0
旀,旈,0.7509639855340969
旀,斿,0.7377411824299662
旀,旓,0.735891563995167
旀,斻,0.7319239259809637
旀,旑,0.7297183526452862
旀,斾,0.7289680320539881
旀,旍,0.723094380045451
旀,旙,0.7215603895462427
旀,庌,0.7213181969188026
