char1,char2,similarity
方,方,1.0
方,亣,0.8234211400496133
方,乛,0.8206031175800015
方,亢,0.8151714357800484
方,穴,0.7952290017080925
方,万,0.7823889368998377
方,右,0.7819951229893708
方,忘,0.7738434881743363
方,丶,0.7717222639948721
方,宀,0.7707330999649002
