char1,char2,similarity
斻,斻,1.0
斻,旂,0.8429288413704021
斻,旈,0.78476366115972
斻,斿,0.7668400073047263
斻,斾,0.7584063969257312
斻,旊,0.7520482196680324
斻,皿,0.7419091464549313
斻,貥,0.7368277056456669
斻,口,0.7365017030329858
斻,市,0.735042847394322
