char1,char2,similarity
於,於,1.0
於,放,0.7523462312326946
於,扵,0.7427789365423779
於,斺,0.7325952154887676
於,户,0.7296458094756776
於,乛,0.7255475111789718
於,厃,0.7254921734704523
於,岭,0.722853144930557
於,戊,0.722050619270613
於,劜,0.7220170533477221
