char1,char2,similarity
旈,旈,1.0
旈,斻,0.78476366115972
旈,旊,0.7712365486757944
旈,旀,0.7509639855340969
旈,旂,0.7488769131455101
旈,艈,0.7388498597156035
旈,旇,0.7355375441577758
旈,旓,0.73362667779646
旈,旑,0.7314970847108235
旈,鯍,0.730513413186282
