char1,char2,similarity
旅,旅,1.0
旅,族,0.7819155999622328
旅,旓,0.7723792385428588
旅,旇,0.7664377765702901
旅,旊,0.7595662663653474
旅,旐,0.7500146430228559
旅,旍,0.749054318991454
旅,玈,0.7380872710754905
旅,旌,0.7325675051577126
旅,旋,0.7302346283943428
