char1,char2,similarity
旂,旂,1.0
旂,斻,0.8429288413704021
旂,斿,0.8106177081842142
旂,旊,0.7933224011389858
旂,斾,0.7930987655531796
旂,旈,0.7488769131455101
旂,旍,0.7455822859736155
旂,旇,0.7364799084625868
旂,广,0.7295178619302549
旂,斺,0.7264535622308453
