char1,char2,similarity
旋,旋,1.0
旋,蜁,0.7351631759933469
旋,旇,0.733240683442221
旋,施,0.7328708850044899
旋,旅,0.7302346283943428
旋,族,0.7279980745304551
旋,碇,0.7191065890008235
旋,旎,0.714478507676243
旋,鴋,0.7138148909956505
旋,旊,0.7129112667057583
