char1,char2,similarity
旇,旇,1.0
旇,旊,0.7787407216607825
旇,旓,0.7672794579728505
旇,旅,0.7664377765702901
旇,旍,0.7620686567874886
旇,旑,0.7439890539815947
旇,旐,0.7394874531269231
旇,旂,0.7364799084625868
旇,旈,0.7355375441577758
旇,族,0.7334117395033597
