char1,char2,similarity
旑,旑,1.0
旑,躸,0.7659370568437923
旑,旓,0.7529321358140011
旑,綺,0.7501027831960552
旑,旇,0.7439890539815947
旑,旙,0.7435265527216032
旑,鴋,0.7340641612523272
旑,旈,0.7314970847108235
旑,旀,0.7297183526452862
旑,踦,0.7278629090266119
