char1,char2,similarity
旍,旍,1.0
旍,斿,0.7789988792929907
旍,斾,0.7672952804185958
旍,旇,0.7620686567874886
旍,旊,0.7564819778754271
旍,旅,0.749054318991454
旍,旂,0.7455822859736155
旍,旐,0.741603645958965
旍,旓,0.73680738695015
旍,旌,0.7301396585094501
