char1,char2,similarity
旒,旒,1.0
旒,旃,0.7795087174484039
旒,旎,0.7675072153192405
旒,旖,0.7626583432011205
旒,旗,0.7360390761804956
旒,旌,0.7272475860017764
旒,施,0.7241905452873029
旒,族,0.7241060183424373
旒,旛,0.722112499288336
旒,旚,0.7210261790838925
