char1,char2,similarity
旎,旎,1.0
旎,施,0.770575770828512
旎,旒,0.7675072153192405
旎,旃,0.7537092425905371
旎,旄,0.7425193865165414
旎,扃,0.7346108088176463
旎,旖,0.7297814393207288
旎,旌,0.7257046239561186
旎,鹿,0.7232430346079205
旎,瓬,0.7205303572728188
