char1,char2,similarity
旔,旔,1.0
旔,煡,0.7339732633841148
旔,腱,0.728115033425513
旔,踺,0.7262715738349321
旔,鍵,0.7243167481306437
旔,旘,0.7139947700850101
旔,犍,0.7098234703584478
旔,縺,0.7056991563689969
旔,璉,0.6983464463793809
旔,旎,0.698066932431541
