char1,char2,similarity
旟,旟,1.0
旟,旞,0.7661110519441262
旟,旝,0.7575257940371144
旟,旚,0.7304082952599793
旟,旗,0.716676511530941
旟,顼,0.7089921233645239
旟,坝,0.7046038487217727
旟,尶,0.6960452033777849
旟,扆,0.6953476454083869
旟,项,0.6948626698596365
