char1,char2,similarity
旙,旙,1.0
旙,旓,0.7493005564755082
旙,旑,0.7435265527216032
旙,旇,0.7224973128373072
旙,旀,0.7215603895462427
旙,襎,0.711733798761609
旙,鐇,0.7101484787844923
旙,幡,0.7097317014485711
旙,譒,0.7054417495593014
旙,旂,0.7024268360162562
