char1,char2,similarity
旘,旘,1.0
旘,幟,0.7312725028058249
旘,軄,0.7311513006814893
旘,識,0.7183745817734278
旘,旔,0.7139947700850101
旘,職,0.7104836345016714
旘,嬂,0.7017228308258266
旘,膱,0.6986661435167699
旘,庞,0.6972629033980884
旘,瓬,0.6916698705956899
