char1,char2,similarity
旞,旞,1.0
旞,旟,0.7661110519441262
旞,旝,0.7282911057578635
旞,旗,0.6974397216389353
旞,旜,0.6942003302911119
旞,膻,0.6874131074080126
旞,旚,0.6863793894590513
旞,応,0.6817374665287356
旞,慶,0.6773731374636794
旞,旒,0.6769802115648517
