char1,char2,similarity
旛,旛,1.0
旛,旃,0.739485655317203
旛,旖,0.7303321052632147
旛,旌,0.7255359711776878
旛,旒,0.722112499288336
旛,鴋,0.7187703429656732
旛,旚,0.7130429266577912
旛,粛,0.7108388597669617
旛,緳,0.7108351457999884
旛,旑,0.7103243207832058
