char1,char2,similarity
旚,旚,1.0
旚,旟,0.7304082952599793
旚,鴋,0.7278582400829232
旚,旒,0.7210261790838925
旚,檩,0.718539591875281
旚,旗,0.7169149379833966
旚,旝,0.7165719473942713
旚,旛,0.7130429266577912
旚,悹,0.7092443726753591
旚,嫨,0.7085906145311462
