char1,char2,similarity
日,日,1.0
日,卪,0.8318520879813722
日,貝,0.7989584979735559
日,员,0.7946351223808559
日,贝,0.7899377514470494
日,贡,0.7775453794665443
日,目,0.7772733706519577
日,仁,0.7741412746716658
日,口,0.772113062474388
日,尺,0.767491258374603
