char1,char2,similarity
既,既,1.0
既,舰,0.7299557149376027
既,肝,0.729563619921165
既,阳,0.7261604240408737
既,匿,0.7246569047349356
既,聇,0.7240644563666944
既,匚,0.7231237785767942
既,骬,0.7228370844573185
既,蚬,0.7223705792220144
既,子,0.7199402347510666
