char1,char2,similarity
旧,旧,1.0
旧,臼,0.8290328214902654
旧,曰,0.8074784217350088
旧,凵,0.7987914308858227
旧,円,0.7954668214491477
旧,冂,0.7942073050839095
旧,田,0.7887371307090487
旧,凹,0.7862063694616765
旧,汨,0.7769968735310574
旧,山,0.762329048433446
