char1,char2,similarity
无,无,1.0
无,旡,0.8539448424875993
无,元,0.828869996244039
无,兄,0.8167075558179125
无,売,0.8051995475623488
无,夭,0.8039041877251103
无,圥,0.791272719887907
无,天,0.7890250609412175
无,死,0.7883857736952409
无,人,0.784219939222558
