char1,char2,similarity
旦,旦,1.0
旦,亖,0.8240712044428726
旦,止,0.8036935495177662
旦,亘,0.8002267931193783
旦,上,0.7953485621662597
旦,毋,0.7946502852967743
旦,土,0.7922788182765303
旦,互,0.7900324514016533
旦,见,0.7894266389525577
旦,己,0.7877091103542402
