char1,char2,similarity
旭,旭,1.0
旭,尪,0.7767323074122122
旭,尦,0.7533942688705263
旭,尥,0.7521658726266279
旭,戺,0.7501181567447847
旭,尮,0.7445259657110226
旭,抋,0.7426728448587444
旭,尬,0.7422896693871737
旭,皿,0.7414352295657395
旭,觛,0.740144376742546
