char1,char2,similarity
旫,旫,1.0
旫,虭,0.7926373574110037
旫,劰,0.7900478442943092
旫,屻,0.7572475754329269
旫,旴,0.7482776064963043
旫,糼,0.7448097681579264
旫,讱,0.7418918580726409
旫,旪,0.7401711486878199
旫,勆,0.7351621829248614
旫,襾,0.7337447299264666
