char1,char2,similarity
旪,旪,1.0
旪,竍,0.7991615339418544
旪,旴,0.7796484011922099
旪,叮,0.7666857584378478
旪,阝,0.7651233860940613
旪,叶,0.7646767639646038
旪,帥,0.7555223336480298
旪,壯,0.7544569512379837
旪,虷,0.7534788631171336
旪,针,0.7528906838939087
