char1,char2,similarity
旺,旺,1.0
旺,呸,0.814621707379874
旺,吒,0.8007587097491647
旺,吐,0.7912282321632859
旺,忓,0.7700597563703591
旺,旴,0.7659832810051531
旺,叿,0.7643676900810741
旺,忹,0.7635036636201945
旺,抂,0.7633165438104228
旺,彺,0.7598791460315388
