char1,char2,similarity
旸,旸,1.0
旸,场,0.7797180041300055
旸,肠,0.7499613614402636
旸,旰,0.7422884152495464
旸,昒,0.7331498355105268
旸,吐,0.7266904766780714
旸,昕,0.7228552588969602
旸,暊,0.7213872976427673
旸,叨,0.7202969250705492
旸,叼,0.719550204825191
