char1,char2,similarity
旼,旼,1.0
旼,呅,0.8099660411692445
旼,盿,0.8037709067325616
旼,呚,0.7976201154355596
旼,砇,0.7923500612539175
旼,坆,0.7894276788073185
旼,坟,0.784778967635657
旼,叹,0.7791869953081973
旼,忟,0.7783307997142332
旼,妏,0.7680624685724012
