char1,char2,similarity
旷,旷,1.0
旷,圹,0.8147802631451923
旷,纩,0.8042038865448604
旷,扩,0.8020013180661151
旷,丆,0.7913172545432929
旷,亇,0.790279478308632
旷,丨,0.7894908814368137
旷,犷,0.7875171044562148
旷,亅,0.7849138578088521
旷,吘,0.7818960444447782
