char1,char2,similarity
旹,旹,1.0
旹,旨,0.8084630553680391
旹,訔,0.8057382105402423
旹,岢,0.8047754889842653
旹,晋,0.7946109759928031
旹,詈,0.7927084383450512
旹,岧,0.7752932453534402
旹,峕,0.7739374886413951
旹,者,0.7706836415338706
旹,首,0.7687195313934013
