char1,char2,similarity
旴,旴,1.0
旴,屽,0.8160772236888424
旴,叮,0.8095476937561872
旴,肝,0.8084662975820315
旴,訏,0.8050266755957721
旴,杍,0.7948583870238172
旴,玕,0.7930855829389324
旴,叿,0.7888910032853834
旴,秆,0.7887624910469073
旴,吖,0.7871831923641293
