char1,char2,similarity
旾,旾,1.0
旾,盲,0.8091616932325278
旾,直,0.7808954664829075
旾,育,0.775164623695089
旾,宵,0.7670802087881953
旾,畜,0.754989657978602
旾,言,0.7517894059431408
旾,啬,0.750615914011908
旾,暜,0.7497445695056171
旾,著,0.7486785440319983
