char1,char2,similarity
昆,昆,1.0
昆,琵,0.7897066596303658
昆,邑,0.7751912416396842
昆,毘,0.7703383163185716
昆,昷,0.7670055456121071
昆,風,0.7600382148740418
昆,凬,0.7524427258847832
昆,录,0.7521885056036505
昆,肙,0.7475411380841613
昆,屋,0.744101258666398
