char1,char2,similarity
昀,昀,1.0
昀,盷,0.7969438847067551
昀,昒,0.7635677150873111
昀,眗,0.759074926704015
昀,均,0.7590598964944
昀,晆,0.7563212538506358
昀,呁,0.7533292815945815
昀,枸,0.7353953280371092
昀,昫,0.7344638932038938
昀,枃,0.7330891350204305
