char1,char2,similarity
昄,昄,1.0
昄,昅,0.7995780706471959
昄,阪,0.7493101511781382
昄,版,0.7489214521921461
昄,眅,0.7485315542177158
昄,昕,0.7346820886385037
昄,钣,0.7333380034456757
昄,岋,0.7307335418769974
昄,昛,0.7292025023535088
昄,岅,0.7272241972323459
