char1,char2,similarity
昐,昐,1.0
昐,岎,0.7932347893501989
昐,帉,0.7916546740658102
昐,昖,0.7659843483618369
昐,时,0.7617318551405831
昐,吩,0.759645879093614
昐,蚡,0.7509848911736383
昐,妢,0.7460185001990218
昐,時,0.739746045207432
昐,紛,0.736941321164266
