char1,char2,similarity
昉,昉,1.0
昉,妨,0.7941943872457861
昉,眆,0.7892433022741125
昉,纺,0.7867617582508777
昉,肪,0.7677930637046743
昉,旽,0.7526211030849983
昉,旳,0.7507828753183096
昉,晄,0.7466012901820971
昉,卟,0.7453597489971016
昉,甿,0.7448126621018593
