char1,char2,similarity
昑,昑,1.0
昑,昤,0.8765916783601156
昑,昣,0.8373988752125778
昑,皊,0.801441539988087
昑,旿,0.7995383815813144
昑,岒,0.789544588251181
昑,時,0.7772053021885978
昑,叶,0.7726459959815151
昑,吟,0.7661801921903366
昑,昳,0.7600744859781096
