char1,char2,similarity
昍,昍,1.0
昍,昭,0.765854897052164
昍,眀,0.7592913437278097
昍,十,0.7464290087324854
昍,昛,0.7443182385656576
昍,朙,0.7375050347516499
昍,抇,0.7348591602157226
昍,胴,0.7347099556922506
昍,于,0.7343704871451686
昍,桕,0.7302534249037458
