char1,char2,similarity
昌,昌,1.0
昌,畐,0.8332803360266403
昌,呂,0.7954498131389315
昌,晶,0.7947891120688458
昌,昃,0.7873808363590076
昌,昂,0.7862206685715039
昌,咢,0.7767761480253907
昌,畕,0.7688680991742145
昌,旱,0.7682383572453009
昌,冥,0.7636398350046463
