char1,char2,similarity
昛,昛,1.0
昛,岠,0.8138351007864988
昛,弡,0.789064649554234
昛,晅,0.7760193767424334
昛,岨,0.7679596961588502
昛,晊,0.7540560138749904
昛,畘,0.7533413246212765
昛,讵,0.7501013999395973
昛,眍,0.7486194269603649
昛,昍,0.7443182385656576
