char1,char2,similarity
昕,昕,1.0
昕,盺,0.7936322530616768
昕,听,0.7794817312459007
昕,咞,0.776264907827894
昕,歽,0.7685847075753236
昕,訢,0.7591174866844397
昕,妡,0.7577166956255269
昕,祈,0.7461282973339641
昕,叨,0.745179154409409
昕,盶,0.7425400510689966
