char1,char2,similarity
昚,昚,1.0
昚,普,0.7869358480096292
昚,咅,0.7726001971011736
昚,番,0.77217373601544
昚,昋,0.7696848431917716
昚,备,0.7646198293589931
昚,畬,0.7581460652600488
昚,音,0.7546730564707711
昚,啓,0.7542375285712463
昚,言,0.7532498808956483
