char1,char2,similarity
易,易,1.0
易,鬲,0.7819739203698222
易,昂,0.779586059761538
易,旱,0.7706934689718278
易,昰,0.7631353193344764
易,昌,0.7598682872886042
易,畐,0.7583601716714865
易,叧,0.7519052027061663
易,昃,0.7513185547088453
易,啚,0.748629160882418
