char1,char2,similarity
昙,昙,1.0
昙,昇,0.8102392509509405
昙,昊,0.7894015489291512
昙,旱,0.7823565461407304
昙,狊,0.7619764875986064
昙,昘,0.7608227643177697
昙,界,0.7574679781272791
昙,晁,0.756450424402495
昙,畕,0.7521376528333863
昙,晃,0.7496267726608142
