char1,char2,similarity
昗,昗,1.0
昗,昱,0.8330837966926686
昗,杲,0.8239326488787144
昗,旯,0.8187410125261605
昗,寻,0.8003426909196721
昗,旲,0.7996753273404549
昗,镸,0.78752902815517
昗,旻,0.7858777857113965
昗,禺,0.7843665721212204
昗,屖,0.7800357620076541
