char1,char2,similarity
昤,昤,1.0
昤,昑,0.8765916783601156
昤,昣,0.830070031177302
昤,皊,0.8136514422158354
昤,昸,0.7810705311915235
昤,旿,0.7695094860849321
昤,昳,0.7654915734681005
昤,時,0.7577488613785542
昤,岭,0.7550232002503665
昤,砱,0.7513420644749526
