char1,char2,similarity
映,映,1.0
映,眏,0.8101151432620157
映,咉,0.7921590166765262
映,呋,0.7881198729622959
映,怏,0.7713973462096738
映,眣,0.764764050759675
映,炚,0.7644946705380606
映,唊,0.7597646571932218
映,吱,0.7585577803524521
映,狭,0.756784287629283
