char1,char2,similarity
星,星,1.0
星,昰,0.8045369003999528
星,垦,0.798985256540886
星,昱,0.788820412907027
星,琧,0.7618006834618563
星,堡,0.7616260992828923
星,旻,0.7534616301492564
星,曻,0.7525169773817414
星,塣,0.7524752786411445
星,垕,0.7512358316597634
