char1,char2,similarity
昫,昫,1.0
昫,眗,0.7822968977028585
昫,呴,0.7780083165845992
昫,昈,0.7744751202174133
昫,坸,0.757725942523172
昫,玽,0.7533449495318388
昫,眴,0.7523893019288334
昫,昢,0.7482549466436622
昫,昲,0.7446310272646813
昫,蜔,0.7419675342171069
