char1,char2,similarity
昪,昪,1.0
昪,昦,0.795550842859024
昪,馵,0.7402898362690697
昪,景,0.7336634445925588
昪,彛,0.733542391277517
昪,乔,0.7300062690252431
昪,弊,0.7293659626465764
昪,叧,0.7264122393035168
昪,晸,0.7263554094321119
昪,畧,0.7262923867354458
