char1,char2,similarity
昩,昩,1.0
昩,昹,0.7914722631060662
昩,眜,0.7909009178480034
昩,昧,0.790748120161274
昩,枺,0.7846125586050767
昩,皌,0.7829103007524666
昩,妺,0.7777316128594138
昩,祙,0.7758239560235177
昩,秣,0.767425198476371
昩,砞,0.7617383148303482
