char1,char2,similarity
昭,昭,1.0
昭,弨,0.7880645418952762
昭,绍,0.7795172396913828
昭,妱,0.7676781389642816
昭,怊,0.7660033579569462
昭,昍,0.765854897052164
昭,叼,0.7646677289819372
昭,牊,0.7580200438389412
昭,玿,0.7458161861095396
昭,紹,0.7446327333311172
