char1,char2,similarity
昵,昵,1.0
昵,眤,0.802023027704959
昵,阨,0.7684022968915077
昵,呢,0.7653039691337991
昵,呃,0.7633683896987736
昵,抳,0.7623175567320452
昵,叽,0.7555595758842687
昵,呎,0.7549497213580545
昵,柅,0.7547638596802045
昵,坭,0.7469628757122818
