char1,char2,similarity
昳,昳,1.0
昳,眣,0.8060165340508287
昳,铁,0.7863684247847839
昳,祑,0.7838331138979984
昳,岟,0.7776358623923487
昳,袟,0.7749059191007415
昳,昣,0.7736631269030461
昳,呹,0.7686909383170183
昳,柣,0.766341911002267
昳,昤,0.7654915734681005
