char1,char2,similarity
昴,昴,1.0
昴,昊,0.7520775182836398
昴,昘,0.7460338701822491
昴,昻,0.7368779689368601
昴,昺,0.7278507710920727
昴,犀,0.7270224448626091
昴,帚,0.7263979148145088
昴,邤,0.7227693239560984
昴,勗,0.7190590105321991
昴,畟,0.7183354931949248
