char1,char2,similarity
昲,昲,1.0
昲,砩,0.7779296802634683
昲,咈,0.7772291587317187
昲,炥,0.7619943615651886
昲,晪,0.7452797088643179
昲,昫,0.7446310272646813
昲,柫,0.7403468404781938
昲,昡,0.7390681561068361
昲,紼,0.7340482400970946
昲,睇,0.7295201653078143
