char1,char2,similarity
昸,昸,1.0
昸,昤,0.7810705311915235
昸,峂,0.7768441555349386
昸,炵,0.7711644159650244
昸,咚,0.7639797279858432
昸,昑,0.7591087741228872
昸,旿,0.7561312537396985
昸,時,0.7464057285055834
昸,昣,0.7453200288719232
昸,略,0.7448621506202752
