char1,char2,similarity
昶,昶,1.0
昶,刧,0.7115027758130131
昶,儿,0.7013021419271467
昶,卸,0.6999737942366269
昶,仞,0.6963159813512279
昶,仼,0.6960640370912051
昶,切,0.695901324344572
昶,罒,0.6952860142574803
昶,和,0.6935616191026386
昶,此,0.6924923799854027
