char1,char2,similarity
晃,晃,1.0
晃,晁,0.7908033154742287
晃,昇,0.7737131261638842
晃,旯,0.765514557364503
晃,盄,0.764392385189005
晃,昗,0.7580829355652977
晃,克,0.7576310711850901
晃,雯,0.754595823599787
晃,見,0.7528487736791324
晃,昙,0.7496267726608142
