char1,char2,similarity
昿,昿,1.0
昿,昈,0.7741216536984732
昿,晈,0.7550495682208033
昿,時,0.7546904308939862
昿,昣,0.7510267845047469
昿,昳,0.7443978271719824
昿,晐,0.7436453974862465
昿,昹,0.7421947925929745
昿,昩,0.738623492871511
昿,昑,0.7377845488897015
