char1,char2,similarity
昽,昽,1.0
昽,晀,0.7658815274986471
昽,晄,0.7531833727919491
昽,珑,0.7469083522604106
昽,胧,0.740247267202455
昽,旽,0.7398787885033651
昽,晈,0.7368516255841662
昽,暐,0.7329527959078544
昽,忧,0.7304517464408067
昽,叨,0.7303628350571318
