char1,char2,similarity
昻,昻,1.0
昻,昺,0.8030400629750121
昻,帚,0.7576024394862618
昻,昮,0.7532368000815258
昻,晑,0.7504040284701609
昻,畳,0.7425902391836505
昻,叧,0.7386310910144266
昻,狊,0.7385428152593362
昻,朂,0.7370377898656371
昻,昴,0.7368779689368601
