char1,char2,similarity
显,显,1.0
显,弖,0.7714507421294476
显,圼,0.7671297553680911
显,凥,0.7621294420365066
显,艮,0.7610613633010207
显,並,0.7562368803202941
显,邑,0.7554606382203531
显,兄,0.7536636929255142
显,吴,0.7532324573746894
显,亜,0.7522436361076786
