char1,char2,similarity
晁,晁,1.0
晁,晃,0.7908033154742287
晁,暃,0.7725472150440806
晁,昇,0.770997745476086
晁,昂,0.763866267097053
晁,旱,0.7617728139399512
晁,旯,0.7592054306422313
晁,昙,0.756450424402495
晁,異,0.7529012454413765
晁,昰,0.7505505774729935
