char1,char2,similarity
晋,晋,1.0
晋,旹,0.7946109759928031
晋,旨,0.7704291176423134
晋,旮,0.7633135748381257
晋,首,0.7531266997083937
晋,音,0.7524133276141945
晋,呄,0.749519438872853
晋,昔,0.7482910592927035
晋,昌,0.7444751211101689
晋,詈,0.7435547755611883
