char1,char2,similarity
晈,晈,1.0
晈,皎,0.8297028683310477
晈,吱,0.7944270560345585
晈,烄,0.790500505072576
晈,峧,0.7892225234419421
晈,校,0.7856066737689993
晈,姣,0.7852105733437763
晈,晄,0.7841630905194642
晈,咬,0.7835364417465644
晈,晐,0.7799907912645728
