char1,char2,similarity
晆,晆,1.0
晆,眭,0.8035795168334874
晆,珪,0.7885246574418823
晆,哇,0.7865202032456377
晆,晊,0.7855739349839607
晆,诖,0.7729664724138562
晆,絓,0.7697273992668693
晆,烓,0.7626389625957826
晆,詿,0.7615306675139761
晆,昀,0.7563212538506358
