char1,char2,similarity
晅,晅,1.0
晅,咺,0.7865584655953985
晅,晊,0.7821163422560652
晅,昛,0.7760193767424334
晅,哣,0.7636552892385886
晅,眶,0.7479293197713504
晅,晆,0.7477230237717588
晅,唾,0.7474923759077681
晅,睈,0.7329678037643362
晅,昞,0.7312743034326247
