char1,char2,similarity
晄,晄,1.0
晄,晈,0.7841630905194642
晄,晀,0.7704353370423114
晄,昳,0.762752677437823
晄,吱,0.7579186503913692
晄,昽,0.7531833727919491
晄,桄,0.7530754966511279
晄,昉,0.7466012901820971
晄,銧,0.7446626124057305
晄,旺,0.7440146840176449
