char1,char2,similarity
晏,晏,1.0
晏,姜,0.7565524247743873
晏,姭,0.7437057941611335
晏,嬃,0.7418478060000299
晏,媻,0.7413978246866865
晏,嫯,0.740627509521306
晏,罢,0.7402601922283523
晏,嫛,0.7396380420739794
晏,冔,0.7388419861564487
晏,嬱,0.7366817422862372
