char1,char2,similarity
晒,晒,1.0
晒,哂,0.8119052644268093
晒,呬,0.7969268713344122
晒,唒,0.7644052764650259
晒,唡,0.7524859878772392
晒,喕,0.7507072608255148
晒,嘀,0.7469374139890811
晒,徆,0.7411384351837721
晒,喢,0.7348873959514488
晒,嗝,0.7342352903801004
