char1,char2,similarity
晓,晓,1.0
晓,哓,0.820844458418265
晓,绕,0.7654421282427356
晓,硗,0.7623315494500216
晓,晥,0.7528451252992409
晓,挠,0.7456160220848161
晓,娆,0.739063574237078
晓,晛,0.7370944373719006
晓,呋,0.7351209196560973
晓,烧,0.7269589510181558
