char1,char2,similarity
晟,晟,1.0
晟,窚,0.753337051248378
晟,晸,0.7324241048042718
晟,昊,0.7308611662762513
晟,勗,0.7218950400885129
晟,畧,0.717788921033126
晟,兏,0.7174621380651088
晟,厏,0.7166991582173992
晟,晏,0.7166540285140517
晟,狊,0.713166027759849
