char1,char2,similarity
晛,晛,1.0
晛,睍,0.8280812522157798
晛,晥,0.7822240928195591
晛,覌,0.7821329128239726
晛,眖,0.781321286980962
晛,哯,0.7721332502635774
晛,炚,0.7618684885745898
晛,蜆,0.7575420933059672
晛,晲,0.7525563955455568
晛,睨,0.746715709648151
