char1,char2,similarity
晙,晙,1.0
晙,唆,0.7685753795561465
晙,悛,0.7677439333474475
晙,吱,0.7647165787699921
晙,睃,0.7628402573936472
晙,晈,0.7627431497567912
晙,埈,0.7551055262042944
晙,皎,0.7471569245299247
晙,陖,0.7437970544186746
晙,晐,0.732919860696122
