char1,char2,similarity
晝,晝,1.0
晝,畫,0.8316067420924923
晝,量,0.7905142098963129
晝,畵,0.7816330917804828
晝,曁,0.7736542150640938
晝,霊,0.7608323042029231
晝,畺,0.7557078468869727
晝,臺,0.7526905941029317
晝,亶,0.7429239569104941
晝,麆,0.7423024090401261
