char1,char2,similarity
晫,晫,1.0
晫,啅,0.8304506200751592
晫,绰,0.7869311297895405
晫,淖,0.7803344753661171
晫,琸,0.7741734724629061
晫,晻,0.7724923063997564
晫,焯,0.7646479501656254
晫,埠,0.7595632195770677
晫,掉,0.7581677056786958
晫,婥,0.7526576344966147
