char1,char2,similarity
晨,晨,1.0
晨,曼,0.7904092603698737
晨,夏,0.7704829409460638
晨,褁,0.7599686681680604
晨,谩,0.7508334121388416
晨,隻,0.7351994696626418
晨,貫,0.734618161218767
晨,暴,0.729355388961589
晨,葿,0.728110762910816
晨,暑,0.7252550080789412
