char1,char2,similarity
晦,晦,1.0
晦,珻,0.782549278434756
晦,挴,0.7677501341616996
晦,娒,0.7640383578692176
晦,烸,0.7524146079010795
晦,呵,0.7417324755357428
晦,梅,0.7356086035398052
晦,暐,0.7350870646037717
晦,咑,0.7325835277017831
晦,暸,0.7301621742258806
