char1,char2,similarity
晣,晣,1.0
晣,晰,0.8130926217339959
晣,哳,0.7711950340953057
晣,蜥,0.7253200841951686
晣,狾,0.7240511122620484
晣,晴,0.715176935557719
晣,晼,0.7144458114590793
晣,晦,0.7119929970923641
晣,咟,0.7119585802365769
晣,唽,0.7114257723279813
