char1,char2,similarity
晪,晪,1.0
晪,琠,0.8174856798595996
晪,唺,0.7963552619343
晪,睓,0.7919421094968682
晪,碘,0.785630266002429
晪,婰,0.7592702668237576
晪,椣,0.7527994804136758
晪,晱,0.7471205909958728
晪,晲,0.7462444122348818
晪,昲,0.7452797088643179
