char1,char2,similarity
晩,晩,1.0
晩,睌,0.8033332036934949
晩,晚,0.8008768964774378
晩,挽,0.7610290744582789
晩,悗,0.7462282089650543
晩,睆,0.736077415994112
晩,晥,0.7298753429151693
晩,映,0.7290764362945069
晩,晲,0.7287320613439545
晩,唤,0.7248979605357221
