char1,char2,similarity
晵,晵,1.0
晵,暜,0.7461624574654283
晵,旾,0.7432951053756355
晵,畲,0.7425236106555524
晵,曽,0.7349316367532396
晵,菖,0.7314895027848389
晵,啓,0.7310563626367087
晵,暋,0.7297840149399087
晵,雪,0.7290634578220285
晵,善,0.7269174560392027
