char1,char2,similarity
晴,晴,1.0
晴,睛,0.7902890443860867
晴,情,0.7873206807015322
晴,靕,0.7780857835367526
晴,埥,0.7565810340634352
晴,碡,0.7521467643476748
晴,啨,0.7515139790835896
晴,猜,0.7441125567992354
晴,媠,0.7388890269058839
晴,暿,0.7383140156112228
