char1,char2,similarity
晱,晱,1.0
晱,啖,0.8144767520532662
晱,睒,0.7855111863379778
晱,琰,0.7522085192639666
晱,埮,0.7507095041700357
晱,暎,0.7504840297167148
晱,惔,0.750150677587475
晱,晪,0.7471205909958728
晱,唢,0.7421217178582175
晱,映,0.7376323152499666
