char1,char2,similarity
晭,晭,1.0
晭,皗,0.751127824234614
晭,哃,0.745383867982024
晭,眮,0.7422909122206593
晭,啁,0.736150175141172
晭,睸,0.7343409986009837
晭,琱,0.7342927010255668
晭,睭,0.7320524423085697
晭,晍,0.7309440991232324
晭,喁,0.7209286619666552
