char1,char2,similarity
晳,晳,1.0
晳,晢,0.840507372422575
晳,皙,0.8401558133457347
晳,暂,0.7879671234814586
晳,蜤,0.7464393758506832
晳,晉,0.7459249225281313
晳,曽,0.7458854720500848
晳,朁,0.7419627231961847
晳,乴,0.7393620967337319
晳,埑,0.7339089021947532
