char1,char2,similarity
普,普,1.0
普,善,0.7917955633564603
普,昚,0.7869358480096292
普,曽,0.7771048647647599
普,咅,0.7760371598151697
普,彗,0.7616895896604049
普,兽,0.758203204070226
普,朁,0.7562978101417711
普,营,0.755281577481502
普,莟,0.7537969748313413
