char1,char2,similarity
晬,晬,1.0
晬,啐,0.8332984306594812
晬,睟,0.7951450523791278
晬,晔,0.770907757836003
晬,琗,0.7645113582013413
晬,晖,0.7502825134523518
晬,眸,0.7488009355973766
晬,垶,0.7448764892627252
晬,悴,0.7380904070835014
晬,唕,0.7357793717419623
