char1,char2,similarity
景,景,1.0
景,昜,0.7655759826868634
景,昦,0.758475021551163
景,集,0.7552735912182378
景,最,0.7551093829258658
景,朂,0.739411966554679
景,昪,0.7336634445925588
景,暴,0.7302180992532625
景,员,0.7279702800341364
景,仧,0.726654294814378
