char1,char2,similarity
晰,晰,1.0
晰,晣,0.8130926217339959
晰,哳,0.802045887418901
晰,唽,0.7475599731215334
晰,咿,0.7362969699328838
晰,狾,0.7317187970869097
晰,哘,0.7258940807825944
晰,啃,0.7223595157003571
晰,啨,0.7162784933673931
晰,惭,0.7083561111294487
