char1,char2,similarity
晷,晷,1.0
晷,畧,0.7869307231885039
晷,冒,0.7386928787997245
晷,暴,0.7377229672223843
晷,霍,0.7346162155981991
晷,暑,0.7313688201314668
晷,暋,0.7291543276730484
晷,昬,0.7252250047484059
晷,誉,0.7238469951524671
晷,暓,0.7222884567626972
