char1,char2,similarity
晾,晾,1.0
晾,琼,0.7757870849525934
晾,椋,0.7678614612790612
晾,惊,0.7623788751773282
晾,昧,0.754401683697808
晾,暕,0.7453156043824828
晾,昩,0.7444403743163465
晾,弶,0.7402382924451859
晾,琮,0.7401101805679322
晾,啈,0.7385053231733745
