char1,char2,similarity
晻,晻,1.0
晻,掩,0.7766145538445228
晻,晫,0.7724923063997564
晻,睳,0.7552754378858794
晻,喑,0.7526578488528206
晻,崦,0.7492533310328477
晻,啅,0.7491648834994153
晻,喤,0.7480016541142156
晻,暗,0.7424524884967036
晻,唵,0.7376650748731045
