char1,char2,similarity
晼,晼,1.0
晼,睕,0.7845965457209152
晼,琬,0.7812278212486684
晼,啘,0.7751721059287425
晼,惋,0.7648401024163168
晼,婉,0.7588305870325803
晼,涴,0.7507409356212855
晼,睌,0.7506198920130931
晼,睆,0.7412482889772599
晼,晥,0.7382783615971537
