char1,char2,similarity
晿,晿,1.0
晿,唱,0.7790972194417826
晿,琩,0.759412847578
晿,晹,0.7449283009780916
晿,哻,0.7393862105200144
晿,猖,0.7376132287604504
晿,晡,0.7366155903218619
晿,堛,0.7335689539129652
晿,皔,0.7312237831716158
晿,喂,0.7259288946700516
