char1,char2,similarity
暄,暄,1.0
暄,喧,0.8301739564092327
暄,瑄,0.8130520320524506
暄,睻,0.8065575291324811
暄,啃,0.7748209188653137
暄,塇,0.7611750632365146
暄,煊,0.7581795451174407
暄,揎,0.7531088343747487
暄,渲,0.7523538783845908
暄,媗,0.7481169836176623
