char1,char2,similarity
暆,暆,1.0
暆,峏,0.7201776876861047
暆,湤,0.7074784461759887
暆,揓,0.7048950755358989
暆,峗,0.7025445014359277
暆,峫,0.7008480200747272
暆,峒,0.7008478414883605
暆,峧,0.700646482039024
暆,峐,0.6971155668465661
暆,崷,0.6948682250087449
