char1,char2,similarity
暀,暀,1.0
暀,桩,0.7261256983140304
暀,町,0.7181061996387949
暀,拰,0.7140159948084495
暀,嘥,0.7125943542633448
暀,曤,0.7099139349876118
暀,啉,0.7092349883063647
暀,喖,0.7058146572617631
暀,暁,0.7004955806218451
暀,暰,0.6990243291245032
