char1,char2,similarity
暁,暁,1.0
暁,哧,0.7316560403573364
暁,咣,0.7219722930319746
暁,睕,0.7127489627105108
暁,嘵,0.7080243351436138
暁,晥,0.7063584201887492
暁,睠,0.7040546701016351
暁,玧,0.7029947646463102
暁,茱,0.7020254861166692
暁,暀,0.7004955806218451
