char1,char2,similarity
暇,暇,1.0
暇,睱,0.8016587110168907
暇,縀,0.7798816714312465
暇,犌,0.7753889937306437
暇,婽,0.7700071599145868
暇,瑕,0.7621188106476113
暇,椵,0.7510233708880789
暇,蝦,0.7449855236654807
暇,鍜,0.7432338259915697
暇,嘏,0.7429236223558832
