char1,char2,similarity
暂,暂,1.0
暂,皙,0.7963928644153336
暂,晳,0.7879671234814586
暂,晢,0.7873572590058703
暂,啠,0.7664596152300541
暂,暋,0.7623616040445658
暂,耆,0.7619016239719149
暂,眢,0.7611786147008996
暂,晉,0.755451177575305
暂,暜,0.753030951462497
