char1,char2,similarity
暉,暉,1.0
暉,喗,0.8142367818110666
暉,渾,0.7654632751238378
暉,睴,0.7626124353348347
暉,惲,0.7582623929063241
暉,煇,0.7562383448609212
暉,揮,0.7419270431904086
暉,褌,0.739905248481608
暉,媈,0.7242404982932099
暉,嘽,0.7219831726859349
