char1,char2,similarity
暍,暍,1.0
暍,喝,0.8435407809264032
暍,晹,0.7981350053854802
暍,晘,0.7689153237261255
暍,竭,0.7646221879250124
暍,猲,0.7477977531540828
暍,堨,0.744420008329012
暍,睅,0.7428476621806717
暍,晛,0.7342746591629076
暍,謁,0.7338626749332315
