char1,char2,similarity
暎,暎,1.0
暎,媖,0.808229176690414
暎,朠,0.8076539286450108
暎,楧,0.7900425887069573
暎,绬,0.7824841123084143
暎,锳,0.7710714357745455
暎,瑛,0.7644805438194475
暎,愥,0.7505478423866784
暎,晱,0.7504840297167148
暎,哎,0.7335651711297025
