char1,char2,similarity
暒,暒,1.0
暒,睲,0.7964092502150775
暒,瑆,0.7885023311972565
暒,謃,0.7634188330459416
暒,皔,0.7587360381219665
暒,喅,0.7565082074158902
暒,睈,0.7530355597769031
暒,晊,0.7362882201668853
暒,惺,0.7350705100418125
暒,呾,0.7266509960250807
