char1,char2,similarity
暏,暏,1.0
暏,睹,0.8134505097875321
暏,啫,0.788380631001023
暏,锗,0.7805200879461465
暏,楮,0.7775788541161213
暏,绪,0.7731993830686742
暏,暗,0.7575374996869484
暏,諸,0.748157251625168
暏,猪,0.7469126030643225
暏,堵,0.7430886871720465
