char1,char2,similarity
暐,暐,1.0
暐,喡,0.8146181865936135
暐,諱,0.7917667924233749
暐,瑋,0.7896968577892037
暐,椲,0.7848356646495613
暐,媁,0.7825504143539109
暐,煒,0.7673039065439361
暐,瞕,0.7668807587528809
暐,褘,0.7623383318041037
暐,湋,0.7594785592269625
