char1,char2,similarity
暕,暕,1.0
暕,煉,0.7760655967800183
暕,諫,0.7653708723668906
暕,腖,0.7584288614453596
暕,媡,0.7508293231093106
暕,崍,0.7469040168383231
暕,晾,0.7453156043824828
暕,練,0.7394839571766948
暕,瑓,0.7389881599340505
暕,陳,0.7376931973461143
