char1,char2,similarity
暙,暙,1.0
暙,媋,0.7672312921819198
暙,睠,0.7620634143195136
暙,湷,0.757616721200065
暙,椿,0.7557064487708987
暙,晽,0.7548900686010744
暙,睶,0.7477929932358401
暙,堾,0.7430474524761761
暙,哼,0.7396972793864209
暙,喑,0.7395860386222644
