char1,char2,similarity
暜,暜,1.0
暜,盲,0.7652485793127606
暜,晉,0.7617306203211448
暜,宵,0.7610948311411591
暜,营,0.7579434357419704
暜,晢,0.7556433988891357
暜,暂,0.753030951462497
暜,皙,0.7520224932063977
暜,旾,0.7497445695056171
暜,曾,0.7476484373201342
