char1,char2,similarity
暖,暖,1.0
暖,喛,0.7843408335952352
暖,煖,0.7754481609812294
暖,锾,0.760137059020154
暖,暧,0.7531474814460681
暖,叆,0.7421360543806019
暖,禐,0.7389877629101949
暖,猨,0.7388014493207224
暖,楥,0.7366773676544497
暖,褑,0.7350871960123835
