char1,char2,similarity
暔,暔,1.0
暔,煵,0.7629166180272482
暔,晌,0.7504177621614958
暔,哅,0.7482695320108483
暔,哨,0.7476326765779573
暔,喃,0.7440210994050837
暔,咄,0.7348609612354349
暔,啈,0.7334976763532645
暔,唓,0.7334526814467852
暔,陠,0.7307823643780289
