char1,char2,similarity
暝,暝,1.0
暝,塓,0.7911463434042555
暝,瞑,0.7699432693265372
暝,慏,0.7588067676779751
暝,嗅,0.7519419603878441
暝,哏,0.737102949432759
暝,埧,0.733677117169086
暝,暟,0.733041723180635
暝,犋,0.7315870585677222
暝,瞙,0.7300772532735762
