char1,char2,similarity
暟,暟,1.0
暟,皚,0.8187026994276372
暟,榿,0.7814918661433522
暟,塏,0.779968107437788
暟,喅,0.7743577055788393
暟,啨,0.7554225770887624
暟,嗅,0.7516988661471151
暟,呭,0.7515892954799857
暟,曉,0.7486365783862792
暟,呾,0.7476233314059765
