char1,char2,similarity
暢,暢,1.0
暢,蝪,0.7622207794727032
暢,崵,0.7523672296119605
暢,糃,0.7487724967916425
暢,暘,0.7424374255013051
暢,禓,0.7365621179617129
暢,場,0.7332018070890399
暢,楊,0.7195164172043151
暢,褟,0.7164810632589209
暢,煬,0.7133863206014727
