char1,char2,similarity
暡,暡,1.0
暡,瞈,0.7614713130927827
暡,傟,0.7314096206114651
暡,噌,0.7249771158110749
暡,慃,0.7232413582945628
暡,唁,0.7218751045754236
暡,喵,0.7205914129213224
暡,响,0.7191468473570544
暡,咴,0.7176279360664822
暡,喒,0.7174411327618584
