char1,char2,similarity
暥,暥,1.0
暥,瞜,0.7519024258371717
暥,啺,0.7458960822320104
暥,嘍,0.7402510327700351
暥,唚,0.7394036213605727
暥,喎,0.7323850309890287
暥,嗂,0.7259240664272543
暥,埐,0.7211598479751451
暥,嗄,0.7202549355574211
暥,嗫,0.7193602788255328
