char1,char2,similarity
暦,暦,1.0
暦,曆,0.7759938040304334
暦,囸,0.723690066395811
暦,麿,0.7233311984819207
暦,囫,0.7222588249667
暦,厢,0.7216786255232734
暦,歴,0.7209741681941817
暦,厨,0.7184825524390192
暦,匜,0.7182546731357256
暦,麑,0.7177267710034572
