char1,char2,similarity
暧,暧,1.0
暧,瑷,0.7745423133393592
暧,暖,0.7531474814460681
暧,嫒,0.7336035628924161
暧,喛,0.732632022961073
暧,嗳,0.7312577495071402
暧,瑗,0.7296566145352441
暧,煖,0.7152371688321928
暧,暚,0.7139184076121536
暧,嗗,0.713279912483191
