char1,char2,similarity
暯,暯,1.0
暯,嗼,0.8264437427371
暯,漠,0.8000454092514362
暯,塻,0.76959404068269
暯,瞙,0.7672343638073389
暯,谟,0.7606903406665423
暯,嗪,0.7556488438008384
暯,獏,0.7473933713575228
暯,啧,0.7424856865847353
暯,嗅,0.7398737132532732
