char1,char2,similarity
暫,暫,1.0
暫,暬,0.7603343583152655
暫,書,0.7522646638277543
暫,曺,0.7489571226949658
暫,蒈,0.7326563902493225
暫,蒥,0.7317909538299046
暫,蓄,0.7308528042258134
暫,罯,0.7305034472896011
暫,胄,0.7299871124281622
暫,睝,0.7282730369476055
