char1,char2,similarity
暱,暱,1.0
暱,唧,0.7371978030180867
暱,嘓,0.7335884110535328
暱,嘔,0.7206897122334717
暱,曜,0.7184098663188665
暱,噿,0.7131820003534679
暱,喔,0.7119864995230084
暱,喎,0.707163149951334
暱,嗳,0.70707250791204
暱,噆,0.706417007812538
