char1,char2,similarity
暳,暳,1.0
暳,嘒,0.784902199658474
暳,槥,0.7438918010695426
暳,隚,0.7364394431721847
暳,喒,0.7363551436168175
暳,喑,0.7337253430381651
暳,唛,0.7322357626317784
暳,哼,0.7314951578522872
暳,暵,0.7254861178478642
暳,隌,0.7234156973587462
