char1,char2,similarity
暷,暷,1.0
暷,膞,0.7595021197253994
暷,嘖,0.7443758979517158
暷,暯,0.7396398297723309
暷,噜,0.7377547482795423
暷,嗐,0.7374491738993895
暷,槫,0.7350865405452047
暷,嘷,0.7307369875846162
暷,漙,0.7266738180857784
暷,岈,0.7208881549660943
