char1,char2,similarity
暵,暵,1.0
暵,嘆,0.8045957842531279
暵,喨,0.7625543029548982
暵,嗔,0.752173449942318
暵,傼,0.7494500162404231
暵,嫨,0.741951237850108
暵,喗,0.7287929567795186
暵,暳,0.7254861178478642
暵,嘻,0.7246190157416084
暵,喠,0.7243391841342396
