char1,char2,similarity
暻,暻,1.0
暻,暘,0.7672258691649599
暻,啺,0.7350787946245411
暻,暊,0.7292456797199094
暻,暕,0.725705652627878
暻,障,0.7163815900678678
暻,晘,0.7152049530207447
暻,吁,0.7147802251961004
暻,旰,0.7141929190686402
暻,暗,0.7129084859377862
