char1,char2,similarity
暴,暴,1.0
暴,辠,0.7392241742517117
暴,孠,0.7386556789824946
暴,晷,0.7377229672223843
暴,曼,0.7341540316841167
暴,雲,0.7322981431359268
暴,景,0.7302180992532625
暴,寨,0.7297275082321617
暴,晨,0.729355388961589
暴,菶,0.725744273117864
