char1,char2,similarity
暶,暶,1.0
暶,璇,0.7582398361464809
暶,嗾,0.7262273236703656
暶,嗁,0.7205935892566709
暶,啵,0.7063276114421966
暶,嫙,0.7059949524579279
暶,岐,0.7000782592972364
暶,噳,0.6969101791751248
暶,縼,0.69633516856262
暶,哜,0.6937240783223363
