char1,char2,similarity
暲,暲,1.0
暲,障,0.8455380796805093
暲,噇,0.7917172660282404
暲,嫜,0.7912700888399323
暲,墇,0.786979605244997
暲,喡,0.7806279005736623
暲,慞,0.777954999021406
暲,獐,0.7777242946547565
暲,瞕,0.763602484079409
暲,墥,0.7545909735827057
