char1,char2,similarity
曁,曁,1.0
曁,晝,0.7736542150640938
曁,畫,0.7528599820711703
曁,董,0.7492343731426113
曁,蓳,0.7487880606811776
曁,箽,0.7358103148667523
曁,臺,0.7314414273246627
曁,量,0.7290983349556645
曁,畺,0.7273264087628089
曁,箐,0.726334373489344
