char1,char2,similarity
曄,曄,1.0
曄,皣,0.800296012132161
曄,嘩,0.7806405202820719
曄,墷,0.7785714681702377
曄,澕,0.7613060481103553
曄,噿,0.751649395864548
曄,燁,0.7350962239537678
曄,嗶,0.7311272841050322
曄,暭,0.7274540027755583
曄,瞱,0.7189263172533892
