char1,char2,similarity
曃,曃,1.0
曃,睷,0.72632126658847
曃,嚃,0.7201845239671897
曃,曨,0.7184936001855631
曃,岖,0.7102819394739368
曃,噠,0.7088665367456517
曃,嚍,0.7004120442773624
曃,嚨,0.7001242342165648
曃,曒,0.6998045038296485
曃,嗹,0.6992944242419628
