char1,char2,similarity
曏,曏,1.0
曏,曧,0.6950541556299551
曏,擳,0.6922932374468329
曏,撏,0.6902226599735964
曏,尋,0.6899836826415305
曏,撮,0.6887911214268794
曏,霶,0.6880034596324386
曏,暑,0.6867620690016276
曏,暈,0.6822914368970757
曏,层,0.681985875231412
