char1,char2,similarity
曋,曋,1.0
曋,撢,0.7985812318875165
曋,憛,0.7765460419468926
曋,谭,0.7505176088586708
曋,墰,0.7486830351468582
曋,嗊,0.7440763718408921
曋,瞫,0.7367360327219022
曋,曎,0.7314443236775756
曋,哻,0.7246914491353265
曋,咽,0.7229376674432049
