char1,char2,similarity
曊,曊,1.0
曊,嘪,0.7055189377282074
曊,嚄,0.7053644554212738
曊,嘆,0.7043477093330914
曊,噮,0.700789258707981
曊,唪,0.6997855393184591
曊,遭,0.6945728888877488
曊,嘵,0.6935774016723065
曊,曃,0.6917290113813322
曊,嚽,0.691695624647571
