char1,char2,similarity
曎,曎,1.0
曎,墿,0.7899240575861375
曎,礋,0.7867456327768397
曎,譯,0.7699540254530275
曎,燡,0.7653717156676408
曎,嬕,0.7617306680138377
曎,噣,0.7473333215637169
曎,暺,0.746026130287195
曎,蠌,0.7442386511985459
曎,暤,0.7439252343645051
