char1,char2,similarity
曉,曉,1.0
曉,喨,0.7515777239205882
曉,啧,0.7498543431708758
曉,喘,0.7486629910442456
曉,暟,0.7486365783862792
曉,唛,0.7479145452356737
曉,嗃,0.7434982436920405
曉,暲,0.7380392860920114
曉,嗼,0.7331006138050108
曉,曗,0.7312009545896365
