char1,char2,similarity
曒,曒,1.0
曒,噭,0.7983146476197288
曒,獥,0.7735973827442909
曒,墽,0.7715152862244163
曒,噋,0.7684187873995308
曒,缴,0.7583360608911973
曒,嘋,0.7516483532835294
曒,徼,0.7479370305301221
曒,璬,0.7472648795630117
曒,儌,0.7406638099476981
