char1,char2,similarity
曓,曓,1.0
曓,櫐,0.7320615618367189
曓,暈,0.7287255873210803
曓,島,0.7202717745436031
曓,幕,0.7190177001531552
曓,奡,0.7079904375468672
曓,蓽,0.7069309136087509
曓,箓,0.7066357358089533
曓,昻,0.7056284055744532
曓,曧,0.7051471749284485
