char1,char2,similarity
曘,曘,1.0
曘,嚅,0.7721616203405102
曘,曞,0.7460911205001467
曘,皬,0.7349221040829345
曘,擩,0.7262160178449342
曘,礝,0.7256371350504616
曘,曛,0.7139918071042574
曘,曯,0.7106763729150343
曘,啕,0.7100334338093338
曘,懦,0.7073887778294671
