char1,char2,similarity
曐,曐,1.0
曐,畺,0.7479980486478399
曐,疂,0.7345556825236969
曐,畳,0.7242060138806234
曐,櫐,0.72389944084768
曐,尋,0.719423482932547
曐,舋,0.7146002785006208
曐,曧,0.7133870954381096
曐,暠,0.7132341162004086
曐,坖,0.7106403864963771
