char1,char2,similarity
曑,曑,1.0
曑,鼌,0.7222488986163009
曑,嵾,0.7156155967131008
曑,篸,0.710790728817966
曑,罍,0.7084759810949158
曑,曡,0.7056021159467009
曑,纍,0.7049834134077035
曑,謈,0.7015415567248062
曑,曟,0.6991752039015162
曑,曇,0.6971699351196979
