char1,char2,similarity
曝,曝,1.0
曝,犦,0.788155249743271
曝,襮,0.7581129922916592
曝,爆,0.7540955125271143
曝,暇,0.7372491484636748
曝,瀑,0.7197580959809706
曝,眠,0.7095750734071942
曝,獌,0.7018508123187243
曝,暞,0.7018068996296258
曝,儤,0.698787918853322
