char1,char2,similarity
曟,曟,1.0
曟,靂,0.7203180792251446
曟,櫜,0.717776573734266
曟,曡,0.7172303253766134
曟,謈,0.7044587626917478
曟,霋,0.7043450886553196
曟,矗,0.7024471886241836
曟,曑,0.6991752039015162
曟,叠,0.6971195761263147
曟,彚,0.6964945009626837
