char1,char2,similarity
曞,曞,1.0
曞,瞩,0.7526110721027988
曞,曘,0.7460911205001467
曞,嘱,0.7102539455675853
曞,曜,0.7046368987087472
曞,騹,0.6999965132594164
曞,瞤,0.6993002093061731
曞,矖,0.6946831329980031
曞,瞷,0.6939664530043962
曞,曬,0.6934569878752269
