char1,char2,similarity
曚,曚,1.0
曚,檬,0.7923770543291551
曚,朦,0.7763360142123099
曚,礞,0.7479783790554237
曚,濛,0.7357041004186016
曚,艨,0.7308980601039619
曚,幪,0.7267852158958374
曚,懞,0.7213260525748656
曚,獴,0.7201531668899293
曚,曀,0.7185120923375999
