char1,char2,similarity
曧,曧,1.0
曧,暈,0.7367952846209431
曧,櫐,0.7308607130687932
曧,暠,0.730533293114812
曧,晕,0.7244636537538783
曧,曐,0.7133870954381096
曧,尋,0.7073816088398682
曧,奡,0.7053836842138336
曧,曓,0.7051471749284485
曧,疂,0.702441486217619
