char1,char2,similarity
曩,曩,1.0
曩,裛,0.6957813975934087
曩,罺,0.6955127997310027
曩,驫,0.6898841463893957
曩,霬,0.6866241220625416
曩,虞,0.6855507825169359
曩,篿,0.6849940085596823
曩,壟,0.6844530671245412
曩,賷,0.6797565100794799
曩,巂,0.6788997783707468
