char1,char2,similarity
曬,曬,1.0
曬,攦,0.7948776756515173
曬,囇,0.7318202430947867
曬,儷,0.7318150787021532
曬,曭,0.7123192185514488
曬,穲,0.7038658124636645
曬,嚪,0.7023319639217127
曬,噿,0.6960971219660301
曬,曣,0.6960321594436778
曬,曪,0.6942999779558403
