char1,char2,similarity
曨,曨,1.0
曨,嚨,0.8463531158026748
曨,儱,0.8050494196505117
曨,瀧,0.800209433631298
曨,徿,0.7793392219255967
曨,隴,0.762229315334654
曨,瓏,0.7567990176994862
曨,矓,0.756748550671102
曨,壠,0.7564320472410627
曨,爖,0.7478470201786415
