char1,char2,similarity
曤,曤,1.0
曤,嚯,0.7603999613082231
曤,攉,0.7590108626633206
曤,皬,0.7428257774606419
曤,嚁,0.7419665383270538
曤,嚅,0.7353003839519665
曤,嘾,0.7305368898449428
曤,噹,0.7163266866926113
曤,墵,0.7141253913563529
曤,嘓,0.7125485878117682
