char1,char2,similarity
曳,曳,1.0
曳,曵,0.8586355446030356
曳,口,0.7686428242657725
曳,屯,0.764578931941636
曳,贞,0.7497028440608887
曳,羗,0.7483562667289682
曳,亩,0.7467811816202974
曳,夹,0.7460434918196299
曳,史,0.7450616228797461
曳,自,0.741736369171057
