char1,char2,similarity
曲,曲,1.0
曲,囬,0.7871874421001869
曲,凹,0.7775383041371255
曲,凸,0.7668822919945644
曲,油,0.7595028959193112
曲,凷,0.7546278097596377
曲,內,0.7545218419831454
曲,的,0.7496426378807675
曲,四,0.748564294959075
曲,凶,0.7477992009933861
