char1,char2,similarity
曮,曮,1.0
曮,礹,0.7177247835291515
曮,讝,0.7058442097545349
曮,玁,0.6987700711164028
曮,曔,0.6871219457230439
曮,囌,0.6865743572217876
曮,嘪,0.6851184966320645
曮,暰,0.6813077216929876
曮,囆,0.6786811950679645
曮,嗗,0.678196211421362
