char1,char2,similarity
更,更,1.0
更,叓,0.8068875553814006
更,頁,0.7982756310408007
更,馬,0.7888165432508866
更,貞,0.7882654458112619
更,平,0.7709082254370425
更,贵,0.7637227520692825
更,禹,0.7624291200812296
更,毐,0.7608535451721032
更,莫,0.7543565765570416
