char1,char2,similarity
曰,曰,1.0
曰,臼,0.908910827377343
曰,凵,0.857687713614807
曰,凹,0.8449043329648652
曰,山,0.8086507908981007
曰,旧,0.8074784217350088
曰,囗,0.8008635063121134
曰,三,0.7968264836760224
曰,囱,0.7957961992138729
曰,勹,0.7940271771067905
