char1,char2,similarity
曽,曽,1.0
曽,善,0.8190889254074142
曽,营,0.7843378488943996
曽,曾,0.7827667975683054
曽,兽,0.7789683092436313
曽,普,0.7771048647647599
曽,畬,0.7717845083118638
曽,曶,0.7589986774637127
曽,昬,0.7588460641940133
曽,晢,0.7548702481717071
