char1,char2,similarity
最,最,1.0
最,朂,0.7988990729129729
最,景,0.7551093829258658
最,聂,0.7399310715167088
最,员,0.7349857033560908
最,昦,0.7311775958502308
最,母,0.728749743239445
最,冕,0.7271242417329815
最,侵,0.7267242558125653
最,号,0.7233068121489249
