char1,char2,similarity
曹,曹,1.0
曹,曺,0.8098227628258732
曹,菖,0.7994797438035116
曹,耆,0.7890620348165115
曹,萼,0.7823594943369022
曹,葺,0.7814046551202107
曹,青,0.7782271248246535
曹,盲,0.7737659160091709
曹,豊,0.7556476475835366
曹,著,0.7549074527501254
