char1,char2,similarity
曼,曼,1.0
曼,夏,0.7960803166985624
曼,晨,0.7904092603698737
曼,隻,0.774289447736577
曼,暑,0.7661923042394335
曼,褁,0.7525895792954376
曼,愛,0.7520696024361184
曼,尋,0.7473920123744734
曼,暴,0.7341540316841167
曼,谩,0.7328898631682449
