char1,char2,similarity
書,書,1.0
書,魯,0.8027312273073791
書,箦,0.7848905091644994
書,鲁,0.7812224094438753
書,舅,0.7765163659029337
書,貴,0.7751696599037805
書,責,0.7714602518658791
書,嵔,0.7709319731563701
書,暬,0.7613259861172732
書,篑,0.7593418910376936
