char1,char2,similarity
會,會,1.0
會,鲁,0.7982725044152369
會,督,0.7487752821134838
會,拿,0.7375322053487765
會,貪,0.7345034880935303
會,舎,0.7345031848996758
會,眷,0.7327985636911485
會,瞀,0.7326324482784746
會,瞥,0.7282190429309028
會,誊,0.7259299053383446
