char1,char2,similarity
朇,朇,1.0
朇,劊,0.6999644847884475
朇,髀,0.698101814178134
朇,鹆,0.6939503093304275
朇,鸲,0.6921857957894287
朇,鸻,0.689406827759458
朇,鹒,0.6893210679836953
朇,鹓,0.6882222500556912
朇,鞞,0.6863710631953641
朇,釒,0.684131092342012
