char1,char2,similarity
朄,朄,1.0
朄,崹,0.7570472327270008
朄,峍,0.7567622152606757
朄,峠,0.742726976231019
朄,崍,0.7375713751359454
朄,崪,0.734092336184789
朄,嵻,0.7317768191085184
朄,諌,0.7288417852293473
朄,嵉,0.7195464835770912
朄,嶂,0.7177011344218416
