char1,char2,similarity
朕,朕,1.0
朕,肷,0.826085631614818
朕,肤,0.8127141243166843
朕,胅,0.8077377009364102
朕,联,0.796439137212185
朕,胼,0.7799343140139761
朕,朊,0.7718554413568426
朕,肒,0.77085810897093
朕,胠,0.7647453865943186
朕,欣,0.7583907086204394
