char1,char2,similarity
朓,朓,1.0
朓,铫,0.7980951752147852
朓,脁,0.7948475964466817
朓,跳,0.7804850868109112
朓,銚,0.7759871422469533
朓,晀,0.7706869758774909
朓,腆,0.7642400784681465
朓,脘,0.755355928983704
朓,腕,0.7507014214038875
朓,姚,0.7473631676390289
