char1,char2,similarity
朒,朒,1.0
朒,腩,0.7797772241958815
朒,腡,0.7467683954060499
朒,脥,0.7453710086884172
朒,腔,0.7432101217683782
朒,脑,0.739517248001312
朒,脨,0.7377807171640609
朒,腟,0.7371045317456572
朒,脓,0.7352998290252714
朒,腨,0.7328757074767072
