char1,char2,similarity
朔,朔,1.0
朔,朝,0.7477943869832402
朔,朋,0.7420775979947026
朔,欮,0.7375206650030672
朔,冃,0.725775528629058
朔,団,0.724254854367691
朔,则,0.7204541463926613
朔,沔,0.7198247056645651
朔,团,0.716660935604539
朔,劷,0.715309638957311
