char1,char2,similarity
朎,朎,1.0
朎,柃,0.7864634900250268
朎,阾,0.7853459833966208
朎,竛,0.7838570809511803
朎,朌,0.7701192661135434
朎,狑,0.7689581863724563
朎,呤,0.7683372187118943
朎,袊,0.7651876626892224
朎,拎,0.7528957015814798
朎,腍,0.7522637029301953
