char1,char2,similarity
朌,朌,1.0
朌,胁,0.7938887494867763
朌,脐,0.7768206352120547
朌,朎,0.7701192661135434
朌,砏,0.7614859269073908
朌,竕,0.757254312921818
朌,脥,0.757084915578776
朌,腗,0.7559212223897877
朌,脱,0.7536251326030321
朌,枌,0.751703279310222
