char1,char2,similarity
望,望,1.0
望,塣,0.781136393416053
望,罣,0.7668444015049835
望,琧,0.76373954413619
望,墾,0.7593219419882706
望,皇,0.7491822283836086
望,荲,0.748457224847222
望,星,0.747709532829373
望,壐,0.7453814323704195
望,堃,0.7451380469131572
