char1,char2,similarity
朙,朙,1.0
朙,眀,0.7397837622370522
朙,昍,0.7375050347516499
朙,戙,0.7372629353661122
朙,閛,0.7234910782426622
朙,閦,0.722738967595465
朙,期,0.7224063534162926
朙,間,0.7223407028988256
朙,罔,0.7217733177641783
朙,問,0.7206452370705039
