char1,char2,similarity
朖,朖,1.0
朖,锒,0.7730148721008848
朖,肥,0.7597510859448074
朖,脂,0.7587994683850227
朖,躴,0.7576303965498083
朖,腺,0.7569181618426272
朖,踉,0.7526548618320065
朖,腈,0.7505931579788899
朖,胉,0.7502963170289714
朖,羪,0.7484568645595896
