char1,char2,similarity
朩,朩,1.0
朩,木,0.8366185569560741
朩,本,0.8090029482640633
朩,尔,0.8080515879262375
朩,尒,0.8047118595673499
朩,亅,0.799957104379771
朩,水,0.7977417577926412
朩,丨,0.7963114081304107
朩,尓,0.790306542430304
朩,巾,0.7864706378364712
