char1,char2,similarity
木,木,1.0
木,本,0.8800136267654248
木,术,0.8755942692621241
木,朩,0.8366185569560741
木,水,0.827970283197341
木,氺,0.8198256912185488
木,丨,0.8138566506674011
木,氷,0.8115158130979528
木,中,0.809491907581999
木,巾,0.7947094929017393
