char1,char2,similarity
朤,朤,1.0
朤,朋,0.722738589739455
朤,壨,0.7174984417428969
朤,圛,0.7137346529484255
朤,骰,0.710868888282171
朤,圍,0.7099647606544418
朤,鼏,0.7097523300663693
朤,萠,0.7090491516153918
朤,崩,0.7090126016078824
朤,毣,0.7078636415783712
