char1,char2,similarity
朣,朣,1.0
朣,膧,0.7934368702096938
朣,臗,0.7851785218537009
朣,燑,0.7825651113692177
朣,腪,0.7649807167810688
朣,臆,0.764653243149995
朣,墥,0.7618394827104256
朣,瞳,0.7612107688696705
朣,膫,0.7608691561265843
朣,膹,0.7605932688586049
