char1,char2,similarity
朥,朥,1.0
朥,磱,0.7407116817057142
朥,脴,0.731594678531686
朥,腍,0.7185486696790333
朥,榺,0.7156774058136401
朥,膶,0.7153418532057109
朥,幐,0.7150270519295338
朥,腑,0.7148353961144629
朥,腯,0.7127467661047452
朥,腬,0.7121655801445117
