char1,char2,similarity
朮,朮,1.0
朮,丨,0.7976821924762272
朮,木,0.7851813100297065
朮,术,0.7772668830243049
朮,水,0.7688743855802216
朮,二,0.7676652804765641
朮,帇,0.7657493263067165
朮,中,0.765603457542404
朮,本,0.7647684922114442
朮,丄,0.764359003333917
