char1,char2,similarity
朱,朱,1.0
朱,末,0.8495731115511409
朱,未,0.8315322594667786
朱,十,0.7996297375577679
朱,宋,0.7880401690886429
朱,丨,0.786764757446203
朱,击,0.7725459695081675
朱,先,0.7712844681486374
朱,来,0.7686306349400843
朱,求,0.7671630220810542
