char1,char2,similarity
朰,朰,1.0
朰,杳,0.770047256376384
朰,乫,0.7604116556680048
朰,乧,0.7506685689538597
朰,楍,0.7493444518828766
朰,夻,0.7475133316400815
朰,克,0.7463641461494561
朰,查,0.7458015414765052
朰,夺,0.745280115563429
朰,夯,0.7417803987585461
