char1,char2,similarity
术,术,1.0
术,木,0.8755942692621241
术,水,0.8408903153603462
术,氺,0.8224624714635781
术,丨,0.8108104710250068
术,本,0.8105524473348606
术,卞,0.7968247663855899
术,氷,0.7888897515150883
术,彳,0.7805516971956719
术,朮,0.7772668830243049
