char1,char2,similarity
朳,朳,1.0
朳,杊,0.8210789537377818
朳,杋,0.8199774851365454
朳,杫,0.8151763776695443
朳,析,0.8147966434399557
朳,杁,0.8064140094467331
朳,杧,0.7901516145874579
朳,机,0.7879622042870741
朳,扒,0.7867165558688864
朳,杕,0.7854250240086426
