char1,char2,similarity
朶,朶,1.0
朶,朵,0.8264437477699503
朶,呆,0.7650985953923773
朶,杲,0.7649419506023776
朶,果,0.7622814187984847
朶,尕,0.7594690871935811
朶,乘,0.7589624352346904
朶,杂,0.7519080574347923
朶,枈,0.749518904150058
朶,茉,0.7455198822178614
