char1,char2,similarity
朷,朷,1.0
朷,朸,0.8318486158781262
朷,初,0.8181951837432657
朷,杓,0.8032454608948735
朷,朲,0.7953136317051979
朷,杧,0.792868659728173
朷,杤,0.7921367159480026
朷,杠,0.7832544663893378
朷,朽,0.7815936292701006
朷,朳,0.780611440485111
