char1,char2,similarity
朴,朴,1.0
朴,札,0.8674923979498942
朴,补,0.8412387827312263
朴,丬,0.803261909339813
朴,仆,0.7988030218267858
朴,朾,0.7932941098710652
朴,礼,0.7921061841466145
朴,訃,0.7874851856316643
朴,扎,0.7862415479544976
朴,什,0.7810832086605474
