char1,char2,similarity
朸,朸,1.0
朸,忇,0.8339552812335457
朸,朷,0.8318486158781262
朸,朹,0.8196654710094751
朸,杕,0.8100039342082549
朸,杧,0.7954324199975089
朸,杓,0.7901834956774134
朸,扐,0.7807838943557334
朸,劝,0.7672747083607107
朸,劼,0.7653911710762343
