char1,char2,similarity
朽,朽,1.0
朽,杇,0.8180266551765524
朽,杅,0.8026712760012888
朽,杯,0.7964119278798379
朽,杔,0.7948531397804596
朽,杄,0.7910009925696103
朽,杆,0.7835152261956544
朽,忄,0.7827238117117054
朽,杉,0.7824884385430521
朽,朷,0.7815936292701006
