char1,char2,similarity
机,机,1.0
机,杋,0.8371859011782744
机,杭,0.8168467997005628
机,杬,0.8126830723964554
机,杌,0.7993556866639588
机,枑,0.7973523002271385
机,杦,0.7967538177295592
机,扒,0.7967478938834964
机,杹,0.7937339181073185
机,权,0.7911209979219854
