char1,char2,similarity
朿,朿,1.0
朿,束,0.839700506184783
朿,來,0.8372498296579373
朿,耒,0.822371740563311
朿,柬,0.8025925716334426
朿,巿,0.7907198392937029
朿,宇,0.7867487590372994
朿,克,0.7810185064220144
朿,宗,0.7789465676706977
朿,苿,0.7757690984605223
