char1,char2,similarity
朾,朾,1.0
朾,打,0.8571742945878349
朾,杅,0.8400165052138875
朾,帄,0.815524588856922
朾,圢,0.8099732046779221
朾,朼,0.8019261686242336
朾,杄,0.8013314318222194
朾,饤,0.7987530217222443
朾,忄,0.7952939494794586
朾,衧,0.7948245919127018
