char1,char2,similarity
杂,杂,1.0
杂,宗,0.7622151173440898
杂,卆,0.7595854006748537
杂,京,0.7532774147526712
杂,佘,0.7520645128061278
杂,朶,0.7519080574347923
杂,朵,0.7461686273025004
杂,厹,0.7450893321348493
杂,夵,0.7440966589475879
杂,苿,0.7422151388168431
