char1,char2,similarity
杆,杆,1.0
杆,杠,0.8256490595430712
杆,杍,0.8250995321942404
杆,杯,0.8205462804709119
杆,忏,0.8183474065759411
杆,衧,0.8164911851519336
杆,枉,0.8112956792656623
杆,杅,0.8066358792597891
杆,忓,0.7964209142614007
杆,扦,0.7937244410775577
