char1,char2,similarity
杀,杀,1.0
杀,乎,0.7783407277044274
杀,东,0.7620978358085351
杀,茮,0.7610725990677202
杀,一,0.7502607225557624
杀,甼,0.7469686799508479
杀,尕,0.7468135628512083
杀,糸,0.7452515765855459
杀,亅,0.742321325486222
杀,爭,0.737987135886372
