char1,char2,similarity
杌,杌,1.0
杌,机,0.7993556866639588
杌,扏,0.7975997951794609
杌,屼,0.7897118418977522
杌,桩,0.7807791684333573
杌,权,0.776512727819533
杌,柝,0.7647291719382711
杌,杹,0.7646668691775386
杌,杞,0.7630448209675902
杌,柷,0.7624841877547925
