char1,char2,similarity
杋,杋,1.0
杋,机,0.8371859011782744
杋,朳,0.8199774851365454
杋,杙,0.8023415080954335
杋,析,0.7976009482093551
杋,朹,0.7965450642823169
杋,杊,0.7950222545656719
杋,材,0.7925269278379817
杋,杫,0.7922785196512596
杋,杍,0.7855565373457966
