char1,char2,similarity
材,材,1.0
材,村,0.8378556569343432
材,忖,0.7988252893900198
材,杋,0.7925269278379817
材,犲,0.7796201470792506
材,衬,0.7755987637986899
材,杠,0.770634449886899
材,朹,0.7705047787673154
材,竹,0.7704524517741331
材,讨,0.7676268405384947
