char1,char2,similarity
杙,杙,1.0
杙,杋,0.8023415080954335
杙,杔,0.7985440938993208
杙,杍,0.7964422518912514
杙,杓,0.7866430708061148
杙,杕,0.7811427676537449
杙,杛,0.7805689669189422
杙,忒,0.7789090868702742
杙,杧,0.7743236691788338
杙,杇,0.773996680510205
