char1,char2,similarity
杖,杖,1.0
杖,扙,0.8304624633292934
杖,权,0.8011259072006247
杖,枎,0.7914736752117484
杖,抆,0.7867381961616542
杖,柣,0.7830370489447033
杖,枕,0.7818189556772628
杖,柱,0.7817337656923021
杖,栚,0.7799199832332739
杖,枚,0.7782027910092518
