char1,char2,similarity
杛,杛,1.0
杛,杓,0.8038423547668533
杛,杍,0.80127373341484
杛,杊,0.8011794509952758
杛,枵,0.7907640517860569
杛,相,0.7829614999958908
杛,杙,0.7805689669189422
杛,杋,0.7799950447987742
杛,杔,0.7797015015391903
杛,朳,0.7790023253149809
