char1,char2,similarity
杘,杘,1.0
杘,厈,0.7800612492082777
杘,凥,0.7739874374263115
杘,辰,0.7730551512052166
杘,原,0.7719432358582103
杘,屎,0.7695756061642214
杘,帍,0.7650636526650518
杘,届,0.7637869002388491
杘,仄,0.7594331117726589
杘,扆,0.7574070348480723
