char1,char2,similarity
杠,杠,1.0
杠,杜,0.8357051909491215
杠,杆,0.8256490595430712
杠,枉,0.8207480666704141
杠,扗,0.7911171411943885
杠,柱,0.7896291209928272
杠,杔,0.7881463068772226
杠,杧,0.7879382971467519
杠,仃,0.7875859607770268
杠,扛,0.7865083180289756
