char1,char2,similarity
杢,杢,1.0
杢,空,0.8481715505776669
杢,芏,0.8214406801431678
杢,圶,0.8037048772683025
杢,夳,0.7984453258439695
杢,杏,0.7864626155660828
杢,屯,0.7822977097277307
杢,巠,0.7795636034607208
杢,吉,0.7749325773420397
杢,雴,0.7727263025849328
