char1,char2,similarity
杣,杣,1.0
杣,杫,0.830005540674265
杣,杊,0.8104882291732424
杣,杄,0.7886908295775775
杣,袖,0.7804257297572194
杣,相,0.777702214168787
杣,秈,0.7771347782718837
杣,祉,0.7760258613757607
杣,杅,0.7741757218131077
杣,秞,0.7709296168197691
