char1,char2,similarity
杞,杞,1.0
杞,柜,0.8166704573241128
杞,忋,0.8135413289024565
杞,祀,0.8035695781153855
杞,柷,0.796938721981362
杞,柯,0.7934753281180128
杞,桕,0.791974629585956
杞,枢,0.7917030293569602
杞,杝,0.7889102671662352
杞,柦,0.7883550329317736
