char1,char2,similarity
杪,杪,1.0
杪,柚,0.8067388547988164
杪,抄,0.8028101485716777
杪,柱,0.7884025808887878
杪,杶,0.7866306788167338
杪,杜,0.785004377416631
杪,妙,0.7837886283100611
杪,枦,0.7821833533491829
杪,耖,0.7810262487498877
杪,杝,0.7810218686121094
