char1,char2,similarity
杨,杨,1.0
杨,扬,0.7962390749349556
杨,饧,0.7796476756847759
杨,玚,0.7736563575322248
杨,砀,0.7672863340599981
杨,场,0.7655060375263418
杨,杩,0.7535957813597304
杨,炀,0.7527791027845248
杨,杬,0.7489808385498807
杨,构,0.7489702711549527
