char1,char2,similarity
杫,杫,1.0
杫,杣,0.830005540674265
杫,杊,0.8256172328584411
杫,朳,0.8151763776695443
杫,杍,0.8034961074968864
杫,杅,0.7956963431914715
杫,杕,0.7948547588675209
杫,杄,0.7928667375625085
杫,杋,0.7922785196512596
杫,杔,0.7840989200598909
