char1,char2,similarity
杮,杮,1.0
杮,杶,0.8107103150953997
杮,柠,0.7905679093997996
杮,柿,0.7892917971642169
杮,柹,0.785384722733989
杮,杝,0.7817435700526996
杮,榟,0.7780398406206711
杮,神,0.7774849300489507
杮,枃,0.7735592564617121
杮,杵,0.7720694182269352
