char1,char2,similarity
杭,杭,1.0
杭,抗,0.8496103317775646
杭,机,0.8168467997005628
杭,柼,0.8147093079386913
杭,枋,0.8089042153654035
杭,炕,0.7969840294736428
杭,坑,0.7951419373859802
杭,枪,0.7900937952428173
杭,秔,0.7889546134567862
杭,柷,0.7886137727134925
