char1,char2,similarity
杲,杲,1.0
杲,昗,0.8239326488787144
杲,寻,0.8217294001194357
杲,旲,0.7951209821810973
杲,果,0.7876681970286669
杲,杗,0.7803666650167621
杲,帠,0.7774775078775026
杲,朵,0.7712001455171017
杲,乗,0.7709714058420125
杲,枈,0.7676478467208372
