char1,char2,similarity
杵,杵,1.0
杵,柠,0.7976205520476697
杵,袆,0.7938084739285195
杵,柞,0.7864931643281448
杵,忤,0.7810360050156945
杵,柱,0.7783120811228738
杵,秤,0.7772492249166307
杵,玝,0.7766323855397423
杵,丼,0.7761322507501142
杵,杍,0.7753585867429343
