char1,char2,similarity
杷,杷,1.0
杷,帊,0.8053644273231202
杷,把,0.7995918790555202
杷,棍,0.7984492976225562
杷,枧,0.7953812863924219
杷,钯,0.7931025709345608
杷,忋,0.7902579308833338
杷,楒,0.787324199460233
杷,梖,0.7867836291518212
杷,杞,0.7840074479566511
