char1,char2,similarity
杴,杴,1.0
杴,杦,0.8658090686964196
杴,扻,0.8214296018609277
杴,杚,0.818864608168895
杴,枃,0.8151053386897625
杴,枎,0.8001464702789973
杴,枖,0.7941086266782678
杴,枤,0.789879887017278
杴,杬,0.7866771892736798
杴,杶,0.7866020157304742
