char1,char2,similarity
枀,枀,1.0
枀,某,0.7650167458717774
枀,琹,0.7621308938690569
枀,枼,0.7610778698852236
枀,共,0.757141939380371
枀,架,0.7548571591620346
枀,棨,0.7526027986775129
枀,弟,0.7504519173030437
枀,柒,0.7487445389294127
枀,梁,0.7465066002352236
