char1,char2,similarity
松,松,1.0
松,忪,0.7837229583809437
松,枟,0.7797417444763625
松,衳,0.7747726694670909
松,彸,0.7746987887420964
松,桧,0.7727881330907582
松,栏,0.7719522109331697
松,杜,0.7697323935011067
松,枅,0.7667616699648432
松,杦,0.7664735304263205
