char1,char2,similarity
杽,杽,1.0
杽,柙,0.8140157683853756
杽,枰,0.8090557515904496
杽,枆,0.8033406947977522
杽,榟,0.7953615747036695
杽,柈,0.7883105195981971
杽,抙,0.7865555442854221
杽,扦,0.7802922741248882
杽,栝,0.7801069011843823
杽,栕,0.7780713075284992
