char1,char2,similarity
枂,枂,1.0
枂,柯,0.8110207766563724
枂,仴,0.8078314340320024
枂,枬,0.802598216489778
枂,柺,0.7956488398330368
枂,杻,0.7923328191642247
枂,枮,0.785103696114495
枂,枴,0.7836971899970625
枂,杤,0.7835759530133103
枂,杺,0.7832702759399658
