char1,char2,similarity
极,极,1.0
极,板,0.802806754138351
极,忣,0.7852234556429596
极,扱,0.783442835831273
极,枑,0.772781391892181
极,柀,0.7711123196183856
极,杸,0.7710609452544611
极,彶,0.7691105540649962
极,枂,0.7684426619608651
极,杈,0.7660878566626917
