char1,char2,similarity
枅,枅,1.0
枅,枡,0.8634300751093563
枅,杤,0.8186853973532883
枅,杬,0.802926949659233
枅,杻,0.7980169186165159
枅,抍,0.7957221313460902
枅,杞,0.784550577101603
枅,杴,0.7844713954220777
枅,榜,0.7819628347967766
枅,枟,0.7815962985362226
