char1,char2,similarity
枋,枋,1.0
枋,杭,0.8089042153654035
枋,柼,0.8000022501717609
枋,彷,0.7918317579376108
枋,枿,0.7906954210876752
枋,坊,0.7897570486036412
枋,访,0.784085913585704
枋,枦,0.7840462757542542
枋,株,0.7758703271510801
枋,抗,0.7725069676810508
