char1,char2,similarity
枑,枑,1.0
枑,柜,0.8057998377554928
枑,机,0.7973523002271385
枑,柤,0.7970746551508037
枑,椏,0.7955584597151528
枑,柆,0.7929405487081054
枑,栍,0.7822750950207207
枑,柸,0.7819752121816563
枑,枬,0.7814722614957945
枑,柖,0.7813383284158957
