char1,char2,similarity
林,林,1.0
林,怵,0.7927453836375625
林,狇,0.7923067574189449
林,枮,0.7898322611689617
林,棉,0.7821580588036321
林,枰,0.775899081304853
林,秫,0.7757934604177374
林,梂,0.7756136079870567
林,柚,0.7750353158234462
林,抃,0.7734340991762131
