char1,char2,similarity
析,析,1.0
析,朳,0.8147966434399557
析,祈,0.8110435098421847
析,杋,0.7976009482093551
析,枳,0.7920501710798773
析,帆,0.7742427138968879
析,朹,0.7734482807118023
析,机,0.7729717835636838
析,杊,0.7711246608571778
析,忻,0.7693410299479676
