char1,char2,similarity
枓,枓,1.0
枓,枔,0.8050795231964878
枓,枠,0.7940720232775438
枓,棑,0.7862139260897956
枓,柶,0.7810151352196882
枓,梓,0.7809011753490885
枓,枍,0.7788514700662179
枓,椑,0.7765264604212324
枓,枖,0.7726457918079609
枓,柼,0.7716362036027938
