char1,char2,similarity
枖,枖,1.0
枖,枟,0.8201461981566229
枖,柷,0.8112820547883444
枖,岆,0.8081686533735383
枖,妖,0.8057082238096573
枖,栚,0.8026513336318741
枖,祆,0.8023340335000942
枖,祅,0.8018176266166731
枖,枎,0.7993468503098801
枖,扷,0.7971621838365598
