char1,char2,similarity
枒,枒,1.0
枒,枌,0.8198406692517551
枒,枖,0.7925940490716591
枒,玡,0.7916014102584685
枒,枔,0.7833741286302429
枒,犽,0.7802221539842195
枒,桪,0.7793890978961883
枒,柷,0.7782318245891975
枒,杈,0.7779021591495694
枒,枑,0.7758456186266968
