char1,char2,similarity
枕,枕,1.0
枕,忱,0.8281536598326514
枕,枘,0.8178357899081539
枕,妉,0.8130737751943303
枕,枎,0.8121973574546433
枕,柷,0.8102721602327103
枕,帎,0.8090106762068889
枕,枧,0.7974341607752599
枕,衴,0.7940987513620144
枕,桄,0.7935123929423463
