char1,char2,similarity
枠,枠,1.0
枠,梓,0.822267227021335
枠,椊,0.8206099612849633
枠,粋,0.8087274434104732
枠,枓,0.7940720232775438
枠,棦,0.7841323790083236
枠,枔,0.7825251297201647
枠,椲,0.7814270163679681
枠,枺,0.7788777854592986
枠,柇,0.7780726656387471
