char1,char2,similarity
枟,枟,1.0
枟,忶,0.8290679281825757
枟,枖,0.8201461981566229
枟,柾,0.8115125471102408
枟,枺,0.8059663591113774
枟,枡,0.7974800587845676
枟,桂,0.7970591069549398
枟,柮,0.7915214112165646
枟,柦,0.7897951512648544
枟,抎,0.7894308470860792
