char1,char2,similarity
枘,枘,1.0
枘,柚,0.8223998213021884
枘,枕,0.8178357899081539
枘,钠,0.8169798453223622
枘,衲,0.8114139530896094
枘,梢,0.801864279419412
枘,柄,0.8015003565894732
枘,柟,0.7975838301113525
枘,妠,0.7963677511698362
枘,桘,0.7934716312174612
