char1,char2,similarity
枦,枦,1.0
枦,柀,0.8206989609004341
枦,枎,0.8062499655217104
枦,柼,0.805054738698709
枦,桕,0.7991332216823213
枦,柏,0.7984259624252668
枦,枮,0.7982996695131864
枦,柠,0.7975079518061615
枦,栌,0.791358774278436
枦,柱,0.7902356956221408
