char1,char2,similarity
枪,枪,1.0
枪,抢,0.8335048869633339
枪,栓,0.8221552170017022
枪,怆,0.8123346936650053
枪,检,0.8099050566382902
枪,抡,0.7934377899357985
枪,杭,0.7900937952428173
枪,棆,0.7870694642373411
枪,枍,0.7816144049315428
枪,枸,0.778983922893558
