char1,char2,similarity
枨,枨,1.0
枨,怅,0.8139574409639722
枨,栣,0.778643102826086
枨,棖,0.774384686715059
枨,栎,0.7732021450581691
枨,枎,0.7705270289402563
枨,栻,0.7673777037894887
枨,柎,0.7638435682550593
枨,梧,0.763550459758593
枨,裉,0.7623816279490542
