char1,char2,similarity
枩,枩,1.0
枩,杳,0.7488270386495464
枩,容,0.7439274687856716
枩,穷,0.7410845594873914
枩,帘,0.7405641677123658
枩,查,0.7356589712075838
枩,乙,0.7304387609008307
枩,朰,0.7293117033449996
枩,奈,0.7286236439470802
枩,奋,0.7254468387908758
