char1,char2,similarity
枣,枣,1.0
枣,栆,0.7790718249477022
枣,東,0.7662012128886859
枣,下,0.7619932545733917
枣,春,0.7607553764024159
枣,孛,0.7590460472526658
枣,車,0.7575424275922469
枣,壭,0.7455213536861379
枣,畁,0.7451660241450022
枣,冬,0.7391073811532349
