char1,char2,similarity
枴,枴,1.0
枴,柺,0.8134732821541085
枴,柌,0.7978694449384903
枴,柅,0.7957224617952445
枴,枎,0.7866263081799673
枴,杒,0.7847782610640195
枴,枂,0.7836971899970625
枴,桕,0.7830573517636538
枴,枬,0.7815157368767105
枴,枤,0.7782068091709105
