char1,char2,similarity
枳,枳,1.0
枳,积,0.8208085417452821
枳,织,0.7922016014290941
枳,析,0.7920501710798773
枳,帜,0.7833548306447354
枳,轵,0.7745182361100489
枳,杆,0.7724208344279638
枳,朳,0.7708375292405943
枳,朷,0.7675846261089416
枳,杋,0.7652022634311741
