char1,char2,similarity
枯,枯,1.0
枯,祜,0.8557662956048248
枯,枮,0.8515282041005899
枯,柚,0.8255455838641322
枯,柱,0.8067281911919529
枯,柏,0.8054731546277024
枯,钴,0.795881216311202
枯,秞,0.7956251937685493
枯,枱,0.7941260383064017
枯,袖,0.7916036816147405
