char1,char2,similarity
枰,枰,1.0
枰,抨,0.824278765560167
枰,杽,0.8090557515904496
枰,杼,0.7992440625135923
枰,栝,0.7972951214705786
枰,柙,0.7958921349302053
枰,棉,0.7938028784437586
枰,柈,0.7914119840810695
枰,枉,0.7891205988248505
枰,榟,0.7806652013266905
