char1,char2,similarity
枱,枱,1.0
枱,枮,0.8036446739108901
枱,秴,0.8004868501211384
枱,桧,0.7944567988114438
枱,枯,0.7941260383064017
枱,袷,0.7916801452625634
枱,格,0.7840341396523476
枱,枡,0.7761366768636744
枱,恰,0.771152524812116
枱,柏,0.7704737018069601
