char1,char2,similarity
枹,枹,1.0
枹,杚,0.8011813194103855
枹,枸,0.7979328750106289
枹,栒,0.7960813255667513
枹,柂,0.792932809063957
枹,桘,0.7924816112710428
枹,栬,0.7880315084102024
枹,饱,0.7869401973821242
枹,枃,0.7816226171073964
枹,柏,0.779483659243191
