char1,char2,similarity
枺,枺,1.0
枺,棶,0.8373227122189748
枺,祙,0.8280393583714903
枺,枾,0.8271666175145791
枺,抹,0.8122967912041925
枺,枟,0.8059663591113774
枺,柿,0.7996936805653608
枺,桂,0.7980143156913004
枺,柇,0.7961929995615156
枺,栜,0.7957882617263385
