char1,char2,similarity
枾,枾,1.0
枾,枺,0.8271666175145791
枾,栜,0.8193875787070223
枾,柚,0.816165292234622
枾,柮,0.8147135570671354
枾,柾,0.8145487887870275
枾,柹,0.7968422508813788
枾,柏,0.7898447661836423
枾,柂,0.7890019776107376
枾,棕,0.7856988822721176
