char1,char2,similarity
枷,枷,1.0
枷,椥,0.78885402446888
枷,梛,0.7845505202413985
枷,櫛,0.7685020388082224
枷,柶,0.7640542729898868
枷,棜,0.7595498938872803
枷,栭,0.7589156574119883
枷,栁,0.7582771603633036
枷,椪,0.7582074444565701
枷,椾,0.7560911737043272
