char1,char2,similarity
枿,枿,1.0
枿,柍,0.8072419994739399
枿,枋,0.7906954210876752
枿,梏,0.785073725755655
枿,柟,0.774568516390808
枿,枏,0.7705272972875106
枿,梜,0.7683887361478556
枿,杭,0.7668577609246491
枿,桔,0.7666514041947005
枿,梬,0.7641276541774759
