char1,char2,similarity
柁,柁,1.0
柁,袉,0.8258221583830678
柁,拕,0.7864875229695995
柁,梡,0.7823588960060557
柁,忔,0.7760000278663762
柁,枝,0.7746885629775364
柁,抡,0.7744553744007161
柁,桉,0.7741448637302576
柁,桔,0.7730478008210053
柁,陀,0.7718654360435299
