char1,char2,similarity
柄,柄,1.0
柄,怲,0.808241790343418
柄,枘,0.8015003565894732
柄,抦,0.8013647166290588
柄,桶,0.7920816320118348
柄,柩,0.7901929224369397
柄,柌,0.7897321673355764
柄,栶,0.7869965003190802
柄,梱,0.786764198476772
柄,栢,0.7867176345552118
