char1,char2,similarity
柉,柉,1.0
柉,枖,0.7920716169307783
柉,柕,0.7857391661773908
柉,梘,0.7818596546743684
柉,梔,0.7689437827494108
柉,梩,0.7681101575129761
柉,桮,0.7668129184170407
柉,棿,0.7658097901268898
柉,棌,0.7654711763560061
柉,柢,0.7645038137191545
