char1,char2,similarity
柅,柅,1.0
柅,枙,0.8295292497199861
柅,怩,0.8178437083600999
柅,抳,0.8043755116352632
柅,枴,0.7957224617952445
柅,板,0.7919348901542435
柅,栃,0.7909663955565917
柅,枛,0.7869024621297896
柅,扼,0.785141070881648
柅,枂,0.7810820970473981
