char1,char2,similarity
柀,柀,1.0
柀,枦,0.8206989609004341
柀,板,0.805767385844226
柀,被,0.801488306236691
柀,柏,0.7917038281533212
柀,柱,0.7844732296936162
柀,柹,0.7768158574032337
柀,柠,0.7751132555679805
柀,柆,0.7745557280771637
柀,杶,0.7745301920065579
