char1,char2,similarity
柆,柆,1.0
柆,拉,0.8274956577634882
柆,柦,0.8011395105590013
柆,栍,0.7979449517800832
柆,枮,0.7944173882047968
柆,柤,0.7931034177182948
柆,枑,0.7929405487081054
柆,柱,0.7928092999277212
柆,枟,0.7889100688648907
柆,柾,0.7888619571129755
