char1,char2,similarity
柃,柃,1.0
柃,袊,0.8310130427447874
柃,怜,0.8120401587241869
柃,拎,0.8045852786211801
柃,彾,0.8018759375210901
柃,呤,0.7978591380459454
柃,朎,0.7864634900250268
柃,伶,0.7821596287441016
柃,梌,0.7750706247332221
柃,玲,0.7658167014731944
