char1,char2,similarity
柂,柂,1.0
柂,怉,0.7996048771485076
柂,柾,0.7965790049907028
柂,杚,0.7935735799344711
柂,枹,0.792932809063957
柂,枾,0.7890019776107376
柂,杝,0.7870003769211265
柂,扡,0.7799714022083479
柂,拖,0.7781673074849272
柂,枸,0.7764533711404935
