char1,char2,similarity
某,某,1.0
某,架,0.7942061724474362
某,枼,0.7927275869035058
某,棨,0.7874500771877427
某,甚,0.7827238953966531
某,寀,0.7739519854846232
某,茱,0.7730231351418901
某,莱,0.7667485801805876
某,革,0.7666658593965745
某,宲,0.7655479978553065
