char1,char2,similarity
染,染,1.0
染,渠,0.7848646743481522
染,桬,0.7765035132957885
染,梁,0.7750488137858831
染,柒,0.7750010253785277
染,栥,0.7728558198723929
染,粱,0.7599362618572714
染,柴,0.7539298884201928
染,梷,0.7519224527986013
染,棃,0.7517176601347074
