char1,char2,similarity
柒,柒,1.0
柒,柴,0.7891263176940562
柒,染,0.7750010253785277
柒,梁,0.7747185880257405
柒,梷,0.7746911685924492
柒,棃,0.7691796160573938
柒,栞,0.7630528474640951
柒,栾,0.761162677452047
柒,棨,0.7590579312271829
柒,渠,0.757924311239538
