char1,char2,similarity
柊,柊,1.0
柊,佟,0.8309769647116464
柊,咚,0.7805293171405917
柊,挌,0.7720636662211469
柊,泈,0.7719823376308607
柊,梅,0.7572772529766684
柊,桁,0.7563175391479112
柊,恪,0.753364258518415
柊,梣,0.7515370978340794
柊,栴,0.7489841833410211
