char1,char2,similarity
柑,柑,1.0
柑,拑,0.8117991342984847
柑,柎,0.7955155337547641
柑,枏,0.785156602445023
柑,川,0.7815451828150866
柑,枡,0.777304427775339
柑,枮,0.7744703928245322
柑,扸,0.7717424001858837
柑,柗,0.7681697093627965
柑,枯,0.7667080368581048
