char1,char2,similarity
柌,柌,1.0
柌,柖,0.8073904575914982
柌,祠,0.8025634709013567
柌,枴,0.7978694449384903
柌,桓,0.7943335836521426
柌,柄,0.7897321673355764
柌,桕,0.7886504867850134
柌,抇,0.7873144697895942
柌,柡,0.7867391716640466
柌,柙,0.786313472318371
