char1,char2,similarity
柛,柛,1.0
柛,忡,0.8104031505202959
柛,妕,0.808813912877868
柛,梈,0.8032016855293016
柛,桏,0.8030331545912196
柛,椊,0.8017661375362138
柛,钟,0.8008541069477527
柛,柚,0.7989114633408471
柛,柮,0.7976335981410674
柛,柈,0.7975442026209562
