char1,char2,similarity
查,查,1.0
查,直,0.8254212519787306
查,査,0.820123477783063
查,奎,0.8031368642130128
查,奄,0.7979720933780967
查,荁,0.7827686381871222
查,奁,0.775090189940355
查,杢,0.7694916542518933
查,壶,0.7651735656258701
查,壵,0.7634298192493049
