char1,char2,similarity
柣,柣,1.0
柣,抶,0.8500509329208497
柣,枎,0.8271574189909945
柣,柍,0.825223170443086
柣,袟,0.8128929293205426
柣,祑,0.8069201157280029
柣,怢,0.8024047961082448
柣,栚,0.7996006528211763
柣,紩,0.7965127137629842
柣,妷,0.7901657271674438
