char1,char2,similarity
柡,柡,1.0
柡,棎,0.8017015755662014
柡,柌,0.7867391716640466
柡,栍,0.7826612432012942
柡,極,0.7733375076436741
柡,楺,0.7725262434020669
柡,楒,0.7719743008635124
柡,棌,0.7717572463377984
柡,柷,0.7712991650360913
柡,楾,0.7710859059437924
