char1,char2,similarity
柭,柭,1.0
柭,钹,0.8302398373974893
柭,拔,0.8088309181288147
柭,祓,0.7975521884060176
柭,妭,0.7865823078285537
柭,梭,0.7825815050350925
柭,柆,0.7746822002558152
柭,杸,0.7742606197233842
柭,栊,0.7741672357199086
柭,袚,0.7688415911000084
