char1,char2,similarity
柰,柰,1.0
柰,朿,0.7650215973609754
柰,萗,0.7634591583246302
柰,來,0.7606004957599339
柰,奈,0.760064944450779
柰,査,0.7525253277381632
柰,直,0.7437165327532397
柰,芊,0.7411548629942402
柰,夿,0.7405620656839195
柰,育,0.7396268509230481
