char1,char2,similarity
柹,柹,1.0
柹,姊,0.8245565940811365
柹,柮,0.7985622608034222
柹,枾,0.7968422508813788
柹,柾,0.790246826402299
柹,栋,0.7892158590913242
柹,柕,0.7889051128066052
柹,柿,0.7860037363090039
柹,杮,0.785384722733989
柹,栐,0.7817632814830366
