char1,char2,similarity
柲,柲,1.0
柲,枙,0.7768937155076904
柲,柷,0.7754493397350297
柲,柺,0.7754440898482461
柲,柧,0.774860205009329
柲,柾,0.7725582557206466
柲,柶,0.7662212257937305
柲,柸,0.7625190999215896
柲,柤,0.7624934459025217
柲,柅,0.762043356409284
