char1,char2,similarity
柷,柷,1.0
柷,棿,0.8220142302051635
柷,桄,0.8213089873747937
柷,枖,0.8112820547883444
柷,怳,0.8103632718858864
柷,枕,0.8102721602327103
柷,棁,0.8046973490868105
柷,梘,0.8036003504086833
柷,枇,0.8018757244479161
柷,祝,0.7991938833403328
