char1,char2,similarity
柴,柴,1.0
柴,柒,0.7891263176940562
柴,桨,0.7764786964315382
柴,喿,0.7731837619680001
柴,栾,0.7675505388055709
柴,桬,0.7576693264665033
柴,梷,0.7558308999598135
柴,栥,0.754154656044836
柴,染,0.7539298884201928
柴,栗,0.7531131206450551
