char1,char2,similarity
栁,栁,1.0
栁,椥,0.8031193614874459
栁,桺,0.7889905051371445
栁,袽,0.7873595737179719
栁,椡,0.7871157136677982
栁,楖,0.773678188086945
栁,柶,0.7733546510104201
栁,栣,0.7660915887251394
栁,栦,0.7633383535621296
栁,枊,0.7620449304786139
