char1,char2,similarity
栅,栅,1.0
栅,棚,0.7722900542104828
栅,姗,0.7556585901669068
栅,珊,0.7519904849302561
栅,榻,0.7483108994075417
栅,挪,0.742232794259684
栅,棴,0.7404999395828155
栅,榔,0.7387927066749491
栅,檑,0.7383886340149135
栅,栩,0.737357657040706
