char1,char2,similarity
栂,栂,1.0
栂,坶,0.8190493639668572
栂,梋,0.780080460901837
栂,桿,0.7799564775152873
栂,梇,0.776556349365965
栂,棏,0.7744886663007975
栂,柛,0.772415280300866
栂,梙,0.7723295940268857
栂,杷,0.771592027670633
栂,拇,0.7713401705690293
