char1,char2,similarity
柽,柽,1.0
柽,怪,0.8462907485455837
柽,栓,0.8155345398316345
柽,桎,0.788476607169933
柽,桂,0.7827916635161648
柽,恎,0.7817762197600281
柽,杼,0.7814113340447268
柽,桓,0.7787247929110107
柽,梧,0.775732786703153
柽,抂,0.7744752383019591
