char1,char2,similarity
柾,柾,1.0
柾,柸,0.8424990816279007
柾,柮,0.8246702368145558
柾,栍,0.8198064706468483
柾,枾,0.8145487887870275
柾,枟,0.8115125471102408
柾,柤,0.811194731745883
柾,枉,0.800898269337963
柾,梓,0.8001104662435847
柾,柦,0.7996975944248691
