char1,char2,similarity
栊,栊,1.0
栊,拢,0.8164107978020786
栊,垅,0.7810810352158302
栊,柭,0.7741672357199086
栊,栐,0.767551271258234
栊,扰,0.7658444834553637
栊,栎,0.7566512814806963
栊,咙,0.7559032955031478
栊,桷,0.7553946324111896
栊,柾,0.7545730527040748
