char1,char2,similarity
栎,栎,1.0
栎,栐,0.8142789328515085
栎,桴,0.8000695144632345
栎,柕,0.78735638206915
栎,柙,0.7820668415160836
栎,杼,0.781628153543733
栎,标,0.7797587668018985
栎,柇,0.7777748223850608
栎,烁,0.7753899592111244
栎,柹,0.7743948315167765
