char1,char2,similarity
栈,栈,1.0
栈,枝,0.7625390167238822
栈,柭,0.7610872706282592
栈,桘,0.7558585421743098
栈,桢,0.7553299257818682
栈,饯,0.754300397268278
栈,桓,0.7539082241771382
栈,柆,0.7525016793633812
栈,枘,0.7522056597722636
栈,杭,0.7518489292995738
