char1,char2,similarity
标,标,1.0
标,柇,0.8129880110346454
标,杼,0.8007944877394071
标,柕,0.7902325974205995
标,栎,0.7797587668018985
标,栝,0.7754905703561419
标,枢,0.7752715075490696
标,栕,0.7716683217107004
标,栐,0.7715970297397399
标,林,0.7714179223157338
