char1,char2,similarity
栆,栆,1.0
栆,車,0.7862425357326
栆,衷,0.7811286399634965
栆,枣,0.7790718249477022
栆,壴,0.7601566621987653
栆,寒,0.7577487701781043
栆,卓,0.7505810586147689
栆,麦,0.7479628568294007
栆,弆,0.7379271397177434
栆,寋,0.7355632538301501
