char1,char2,similarity
栙,栙,1.0
栙,袶,0.8221678291804202
栙,绛,0.8033974319592998
栙,楴,0.7905328358231795
栙,梙,0.7858581119430056
栙,棹,0.7845341292312242
栙,枔,0.7797008220361721
栙,梈,0.7779560053606136
栙,桛,0.7777540951675916
栙,椫,0.7762441988464218
