char1,char2,similarity
栗,栗,1.0
栗,巺,0.7818828403128848
栗,耎,0.7765427174549121
栗,棸,0.7698061107831689
栗,柔,0.7695527627439385
栗,梁,0.7654252717529156
栗,喿,0.7601464976076476
栗,琹,0.7586862373424307
栗,渠,0.7547726003465643
栗,柴,0.7531131206450551
