char1,char2,similarity
栓,栓,1.0
栓,拴,0.8438866908035367
栓,枪,0.8221552170017022
栓,检,0.819008713067183
栓,柽,0.8155345398316345
栓,桂,0.8000493511320974
栓,梌,0.7985221120415124
栓,裣,0.7928958744102231
栓,枍,0.7907285805178773
栓,棆,0.7906707741548324
