char1,char2,similarity
栔,栔,1.0
栔,洯,0.7790083968578654
栔,梷,0.7701167745780754
栔,梨,0.7685890735324532
栔,桬,0.7625647320680895
栔,柔,0.7621336566806298
栔,栥,0.7602401190077946
栔,梊,0.7564842636795271
栔,栗,0.7527349838650905
栔,檗,0.7514953290315564
