char1,char2,similarity
栣,栣,1.0
栣,絍,0.785194298942907
栣,枨,0.778643102826086
栣,拰,0.7767488585737564
栣,柎,0.7764720675091524
栣,栫,0.7689511078481767
栣,秹,0.7687390818248235
栣,梧,0.7676613494943874
栣,杷,0.7669990788432521
栣,栁,0.7660915887251394
