char1,char2,similarity
栟,栟,1.0
栟,栚,0.83511430974023
栟,帡,0.822669816973026
栟,拚,0.8051423745342513
栟,饼,0.7946524949487442
栟,妌,0.7886483199208147
栟,柺,0.787093473747818
栟,枡,0.7844686850195914
栟,柆,0.7844538911483213
栟,蛢,0.781749582166035
