char1,char2,similarity
栛,栛,1.0
栛,恊,0.7767763909672656
栛,拹,0.7712164287967492
栛,梍,0.7627304127005565
栛,栫,0.7527922511358908
栛,梛,0.7517362990418751
栛,珕,0.751406185255297
栛,梎,0.750840769184831
栛,棙,0.750462273887556
栛,棜,0.7490293602396026
