char1,char2,similarity
株,株,1.0
株,咮,0.7979217156171727
株,帓,0.7952781533386409
株,袾,0.7939344159303414
株,抹,0.7893821327243258
株,姝,0.7887744723575814
株,梾,0.7839168764779368
株,袜,0.7834587698562703
株,祩,0.7822566601285756
株,蛛,0.7821052287454384
