char1,char2,similarity
栥,栥,1.0
栥,桨,0.798562468215283
栥,桬,0.7912108943133134
栥,栾,0.7894543578803591
栥,粢,0.7739868985268735
栥,染,0.7728558198723929
栥,渠,0.7617796218276117
栥,枽,0.7613735592380083
栥,栔,0.7602401190077946
栥,髤,0.7560544924301917
