char1,char2,similarity
栬,栬,1.0
栬,梚,0.8160143069791692
栬,桘,0.8053179977576254
栬,怉,0.7953445947555843
栬,抱,0.7952915321272883
栬,梋,0.7900599500778066
栬,枹,0.7880315084102024
栬,栿,0.7870792489371561
栬,梎,0.7865027210755821
栬,桹,0.7852428099050586
