char1,char2,similarity
栫,栫,1.0
栫,拵,0.8234694384128226
栫,柨,0.7850562352324928
栫,梤,0.7849297478178613
栫,袸,0.784812033445927
栫,栯,0.7807150883986833
栫,栴,0.7798495068337464
栫,桁,0.778770329304171
栫,桹,0.7750491210135253
栫,棓,0.7692492283736418
