char1,char2,similarity
栭,栭,1.0
栭,桐,0.8045630145112627
栭,袻,0.7995406988434437
栭,梱,0.7992280001275232
栭,棝,0.7884941726805978
栭,峏,0.7821623423904434
栭,柵,0.7819442714748619
栭,梋,0.781412471227539
栭,棡,0.7809334616002743
栭,梄,0.779647890291109
