char1,char2,similarity
栤,栤,1.0
栤,栐,0.7561451583955928
栤,柹,0.7535683472042898
栤,柛,0.7523490428991656
栤,梣,0.7522271351994331
栤,椊,0.7500707404773316
栤,栋,0.7495853829836298
栤,桙,0.7488563475612535
栤,梙,0.7488494785994381
栤,梤,0.7441013340252238
