char1,char2,similarity
栮,栮,1.0
栮,梪,0.8005766977232271
栮,桯,0.7976118133614145
栮,挕,0.796183444274037
栮,椬,0.7855557678830896
栮,栴,0.7689676100743814
栮,梕,0.7683718364742073
栮,椲,0.763176751752266
栮,梞,0.7625876361632313
栮,桏,0.7619650592242069
