char1,char2,similarity
栰,栰,1.0
栰,栿,0.8039081413047392
栰,桹,0.7886184063243382
栰,梱,0.769093579497733
栰,栬,0.7684435858671118
栰,柢,0.7670146167883631
栰,杷,0.7660830494331433
栰,梖,0.7658665125188369
栰,梋,0.7651697474757213
栰,栺,0.7650390187012901
