char1,char2,similarity
栳,栳,1.0
栳,恅,0.7965244363178887
栳,栲,0.7717879488817724
栳,楮,0.7630103514219201
栳,梍,0.7583907603743246
栳,挂,0.7547552635183956
栳,佬,0.7520939322346031
栳,棤,0.7496011079530106
栳,桛,0.7488634304610512
栳,栓,0.748797389128515
