char1,char2,similarity
桁,桁,1.0
桁,裄,0.7918269993302693
桁,栫,0.778770329304171
桁,珩,0.7740795769016304
桁,栴,0.7719002871937185
桁,栣,0.7639550398480113
桁,梅,0.7639188579653537
桁,椼,0.7630735902675642
桁,柎,0.7630521307791547
桁,棺,0.7620375212760044
