char1,char2,similarity
栻,栻,1.0
栻,拭,0.7936137073042375
栻,杭,0.7777907824621596
栻,侙,0.7740015221349759
栻,轼,0.772093072393433
栻,棫,0.7714415881015019
栻,柍,0.769791244501947
栻,枨,0.7673777037894887
栻,梽,0.7662558763066696
栻,柢,0.7661314905397993
