char1,char2,similarity
栺,栺,1.0
栺,桯,0.8100628004379375
栺,棺,0.7939242731810693
栺,桹,0.7920076194956441
栺,梎,0.785646171096293
栺,梱,0.7852379851118647
栺,恉,0.7795895488332711
栺,梢,0.7795180509277914
栺,栭,0.777186770095562
栺,桘,0.7770773762547989
