char1,char2,similarity
格,格,1.0
格,枱,0.7840341396523476
格,榙,0.7834800147680921
格,槒,0.7768702427399217
格,枯,0.7730612823458423
格,枮,0.7720993830237917
格,槮,0.7701336587009836
格,柤,0.7669642540467229
格,楉,0.7655807221479041
格,榰,0.7629231481790612
