char1,char2,similarity
栾,栾,1.0
栾,栥,0.7894543578803591
栾,粢,0.7869727561444914
栾,楽,0.7757432563011136
栾,東,0.7748430039084667
栾,梷,0.774731452672687
栾,柴,0.7675505388055709
栾,桬,0.7666446992608401
栾,桨,0.7665305224423092
栾,喿,0.7625238567463963
