char1,char2,similarity
根,根,1.0
根,恨,0.8068001098339121
根,报,0.7762200280750463
根,限,0.7722979539801084
根,秞,0.7679256592303841
根,詪,0.7670461981601261
根,杜,0.7667877916232583
根,艰,0.7660903730088282
根,裉,0.7604256376308834
根,松,0.7603074445365564
