char1,char2,similarity
核,核,1.0
核,峐,0.8009739105296919
核,枝,0.7999758005246531
核,桔,0.7737417410134634
核,絯,0.7732894282919066
核,姟,0.7677951296369144
核,枺,0.7669229614979125
核,校,0.762376049577859
核,桂,0.7618678967901996
核,枎,0.7577368171008293
