char1,char2,similarity
桇,桇,1.0
桇,梥,0.7756112142490461
桇,栾,0.7528578820948827
桇,栥,0.752694592823134
桇,桀,0.7495823223944517
桇,架,0.7470280014097064
桇,椞,0.7466559883850193
桇,栔,0.7462127673092702
桇,桬,0.7423390555681505
桇,樂,0.7418798163944332
