char1,char2,similarity
桅,桅,1.0
桅,栀,0.8051453738565607
桅,恑,0.7925244426456186
桅,佹,0.7778617494325185
桅,诡,0.7777426577135235
桅,榆,0.7672823322111578
桅,洈,0.7662991409962578
桅,梍,0.7532725113216713
桅,楣,0.7531293617740497
桅,垝,0.7483509733969337
