char1,char2,similarity
桂,桂,1.0
桂,徍,0.8217235827003919
桂,柦,0.8104243470518678
桂,挂,0.8018858758319966
桂,栓,0.8000493511320974
桂,枝,0.7987115602233364
桂,枺,0.7980143156913004
桂,枟,0.7970591069549398
桂,拤,0.7929881207434647
桂,桔,0.7878239016897894
