char1,char2,similarity
案,案,1.0
案,梥,0.7699581398854732
案,菓,0.7637171542206571
案,棻,0.7633912786000778
案,櫱,0.7540137025487403
案,菄,0.7537546210334128
案,菒,0.7536644422487733
案,秶,0.7523287185083841
案,枽,0.7516968372344767
案,崬,0.7478400097631379
