char1,char2,similarity
桐,桐,1.0
桐,梱,0.8326840203197206
桐,棝,0.8167510291780306
桐,恫,0.8156975162876402
桐,椆,0.8129014848145075
桐,椢,0.8083173094050998
桐,梮,0.8055197384020638
桐,栭,0.8045630145112627
桐,柵,0.7948945316838497
桐,扪,0.7930007179764025
