char1,char2,similarity
桌,桌,1.0
桌,臬,0.8594968519633486
桌,巣,0.8077057059848047
桌,事,0.7892371955608951
桌,枲,0.7790953253036378
桌,桨,0.7755931109703879
桌,鳥,0.773966238743673
桌,惠,0.7664361158448596
桌,枽,0.765106600950994
桌,素,0.7610915912814894
