char1,char2,similarity
桓,桓,1.0
桓,恒,0.8537740716769902
桓,框,0.8241898034542362
桓,枢,0.7957272386504113
桓,梩,0.7948446482606109
桓,柌,0.7943335836521426
桓,柩,0.7934253636502124
桓,柾,0.788686027743284
桓,梖,0.7876832133743508
桓,枻,0.787653348874426
