char1,char2,similarity
桏,桏,1.0
桏,柛,0.8030331545912196
桏,梙,0.7919851659509921
桏,栜,0.7847917119143887
桏,梩,0.7827109343630166
桏,梱,0.7801463576266715
桏,桲,0.7784794651580111
桏,桯,0.7735845590278156
桏,柮,0.7729184583664124
桏,桿,0.7728519050078326
