char1,char2,similarity
桟,桟,1.0
桟,栧,0.7587938158317541
桟,梭,0.7495008434665407
桟,代,0.7390354020682594
桟,柫,0.7389734639073684
桟,樢,0.7378770663897228
桟,椪,0.7378451971187318
桟,椣,0.7356680225683636
桟,棁,0.7352731476809203
桟,梲,0.7350673002884166
