char1,char2,similarity
桗,桗,1.0
桗,垜,0.7675715570311589
桗,桛,0.7642843051994009
桗,棌,0.7584568768697101
桗,梀,0.7582852046805473
桗,楀,0.7549265043278433
桗,梬,0.7544804100642006
桗,挅,0.7537025989042693
桗,椂,0.7532332547890684
桗,樑,0.7532123474386183
