char1,char2,similarity
桩,桩,1.0
桩,柠,0.7878732661460426
桩,机,0.7815076160701743
桩,杌,0.7807791684333573
桩,扩,0.7801519535618513
桩,柱,0.771577793537
桩,枦,0.7709501113843007
桩,柀,0.7685742500840058
桩,柜,0.7680369035401715
桩,柦,0.7634657990402537
