char1,char2,similarity
档,档,1.0
档,挡,0.8266611036292244
档,桮,0.7768960129202112
档,桔,0.7730439421917847
档,梏,0.7691397367480536
档,椯,0.7634352577016806
档,棓,0.7614431501284206
档,梋,0.7602748188066
档,棍,0.7596181471196322
档,桘,0.7594848951684341
