char1,char2,similarity
桥,桥,1.0
桥,挢,0.8029867931148965
桥,栟,0.7760859784594502
桥,楐,0.7692187739637639
桥,峤,0.7674864043409737
桥,娇,0.7664905751065566
桥,楱,0.7624099395570214
桥,枓,0.7622193595347591
桥,梧,0.761709351204185
桥,梤,0.7611175693265637
