char1,char2,similarity
桦,桦,1.0
桦,椊,0.7695167836576162
桦,枠,0.7627600994279006
桦,桲,0.757061686782371
桦,柃,0.7533865962226939
桦,柛,0.7495056065419319
桦,悂,0.7451665096619
桦,桁,0.7450114342175721
桦,捽,0.7444352955718896
桦,捏,0.7417807669694682
