char1,char2,similarity
桡,桡,1.0
桡,绕,0.7640590401251827
桡,柷,0.7633437012467148
桡,挠,0.7613514210358628
桡,枕,0.7593706005255534
桡,枧,0.7570105112382729
桡,枎,0.7550501024793632
桡,娆,0.7543519919935673
桡,铙,0.750515756754716
桡,桄,0.7502214315518329
