char1,char2,similarity
桠,桠,1.0
桠,娅,0.797151541086422
桠,椏,0.7939043347684521
桠,铔,0.7858134359904209
桠,桺,0.783449844543723
桠,梄,0.7804811059204688
桠,栖,0.7791307208940512
桠,桓,0.7707156636618179
桠,柵,0.7690971721001345
桠,桭,0.767704101013517
