char1,char2,similarity
桢,桢,1.0
桢,祯,0.804686315226
桢,検,0.7924103807939537
桢,楰,0.7864340770842975
桢,梖,0.7844726075451803
桢,棂,0.7840109565611945
桢,模,0.782685707718892
桢,枥,0.7815725136334034
桢,帧,0.7807127611162834
桢,棪,0.7804873537828659
