char1,char2,similarity
桮,桮,1.0
桮,栢,0.8061465364289395
桮,梄,0.7922919978529918
桮,梠,0.7920085502230405
桮,栖,0.7909693109269362
桮,棓,0.7876430120280955
桮,桱,0.7842136515400853
桮,梱,0.7794721681114324
桮,桋,0.779182646538349
桮,梖,0.7777570980928948
