char1,char2,similarity
桭,桭,1.0
桭,梮,0.8122324569777871
桭,娠,0.8075943268601058
桭,梖,0.804210640968524
桭,振,0.8035166539058872
桭,栀,0.797068967057623
桭,框,0.7943812835019036
桭,椢,0.7833370114743895
桭,椆,0.7825400617733739
桭,楣,0.7821659556620684
