char1,char2,similarity
桳,桳,1.0
桳,桛,0.8114475838366185
桳,椫,0.8101168252477524
桳,桿,0.8044215267040782
桳,梋,0.7870718557050281
桳,梣,0.7862857558041468
桳,梙,0.7829643166877664
桳,棹,0.7773792978582825
桳,桙,0.7711443368062998
桳,桸,0.768787087513764
