char1,char2,similarity
桰,桰,1.0
桰,梧,0.8084966103663427
桰,梱,0.8004101932753537
桰,梖,0.7963624815334072
桰,桾,0.7917452431715084
桰,棔,0.788775389550551
桰,梄,0.7861303150860323
桰,椢,0.7858447378824153
桰,桐,0.7821283304691817
桰,棝,0.7787195562284914
