char1,char2,similarity
桴,桴,1.0
桴,捊,0.8226786376939295
桴,栎,0.8000695144632345
桴,桲,0.7982774945755118
桴,柙,0.7873490487113731
桴,梓,0.7861445334416169
桴,椊,0.7814597892784503
桴,垺,0.7751363350208893
桴,椑,0.7749171666092642
桴,拝,0.769320551201946
