char1,char2,similarity
桸,桸,1.0
桸,梙,0.7769850971612282
桸,桳,0.768787087513764
桸,晞,0.7672718835205888
桸,梡,0.7664610620572185
桸,柨,0.7627478804365301
桸,梋,0.7580675229015204
桸,悕,0.7566465846097365
桸,梠,0.7557795908031897
桸,梚,0.7557585718711305
