char1,char2,similarity
桻,桻,1.0
桻,捀,0.8227698044274534
桻,椲,0.7875826222960207
桻,槿,0.7874371241468702
桻,埄,0.7724110150364147
桻,琒,0.7706503669484436
桻,撺,0.7639824058344278
桻,梀,0.7629496812044738
桻,棦,0.7575721147971654
桻,梂,0.7521320763420193
