char1,char2,similarity
梂,梂,1.0
梂,梀,0.7915815584284724
梂,棶,0.7911106702764373
梂,梾,0.7825956360034876
梂,梞,0.7820744905968697
梂,怵,0.7799513102098591
梂,梩,0.7763920043547751
梂,林,0.7756136079870567
梂,桲,0.7750083635092482
梂,桙,0.771360514987244
