char1,char2,similarity
梁,梁,1.0
梁,粱,0.8069257245522455
梁,染,0.7750488137858831
梁,柒,0.7747185880257405
梁,桬,0.7715472616238297
梁,栞,0.7679049958686683
梁,栗,0.7654252717529156
梁,柔,0.7654143322754119
梁,棸,0.7631086574836585
梁,梊,0.7577768723676914
