char1,char2,similarity
梀,梀,1.0
梀,梾,0.8629023896869953
梀,棌,0.8281996794893529
梀,栜,0.823558348612091
梀,拺,0.8011931683029324
梀,棶,0.7996432256521122
梀,捒,0.7975903937284115
梀,梌,0.7965309013093737
梀,梚,0.7944062205056255
梀,梂,0.7915815584284724
