char1,char2,similarity
桾,桾,1.0
桾,捃,0.8155124628884436
桾,梧,0.8013906328018611
桾,桰,0.7917452431715084
桾,桝,0.7785186273339686
桾,楉,0.7732463662904682
桾,梞,0.7717386670845136
桾,梂,0.7676259034492731
桾,椂,0.7670450489234553
桾,桖,0.7593267158661149
