char1,char2,similarity
梇,梇,1.0
梇,楐,0.7893474050192927
梇,柛,0.779701359207946
梇,梗,0.7768946100145374
梇,栂,0.776556349365965
梇,梖,0.7708965315535308
梇,椦,0.7691151919470168
梇,枒,0.7690852086310372
梇,棏,0.7661922576297442
梇,梘,0.7659794276912327
