char1,char2,similarity
梍,梍,1.0
梍,梎,0.8262561592639479
梍,桲,0.7867117664858161
梍,椑,0.7830790530481139
梍,梿,0.780307633005413
梍,椖,0.7797452117557347
梍,栬,0.7788344271456434
梍,梪,0.7766410128910702
梍,梩,0.7756589202194922
梍,椨,0.7752999651233221
