char1,char2,similarity
梈,梈,1.0
梈,椊,0.8243542557036411
梈,柛,0.8032016855293016
梈,悙,0.8027765692416057
梈,椁,0.8010644921746163
梈,桛,0.7966359173095459
梈,楻,0.7928036931439327
梈,棟,0.7926690833419512
梈,桲,0.7924148519434878
梈,棹,0.7922523056140366
