char1,char2,similarity
梋,梋,1.0
梋,桿,0.8040995938854627
梋,梘,0.8027292174493406
梋,梠,0.8002586477003341
梋,埍,0.796948202579272
梋,桍,0.7960180488879318
梋,椳,0.7949871046265716
梋,棆,0.7917822094313114
梋,栬,0.7900599500778066
梋,梱,0.788529071965818
