char1,char2,similarity
梊,梊,1.0
梊,栞,0.7844864068495118
梊,枽,0.7758364322783798
梊,梷,0.7612261297896372
梊,栾,0.7604065071391801
梊,柔,0.7585843324236217
梊,梁,0.7577768723676914
梊,乴,0.7576864693029653
梊,栔,0.7564842636795271
梊,喿,0.7524669004795527
