char1,char2,similarity
梐,梐,1.0
梐,梩,0.8162601129589515
梐,桯,0.8160897739894548
梐,梶,0.7784872026793055
梐,梘,0.7754047210202947
梐,梪,0.7749982956659985
梐,桰,0.7715332536166204
梐,梞,0.7704132377205716
梐,梔,0.7702718815647296
梐,梍,0.7701566107704738
