char1,char2,similarity
梑,梑,1.0
梑,栿,0.7952674963428199
梑,梚,0.7544100973048804
梑,梿,0.7535704985229466
梑,梀,0.7500279551935026
梑,棁,0.7495932250101212
梑,梔,0.7470496472275509
梑,梩,0.746806879534311
梑,椛,0.7459546534576335
梑,梂,0.745672348467958
