char1,char2,similarity
梌,梌,1.0
梌,捈,0.8539755469647586
梌,徐,0.8102226418433988
梌,悇,0.8055841513811852
梌,桛,0.7987868804332432
梌,栓,0.7985221120415124
梌,狳,0.7978293756466893
梌,梀,0.7965309013093737
梌,唋,0.7933008967370466
梌,椧,0.7858809600551716
