char1,char2,similarity
梖,梖,1.0
梖,梹,0.8320742489780303
梖,桭,0.804210640968524
梖,椣,0.8035438261928515
梖,梮,0.8033470762130658
梖,棁,0.8032615003107852
梖,棿,0.8010926998764868
梖,桰,0.7963624815334072
梖,楐,0.792718738845905
梖,棅,0.7920972518591355
