char1,char2,similarity
梛,梛,1.0
梛,椰,0.7939964758400474
梛,柵,0.7909380683713346
梛,娜,0.7874616891460053
梛,枷,0.7845505202413985
梛,櫛,0.7758825431233506
梛,梄,0.7707206828421579
梛,柫,0.7685442518533285
梛,椾,0.7658378925467775
梛,桠,0.7647352331865924
