char1,char2,similarity
梕,梕,1.0
梕,梩,0.7955051585485797
梕,梞,0.7896934222861468
梕,桯,0.7878448608886384
梕,棇,0.7872107858084173
梕,楒,0.7814228453892546
梕,梪,0.7802894528243743
梕,梔,0.776837877157342
梕,梍,0.7716135684727249
梕,梽,0.7710750501055053
