char1,char2,similarity
梘,梘,1.0
梘,棁,0.8399733575936471
梘,梡,0.8205670752646725
梘,棿,0.8193209935977803
梘,棍,0.8187781349060603
梘,梚,0.8174711286141535
梘,枧,0.8086867412168135
梘,梶,0.807416881590266
梘,视,0.8054225525177219
梘,柷,0.8036003504086833
