char1,char2,similarity
梗,梗,1.0
梗,棂,0.7916997577501319
梗,挭,0.7907394165025841
梗,棹,0.7821600664216652
梗,樮,0.7788483422381093
梗,杷,0.7778122653902729
梗,梇,0.7768946100145374
梗,柙,0.7768569296214954
梗,椳,0.7764528780539117
梗,模,0.7760023938196621
