char1,char2,similarity
梚,梚,1.0
梚,梡,0.836376392637999
梚,梘,0.8174711286141535
梚,栬,0.8160143069791692
梚,悗,0.814415779001851
梚,棁,0.7982544754255956
梚,梲,0.7958278059408576
梚,梀,0.7944062205056255
梚,挽,0.7914168442226164
梚,棿,0.7906508740642215
