char1,char2,similarity
梥,梥,1.0
梥,桇,0.7756112142490461
梥,案,0.7699581398854732
梥,穾,0.7649034851861836
梥,窑,0.7629528281940089
梥,枽,0.7571058528580027
梥,樂,0.7490989395329587
梥,穻,0.7473765541469801
梥,椝,0.7455280754258554
梥,臬,0.7445163265086701
