char1,char2,similarity
梞,梞,1.0
梞,楒,0.8092280013387949
梞,梩,0.794033808916472
梞,梕,0.7896934222861468
梞,揌,0.7889800845095086
梞,棿,0.7862154955900676
梞,梔,0.7834167676626896
梞,梂,0.7820744905968697
梞,棯,0.7796489347987144
梞,桾,0.7717386670845136
