char1,char2,similarity
梢,梢,1.0
梢,捎,0.8437627997625983
梢,悄,0.8173313803397567
梢,枘,0.801864279419412
梢,柏,0.7995284583997411
梢,柚,0.7853126764246733
梢,桷,0.781674644423751
梢,栺,0.7795180509277914
梢,栢,0.7754829417801815
梢,栶,0.7721377757369664
