char1,char2,similarity
梠,梠,1.0
梠,柺,0.8182116201100623
梠,桘,0.8058102502608027
梠,椙,0.8030770180907325
梠,梋,0.8002586477003341
梠,栕,0.7958199973483472
梠,楢,0.7938116941358961
梠,柖,0.7929623840169001
梠,桮,0.7920085502230405
梠,棝,0.7918890989002352
