char1,char2,similarity
梤,梤,1.0
梤,梣,0.7962696466942001
梤,栫,0.7849297478178613
梤,楐,0.7817066884825628
梤,梖,0.7742177440096744
梤,桪,0.7718853314673727
梤,桋,0.7678091436775086
梤,梬,0.7675300389858308
梤,栱,0.7656130348526997
梤,枌,0.7637994077707089
