char1,char2,similarity
梪,梪,1.0
梪,椬,0.8094417088603542
梪,桯,0.8075925024026067
梪,栮,0.8005766977232271
梪,梩,0.795880887505906
梪,椩,0.7924499403494596
梪,梈,0.785047443901679
梪,梖,0.7814479398574181
梪,棿,0.7811244336427803
梪,梹,0.7810806536388901
