char1,char2,similarity
梧,梧,1.0
梧,捂,0.8739595621102002
梧,牾,0.808613432427615
梧,桰,0.8084966103663427
梧,桾,0.8013906328018611
梧,焐,0.7971846897948309
梧,悟,0.7950815791503896
梧,椐,0.7871322557193334
梧,楛,0.7863534996756705
梧,棏,0.7813403893435615
