char1,char2,similarity
梮,梮,1.0
梮,椆,0.8967458132250891
梮,桭,0.8122324569777871
梮,梶,0.8083897966287186
梮,楇,0.8071330972236102
梮,桐,0.8055197384020638
梮,梖,0.8033470762130658
梮,棩,0.8016066292109563
梮,椢,0.8008346418061854
梮,楐,0.7970078950878137
