char1,char2,similarity
梶,梶,1.0
梶,梔,0.8279557627911311
梶,楃,0.8244539957913022
梶,梮,0.8083897966287186
梶,梘,0.807416881590266
梶,娓,0.7897024020110681
梶,桿,0.7843337736413101
梶,棍,0.7816710498946324
梶,梋,0.7792094602778082
梶,梐,0.7784872026793055
