char1,char2,similarity
梳,梳,1.0
梳,楂,0.7592118705788825
梳,锍,0.7450617816776431
梳,捺,0.736213350355075
梳,榄,0.7267687136804307
梳,榧,0.7265066183419479
梳,植,0.7247824212155288
梳,楠,0.7246482122212872
梳,琉,0.7241038208381532
梳,棱,0.7237592263785282
