char1,char2,similarity
梷,梷,1.0
梷,桬,0.7758358691202126
梷,棸,0.7751021848229909
梷,栾,0.774731452672687
梷,柒,0.7746911685924492
梷,栔,0.7701167745780754
梷,栞,0.7653864710440975
梷,粲,0.7653653013030823
梷,棃,0.7624334160246542
梷,梊,0.7612261297896372
