char1,char2,similarity
梴,梴,1.0
梴,梃,0.8011973676143265
梴,挻,0.7753316501434416
梴,脠,0.7523905684470371
梴,栮,0.7513884485253497
梴,柉,0.7509754155468299
梴,桁,0.7457016293063049
梴,梩,0.7446952667190533
梴,枒,0.7443248585463369
梴,梇,0.7428331981232936
