char1,char2,similarity
梸,梸,1.0
梸,椡,0.7837989784304173
梸,悧,0.7821703477218489
梸,猁,0.7700397335750744
梸,琍,0.7580188976416633
梸,脷,0.7576184916243861
梸,栵,0.7558456667988098
梸,栁,0.7547329113344294
梸,栒,0.7532374022519399
梸,柪,0.7430142823713668
