char1,char2,similarity
梹,梹,1.0
梹,梖,0.8320742489780303
梹,椇,0.8154522552521138
梹,椣,0.8050187463262364
梹,捠,0.8041851592147836
梹,栴,0.7851873164254678
梹,桹,0.7851444465796489
梹,梪,0.7810806536388901
梹,枖,0.7801548385003666
梹,棁,0.7793667060434
