char1,char2,similarity
梻,梻,1.0
梻,棞,0.7651537411647259
梻,榊,0.754959602467516
梻,椕,0.749849228872249
梻,椢,0.7415001019941658
梻,櫲,0.7376120825805235
梻,椚,0.734196040969472
梻,椼,0.7334751429023719
梻,桶,0.7332563867160717
梻,恦,0.7305246808005561
