char1,char2,similarity
梽,梽,1.0
梽,棯,0.7844983084036643
梽,捻,0.7802502027453674
梽,棇,0.7777937978321982
梽,柛,0.7738308551719707
梽,梕,0.7710750501055053
梽,抹,0.7680400856178318
梽,栻,0.7662558763066696
梽,娡,0.7657833105166577
梽,栂,0.7643670025653927
