char1,char2,similarity
检,检,1.0
检,栓,0.819008713067183
检,枪,0.8099050566382902
检,枻,0.7981018813730714
检,裣,0.7820277544556713
检,梌,0.7761999665998621
检,柆,0.7705252375270503
检,拴,0.7670873593277447
检,枔,0.7663488347181067
检,棆,0.7648138951544072
