char1,char2,similarity
梾,梾,1.0
梾,梀,0.8629023896869953
梾,棌,0.811174630056578
梾,棶,0.8103719306464695
梾,採,0.801558220268074
梾,梜,0.7911743366357679
梾,铼,0.7882551913078149
梾,棎,0.786029587224813
梾,株,0.7839168764779368
梾,梂,0.7825956360034876
