char1,char2,similarity
棇,棇,1.0
棇,梕,0.7872107858084173
棇,梽,0.7777937978321982
棇,棯,0.7698203576510859
棇,梞,0.7649941131403659
棇,梲,0.7554794066333891
棇,捻,0.7498485750297119
棇,棁,0.7495415912624082
棇,楒,0.7481216693946326
棇,桲,0.7481031709183923
