char1,char2,similarity
棉,棉,1.0
棉,楻,0.8216072005565271
棉,锦,0.8043707560756029
棉,枰,0.7938028784437586
棉,椁,0.7873325348473874
棉,柮,0.7867953315552593
棉,枾,0.7829464192933109
棉,林,0.7821580588036321
棉,樟,0.7762366233179532
棉,柦,0.7731574078193816
