char1,char2,similarity
棄,棄,1.0
棄,葈,0.7716633761303502
棄,楶,0.7609207101067075
棄,槖,0.7573037347557794
棄,晜,0.7391904563435666
棄,真,0.7375281757593026
棄,葇,0.7375238817722721
棄,寘,0.7263753961371374
棄,寞,0.7253372197674702
棄,裛,0.7234882400544418
