char1,char2,similarity
棈,棈,1.0
棈,棲,0.8392802583514364
棈,精,0.8367881249146815
棈,棛,0.8337207065858344
棈,楕,0.8295380205067212
棈,掅,0.8126918593307384
棈,楈,0.8050305332382681
棈,榰,0.8015365677228735
棈,榡,0.7992112013944863
棈,榾,0.7984568630440756
