char1,char2,similarity
棋,棋,1.0
棋,褀,0.8337176827432503
棋,帺,0.8018809359701999
棋,掑,0.7925387049927017
棋,娸,0.7870434604533164
棋,槟,0.7851584753760587
棋,稘,0.7843107940428444
棋,祺,0.7743916851238186
棋,粸,0.7666885322449402
棋,椬,0.765671450152364
