char1,char2,similarity
棎,棎,1.0
棎,柡,0.8017015755662014
棎,梾,0.786029587224813
棎,棌,0.7818068504733208
棎,柕,0.781574498909457
棎,楅,0.7785975166197088
棎,桿,0.7781986293521811
棎,楎,0.7762041196217612
棎,採,0.7752740771797679
棎,栜,0.7741277389049082
