char1,char2,similarity
棑,棑,1.0
棑,裶,0.805767443163184
棑,棩,0.8016519613659187
棑,排,0.7953988618139964
棑,枓,0.7862139260897956
棑,腓,0.7835599785403908
棑,绯,0.7787233852440427
棑,楖,0.7767544140141127
棑,椪,0.7736630763797165
棑,緋,0.7717932470501562
