char1,char2,similarity
棐,棐,1.0
棐,杗,0.7763311689534925
棐,枈,0.7688799558207513
棐,籴,0.7626877253219121
棐,架,0.7616595652910777
棐,斐,0.7552225789084107
棐,茱,0.7534765418271623
棐,乗,0.7498121465415151
棐,亲,0.7478972865531954
棐,琹,0.7474432113976359
