char1,char2,similarity
棖,棖,1.0
棖,棏,0.814520648345845
棖,帳,0.7878821979070361
棖,椙,0.7870624684014459
棖,桯,0.7811920385914712
棖,楬,0.780334016952868
棖,椇,0.7783687171043703
棖,枨,0.774384686715059
棖,掁,0.7724198628162625
棖,棝,0.7670618400495192
