char1,char2,similarity
棗,棗,1.0
棗,齋,0.757395493949004
棗,業,0.741783911581755
棗,叓,0.741574002307576
棗,更,0.74054265173558
棗,帝,0.7326813183535886
棗,寑,0.7306445453362356
棗,宺,0.7306142625026686
棗,貞,0.7300093645902657
棗,莫,0.729409488013877
