char1,char2,similarity
棛,棛,1.0
棛,棈,0.8337207065858344
棛,棭,0.7956718841421083
棛,棤,0.7929305381723915
棛,揸,0.7804835764960043
棛,榾,0.7783293495936319
棛,棓,0.7775683246068428
棛,棏,0.7743342350899961
棛,柎,0.7726881640251413
棛,棦,0.7713876088115983
