char1,char2,similarity
棝,棝,1.0
棝,梱,0.8375752962494735
棝,椆,0.8229845796528878
棝,桐,0.8167510291780306
棝,梄,0.8025050289079154
棝,棢,0.8017191810344918
棝,稇,0.8013438364769266
棝,椢,0.7929742333612386
棝,梠,0.7918890989002352
棝,棡,0.7909568843192256
