char1,char2,similarity
棚,棚,1.0
棚,栅,0.7722900542104828
棚,绷,0.7669974357273648
棚,堋,0.7558888136809725
棚,掤,0.7549559765664056
棚,椭,0.7481537704839044
棚,倗,0.7469046061245785
棚,樃,0.7411710656931295
棚,櫥,0.7378128575488244
棚,櫉,0.7368637195519276
