char1,char2,similarity
棙,棙,1.0
棙,捩,0.8390267766666357
棙,椩,0.8286645461082883
棙,椖,0.813924022534492
棙,悷,0.813645821985935
棙,梎,0.7831549479281287
棙,棟,0.7817413761929679
棙,桭,0.7806728061434048
棙,梠,0.7763141320841248
棙,棪,0.7759615477811261
