char1,char2,similarity
棡,棡,1.0
棡,棢,0.8369726237625182
棡,橌,0.8124957188502961
棡,橍,0.8123623728229691
棡,橺,0.8087670116643325
棡,椚,0.7960299021665173
棡,棝,0.7909568843192256
棡,椆,0.7906512657081123
棡,梱,0.7899582290946592
棡,枊,0.7867304403527884
