char1,char2,similarity
棩,棩,1.0
棩,椆,0.8249174715278021
棩,棑,0.8016519613659187
棩,梮,0.8016066292109563
棩,棝,0.7840548601710211
棩,檌,0.7806192675455444
棩,榚,0.7776687556400356
棩,楖,0.7716273092481379
棩,柧,0.7693171506285923
棩,柶,0.7682178792901867
