char1,char2,similarity
棪,棪,1.0
棪,桹,0.7897169178136991
棪,桢,0.7804873537828659
棪,梠,0.7791653663905125
棪,検,0.7761636226354306
棪,棙,0.7759615477811261
棪,棈,0.7747069990149873
棪,柣,0.7738348498694467
棪,柮,0.7711135283378586
棪,枎,0.768686378233357
