char1,char2,similarity
棣,棣,1.0
棣,捸,0.8235007011236526
棣,榇,0.7833167787732335
棣,棒,0.7695864252070687
棣,植,0.7691397137619796
棣,棟,0.7689686671166006
棣,徚,0.7618740236269732
棣,梼,0.7599445830978295
棣,梈,0.7585082232227217
棣,椋,0.755762776778603
