char1,char2,similarity
棢,棢,1.0
棢,橺,0.84283664611039
棢,棡,0.8369726237625182
棢,椚,0.8282163083506928
棢,橍,0.8274551523023392
棢,橌,0.8237311872914139
棢,棝,0.8017191810344918
棢,椆,0.7966975899850052
棢,楖,0.7917416368737599
棢,榴,0.7858992898806935
