char1,char2,similarity
棬,棬,1.0
棬,捲,0.7949546326002831
棬,绻,0.7919360608463566
棬,椦,0.7846956392906773
棬,惓,0.7833860037060113
棬,椿,0.7727362037040425
棬,棓,0.7716752488331594
棬,椂,0.7698432988502747
棬,裷,0.7686311515332195
棬,啳,0.7679338887031394
