char1,char2,similarity
棴,棴,1.0
棴,桭,0.7703750583788552
棴,桏,0.7608538007795184
棴,梩,0.7573499764542755
棴,槛,0.7526264986633455
棴,椻,0.7523759936914329
棴,棳,0.7491295356663239
棴,棙,0.7486032537398474
棴,欀,0.7478051699001419
棴,椰,0.7468664444932261
