char1,char2,similarity
森,森,1.0
森,楍,0.7385661707217612
森,恵,0.7318552539633585
森,桼,0.7306577720696875
森,寺,0.7285980144860702
森,怘,0.7285358623722215
森,喪,0.7254092943324338
森,沯,0.72308874158726
森,羍,0.7181169613725726
森,亊,0.71647612379219
