char1,char2,similarity
棺,棺,1.0
棺,悺,0.8297161843655767
棺,捾,0.8173386362409298
棺,婠,0.796563716176954
棺,椋,0.7963997663882121
棺,栺,0.7939242731810693
棺,桹,0.7899129396720511
棺,榷,0.7811486399715584
棺,椬,0.7786020231132983
棺,搉,0.766924417601332
