char1,char2,similarity
棶,棶,1.0
棶,枺,0.8373227122189748
棶,梾,0.8103719306464695
棶,栜,0.8078126752935761
棶,梀,0.7996432256521122
棶,祙,0.7965816971220677
棶,祩,0.7941513836526738
棶,柇,0.7921291816000423
棶,梂,0.7911106702764373
棶,抹,0.7884381035265582
