char1,char2,similarity
棷,棷,1.0
棷,掫,0.7963436252867829
棷,桖,0.7841736166178553
棷,檝,0.7753751242996219
棷,椒,0.7664163438993704
棷,桭,0.7657285812696785
棷,緅,0.7650667729385409
棷,踙,0.7647225257692334
棷,椵,0.763020028304853
棷,椰,0.7610621375077563
