char1,char2,similarity
棼,棼,1.0
棼,禁,0.7575054859284983
棼,梦,0.7531244911252137
棼,哛,0.7503295911785862
棼,棽,0.7491788612035006
棼,辳,0.7332766077707826
棼,奔,0.7252778880036949
棼,梵,0.7219070061754893
棼,其,0.721364880014311
棼,尃,0.7204806558864763
