char1,char2,similarity
棿,棿,1.0
棿,棁,0.8374819296718087
棿,柷,0.8220142302051635
棿,梘,0.8193209935977803
棿,楒,0.8110640505923941
棿,梩,0.804820316970303
棿,梖,0.8010926998764868
棿,掜,0.8005982789658718
棿,桃,0.7991031488308304
棿,椑,0.7970216561705262
