char1,char2,similarity
椉,椉,1.0
椉,案,0.7434130704876619
椉,宾,0.741930819101087
椉,弈,0.7397768551877912
椉,蒅,0.7397459831295579
椉,櫱,0.7377947287110682
椉,梥,0.7336876843310679
椉,集,0.7336230207149242
椉,棻,0.7237569791820411
椉,至,0.721935823706542
