char1,char2,similarity
椇,椇,1.0
椇,棏,0.8176717887242873
椇,梹,0.8154522552521138
椇,楺,0.7976351793954249
椇,柟,0.7930212836862487
椇,柤,0.792908937341668
椇,椙,0.7909183961207373
椇,楬,0.7885553815484106
椇,柺,0.7878584993533114
椇,梘,0.7833370271978016
