char1,char2,similarity
椄,椄,1.0
椄,桵,0.7870809651866815
椄,接,0.7833129589297623
椄,桜,0.7729455780632235
椄,楴,0.7711669733462425
椄,梠,0.7671699559970647
椄,棈,0.7653766691970674
椄,桛,0.7607727597678692
椄,棙,0.7596494578545354
椄,梈,0.7565848414020098
