char1,char2,similarity
椈,椈,1.0
椈,桛,0.7849054704908903
椈,栒,0.779861814160648
椈,椡,0.7725160958591577
椈,柶,0.7686692819963966
椈,楋,0.7675691841124229
椈,梌,0.7674675694898584
椈,樐,0.7673747666110927
椈,橁,0.7660056657135922
椈,踘,0.7655436575027302
