char1,char2,similarity
椂,椂,1.0
椂,祿,0.7928938585065277
椂,柕,0.7896323577880457
椂,棌,0.7871373734977702
椂,桿,0.7858520228812883
椂,琭,0.7817178878715696
椂,绿,0.7760088401092503
椂,棍,0.7757819173550597
椂,梘,0.7727616390957627
椂,梾,0.7726212127064341
