char1,char2,similarity
椁,椁,1.0
椁,楻,0.8027410640116216
椁,梈,0.8010644921746163
椁,梬,0.7979034068067561
椁,棹,0.7892830675609573
椁,棉,0.7873325348473874
椁,梓,0.7849769144706787
椁,枔,0.7821537248097225
椁,桙,0.7805450690722825
椁,捙,0.7776178695575124
