char1,char2,similarity
椃,椃,1.0
椃,梡,0.7804953332120376
椃,梫,0.7708973108827972
椃,棁,0.7703408701085496
椃,梔,0.7690475157184515
椃,棿,0.7681135682948217
椃,梘,0.7630148466007446
椃,杭,0.7603458278703504
椃,槴,0.7599861422566704
椃,梚,0.7596907093975576
