char1,char2,similarity
椎,椎,1.0
椎,锥,0.80138632084282
椎,推,0.7963547634659408
椎,猚,0.785337869203087
椎,稚,0.7842541924677046
椎,桕,0.7746748129877615
椎,婎,0.7707713239803203
椎,惟,0.7689292009981277
椎,柏,0.766910192516363
椎,杖,0.7658839481730364
