char1,char2,similarity
椌,椌,1.0
椌,椀,0.8128168561586918
椌,椗,0.8120663851933302
椌,棓,0.7976726081680741
椌,椬,0.7956621090988175
椌,栍,0.7946856849152634
椌,楰,0.7850269679409515
椌,控,0.7792739625192188
椌,柸,0.7789395437105808
椌,楻,0.7756256515996643
