char1,char2,similarity
椊,椊,1.0
椊,梓,0.8354831159299776
椊,梈,0.8243542557036411
椊,枠,0.8206099612849633
椊,桲,0.8160190282430867
椊,柛,0.8017661375362138
椊,楴,0.795754587530677
椊,祽,0.7922331124212185
椊,稡,0.7863279308803092
椊,椑,0.7852217048329277
