char1,char2,similarity
椋,椋,1.0
椋,惊,0.8310742079071048
椋,掠,0.8276604441472669
椋,栜,0.8094309245157971
椋,棕,0.8064734444772239
椋,棺,0.7963997663882121
椋,悰,0.7893961526666637
椋,榇,0.7870522503734851
椋,稤,0.7815607528978611
椋,梀,0.7804276526240209
