char1,char2,similarity
椏,椏,1.0
椏,掗,0.8203369325914113
椏,極,0.8061746634049979
椏,栕,0.7973855671752715
椏,枑,0.7955584597151528
椏,桠,0.7939043347684521
椏,椪,0.7867101013917961
椏,柆,0.7827552974013124
椏,榓,0.7807411147980765
椏,椻,0.777771125949104
