char1,char2,similarity
椝,椝,1.0
椝,槼,0.8083067543457675
椝,櫱,0.7490981960749437
椝,梥,0.7455280754258554
椝,槳,0.7428198026782395
椝,案,0.7409490036438072
椝,椞,0.73703262485381
椝,槧,0.7358373043213038
椝,槩,0.7325945119633339
椝,橜,0.7293169916033051
