char1,char2,similarity
椗,椗,1.0
椗,椌,0.8120663851933302
椗,掟,0.7992635481841686
椗,柾,0.7939389271380761
椗,楴,0.791736284444854
椗,柮,0.7878591153428248
椗,椬,0.784414776633216
椗,榁,0.7839646469550416
椗,椀,0.7826852040562563
椗,柸,0.7791709940798299
