char1,char2,similarity
椛,椛,1.0
椛,棤,0.7675023532098451
椛,棛,0.7630300959953258
椛,椌,0.7588804433545725
椛,楛,0.7530259054220666
椛,梿,0.7509973619476636
椛,枇,0.7496914734282464
椛,梘,0.7491373130251924
椛,栦,0.7488565435362392
椛,埖,0.7486783323787431
