char1,char2,similarity
椔,椔,1.0
椔,椙,0.8165613763416397
椔,棝,0.7851477602283118
椔,橍,0.7811247680981224
椔,楬,0.776983500864743
椔,柹,0.7694857699905273
椔,椆,0.7690766253227261
椔,椢,0.7685245191696263
椔,棞,0.7674564011515463
椔,搯,0.766114478867228
