char1,char2,similarity
椕,椕,1.0
椕,棥,0.8194335476332841
椕,梻,0.749849228872249
椕,楙,0.7382572751710365
椕,榊,0.733897610526355
椕,崊,0.724101042342902
椕,桾,0.7230767102330927
椕,綝,0.7229738348653211
椕,桝,0.7202151215027918
椕,栮,0.7190070225362756
