char1,char2,similarity
椚,椚,1.0
椚,橺,0.8635269418614833
椚,橌,0.8440515524217592
椚,橍,0.8380662467546134
椚,棢,0.8282163083506928
椚,棞,0.799132155614325
椚,棡,0.7960299021665173
椚,椢,0.7939947738719283
椚,楜,0.7918891823204961
椚,椵,0.7907334190067453
