char1,char2,similarity
椘,椘,1.0
椘,埜,0.7563753248562333
椘,梺,0.733557269756425
椘,棾,0.7332117204619708
椘,焚,0.7270469190865614
椘,楚,0.7240813656699089
椘,榃,0.7198439897704558
椘,芭,0.7181808347128557
椘,卦,0.7168604356387687
椘,竺,0.7159804822046371
