char1,char2,similarity
椖,椖,1.0
椖,棙,0.813924022534492
椖,梎,0.8028534601064935
椖,椩,0.8013424698550281
椖,捩,0.7951407626347546
椖,椑,0.7906860345730041
椖,椨,0.7830149161212709
椖,梍,0.7797452117557347
椖,椬,0.7771606428481053
椖,栃,0.7765915188929663
