char1,char2,similarity
椥,椥,1.0
椥,栦,0.8042818677561065
椥,栁,0.8031193614874459
椥,枷,0.78885402446888
椥,椚,0.774406949970232
椥,楜,0.7698336647159421
椥,椧,0.7679180436911237
椥,椪,0.765801523043864
椥,蜘,0.7620255071167102
椥,椡,0.7616870766476337
