char1,char2,similarity
椢,椢,1.0
椢,梄,0.8203743543331184
椢,椆,0.8191331790962278
椢,梱,0.8190596323254645
椢,框,0.8109779586314457
椢,桐,0.8083173094050998
椢,梮,0.8008346418061854
椢,梩,0.7986548362632536
椢,椯,0.7949017122082411
椢,椚,0.7939947738719283
