char1,char2,similarity
椤,椤,1.0
椤,楞,0.7880545917376933
椤,柙,0.7808648136525992
椤,锣,0.7667339957299786
椤,桴,0.7596087615336965
椤,桚,0.7595074764314268
椤,棡,0.7541282113190718
椤,柩,0.7483374987317161
椤,柵,0.7473102768082734
椤,樮,0.7467393237197381
