char1,char2,similarity
椟,椟,1.0
椟,桋,0.8092300426505803
椟,桲,0.8076208899471302
椟,犊,0.7986562510248487
椟,梩,0.7803282399843033
椟,续,0.7773461733605711
椟,椑,0.771780828302348
椟,梪,0.7705170459210255
椟,椬,0.7699443937783772
椟,椩,0.7691478252007543
