char1,char2,similarity
椩,椩,1.0
椩,棙,0.8286645461082883
椩,椖,0.8013424698550281
椩,梪,0.7924499403494596
椩,椨,0.7839625073688429
椩,捩,0.7821753610869737
椩,椬,0.7815002496151748
椩,椢,0.7808486113302537
椩,桢,0.7803413549535891
椩,梖,0.777056331857248
