char1,char2,similarity
椨,椨,1.0
椨,椾,0.8298664948801776
椨,桖,0.7923196248590784
椨,椩,0.7839625073688429
椨,椖,0.7830149161212709
椨,捬,0.7825149202969721
椨,梍,0.7752999651233221
椨,椵,0.7721403696103424
椨,椆,0.7708986441746882
椨,榳,0.7701320529612642
