char1,char2,similarity
椱,椱,1.0
椱,緮,0.78684263487095
椱,棲,0.7704670700801877
椱,棈,0.7645213648498911
椱,槁,0.7636026615320596
椱,柦,0.7635752552062052
椱,複,0.762442318286944
椱,榱,0.7621623732727633
椱,楻,0.7599424077485107
椱,棦,0.7576532169257014
