char1,char2,similarity
椬,椬,1.0
椬,楁,0.81851604171019
椬,梪,0.8094417088603542
椬,椌,0.7956621090988175
椬,栴,0.7864250928117791
椬,栮,0.7855557678830896
椬,椗,0.784414776633216
椬,梩,0.7831095125550535
椬,椩,0.7815002496151748
椬,柸,0.7792934816963524
