char1,char2,similarity
椷,椷,1.0
椷,楲,0.8226747207941972
椷,煘,0.7895254093415174
椷,棫,0.7788394422203326
椷,瑊,0.7679746152903523
椷,樝,0.7652207267302631
椷,椻,0.7635766942416629
椷,椾,0.7619487476101816
椷,樕,0.7603091720950421
椷,楓,0.7599746197073739
