char1,char2,similarity
椵,椵,1.0
椵,犌,0.8227107852277192
椵,婽,0.8012172587594872
椵,椻,0.797766547234555
椵,縀,0.7974909667739487
椵,椚,0.7907334190067453
椵,椢,0.7876114777515836
椵,椩,0.7761201932560617
椵,椾,0.775648725456179
椵,椨,0.7721403696103424
