char1,char2,similarity
椶,椶,1.0
椶,梫,0.803273664349542
椶,楬,0.7633428825911563
椶,楃,0.7577232043068703
椶,棏,0.7525474623820189
椶,桯,0.7508604748741233
椶,楥,0.750750108233399
椶,榁,0.7502642168420554
椶,椪,0.7494486178214207
椶,椙,0.7494472281842797
