char1,char2,similarity
椻,椻,1.0
椻,椵,0.797766547234555
椻,樞,0.7929150275324676
椻,楀,0.7793678226858666
椻,椚,0.7785446629491395
椻,槛,0.7783124967992021
椻,椏,0.777771125949104
椻,椢,0.7739697001095063
椻,梮,0.7735336253546559
椻,椆,0.768646585215695
