char1,char2,similarity
椲,椲,1.0
椲,幃,0.8198785682831372
椲,橦,0.8067845992982369
椲,檍,0.7927267596272223
椲,楎,0.7891354044231731
椲,桻,0.7875826222960207
椲,暐,0.7848356646495613
椲,梈,0.7844955045399057
椲,褘,0.784076687517134
椲,煒,0.7820792862313667
