char1,char2,similarity
楀,楀,1.0
楀,椳,0.8083157737056423
楀,椯,0.8063094060139547
楀,梮,0.7937348226259762
楀,椫,0.7907010514352882
楀,椢,0.7825299919847527
楀,楃,0.7819265736903942
楀,椆,0.7809325532217989
楀,椻,0.7793678226858666
楀,梔,0.7757634685317637
