char1,char2,similarity
椼,椼,1.0
椼,桁,0.7630735902675642
椼,銜,0.749570672962128
椼,栴,0.7445994109971174
椼,桮,0.7428437574178776
椼,掎,0.742380167247445
椼,枥,0.7413577564231596
椼,裄,0.740760691099998
椼,梉,0.7397681598896575
椼,街,0.7396833320242132
