char1,char2,similarity
楃,楃,1.0
楃,梶,0.8244539957913022
楃,梔,0.8196225595498848
楃,梘,0.7923538317739586
楃,楀,0.7819265736903942
楃,桿,0.7796573027331417
楃,梮,0.7796241312811766
楃,榋,0.7793817365897551
楃,椯,0.7792804648285113
楃,桖,0.7759314315163469
