char1,char2,similarity
楄,楄,1.0
楄,梡,0.7785281419692477
楄,梾,0.7743913026820177
楄,梀,0.7740421973690294
楄,梙,0.7708010413465163
楄,椖,0.7681487455593731
楄,桹,0.7651863602683003
楄,椌,0.7650183257144988
楄,梜,0.7646730441866156
楄,椙,0.7628401083090403
