char1,char2,similarity
楎,楎,1.0
楎,楅,0.7921985282159669
楎,椲,0.7891354044231731
楎,榠,0.7868462823917315
楎,棎,0.7762041196217612
楎,桪,0.7683854366435092
楎,腪,0.7680611763067493
楎,楈,0.7679286818800685
楎,樟,0.7676094037096091
楎,橝,0.7667841916331127
