char1,char2,similarity
楈,楈,1.0
楈,榾,0.8141665776276523
楈,棈,0.8050305332382681
楈,楕,0.80048151931259
楈,柗,0.7974577262709327
楈,縃,0.7868486145071081
楈,椇,0.7809980537528722
楈,梧,0.7731733708960334
楈,揟,0.7711905635582416
楈,精,0.7707750073048801
