char1,char2,similarity
楉,楉,1.0
楉,楛,0.8277198492673731
楉,锘,0.8043086339632952
楉,榙,0.7894098813338594
楉,棓,0.7753160505190049
楉,桾,0.7732463662904682
楉,棤,0.7713279168527108
楉,格,0.7655807221479041
楉,梓,0.764338611918658
楉,枟,0.7583247144925911
