char1,char2,similarity
楍,楍,1.0
楍,螙,0.7538295656311256
楍,朰,0.7493444518828766
楍,森,0.7385661707217612
楍,克,0.7343835031277006
楍,品,0.7290960040865269
楍,夾,0.720567532361949
楍,枩,0.7204391464522493
楍,沯,0.7189680087191341
楍,穷,0.7186925430019858
