char1,char2,similarity
楌,楌,1.0
楌,樀,0.7791183673117098
楌,枙,0.7749216208753005
楌,楴,0.76724421098089
楌,榶,0.7642137927684831
楌,枦,0.7615833721030292
楌,榜,0.761576289125181
楌,枛,0.7600328320143748
楌,柧,0.759760293924967
楌,栕,0.7596640878408195
