char1,char2,similarity
楇,楇,1.0
楇,梮,0.8071330972236102
楇,椆,0.7882967160352138
楇,楜,0.7832782990217623
楇,榒,0.7732726619642617
楇,枡,0.7713033280711183
楇,榲,0.7708894844693271
楇,楅,0.7699125305353817
楇,柺,0.7695351720206633
楇,柆,0.7656712443302552
