char1,char2,similarity
楕,楕,1.0
楕,棈,0.8295380205067212
楕,惰,0.8150944370648876
楕,楈,0.80048151931259
楕,橮,0.7897041485149503
楕,楨,0.7860476727481822
楕,櫿,0.7845838710052893
楕,構,0.7842519501319816
楕,精,0.7797912402847141
楕,梒,0.7788501871978032
