char1,char2,similarity
楐,楐,1.0
楐,梮,0.7970078950878137
楐,楒,0.7933571161404279
楐,梖,0.792718738845905
楐,梇,0.7893474050192927
楐,椢,0.7851603114353106
楐,椆,0.7840405892673243
楐,梤,0.7817066884825628
楐,楑,0.7793395642805422
楐,榅,0.7763140793875478
