char1,char2,similarity
楒,楒,1.0
楒,禗,0.8120814229338209
楒,棿,0.8110640505923941
楒,梞,0.8092280013387949
楒,梩,0.8033804314861716
楒,楐,0.7933571161404279
楒,榅,0.792340424223362
楒,楤,0.7893976850366521
楒,杷,0.787324199460233
楒,榑,0.7852804062844865
