char1,char2,similarity
楚,楚,1.0
楚,榃,0.7441986350817426
楚,莡,0.7397294734193169
楚,椘,0.7240813656699089
楚,棾,0.7227668484423836
楚,埜,0.7195494014275357
楚,佱,0.7161000569297996
楚,玍,0.715132197586311
楚,疌,0.713938497377968
楚,差,0.7107507180845275
