char1,char2,similarity
楜,楜,1.0
楜,椚,0.7918891823204961
楜,楇,0.7832782990217623
楜,楖,0.7825590984743891
楜,煳,0.7793916460187281
楜,榒,0.775653148621077
楜,橌,0.7755194863431987
楜,橺,0.7720586546327758
楜,棢,0.7714878291558037
楜,榏,0.770892167464046
