char1,char2,similarity
楠,楠,1.0
楠,喃,0.7882010136299021
楠,湳,0.779057250740911
楠,揇,0.7765978052017715
楠,樇,0.7608967721766984
楠,婻,0.7599749403615713
楠,椋,0.753963976499051
楠,悚,0.7476543151123545
楠,楝,0.7446636455842224
楠,悑,0.7442851109389701
