char1,char2,similarity
楬,楬,1.0
楬,椙,0.8427227815311457
楬,棏,0.7942346019368673
楬,椇,0.7885553815484106
楬,楒,0.7843781958334878
楬,棡,0.7807431046514066
楬,棖,0.780334016952868
楬,槅,0.779125803747626
楬,橍,0.7779871103728924
楬,棝,0.777246770460212
