char1,char2,similarity
楨,楨,1.0
楨,榿,0.8214395224369218
楨,榬,0.7997731347547159
楨,槕,0.7992405652404029
楨,幀,0.7938851333991676
楨,樈,0.7871626916260074
楨,枮,0.7861952950828985
楨,楕,0.7860476727481822
楨,槗,0.7844930918642865
楨,槱,0.7808783038999538
