char1,char2,similarity
楧,楧,1.0
楧,楳,0.8131962970167761
楧,楑,0.8071018998894671
楧,楰,0.7985722277922225
楧,暎,0.7900425887069573
楧,椇,0.7828958896914848
楧,榚,0.7786645480313434
楧,栚,0.777819868253915
楧,桢,0.7765244845443375
楧,朠,0.7744029533297816
