char1,char2,similarity
楤,楤,1.0
楤,樬,0.8280893661823165
楤,楒,0.7893976850366521
楤,揔,0.7708943121244808
楤,楰,0.763217754827561
楤,梚,0.7572686725476419
楤,棦,0.7556691060683074
楤,樦,0.7550382679797286
楤,楻,0.7538614700873214
楤,榢,0.7533759334028763
