char1,char2,similarity
業,業,1.0
業,菐,0.7919935476939509
業,莫,0.7514095904808128
業,棗,0.741783911581755
業,楶,0.7360785075547208
業,槀,0.7291544526450104
業,奦,0.7262695187885055
業,韭,0.725579203023543
業,奧,0.7193743077557528
業,贠,0.7183231850280202
