char1,char2,similarity
楷,楷,1.0
楷,揩,0.813682644603471
楷,偕,0.8063379141108591
楷,瑎,0.7748576067250427
楷,喈,0.7719592569718657
楷,堦,0.7650776944409917
楷,槠,0.7557115003825813
楷,愔,0.7556120149673418
楷,棤,0.7550925486542157
楷,媘,0.748166627283623
