char1,char2,similarity
楶,楶,1.0
楶,葈,0.7737492721219259
楶,棄,0.7609207101067075
楶,葉,0.7476460278176541
楶,茣,0.7475175357670525
楶,糪,0.7411562103725241
楶,櫐,0.738055653141524
楶,業,0.7360785075547208
楶,莫,0.7346025110591331
楶,負,0.7261134919222915
