char1,char2,similarity
極,極,1.0
極,椏,0.8061746634049979
極,梩,0.7919762264851753
極,柸,0.7846540986159228
極,楒,0.7810512278491412
極,栍,0.7790377604352472
極,枑,0.777341203276152
極,楺,0.7748339495103682
極,柡,0.7733375076436741
極,楐,0.7712208393724883
