char1,char2,similarity
楯,楯,1.0
楯,揗,0.8026605495974216
楯,栃,0.7917340657782617
楯,椐,0.7857263341362842
楯,榶,0.7823295574164995
楯,椢,0.7727175273704149
楯,榅,0.7715249753007537
楯,榗,0.7654397306646668
楯,楣,0.765255747517021
楯,榠,0.7638717785690177
