char1,char2,similarity
楰,楰,1.0
楰,樉,0.813453081243853
楰,梜,0.807105964707244
楰,楧,0.7985722277922225
楰,抰,0.7973163329151798
楰,柍,0.7947690351639329
楰,枝,0.7912445476642822
楰,楑,0.7865260115546618
楰,桢,0.7864340770842975
楰,枖,0.786006302036407
