char1,char2,similarity
榁,榁,1.0
榁,榟,0.7951098136861534
榁,棕,0.7936159228545581
榁,楏,0.7920992283737318
榁,椗,0.7839646469550416
榁,榳,0.7820190993307079
榁,楻,0.7798887468685446
榁,槞,0.7775673440415835
榁,楰,0.773090210910756
榁,楴,0.7714089708620588
