char1,char2,similarity
楸,楸,1.0
楸,偢,0.7979963131249266
楸,愀,0.7735778985701086
楸,瞅,0.7462204465562853
楸,揪,0.7408310558043405
楸,橹,0.7392993839379041
楸,橄,0.730092040297468
楸,榄,0.7281748622962501
楸,橛,0.7259662473782079
楸,樗,0.7256133266245872
