char1,char2,similarity
楽,楽,1.0
楽,栾,0.7757432563011136
楽,棸,0.7697670777031281
楽,棨,0.7673624336585675
楽,桨,0.7657056528853673
楽,桬,0.7615655255313798
楽,泉,0.7612649238478973
楽,宲,0.7564035599156472
楽,柒,0.755335330392475
楽,梷,0.7515041488347303
