char1,char2,similarity
楺,楺,1.0
楺,椇,0.7976351793954249
楺,楪,0.7874438376560091
楺,樑,0.7820978878727186
楺,棅,0.781249078439416
楺,榤,0.77937150129621
楺,楳,0.7752654227375025
楺,極,0.7748339495103682
楺,柡,0.7725262434020669
楺,梹,0.7713493261787479
