char1,char2,similarity
榆,榆,1.0
榆,愉,0.8336034867550896
榆,楡,0.8183436818735021
榆,揄,0.7881812414892702
榆,喻,0.7703862635896858
榆,桅,0.7672823322111578
榆,堬,0.7546953108440098
榆,樹,0.7525699259668843
榆,椨,0.7462525866233402
榆,榈,0.7391824332278468
