char1,char2,similarity
榇,榇,1.0
榇,椋,0.7870522503734851
榇,棣,0.7833167787732335
榇,棓,0.7696056450199249
榇,棒,0.7666866485717047
榇,梼,0.764776386256978
榇,植,0.7640085363962316
榇,柛,0.7606722163636107
榇,楂,0.7483099562067725
榇,掃,0.7479694175059348
