char1,char2,similarity
榋,榋,1.0
榋,榅,0.7937378052712895
榋,桪,0.7810621574289508
榋,楃,0.7793817365897551
榋,椯,0.7762081347299893
榋,楀,0.7693325000747686
榋,桿,0.7673300844860081
榋,楻,0.7672797546410557
榋,楆,0.7641909978435608
榋,椳,0.7636287505309008
