char1,char2,similarity
榎,榎,1.0
榎,槾,0.78194261312035
榎,槇,0.7648796361995666
榎,槚,0.7621438913213617
榎,槜,0.7615124474517524
榎,榼,0.7581513823725929
榎,樓,0.7566028373610852
榎,槫,0.7545788506515193
榎,椱,0.7542147250958356
榎,標,0.7537258481035413
