char1,char2,similarity
榌,榌,1.0
榌,枛,0.7497623218692377
榌,榏,0.7485212297679646
榌,栭,0.7445977852902628
榌,楥,0.7445810003020206
榌,楩,0.7439802015505478
榌,枙,0.741681673007042
榌,榸,0.7393809316296087
榌,橿,0.7372761908071778
榌,榒,0.7368823975183163
