char1,char2,similarity
榍,榍,1.0
榍,樨,0.7576632257774251
榍,棞,0.7504043342071941
榍,榈,0.7488413794110765
榍,椃,0.7470699044149781
榍,椰,0.7455370648309961
榍,樼,0.7417411586688492
榍,挏,0.7358063017405607
榍,挧,0.7317866637054974
榍,抛,0.7306578293834888
