char1,char2,similarity
榐,榐,1.0
榐,榞,0.8042163601588093
榐,榲,0.7711522124725507
榐,槱,0.762773398528359
榐,榶,0.7626147287997155
榐,榬,0.7624684909805952
榐,栕,0.7569890569487271
榐,槈,0.7568982045536247
榐,榅,0.7546660226536451
榐,枢,0.7483120515763628
