char1,char2,similarity
榟,榟,1.0
榟,杽,0.7953615747036695
榟,榁,0.7951098136861534
榟,樒,0.7867747644916777
榟,槞,0.7825539593070272
榟,梙,0.7818604475262009
榟,棕,0.7808796946219089
榟,枰,0.7806652013266905
榟,縡,0.7780636506399115
榟,杮,0.7780398406206711
