char1,char2,similarity
榙,榙,1.0
榙,楿,0.8012375928372496
榙,棤,0.7924311437659405
榙,楉,0.7894098813338594
榙,格,0.7834800147680921
榙,橎,0.7784110754194772
榙,楮,0.7736174665697383
榙,棔,0.7713933019051062
榙,柂,0.7662200643523177
榙,橏,0.7657167252762335
