char1,char2,similarity
榚,榚,1.0
榚,榏,0.8070560880310924
榚,楑,0.7864369009901653
榚,榅,0.779062909065804
榚,楧,0.7786645480313434
榚,棩,0.7776687556400356
榚,楳,0.7731369446124502
榚,楺,0.77022666604659
榚,楐,0.7677624444477427
榚,楛,0.766770294626495
