char1,char2,similarity
榞,榞,1.0
榞,榐,0.8042163601588093
榞,榲,0.782735218105941
榞,柅,0.7765904414356213
榞,栕,0.7733968840813861
榞,柧,0.7714723007488382
榞,槦,0.7706099230264045
榞,槈,0.7661448015283349
榞,檌,0.7629081213982176
榞,榶,0.7613979970972151
