char1,char2,similarity
榤,榤,1.0
榤,楪,0.7958913192406258
榤,楺,0.77937150129621
榤,橖,0.7602749515967432
榤,楳,0.760266527880394
榤,禖,0.760196502274721
榤,槞,0.758524706082999
榤,嵥,0.757232880306983
榤,樣,0.7545143677934971
榤,柤,0.7531643919813494
