char1,char2,similarity
榢,榢,1.0
榢,棕,0.7687857252972311
榢,榁,0.7686718304419453
榢,幏,0.7682792988195023
榢,椑,0.7647452135183308
榢,梎,0.7630346569035533
榢,樜,0.7612445342892568
榢,椀,0.7602750858403968
榢,楰,0.7591681123831387
榢,柨,0.7583274083807624
