char1,char2,similarity
榦,榦,1.0
榦,輪,0.7299923631649478
榦,幹,0.7295685438181385
榦,蜍,0.7187239512650824
榦,躲,0.7173556540064457
榦,岭,0.7127723977702002
榦,棎,0.7125905358200267
榦,砼,0.7123019043143555
榦,輬,0.7115055300552084
榦,輡,0.7104479534489119
