char1,char2,similarity
榠,榠,1.0
榠,楅,0.8040546645783541
榠,楎,0.7868462823917315
榠,楨,0.7801004790928665
榠,福,0.7778716390600842
榠,模,0.7776893979874202
榠,棂,0.7720227177518041
榠,榅,0.7714725715471783
榠,楑,0.7704213171934571
榠,椳,0.7699916293583812
