char1,char2,similarity
榨,榨,1.0
榨,梈,0.7612953744269937
榨,搾,0.7569465375096729
榨,棣,0.7506284722311144
榨,椖,0.7486530533904227
榨,搈,0.7478551430004535
榨,棺,0.7464247256972761
榨,栉,0.7458818689010277
榨,椁,0.7456692484539503
榨,档,0.7441445389087
