char1,char2,similarity
榣,榣,1.0
榣,槄,0.792445153700015
榣,熎,0.752696062272405
榣,摇,0.7514220978245811
榣,衽,0.7463537112752628
榣,槒,0.7434813125369791
榣,槹,0.7384182995642737
榣,栎,0.737953226558561
榣,柮,0.7373092280127942
榣,瑶,0.7369838872484579
