char1,char2,similarity
榮,榮,1.0
榮,枽,0.7573779037861348
榮,萰,0.7473555739098204
榮,梷,0.7472450672093176
榮,柴,0.7466329224044017
榮,栥,0.7459793551259936
榮,梊,0.7454722959791998
榮,栾,0.7441755179119218
榮,渠,0.7426537690738425
榮,桨,0.74192298403847
