char1,char2,similarity
榭,榭,1.0
榭,塮,0.8013925678237267
榭,槲,0.7464957296877878
榭,谢,0.7410976807984351
榭,樹,0.7244352375144936
榭,椴,0.7141484382655382
榭,槭,0.7141031051356185
榭,橄,0.708388432439656
榭,刈,0.7075042924690135
榭,埘,0.7040000002616644
