char1,char2,similarity
榳,榳,1.0
榳,楰,0.7829336264694777
榳,榁,0.7820190993307079
榳,椨,0.7701320529612642
榳,棙,0.7634987434169805
榳,椖,0.7629205099155513
榳,樜,0.7625409663210215
榳,榩,0.7592445748174527
榳,梡,0.756827965773437
榳,柧,0.7564930282309438
