char1,char2,similarity
榴,榴,1.0
榴,馏,0.8285077725490698
榴,镏,0.8065295712256809
榴,塯,0.8006481947666517
榴,熘,0.7924908107926627
榴,椢,0.7923532271339706
榴,棢,0.7858992898806935
榴,椚,0.7833654846042958
榴,桶,0.7761556220599679
榴,框,0.775950765964098
