char1,char2,similarity
榸,榸,1.0
榸,楖,0.783596537372026
榸,棢,0.7597607676962631
榸,棡,0.7590871624604278
榸,椺,0.7546165011174621
榸,椚,0.7546095312833043
榸,橌,0.7504431430981465
榸,橺,0.7486970227592848
榸,梎,0.7467642709121624
榸,框,0.7457481613945499
