char1,char2,similarity
榹,榹,1.0
榹,搋,0.7724653805941593
榹,椸,0.7400886541015592
榹,褫,0.7378969716967799
榹,櫖,0.735545499026179
榹,榝,0.7287000581678942
榹,櫉,0.7286316361809344
榹,楓,0.7283018999146564
榹,櫨,0.7267519713159257
榹,檹,0.7246419462946552
