char1,char2,similarity
榵,榵,1.0
榵,縙,0.8023316509470808
榵,構,0.7805891262308622
榵,槆,0.7737395025525412
榵,穁,0.7693700818277941
榵,揖,0.7650209900270099
榵,搑,0.7647350855008515
榵,枱,0.7637390741202078
榵,槞,0.7613767213115769
榵,榟,0.7598428868570042
