char1,char2,similarity
榺,榺,1.0
榺,媵,0.7703772900912768
榺,滕,0.770372326596115
榺,幐,0.7610295568574446
榺,臊,0.7487127467684379
榺,膡,0.7458046441560019
榺,縢,0.7404714040701211
榺,腬,0.7393843244253578
榺,膯,0.7308840180595253
榺,膶,0.7276412373988812
