char1,char2,similarity
槁,槁,1.0
槁,稿,0.7920513326389614
槁,熇,0.7896430178617662
槁,楱,0.7890989691287518
槁,棲,0.7779844928194717
槁,縞,0.7771209113284584
槁,犒,0.7692685358076504
槁,梈,0.76672672727729
槁,缟,0.7650352679367451
槁,榠,0.7647773067026588
