char1,char2,similarity
槆,槆,1.0
槆,構,0.7879962965351465
槆,樀,0.7841246526467182
槆,榵,0.7737395025525412
槆,槗,0.7654062729128879
槆,槣,0.7568756004064565
槆,枱,0.7565915056992063
槆,桕,0.7528011499961283
槆,橁,0.7521524405017319
槆,构,0.7521302244996029
