char1,char2,similarity
槃,槃,1.0
槃,樂,0.7758687964320589
槃,褩,0.7512520806972013
槃,栠,0.7459878818089622
槃,鎜,0.7428532260382644
槃,橜,0.7312773553585771
槃,媻,0.731080068634576
槃,桇,0.7268895234094558
槃,楘,0.7256930912008123
槃,粜,0.7225439833041879
