char1,char2,similarity
槐,槐,1.0
槐,椑,0.7854009653951778
槐,梎,0.785102218008681
槐,栧,0.7776319416438321
槐,梚,0.7766624477719138
槐,棿,0.7755288922942626
槐,瑰,0.7725012595641795
槐,媿,0.7669039039655038
槐,梼,0.7659100815722872
槐,栜,0.765778235223681
