char1,char2,similarity
槔,槔,1.0
槔,橰,0.802658520802083
槔,槹,0.7876461670091959
槔,柇,0.7862140320307548
槔,桿,0.7828862676370292
槔,橭,0.782272968732269
槔,獆,0.775947920952781
槔,柈,0.7730583749446105
槔,楟,0.7714987445942062
槔,梠,0.7684556366599499
