char1,char2,similarity
槙,槙,1.0
槙,缜,0.8026719050452702
槙,禛,0.8022775193024511
槙,柤,0.7985923542009591
槙,槓,0.7897175914643444
槙,槕,0.787795381377867
槙,镇,0.781693199956785
槙,楨,0.779998565800086
槙,榽,0.778898477092838
槙,慎,0.7774986815703175
