char1,char2,similarity
槗,槗,1.0
槗,樀,0.8015974709928984
槗,槣,0.7904594763498537
槗,樈,0.7870002527661862
槗,楨,0.7844930918642865
槗,構,0.7744773806775382
槗,檣,0.7680181072675488
槗,樟,0.7674512733159886
槗,棉,0.7670581081634918
槗,様,0.7664018342865825
