char1,char2,similarity
槖,槖,1.0
槖,賣,0.7648611320479476
槖,棄,0.7573037347557794
槖,責,0.7392697797847655
槖,晝,0.7338456635361866
槖,嚚,0.7331226342272265
槖,實,0.7282360004163093
槖,壽,0.7276474949332807
槖,擣,0.7264922723615961
槖,璹,0.7223776196018833
