char1,char2,similarity
槟,槟,1.0
槟,缤,0.796947719830869
槟,嫔,0.7966025450433439
槟,桲,0.7956864397946561
槟,棋,0.7851584753760587
槟,摈,0.7819002441852723
槟,椑,0.7786542303092481
槟,椬,0.7782945853226858
槟,桢,0.7727159181424401
槟,椊,0.7678262377078238
