char1,char2,similarity
槡,槡,1.0
槡,縔,0.78598368866751
槡,槕,0.7795082513528293
槡,樔,0.7635230711456465
槡,槢,0.7576817831744369
槡,樏,0.7564791789350268
槡,楨,0.7513914337423143
槡,槱,0.7502421707525226
槡,標,0.7489080455302665
槡,褬,0.7480564373237011
