char1,char2,similarity
槥,槥,1.0
槥,橏,0.8158172315048133
槥,樁,0.7827674435622743
槥,榗,0.7692138571425576
槥,楿,0.7627135711767158
槥,椿,0.7599848525055873
槥,枟,0.7589522862017616
槥,橧,0.7519163103506934
槥,棉,0.7516366094977665
槥,楻,0.7516241311078665
