char1,char2,similarity
槫,槫,1.0
槫,槈,0.8057363665809311
槫,縳,0.7988969783549718
槫,槱,0.7938212443117
槫,槵,0.7837338970426768
槫,槦,0.7834798370062565
槫,樓,0.783331971820719
槫,樔,0.7769816766300688
槫,槣,0.774490050878839
槫,樈,0.7741803232321037
