char1,char2,similarity
槪,槪,1.0
槪,概,0.7692593135782747
槪,櫬,0.7372731632678572
槪,慨,0.7358565454021195
槪,櫯,0.7345161307207552
槪,穊,0.7252680907981048
槪,槸,0.7242615504158316
槪,树,0.7169287778007856
槪,檵,0.7137650383213677
槪,櫉,0.7128761785891735
