char1,char2,similarity
槬,槬,1.0
槬,梱,0.7262630124161008
槬,椢,0.7245733282101071
槬,楠,0.7201850787942952
槬,桏,0.7200423595832552
槬,梻,0.7199511453796444
槬,柛,0.7183906378220838
槬,棴,0.7174303251010606
槬,椻,0.7160835659316275
槬,梬,0.7155603867696312
