char1,char2,similarity
槲,槲,1.0
槲,榭,0.7464957296877878
槲,嘝,0.7398710519509353
槲,橱,0.7234565785466067
槲,櫆,0.7149332840060992
槲,槸,0.7098176678701288
槲,槪,0.7095122361360388
槲,橹,0.7091968502889264
槲,檓,0.708716301226643
槲,櫉,0.707909475847134
