char1,char2,similarity
槶,槶,1.0
槶,楓,0.772838476345538
槶,橍,0.7454123232211957
槶,檙,0.7416353327733428
槶,橮,0.7408125879037639
槶,樑,0.739679336208187
槶,橌,0.7347262028090938
槶,楜,0.7313123224824871
槶,欄,0.7312464695276687
槶,楖,0.7303774554382985
