char1,char2,similarity
槷,槷,1.0
槷,槧,0.7730373692692611
槷,勢,0.7593880350993357
槷,槳,0.7348718636427691
槷,漐,0.7294031268911076
槷,槩,0.7286360230658563
槷,椝,0.7257852249922031
槷,奌,0.7240533066256669
槷,櫱,0.7220784234930422
槷,案,0.7207666779227432
