char1,char2,similarity
槰,槰,1.0
槰,樀,0.8020350461982831
槰,榼,0.7839714195384465
槰,縫,0.7777001944087935
槰,槍,0.7659366221721484
槰,権,0.7652675327012317
槰,槹,0.7633762796812374
槰,槅,0.7607227110391368
槰,槞,0.7595421236939696
槰,鏠,0.7567824110868562
