char1,char2,similarity
槹,槹,1.0
槹,楾,0.7925420950395907
槹,槔,0.7876461670091959
槹,槺,0.7841102990628838
槹,槵,0.7828529926111071
槹,槕,0.7669315153317039
槹,榟,0.765615061143501
槹,獔,0.7649230421911608
槹,樀,0.7648911639133802
槹,槍,0.7644348331976204
