char1,char2,similarity
槱,槱,1.0
槱,標,0.8029227826448305
槱,槫,0.7938212443117
槱,槦,0.7834301528690775
槱,楨,0.7808783038999538
槱,樮,0.7768480306234461
槱,橊,0.7757269370774313
槱,槢,0.7738107753183734
槱,槕,0.7726065977173441
槱,樈,0.7684685943404735
