char1,char2,similarity
樀,樀,1.0
樀,槰,0.8020350461982831
樀,槗,0.8015974709928984
樀,槆,0.7841246526467182
樀,樈,0.782270258731078
樀,楌,0.7791183673117098
樀,桷,0.7761097688678517
樀,柚,0.7731532775273805
樀,榜,0.7714518284314282
樀,樎,0.7705532022660486
