char1,char2,similarity
槾,槾,1.0
槾,熳,0.8051507094900248
槾,榿,0.7887101149550335
槾,縵,0.7870943883491572
槾,謾,0.7856885749197628
槾,榎,0.78194261312035
槾,摱,0.7792484277003535
槾,幔,0.762748052570328
槾,楨,0.7627469099346631
槾,獌,0.7620426081816973
