char1,char2,similarity
樂,樂,1.0
樂,槃,0.7758687964320589
樂,枽,0.7616536219714892
樂,粜,0.7554710808337831
樂,梥,0.7490989395329587
樂,桇,0.7418798163944332
樂,栥,0.7415381439585844
樂,楘,0.7358254151158197
樂,橤,0.7350966308677924
樂,槼,0.7346772634684927
