char1,char2,similarity
樄,樄,1.0
樄,橢,0.7713290254443753
樄,樤,0.7382231618809676
樄,檵,0.736160981485777
樄,櫚,0.7277966511426314
樄,櫃,0.7274050898875809
樄,栁,0.7254548389179759
樄,樫,0.7244278057657887
樄,樃,0.7203729364637793
樄,梑,0.7198513139876904
