char1,char2,similarity
樈,樈,1.0
樈,槣,0.8002325654691478
樈,樟,0.7934170914331218
樈,楨,0.7871626916260074
樈,槗,0.7870002527661862
樈,樀,0.782270258731078
樈,槦,0.7812881696809374
樈,柯,0.7747461872396368
樈,槫,0.7741803232321037
樈,樔,0.7726024252329146
