char1,char2,similarity
樌,樌,1.0
樌,樍,0.8667299275940765
樌,檟,0.8368556112371012
樌,摜,0.8340789957579704
樌,櫍,0.8309365099104515
樌,樻,0.8190414403730794
樌,櫕,0.8068338320701878
樌,橨,0.80005681561634
樌,慣,0.7899213489310188
樌,橮,0.7890630243354831
