char1,char2,similarity
樆,樆,1.0
樆,柶,0.774497688523191
樆,楧,0.7686646660659487
樆,樜,0.7657280899620419
樆,樒,0.7627408578214373
樆,槁,0.7620794020826124
樆,樠,0.7615865155715346
樆,檇,0.7589055150707975
樆,樐,0.7587160720623253
樆,樀,0.7565862726973597
