char1,char2,similarity
樗,樗,1.0
樗,摴,0.794704631677072
樗,懥,0.7512810521255018
樗,檑,0.7463453841697752
樗,楫,0.745853145287217
樗,雩,0.7348638183268322
樗,樵,0.73422026956673
樗,樨,0.7340584202030165
樗,嫮,0.7325806018183589
樗,楸,0.7256133266245872
