char1,char2,similarity
樖,樖,1.0
樖,貪,0.7143722201907152
樖,畣,0.7134280220467354
樖,搻,0.7041308114638228
樖,髙,0.7026398684060088
樖,禽,0.7022661610384763
樖,雋,0.6983622513447516
樖,高,0.6911084474894844
樖,乌,0.6894467867041053
樖,钻,0.6880033793371678
