char1,char2,similarity
樔,樔,1.0
樔,繅,0.7892908509615839
樔,槫,0.7769816766300688
樔,樈,0.7726024252329146
樔,璅,0.770897094571685
樔,榶,0.7695354520226323
樔,楪,0.7670614658066659
樔,槡,0.7635230711456465
樔,樣,0.7601017221276714
樔,樓,0.7589496003068774
