char1,char2,similarity
樟,樟,1.0
樟,橝,0.8065883130895579
樟,樈,0.7934170914331218
樟,梓,0.7891484447568478
樟,橦,0.7870707663009233
樟,嫜,0.7815857389159947
樟,橑,0.7799979659075904
樟,棉,0.7762366233179532
樟,棟,0.7746764477960056
樟,障,0.7734531599361205
