char1,char2,similarity
樝,樝,1.0
樝,榩,0.7846243756697332
樝,楲,0.7761091054905604
樝,謯,0.7729423582882322
樝,椷,0.7652207267302631
樝,樞,0.7648244112993491
樝,椃,0.7520185431020385
樝,櫓,0.7518657651096762
樝,樻,0.7503895507368117
樝,橚,0.7497339946156839
