char1,char2,similarity
樞,樞,1.0
樞,椻,0.7929150275324676
樞,橍,0.7923280623891953
樞,橺,0.7760896058298317
樞,橌,0.7715366113164066
樞,椚,0.7712231085601442
樞,棡,0.7700224274963601
樞,棞,0.7676528116425908
樞,梇,0.7654011660050601
樞,楃,0.7652509351417792
