char1,char2,similarity
樜,樜,1.0
樜,枺,0.7746264791742884
樜,枟,0.7695516906108153
樜,樆,0.7657280899620419
樜,桂,0.7648820159302129
樜,榳,0.7625409663210215
樜,椀,0.7625125175868851
樜,樒,0.761880570042176
樜,榢,0.7612445342892568
樜,棓,0.7595904925251357
