char1,char2,similarity
権,権,1.0
権,柜,0.7803251210401664
権,槰,0.7652675327012317
権,樈,0.7613901435946875
権,枑,0.7608086391046844
権,杻,0.7604676170525925
権,枴,0.7560981298093052
権,柤,0.755540734136473
権,榰,0.7550946176348677
権,榼,0.7547921611222398
