char1,char2,similarity
樣,樣,1.0
樣,様,0.8233875416574048
樣,橏,0.7627243422508587
樣,樔,0.7601017221276714
樣,槺,0.7545375251581461
樣,榤,0.7545143677934971
樣,槏,0.751700782994989
樣,榶,0.7514657105008975
樣,楨,0.7507967044386993
樣,楪,0.750379120486959
