char1,char2,similarity
樤,樤,1.0
樤,樇,0.7813107447643964
樤,檹,0.7398869324992626
樤,樄,0.7382231618809676
樤,螩,0.7324031336070029
樤,榹,0.7203609384980594
樤,樐,0.7186980416853231
樤,椸,0.7167072872593061
樤,棴,0.716403532114331
樤,橢,0.7143885235659277
