char1,char2,similarity
樢,樢,1.0
樢,槴,0.7745583279628216
樢,橞,0.7730709786938184
樢,摀,0.7690217546472341
樢,桪,0.7556272483293848
樢,橭,0.7551476572348546
樢,檥,0.7519793487267271
樢,柈,0.7492657186301778
樢,棏,0.7473447605856509
樢,樿,0.7469574777593775
