char1,char2,similarity
樴,樴,1.0
樴,樲,0.7881613721969946
樴,檝,0.7808930991951387
樴,橵,0.762635755046879
樴,樳,0.7521161495173412
樴,柶,0.7483389362206265
樴,檥,0.745882573717607
樴,橫,0.7447910271701065
樴,栧,0.7431887641382797
樴,柫,0.7421411697531574
