char1,char2,similarity
樭,樭,1.0
樭,禥,0.7998173151311287
樭,樦,0.7759427386989192
樭,樠,0.7731138231974078
樭,橫,0.756008431482118
樭,椱,0.7555906089655546
樭,楧,0.7549911138568933
樭,楏,0.7522050317298843
樭,榁,0.7470956597394381
樭,樬,0.7440598342308521
