char1,char2,similarity
樿,樿,1.0
樿,樺,0.8204516779295518
樿,襌,0.8086196345042589
樿,撣,0.8006666349958128
樿,栜,0.7806872224965373
樿,棡,0.7794453474514674
樿,橰,0.7781163387715146
樿,橍,0.777266353579892
樿,墠,0.776851530430934
樿,櫂,0.7741468649999204
