char1,char2,similarity
樹,樹,1.0
樹,榆,0.7525699259668843
樹,楡,0.7508165373540806
樹,檊,0.7429743049397486
樹,椨,0.7426698955848303
樹,桖,0.741651353083937
樹,椾,0.738703944381717
樹,梖,0.7354882374707851
樹,楠,0.733015261041487
樹,梍,0.7295804533132823
