char1,char2,similarity
樼,樼,1.0
樼,橒,0.7663544959867526
樼,欕,0.7445119586612916
樼,樿,0.7439076311501506
樼,楓,0.7424124842611665
樼,榍,0.7417411586688492
樼,樞,0.7407802039870036
樼,櫄,0.7405609459862333
樼,梽,0.7403028642002873
樼,樰,0.7375558009642337
