char1,char2,similarity
樸,樸,1.0
樸,檏,0.8385849135116626
樸,幞,0.7932145826186447
樸,襆,0.7784682475823395
樸,檂,0.7729842870631043
樸,模,0.7699173402399907
樸,橂,0.7651731345702869
樸,镤,0.7582684183854695
樸,璞,0.7517338616028905
樸,樮,0.7497655414517773
