char1,char2,similarity
樽,樽,1.0
樽,撙,0.8534103294079486
樽,僔,0.7925456112802455
樽,壿,0.7867051537590202
樽,墫,0.7776348908585741
樽,槽,0.7772897688454464
樽,澊,0.7701821556221435
樽,橂,0.7478107916963207
樽,燇,0.7410985331571717
樽,噂,0.7383953208506584
