char1,char2,similarity
橈,橈,1.0
橈,嶢,0.7798987093944583
橈,撓,0.7768094576795316
橈,襓,0.7760896858111389
橈,柣,0.7737949080101525
橈,椇,0.7626380682253462
橈,榥,0.7533480038493016
橈,楑,0.7520007868590284
橈,楟,0.7508500340883008
橈,楈,0.747334127458255
