char1,char2,similarity
橄,橄,1.0
橄,撖,0.8328932131330898
橄,瞰,0.7662401072307368
橄,撤,0.7508880838637894
橄,槭,0.7481508755073799
橄,慠,0.7374733371626453
橄,噉,0.7370484999780746
橄,椭,0.7361424019235141
橄,楸,0.730092040297468
橄,檄,0.7278669378957947
