char1,char2,similarity
橓,橓,1.0
橓,樻,0.7733367152661846
橓,樍,0.7698429923552547
橓,柺,0.7688211071773271
橓,橉,0.7644835496422483
橓,枏,0.7613758366777141
橓,檟,0.7554444068876296
橓,楈,0.753128222868987
橓,枂,0.7487388427436295
橓,柎,0.748513746364183
