char1,char2,similarity
橋,橋,1.0
橋,犞,0.793154741309281
橋,檔,0.7626083434955259
橋,橌,0.7572430893248134
橋,橍,0.7543891389662537
橋,棡,0.7511960947138893
橋,樆,0.750736660269514
橋,楬,0.7480121462253847
橋,檇,0.7453143996915906
橋,橺,0.7449535218716148
