char1,char2,similarity
橑,橑,1.0
橑,繚,0.8043744172233812
橑,榡,0.7968798700730227
橑,樟,0.7799979659075904
橑,枟,0.7775085064877143
橑,柾,0.7694849151720675
橑,柦,0.7692191280869934
橑,楨,0.7676435708577373
橑,嶛,0.7627724967659482
橑,梈,0.761516879941197
