char1,char2,similarity
橊,橊,1.0
橊,楅,0.8224811305646467
橊,槢,0.7953756728549121
橊,槚,0.7951900702779041
橊,槱,0.7757269370774313
橊,柮,0.7663616984462275
橊,標,0.7632566179263689
橊,楆,0.7591111729086073
橊,梱,0.7581945928019725
橊,槅,0.7572188790260918
