char1,char2,similarity
橛,橛,1.0
橛,镢,0.7781492530037277
橛,槭,0.7473863148696611
橛,概,0.7434045660928188
橛,楸,0.7259662473782079
橛,獗,0.7241693792280498
橛,橄,0.7209741201627842
橛,椴,0.7199270223421907
橛,搬,0.7184795773813785
橛,擵,0.7172756469003866
