char1,char2,similarity
橗,橗,1.0
橗,樺,0.7587012795474072
橗,樠,0.7529475530139575
橗,檧,0.7510677948974834
橗,桺,0.7504131290606306
橗,枊,0.7493839354328025
橗,橁,0.7459962638086163
橗,楋,0.7448241316442259
橗,樎,0.7447817500260574
橗,橩,0.7437418870505469
