char1,char2,similarity
橝,橝,1.0
橝,樟,0.8065883130895579
橝,禫,0.7796838203319081
橝,蟫,0.7774045022179058
橝,镡,0.770975797965494
橝,枠,0.7704891346495608
橝,燂,0.7675966432575234
橝,橒,0.7672214120949513
橝,楎,0.7667841916331127
橝,橰,0.7613065339155778
