char1,char2,similarity
橜,橜,1.0
橜,槩,0.7340153240039148
橜,櫫,0.7328355932057524
橜,槃,0.7312773553585771
橜,椝,0.7293169916033051
橜,槧,0.7221702547677974
橜,粟,0.7182107545564651
橜,桊,0.7172019294872699
橜,棠,0.7160260665253785
橜,椞,0.7157769480271621
