char1,char2,similarity
橙,橙,1.0
橙,撜,0.7869717423833859
橙,憕,0.7718254215012533
橙,燈,0.7475559195454305
橙,噔,0.7417469346976089
橙,僜,0.7351189395369558
橙,榄,0.7334391413077715
橙,檀,0.7323185534985018
橙,墱,0.7288265662652051
橙,楫,0.7285280465273238
