char1,char2,similarity
橕,橕,1.0
橕,橒,0.7681866394727886
橕,撐,0.7620953146404393
橕,橨,0.7596331387017007
橕,樍,0.7580284961566278
橕,樌,0.7573941329002414
橕,樓,0.7504159471177874
橕,樦,0.748128205089005
橕,楊,0.7463988229195729
橕,檟,0.7447017305976182
