char1,char2,similarity
橤,橤,1.0
橤,楘,0.7397663962341651
橤,枽,0.7384916665603377
橤,樂,0.7350966308677924
橤,檗,0.7327359790100929
橤,喿,0.7308289374427789
橤,粜,0.7298245795163945
橤,桌,0.7253357666654674
橤,染,0.7250603361674078
橤,梥,0.7247436456100317
