char1,char2,similarity
橦,橦,1.0
橦,椲,0.8067845992982369
橦,檍,0.7958864735596021
橦,樟,0.7870707663009233
橦,幢,0.7784790861802681
橦,椊,0.7741936624946109
橦,墥,0.7706278719964392
橦,楕,0.7686789501070168
橦,橀,0.7678190149427454
橦,楴,0.7666916442528662
