char1,char2,similarity
橥,橥,1.0
橥,嫃,0.7063273021966993
橥,葈,0.6943634708332826
橥,葇,0.6940717169899688
橥,慎,0.6932500681494148
橥,槙,0.6931827813229394
橥,瞋,0.6925792584525972
橥,棄,0.6919127581201087
橥,蘖,0.6910402610353329
橥,謓,0.6902817807773088
