char1,char2,similarity
橭,橭,1.0
橭,檡,0.8234665810993091
橭,槔,0.782272968732269
橭,橰,0.7773803249894679
橭,嫴,0.7767667882664939
橭,椙,0.7754852881352131
橭,棎,0.7679009346277006
橭,楬,0.7676733226329576
橭,楟,0.7641532271785679
橭,棅,0.7636510835879413
