char1,char2,similarity
橫,橫,1.0
橫,橣,0.8070145662722856
橫,棈,0.783231894321717
橫,棲,0.7821997338098571
橫,檱,0.7815200659652367
橫,樥,0.7735787440020514
橫,權,0.7728684537736725
橫,橮,0.7725284054726769
橫,楧,0.7717506894800235
橫,棛,0.7661303291526441
