char1,char2,similarity
橰,橰,1.0
橰,槔,0.802658520802083
橰,椑,0.7823422285438619
橰,樿,0.7781163387715146
橰,橭,0.7773803249894679
橰,樻,0.7748181810444906
橰,櫓,0.7723354568171734
橰,橚,0.7697634236814117
橰,樺,0.7679526873086253
橰,椊,0.7663986894086099
