char1,char2,similarity
橪,橪,1.0
橪,撚,0.7612360054049053
橪,柧,0.7488755268771954
橪,檖,0.744351010192231
橪,橍,0.7435116492234237
橪,枓,0.7430685306153092
橪,椥,0.7424918264861335
橪,橌,0.7412913412026358
橪,榚,0.7399971820436317
橪,梠,0.737831775383361
