char1,char2,similarity
橷,橷,1.0
橷,棁,0.7428359050637314
橷,柷,0.7321962216370687
橷,櫈,0.7222970005671708
橷,梲,0.721240219213206
橷,棿,0.7206747984253911
橷,梘,0.720397414042091
橷,橶,0.7202755440709351
橷,桺,0.7193892681551657
橷,忨,0.7190007320056979
