char1,char2,similarity
橲,橲,1.0
橲,橞,0.8008402559514042
橲,棏,0.7886150218608948
橲,譆,0.7818938451255121
橲,權,0.7770365509647621
橲,棈,0.7761211324575067
橲,禧,0.7734728162984122
橲,橣,0.7723776464534704
橲,僖,0.7710607003081906
橲,檔,0.7693695154687513
