char1,char2,similarity
橻,橻,1.0
橻,榅,0.760894637562886
橻,榋,0.7563246033315288
橻,楀,0.7543320257460407
橻,梋,0.7502388122617639
橻,樞,0.7495137538951804
橻,楃,0.7485241660008464
橻,椳,0.7432315115568913
橻,椯,0.7401933648202554
橻,棬,0.7399028623744636
