char1,char2,similarity
橸,橸,1.0
橸,梫,0.7925059978498251
橸,椙,0.7846693590358195
橸,橾,0.7769790813146069
橸,榀,0.7750617196966197
橸,棏,0.7678963803805106
橸,搹,0.7642486618034687
橸,楬,0.7623118840722812
橸,檡,0.7595157994608779
橸,椧,0.7589715385273673
