char1,char2,similarity
橽,橽,1.0
橽,槤,0.7877835954757826
橽,燵,0.7726555148747859
橽,椢,0.7538382644490961
橽,撻,0.7531277828357874
橽,蟽,0.7420302317786498
橽,桖,0.7411391633535944
橽,梶,0.7410203980437767
橽,梛,0.7409289792141732
橽,梄,0.7397149533993306
