char1,char2,similarity
檁,檁,1.0
檁,檂,0.7776419168563166
檁,檪,0.7700389674352566
檁,檳,0.7625390881991931
檁,橰,0.7593276323880166
檁,檏,0.7587249267697469
檁,模,0.7587043470228098
檁,欀,0.7577221073067036
檁,橒,0.7570734922245423
檁,橾,0.756658348653707
