char1,char2,similarity
橼,橼,1.0
橼,樯,0.7508911710664382
橼,櫞,0.7397136580162564
橼,橄,0.7243501497655292
橼,械,0.7142676268713543
橼,椭,0.7084940482168928
橼,楫,0.7080891462188156
橼,楝,0.7074435025615061
橼,櫎,0.7052093327273347
橼,樗,0.7046934211086604
