char1,char2,similarity
檂,檂,1.0
檂,燶,0.8347466045934638
檂,禯,0.8317434517553256
檂,穠,0.8272018892314578
檂,欀,0.7945644548862636
檂,嶩,0.7880317082756719
檂,檁,0.7776419168563166
檂,襛,0.7749677281555899
檂,憹,0.774939149643822
檂,樸,0.7729842870631043
