char1,char2,similarity
檎,檎,1.0
檎,擒,0.7485365266639353
檎,楱,0.7350247405897361
檎,橘,0.7329619753237252
檎,檽,0.7255996854168845
檎,襘,0.7249141818089019
檎,梭,0.7237661317675143
檎,栧,0.7218771350805634
檎,模,0.7216409916530602
檎,柫,0.7205146120178338
