char1,char2,similarity
檔,檔,1.0
檔,橖,0.8026596782902102
檔,樰,0.7975339753609035
檔,襠,0.7852831481613909
檔,璫,0.7706134481308247
檔,橲,0.7693695154687513
檔,壋,0.7635887692892079
檔,橋,0.7626083434955259
檔,櫁,0.7615288267611051
檔,柮,0.7566391147478759
