char1,char2,similarity
檖,檖,1.0
檖,樋,0.7757585594114776
檖,繸,0.7739159847374856
檖,橺,0.7519679426916487
檖,楢,0.7511527403790984
檖,梿,0.7485770316644847
檖,檔,0.7473008158063347
檖,杭,0.7470449081251433
檖,椌,0.7449892705936669
檖,橪,0.744351010192231
