char1,char2,similarity
檙,檙,1.0
檙,樶,0.7606648291435574
檙,檇,0.7530774041572041
檙,橾,0.7501069322642656
檙,橅,0.7445360302073614
檙,槶,0.7416353327733428
檙,椲,0.737185177108352
檙,椾,0.7344552831969692
檙,櫄,0.7329597189528035
檙,槁,0.7295080612400624
