char1,char2,similarity
檕,檕,1.0
檕,楶,0.7242317947039055
檕,槀,0.7134320817200063
檕,糳,0.7111352697617079
檕,櫐,0.7076662617420652
檕,業,0.7063203343709696
檕,槖,0.7032357540895052
檕,筽,0.7012578127678715
檕,茣,0.6995476211768176
檕,奚,0.6988618619775541
