char1,char2,similarity
檐,檐,1.0
檐,擔,0.7802917754224906
檐,噡,0.768221851719704
檐,儋,0.757008189359523
檐,嶦,0.743565976092607
檐,樌,0.7417572875939674
檐,櫿,0.7408030484799726
檐,橨,0.7400686719867943
檐,樍,0.7378492019093358
檐,樻,0.7348186107170469
