char1,char2,similarity
檞,檞,1.0
檞,嶰,0.8088821506498765
檞,蠏,0.8075678036266293
檞,繲,0.7517467359534857
檞,樃,0.7319396063871522
檞,榔,0.7262501348663283
檞,櫣,0.7236378555013353
檞,横,0.7230011926240417
檞,櫦,0.7217555924165614
檞,櫩,0.7187828783505438
