char1,char2,similarity
檛,檛,1.0
檛,撾,0.8302741784327394
檛,檤,0.7980351007149488
檛,櫣,0.7683429563474352
檛,櫏,0.7495083379377587
檛,擿,0.7332686777104942
檛,椸,0.7306824791692741
檛,櫙,0.7283752331416741
檛,掆,0.7264906931654623
檛,慪,0.7263991120179752
