char1,char2,similarity
檣,檣,1.0
檣,轖,0.7942278306768678
檣,柮,0.7703910640378264
檣,繬,0.7696590653875831
檣,槗,0.7680181072675488
檣,樻,0.766312004183364
檣,梈,0.7662834899745474
檣,檜,0.7622204640684844
檣,柛,0.7618354968965183
檣,楻,0.7615492093213136
