char1,char2,similarity
檜,檜,1.0
檜,襘,0.7955098741633472
檜,燴,0.7829779328170933
檜,檢,0.7648817391242356
檜,檣,0.7622204640684844
檜,楕,0.7609669132673791
檜,棈,0.7594114132456035
檜,璯,0.7540014495804288
檜,糩,0.7531532569228946
檜,梌,0.7521513658030211
