char1,char2,similarity
檭,檭,1.0
檭,櫬,0.747435380598917
檭,棴,0.733685996610303
檭,梱,0.7316433213619609
檭,椒,0.7299066392884913
檭,柛,0.7277434405943121
檭,欌,0.7268111519476355
檭,檰,0.7258018008926787
檭,樃,0.718450842289869
檭,桏,0.7183748553208439
