char1,char2,similarity
檥,檥,1.0
檥,犠,0.8110405331282886
檥,轙,0.786916053252838
檥,礒,0.7848131290609942
檥,橞,0.758549160734728
檥,嬟,0.7569436772521095
檥,議,0.7568644159898014
檥,橫,0.7534101951141546
檥,樢,0.7519793487267271
檥,檳,0.7464953426832546
