char1,char2,similarity
檪,檪,1.0
檪,橾,0.7958859286550384
檪,椊,0.7812142118777554
檪,檁,0.7700389674352566
檪,樉,0.7683328523441966
檪,槟,0.7623699438267811
檪,橰,0.750893313227428
檪,橴,0.7495035979271886
檪,槕,0.7493745667822597
檪,樎,0.7475556779007927
