char1,char2,similarity
檤,檤,1.0
檤,檛,0.7980351007149488
檤,櫣,0.7789768632524553
檤,櫏,0.7655532069212135
檤,檀,0.7365085394025414
檤,櫨,0.732620850494599
檤,慥,0.7242357004186076
檤,槠,0.7212633505045257
檤,栅,0.7196124728152914
檤,榆,0.7174180696768767
