char1,char2,similarity
檨,檨,1.0
檨,楕,0.7748975128458032
檨,棲,0.7717213853729189
檨,棈,0.7656465648763332
檨,栚,0.7587262308714625
檨,枖,0.7555769976502428
檨,樶,0.7549114586872572
檨,榡,0.7547168570435662
檨,栍,0.7526397708488193
檨,柕,0.7514619537087251
