char1,char2,similarity
檩,檩,1.0
檩,檀,0.7981304635227764
檩,壇,0.7535593948198098
檩,檫,0.7499741821374423
檩,嬗,0.7475891692434676
檩,栩,0.7474518092033255
檩,懍,0.7466963459537238
檩,懔,0.7442040702818927
檩,檮,0.7427729437182592
檩,撎,0.7403234521681167
