char1,char2,similarity
檶,檶,1.0
檶,橞,0.7440286800285543
檶,檜,0.7420136208996237
檶,椄,0.740372344331848
檶,椧,0.7361322210768032
檶,檸,0.7346303821794306
檶,欍,0.7270297700568518
檶,櫰,0.7267803163260566
檶,梌,0.7261203539393867
檶,撎,0.7254199307536794
