char1,char2,similarity
檷,檷,1.0
檷,櫩,0.7700464206002519
檷,櫚,0.7616428091503308
檷,櫊,0.75918753773988
檷,櫔,0.7505195514451543
檷,檲,0.748875920509124
檷,檑,0.7339666288717329
檷,檵,0.7314171764703912
檷,檰,0.7260007443435482
檷,櫏,0.7250962944580711
