char1,char2,similarity
檮,檮,1.0
檮,嬦,0.8100980800018661
檮,懤,0.8079755789862064
檮,禱,0.8041338481605053
檮,壔,0.7960015120419348
檮,嶹,0.7889965534137457
檮,隯,0.7873846183208196
檮,檯,0.7859642923459186
檮,擣,0.7804509212546406
檮,儔,0.7650930705895483
