char1,char2,similarity
檯,檯,1.0
檯,嬯,0.8016979014472082
檯,橿,0.7901673031194605
檯,檮,0.7859642923459186
檯,憻,0.7783405114606896
檯,儓,0.7696986486765717
檯,櫝,0.7515566618355218
檯,壃,0.7477591710029662
檯,櫃,0.7461202784416693
檯,僵,0.7456114560440203
