char1,char2,similarity
檴,檴,1.0
檴,獲,0.8162230075890989
檴,瓁,0.7983279163939304
檴,镬,0.7978127758390211
檴,臒,0.7856164814970451
檴,濩,0.7694304857214033
檴,櫗,0.7579326940203435
檴,欍,0.7545666495456425
檴,櫝,0.7514108165003115
檴,檮,0.748859863649363
