char1,char2,similarity
檵,檵,1.0
檵,櫙,0.7557152021749881
檵,櫃,0.7473457407845439
檵,櫪,0.7444988710933264
檵,櫦,0.7408142500142141
檵,櫚,0.7376274625979723
檵,樄,0.736160981485777
檵,櫨,0.7359469522032365
檵,櫺,0.7329175737167977
檵,檷,0.7314171764703912
