char1,char2,similarity
檳,檳,1.0
檳,樻,0.7939177266102706
檳,橨,0.7933614102863694
檳,橮,0.7890189933316549
檳,櫕,0.7872495221833349
檳,蠙,0.7866082997415628
檳,樍,0.7788900544922135
檳,殯,0.7777244511047054
檳,幩,0.7728651056913315
檳,幘,0.7723538793772343
