char1,char2,similarity
檿,檿,1.0
檿,擪,0.7148066500938139
檿,靨,0.7140787197766382
檿,嬮,0.7140102789724495
檿,魘,0.7047644493582361
檿,糜,0.7024517842232821
檿,鴈,0.6972545010904014
檿,麠,0.6965883367844292
檿,蹷,0.6955933369137164
檿,郿,0.692413344538681
