char1,char2,similarity
檾,檾,1.0
檾,嫈,0.7383847782556678
檾,橆,0.7348884464223331
檾,鎣,0.7195266334407064
檾,榮,0.715838175150401
檾,瑩,0.7130762632972043
檾,縈,0.712955608024323
檾,熒,0.7068048276334264
檾,焭,0.7006996055943122
檾,霖,0.6950578420417017
