char1,char2,similarity
檺,檺,1.0
檺,儫,0.7855475019417875
檺,櫶,0.7765668044849974
檺,櫓,0.7546574493773645
檺,棳,0.7527928967580981
檺,蠔,0.7499375317280664
檺,櫘,0.7479733720883366
檺,欈,0.7454068500414017
檺,梩,0.7428017161944243
檺,桮,0.7420971636358704
