char1,char2,similarity
櫁,櫁,1.0
櫁,櫅,0.7681699218799433
櫁,慉,0.7672532510019183
櫁,橫,0.76250914361565
櫁,檔,0.7615288267611051
櫁,樺,0.7526555059944722
櫁,橣,0.7526015469023546
櫁,櫰,0.750808421747578
櫁,椩,0.7433769833949858
櫁,樐,0.7424130053336735
