char1,char2,similarity
櫀,櫀,1.0
櫀,欇,0.7523827464026984
櫀,樭,0.7420187519358532
櫀,橿,0.7416907154751486
櫀,濝,0.7385608491560438
櫀,橴,0.7366292680975629
櫀,檈,0.7365530490479522
櫀,櫵,0.7357721881242867
櫀,樲,0.7353420573523536
櫀,欍,0.7343561267055131
