char1,char2,similarity
櫉,櫉,1.0
櫉,橱,0.8125703674232075
櫉,櫥,0.8072869413890258
櫉,櫨,0.7906285128770916
櫉,櫃,0.7485096752309345
櫉,樫,0.7465061366670284
櫉,櫎,0.7441868611322272
櫉,櫙,0.7412322656814185
櫉,櫦,0.7409659899376496
櫉,樇,0.7396886035501272
