char1,char2,similarity
櫊,櫊,1.0
櫊,櫩,0.9023922654973286
櫊,櫚,0.8823917193805995
櫊,僴,0.769653044764512
櫊,爓,0.7607468703711873
櫊,檷,0.75918753773988
櫊,撊,0.7514005061316877
櫊,櫔,0.7477985679952779
櫊,檲,0.747447967909302
櫊,欗,0.740595682138769
