char1,char2,similarity
櫔,櫔,1.0
櫔,爄,0.7775395427247184
櫔,櫚,0.7752662137623757
櫔,櫩,0.7552527980521051
櫔,檷,0.7505195514451543
櫔,櫊,0.7477985679952779
櫔,櫥,0.7367372956906366
櫔,櫨,0.7351873931446565
櫔,檲,0.7345437875724196
櫔,糲,0.7340416692324977
