char1,char2,similarity
櫒,櫒,1.0
櫒,橴,0.7633022225720374
櫒,梪,0.7576978550573161
櫒,欅,0.756945833810894
櫒,擦,0.753262826553912
櫒,梈,0.7405473228867522
櫒,橦,0.739551260307046
櫒,欀,0.7393022386584897
櫒,棟,0.7370187084236939
櫒,椬,0.7348122357444817
