char1,char2,similarity
櫍,櫍,1.0
櫍,樌,0.8309365099104515
櫍,檟,0.8242889358793009
櫍,櫕,0.8031372330781148
櫍,樍,0.792988228295675
櫍,橮,0.7929048615710439
櫍,懫,0.7825796951840617
櫍,摜,0.782026894216797
櫍,檱,0.7775427422397208
櫍,櫝,0.7727413172448843
