char1,char2,similarity
櫌,櫌,1.0
櫌,瓇,0.8074899655747216
櫌,獶,0.7950442277774689
櫌,纋,0.7817249302023689
櫌,懮,0.7445945503784727
櫌,梪,0.7424351880257649
櫌,櫻,0.7370006918430038
櫌,欜,0.7364418173748336
櫌,檴,0.7360974090376358
櫌,棲,0.7349822298322181
