char1,char2,similarity
櫏,櫏,1.0
櫏,櫣,0.7834494677029796
櫏,檤,0.7655532069212135
櫏,檛,0.7495083379377587
櫏,檲,0.7254876787999873
櫏,檷,0.7250962944580711
櫏,檵,0.7184349038755605
櫏,櫃,0.7083228385826529
櫏,櫤,0.7063426281015533
櫏,檞,0.7041529799999737
