char1,char2,similarity
櫟,櫟,1.0
櫟,擽,0.769959293792627
櫟,爍,0.7691122721177669
櫟,瓅,0.7599239889684634
櫟,纅,0.7483892993390562
櫟,轢,0.7328789432154863
櫟,懆,0.7253179232573889
櫟,惵,0.7153342059540441
櫟,橷,0.7141828700873487
櫟,梹,0.7131336715027653
