char1,char2,similarity
櫜,櫜,1.0
櫜,曟,0.717776573734266
櫜,叠,0.7035885355081547
櫜,鼌,0.6915858729979656
櫜,愛,0.685576388329292
櫜,夌,0.6829901872513633
櫜,藚,0.6820353275311172
櫜,霻,0.6808335194728548
櫜,霬,0.6803352121043371
櫜,藖,0.6797948342744571
