char1,char2,similarity
櫞,櫞,1.0
櫞,橼,0.7397136580162564
櫞,櫯,0.7361528097583694
櫞,櫲,0.7212172657329884
櫞,檛,0.7171098907779115
櫞,械,0.7017221870421743
櫞,櫎,0.7001859871956061
櫞,橱,0.6958624532629608
櫞,檞,0.6953691480762287
櫞,棵,0.6933303973063444
