char1,char2,similarity
櫗,櫗,1.0
櫗,櫰,0.7769898142169681
櫗,幭,0.771120940992994
櫗,檴,0.7579326940203435
櫗,欍,0.7516198462291631
櫗,模,0.7482257337896215
櫗,橂,0.7477651611569472
櫗,機,0.7442793937703988
櫗,榅,0.7417373986086282
櫗,檂,0.7403833912766483
