char1,char2,similarity
櫢,櫢,1.0
櫢,橔,0.7399984844597509
櫢,撒,0.7169604233921375
櫢,檓,0.7166488715924217
櫢,橵,0.7157240987491055
櫢,儆,0.7146050040411845
櫢,櫇,0.7097901972193021
櫢,橄,0.7079062108575017
櫢,橶,0.7053814133915572
櫢,襒,0.7048661820123173
