char1,char2,similarity
櫨,櫨,1.0
櫨,爐,0.8218929309084729
櫨,櫖,0.8198187572679284
櫨,攎,0.8071193911452984
櫨,櫉,0.7906285128770916
櫨,壚,0.787046970161881
櫨,獹,0.7859581003389858
櫨,櫃,0.781081599314408
櫨,櫪,0.7701741849098612
櫨,攄,0.76597631168323
