char1,char2,similarity
櫫,櫫,1.0
櫫,櫱,0.7506893760859922
櫫,槳,0.7392811435743004
櫫,槧,0.7364369722481895
櫫,橜,0.7328355932057524
櫫,稁,0.7256931886597874
櫫,槩,0.723995297329665
櫫,案,0.7222550895470109
櫫,椝,0.7207632775743598
櫫,槷,0.7204413157548369
