char1,char2,similarity
櫲,櫲,1.0
櫲,梻,0.7376120825805235
櫲,櫮,0.7375080940825065
櫲,櫳,0.7353971113709225
櫲,椢,0.7347281707119533
櫲,棞,0.7257829380308384
櫲,檝,0.724269177905299
櫲,橺,0.7233005970972757
櫲,椚,0.7228961939950899
櫲,櫞,0.7212172657329884
