char1,char2,similarity
櫹,櫹,1.0
櫹,欍,0.7677002431359753
櫹,檼,0.7583192292285248
櫹,橞,0.7506749819770552
櫹,橚,0.7472900659549727
櫹,椢,0.7468005635901946
櫹,檏,0.7420102283323606
櫹,楄,0.7382249846611366
櫹,櫗,0.7381660029492247
櫹,樠,0.7366170121778837
