char1,char2,similarity
櫺,櫺,1.0
櫺,櫑,0.7796598087323297
櫺,檵,0.7329175737167977
櫺,櫃,0.7226627975212141
櫺,櫨,0.7195541267120035
櫺,檲,0.7152133122223963
櫺,櫪,0.7131222197893247
櫺,槪,0.7095124086916926
櫺,樃,0.7092895504026029
櫺,櫦,0.7071693281982632
