char1,char2,similarity
櫸,櫸,1.0
櫸,欅,0.8346232152345312
櫸,棒,0.7817518367307243
櫸,橰,0.7636687785803096
櫸,捧,0.7490932699015415
櫸,襷,0.7474547896493776
櫸,桳,0.7459187778698633
櫸,樿,0.7417323223858093
櫸,榉,0.7399860961954547
櫸,橅,0.7346695750624757
