char1,char2,similarity
櫷,櫷,1.0
櫷,栩,0.7195770185592874
櫷,檭,0.7181062113094955
櫷,栅,0.7122906374111938
櫷,槽,0.7097959375041029
櫷,檓,0.7094420438001213
櫷,槸,0.7080529468421265
櫷,榔,0.7056203787921173
櫷,檫,0.7054732598092507
櫷,徿,0.705134778776009
