char1,char2,similarity
櫽,櫽,1.0
櫽,藳,0.7059107810539798
櫽,圚,0.6914640438995934
櫽,霣,0.6900856478509612
櫽,黡,0.6820223742404015
櫽,虆,0.6820039196650609
櫽,臞,0.6819442019250109
櫽,圕,0.6817159995912324
櫽,圏,0.6808903908622398
櫽,孁,0.6773024550348464
