char1,char2,similarity
櫵,櫵,1.0
櫵,爑,0.7743129184173903
櫵,欍,0.7631840122663787
櫵,栦,0.7395501308514009
櫵,櫀,0.7357721881242867
櫵,栭,0.7356518208770952
櫵,椻,0.7337281922072973
櫵,梄,0.7332933973515526
櫵,欑,0.7330017583345797
櫵,椵,0.732991519295238
