char1,char2,similarity
欁,欁,1.0
欁,櫯,0.7014780467679657
欁,橹,0.7007052065624587
欁,櫷,0.6980388211266718
欁,楫,0.694921616231548
欁,槲,0.6899733125318059
欁,树,0.6893373276964866
欁,槪,0.6892187432601186
欁,櫞,0.6865677299874194
欁,槸,0.6862642263483195
