char1,char2,similarity
欆,欆,1.0
欆,孇,0.7730909079554925
欆,愯,0.7395102912303252
欆,樽,0.72088893333964
欆,槽,0.7167671238779569
欆,愎,0.7148791656195225
欆,檀,0.7138174236073737
欆,愋,0.7114169344301879
欆,擆,0.7089094223915633
欆,檴,0.7072334800972763
