char1,char2,similarity
欃,欃,1.0
欃,纔,0.7673970741454277
欃,攙,0.762395665073982
欃,巉,0.759527320627307
欃,檳,0.7504527879646432
欃,檼,0.7471127294176734
欃,樌,0.7460731288333242
欃,檟,0.7442214917181065
欃,櫕,0.7441799377586618
欃,榁,0.7418646542771342
