char1,char2,similarity
欅,欅,1.0
欅,櫸,0.8346232152345312
欅,櫒,0.756945833810894
欅,橰,0.7543608995785153
欅,櫓,0.7453162266447542
欅,梈,0.7401545225409213
欅,椲,0.7397816726225536
欅,桻,0.7373362896788004
欅,棒,0.7372616954830891
欅,桛,0.736894559218803
