char1,char2,similarity
欀,欀,1.0
欀,檂,0.7945644548862636
欀,禳,0.7867621452077166
欀,纕,0.783436951213562
欀,櫘,0.7714720924225706
欀,櫶,0.7624377684840724
欀,橰,0.7621666476262717
欀,檁,0.7577221073067036
欀,槴,0.7552623550228276
欀,穠,0.7548743503562264
