char1,char2,similarity
欇,欇,1.0
欇,櫀,0.7523827464026984
欇,檽,0.7402984940806577
欇,樶,0.7391383069521532
欇,檈,0.734291478881615
欇,榀,0.7312077500297622
欇,橋,0.7286347548787724
欇,櫄,0.7285930982379889
欇,襵,0.7285305476921369
欇,欛,0.7282647529005596
