char1,char2,similarity
欉,欉,1.0
欉,檟,0.7613896106035783
欉,檽,0.7583859903221796
欉,櫓,0.7539116492822425
欉,樻,0.7533851934472158
欉,櫘,0.752523297367028
欉,櫍,0.7474910733371841
欉,樍,0.7466253562431443
欉,櫕,0.7463963790479433
欉,樌,0.7461222549469048
