char1,char2,similarity
欐,欐,1.0
欐,孋,0.7766064353086356
欐,躧,0.7605667974393692
欐,楕,0.7400342279442664
欐,襹,0.7377792272388958
欐,櫿,0.7375186043701462
欐,樝,0.7371601328081702
欐,欞,0.7349534260857501
欐,檐,0.7304346862486282
欐,楲,0.7292559415687013
