char1,char2,similarity
欏,欏,1.0
欏,儸,0.7782128523160483
欏,囉,0.7645501674990487
欏,玀,0.7553132207552382
欏,曪,0.7296182623884166
欏,椸,0.7247548180306652
欏,攞,0.7233803488093534
欏,檰,0.7229911462216386
欏,槸,0.7116545058346812
欏,檭,0.7107592548605439
