char1,char2,similarity
欈,欈,1.0
欈,瓗,0.8025888609006271
欈,蠵,0.782564404222609
欈,纗,0.7825239331180647
欈,儶,0.772268528630819
欈,柛,0.751504419876106
欈,樻,0.7510634887826229
欈,梱,0.7494118966848713
欈,橈,0.7465324628882091
欈,檺,0.7454068500414017
