char1,char2,similarity
欑,欑,1.0
欑,欍,0.7540892204898508
欑,櫕,0.7510630971072989
欑,巑,0.7483781742453128
欑,橮,0.7479154151820392
欑,臢,0.746072781284569
欑,樻,0.7426450671608358
欑,檳,0.7405985935256215
欑,襸,0.7380434832452757
欑,橫,0.7348404730785061
