char1,char2,similarity
欘,欘,1.0
欘,钃,0.7467547031504912
欘,樜,0.7441092787958388
欘,樚,0.7375377996934784
欘,楲,0.7365075033442937
欘,榩,0.7339978297873232
欘,楯,0.7328697466506078
欘,橋,0.7307131318167545
欘,棧,0.7292402665371317
欘,樆,0.7261350423295332
