char1,char2,similarity
欖,欖,1.0
欖,爦,0.7845411166608904
欖,欔,0.7571657701387849
欖,灠,0.7382220291680668
欖,櫍,0.7314533590989227
欖,橫,0.7312967221572647
欖,欛,0.7291147841099007
欖,欗,0.7276938230489882
欖,檳,0.7262819500529006
欖,櫻,0.7241361686722066
