char1,char2,similarity
欓,欓,1.0
欓,橰,0.7448922877727746
欓,橦,0.7431538450441051
欓,欞,0.7418366122314647
欓,槟,0.7317895145972974
欓,橨,0.7274669047933514
欓,樎,0.7235370821829836
欓,樻,0.7230371099444629
欓,檢,0.7230089471487048
欓,欑,0.7226743254086005
