char1,char2,similarity
欒,欒,1.0
欒,卛,0.7951513562108792
欒,奱,0.7879655397249701
欒,孌,0.7866169936439242
欒,槧,0.7231575813513283
欒,槩,0.7187287917418468
欒,樂,0.7135320836719913
欒,崬,0.7117525368580296
欒,椝,0.7109261596682086
欒,梥,0.7103110913454647
