char1,char2,similarity
欙,欙,1.0
欙,橖,0.7347089379077187
欙,橧,0.7277392351798818
欙,柡,0.7238451550448034
欙,杬,0.7217638778162675
欙,樜,0.7200717202334979
欙,枴,0.719470354843349
欙,柤,0.7180706957840359
欙,槾,0.7177877065556002
欙,枤,0.7148934299679892
