char1,char2,similarity
欔,欔,1.0
欔,蠼,0.7896934032550809
欔,欖,0.7571657701387849
欔,玃,0.7533440059248852
欔,躩,0.7493180745293267
欔,彏,0.742875609303623
欔,矡,0.7383815879132399
欔,柫,0.7338990534144099
欔,檳,0.7310862438736138
欔,欍,0.7293825389301625
