char1,char2,similarity
欢,欢,1.0
欢,炊,0.8400256315420097
欢,吹,0.795336810530139
欢,饮,0.7821133390292188
欢,扻,0.7707126659155403
欢,欥,0.7705881854746799
欢,弞,0.7667592366471896
欢,肷,0.7603778862399827
欢,坎,0.7474274277396431
欢,苁,0.746777484271093
