char1,char2,similarity
次,次,1.0
次,决,0.7603239421860373
次,冫,0.7577088121930103
次,坎,0.751809145991197
次,广,0.7517829774400903
次,泱,0.7502771647823686
次,丶,0.7501595270828945
次,丆,0.7490273205365714
次,乛,0.7469103349003702
次,农,0.7458933941012552
