char1,char2,similarity
欟,欟,1.0
欟,襯,0.7172668435218807
欟,椭,0.7066700706167852
欟,棚,0.7044890729883705
欟,櫇,0.6964008426918618
欟,橄,0.6949635038038531
欟,槪,0.690684968694181
欟,械,0.6904177374476835
欟,概,0.6890976765096526
欟,樃,0.6867924753132895
