char1,char2,similarity
欠,欠,1.0
欠,夫,0.8155779937328798
欠,仧,0.8096132421882012
欠,乀,0.8049958447857503
欠,夨,0.8046040210412311
欠,仌,0.7999581105062448
欠,夂,0.7982103987070152
欠,失,0.7935860809092249
欠,央,0.7920005913827128
欠,久,0.7911319770470904
