char1,char2,similarity
欜,欜,1.0
欜,攮,0.767740111811931
欜,樍,0.7457316676178901
欜,樌,0.7418070559158245
欜,樻,0.7367536232281918
欜,櫌,0.7364418173748336
欜,欞,0.7354414993081666
欜,饢,0.7342988821973336
欜,檟,0.7293491156883946
欜,樶,0.7288487127181931
