char1,char2,similarity
欤,欤,1.0
欤,钦,0.7918888325446314
欤,欣,0.7753935550418993
欤,欥,0.7648906859547832
欤,砍,0.756159586372885
欤,肷,0.7539742747939715
欤,软,0.7518530515731916
欤,饮,0.7479012162984419
欤,畝,0.7435508632487884
欤,欧,0.7391067313576758
