char1,char2,similarity
欝,欝,1.0
欝,欎,0.7212471228821055
欝,胄,0.6910777653418432
欝,警,0.6892960056402543
欝,礬,0.6784733119936147
欝,眚,0.6777001280762851
欝,责,0.6772627148868172
欝,膋,0.6769237450183825
欝,寋,0.6745099857383182
欝,雳,0.6740218397334296
