char1,char2,similarity
欩,欩,1.0
欩,欪,0.7926287414349981
欩,欨,0.755813908818768
欩,歜,0.7544875848438286
欩,歚,0.7538198103957824
欩,欬,0.7490236019932794
欩,歓,0.7485401697838615
欩,歌,0.7463370630269796
欩,欫,0.7461875312250028
欩,欦,0.7440033695657031
