char1,char2,similarity
欪,欪,1.0
欪,欩,0.7926287414349981
欪,欫,0.7783149935065428
欪,欨,0.7680205594500328
欪,欹,0.7539132376579879
欪,欬,0.7497518869431123
欪,歂,0.7437609624704933
欪,歚,0.7426279051964402
欪,欦,0.7423640783496536
欪,歃,0.741169432463981
