char1,char2,similarity
欭,欭,1.0
欭,欯,0.8076439819087334
欭,欴,0.7940823192572194
欭,欱,0.7899820777618873
欭,欶,0.7896837195032644
欭,欸,0.7843308811605837
欭,欵,0.7765834729609916
欭,欮,0.7722008139091358
欭,欽,0.7686712346588493
欭,歀,0.7684295623942657
