char1,char2,similarity
欬,欬,1.0
欬,欫,0.7595508529802734
欬,欨,0.7581302387478533
欬,欪,0.7497518869431123
欬,欩,0.7490236019932794
欬,歛,0.743528948304024
欬,歆,0.7362352339574755
欬,欦,0.7294107018969892
欬,歔,0.7285904424321038
欬,歡,0.7283584524712501
