char1,char2,similarity
欦,欦,1.0
欦,欹,0.7631886686824475
欦,欳,0.7596008850584905
欦,歄,0.7571211734321547
欦,欫,0.7565577634205275
欦,欿,0.7551794279795232
欦,欨,0.7541022262580506
欦,歆,0.748449981651078
欦,歈,0.7476387167854192
欦,歍,0.7469213948493748
