char1,char2,similarity
欫,欫,1.0
欫,欨,0.7900467600648061
欫,欪,0.7783149935065428
欫,欬,0.7595508529802734
欫,欦,0.7565577634205275
欫,歆,0.7520373875854521
欫,歛,0.7475000517874567
欫,欩,0.7461875312250028
欫,歍,0.7458299980329132
欫,欿,0.7449293673811779
