char1,char2,similarity
欯,欯,1.0
欯,欱,0.8640828827647364
欯,欴,0.8424010342464674
欯,欶,0.8162502783696266
欯,欭,0.8076439819087334
欯,欽,0.8035457965035229
欯,缼,0.7954772577390783
欯,歁,0.7949950311471298
欯,欻,0.7871397069877129
欯,欮,0.7828023385613979
