char1,char2,similarity
欹,欹,1.0
欹,歆,0.8261173866062237
欹,歚,0.7753431673510752
欹,欦,0.7631886686824475
欹,欿,0.7609181742031388
欹,攲,0.76012622833757
欹,欳,0.7601139750024857
欹,歍,0.7591892177814102
欹,敧,0.7586284703573467
欹,欪,0.7539132376579879
