char1,char2,similarity
欵,欵,1.0
欵,欮,0.8131701495056995
欵,欸,0.7958455500140523
欵,欱,0.7827270737617005
欵,歁,0.7801127753311289
欵,欭,0.7765834729609916
欵,欴,0.7702971590374947
欵,欻,0.7698592044401597
欵,欽,0.7676338273257417
欵,欯,0.7656827664248467
