char1,char2,similarity
欱,欱,1.0
欱,欯,0.8640828827647364
欱,欽,0.8242157387664171
欱,欴,0.8224754490824361
欱,欮,0.7914668701584748
欱,欸,0.7901804576327811
欱,欭,0.7899820777618873
欱,欵,0.7827270737617005
欱,欶,0.7802916567919728
欱,歀,0.7740290960253102
