char1,char2,similarity
欲,欲,1.0
欲,絘,0.7515918198135756
欲,栨,0.7462180786870766
欲,款,0.7416610467572095
欲,歇,0.7402544094523545
欲,歌,0.7386851377205954
欲,欿,0.7383289659855485
欲,欫,0.7338419191196517
欲,歄,0.7325078169287184
欲,歆,0.7320283402789443
