char1,char2,similarity
欷,欷,1.0
欷,歂,0.7766933711765132
欷,欳,0.7560380321240022
欷,歄,0.7535399402076126
欷,歆,0.7533440201511127
欷,歚,0.7525385189717925
欷,欦,0.7443161487187517
欷,歞,0.7432778765206272
欷,歕,0.7428375000395187
欷,歇,0.7419147586663531
