char1,char2,similarity
欶,欶,1.0
欶,欯,0.8162502783696266
欶,欴,0.812416904814584
欶,欻,0.7940554250901708
欶,欭,0.7896837195032644
欶,欽,0.7862740143295315
欶,欱,0.7802916567919728
欶,勅,0.7761952191576639
欶,歁,0.7735143934940282
欶,赖,0.7676516230513063
