char1,char2,similarity
款,款,1.0
款,歓,0.7519812530150491
款,歉,0.7495143665919313
款,欲,0.7416610467572095
款,欹,0.7355418471204451
款,歍,0.7308479277417282
款,欳,0.7294061869551112
款,歚,0.7255424815092276
款,歘,0.7251086098274325
款,欫,0.7249216630573175
