char1,char2,similarity
欺,欺,1.0
欺,欻,0.7829235031352655
欺,欱,0.7675082904409873
欺,欴,0.7663143703397659
欺,欸,0.7582710871091846
欺,缼,0.7515218453275603
欺,欯,0.7511192938139981
欺,飲,0.7487021790618879
欺,歏,0.7471183541500019
欺,歅,0.7446664967856012
