char1,char2,similarity
欽,欽,1.0
欽,欱,0.8242157387664171
欽,欯,0.8035457965035229
欽,欸,0.794784463052391
欽,欴,0.7937179374201847
欽,歁,0.7878060384882941
欽,欶,0.7862740143295315
欽,鈥,0.7860530358920413
欽,欮,0.7859694697289196
欽,歀,0.7767545415706396
