char1,char2,similarity
欼,欼,1.0
欼,毲,0.7778694114341294
欼,歘,0.7503239029177747
欼,歜,0.7493189781962788
欼,歕,0.7447049797023237
欼,欳,0.7446173923423822
欼,歂,0.7434181939077995
欼,歞,0.7433968287967087
欼,歑,0.7420036339834077
欼,歔,0.7380451740781413
