char1,char2,similarity
歃,歃,1.0
歃,歜,0.7444773368214957
歃,欪,0.741169432463981
歃,欫,0.7403310628292485
歃,歛,0.7384911782149357
歃,歙,0.7356131958630693
歃,欩,0.7325218085275113
歃,欨,0.726814239362009
歃,歍,0.7260785264359267
歃,欹,0.7248191720670398
