char1,char2,similarity
歉,歉,1.0
歉,欳,0.7627162388875282
歉,款,0.7495143665919313
歉,欰,0.7359047517446207
歉,鹣,0.7326608452288884
歉,絘,0.7312321386549209
歉,歑,0.7298040663283957
歉,歓,0.7213001468233974
歉,歈,0.7182727046862897
歉,欨,0.7135027293877224
