char1,char2,similarity
歈,歈,1.0
歈,龡,0.819152179074929
歈,欳,0.8146725371670683
歈,歄,0.7898351597479741
歈,歂,0.7881584066326801
歈,歒,0.7867670482447677
歈,欰,0.7821471219194583
歈,欿,0.7813474174055242
歈,歊,0.773842852424746
歈,歏,0.7584370694109523
