char1,char2,similarity
歊,歊,1.0
歊,歒,0.8133661559631227
歊,歏,0.7892860301511739
歊,歂,0.782074957509041
歊,欿,0.7820662832091982
歊,歈,0.773842852424746
歊,歄,0.7662116566421447
歊,欯,0.7642969196913434
歊,歕,0.7638504342039278
歊,歎,0.7613748629713631
