char1,char2,similarity
歌,歌,1.0
歌,歇,0.7502208781225103
歌,欩,0.7463370630269796
歌,歖,0.7445877179499287
歌,歕,0.7444523609217355
歌,欲,0.7386851377205954
歌,歊,0.7290075920283264
歌,絘,0.7281828125755438
歌,飲,0.7278505268079957
歌,歔,0.7269914945332008
