char1,char2,similarity
歍,歍,1.0
歍,欳,0.7642552104344141
歍,欹,0.7591892177814102
歍,歄,0.7584708288664394
歍,欿,0.7577410257027397
歍,歂,0.7520088794499467
歍,歚,0.7490790745501912
歍,歙,0.7476764138063978
歍,欦,0.7469213948493748
歍,欫,0.7458299980329132
