char1,char2,similarity
歄,歄,1.0
歄,歒,0.7986799178943743
歄,歈,0.7898351597479741
歄,欳,0.7884229963399811
歄,欿,0.7809405179919885
歄,歂,0.775293481466335
歄,歊,0.7662116566421447
歄,歍,0.7584708288664394
歄,歕,0.7572671372534069
歄,欦,0.7571211734321547
