char1,char2,similarity
歖,歖,1.0
歖,歏,0.7759506875648812
歖,歓,0.7747194978500922
歖,歒,0.7606335048493432
歖,歊,0.7592127160850309
歖,歂,0.7543781280254968
歖,歔,0.7526976189118407
歖,歑,0.7516553902809617
歖,歄,0.7501207638108858
歖,歘,0.7488112366206835
