char1,char2,similarity
歗,歗,1.0
歗,數,0.6995797051146312
歗,酞,0.69385886925351
歗,歋,0.6920534596148837
歗,鍁,0.6840045451825596
歗,愂,0.6838353225788866
歗,歠,0.6835957320920107
歗,噷,0.683406052292902
歗,惞,0.681576395067786
歗,齱,0.6809021601498931
