char1,char2,similarity
歕,歕,1.0
歕,歔,0.7954993116844971
歕,歂,0.7831065956090555
歕,歜,0.7704189746220819
歕,歒,0.7666469001002622
歕,歊,0.7638504342039278
歕,歘,0.7618972290563083
歕,歚,0.7618819333065738
歕,歄,0.7572671372534069
歕,歆,0.7516299538408807
