char1,char2,similarity
歏,歏,1.0
歏,歊,0.7892860301511739
歏,歎,0.7882254502065354
歏,歒,0.786952079727358
歏,觐,0.7804666016968455
歏,歖,0.7759506875648812
歏,欿,0.7670255966027094
歏,歈,0.7584370694109523
歏,歚,0.7505905457734313
歏,飮,0.7492635717993257
