char1,char2,similarity
歓,歓,1.0
歓,歖,0.7747194978500922
歓,歚,0.7664325661810293
歓,歡,0.7591256741886783
歓,款,0.7519812530150491
歓,欩,0.7485401697838615
歓,歄,0.7463274079541953
歓,欿,0.7449065943002272
歓,欳,0.7437869289842552
歓,歒,0.7416699293785115
