char1,char2,similarity
歑,歑,1.0
歑,歔,0.7996134683606627
歑,欳,0.7566650409341915
歑,赥,0.7560619360236928
歑,歈,0.7530628354926745
歑,歖,0.7516553902809617
歑,絘,0.7464408923253836
歑,歕,0.7446646633201174
歑,欼,0.7420036339834077
歑,歂,0.7406254457199393
