char1,char2,similarity
歔,歔,1.0
歔,歑,0.7996134683606627
歔,歕,0.7954993116844971
歔,觑,0.7811713014281595
歔,歘,0.7668557294797747
歔,歖,0.7526976189118407
歔,覷,0.7510104493819157
歔,歒,0.7474835258435314
歔,歊,0.7449551448144794
歔,歏,0.7430581242903778
