char1,char2,similarity
歒,歒,1.0
歒,歊,0.8133661559631227
歒,歂,0.8041094313543113
歒,歄,0.7986799178943743
歒,歏,0.786952079727358
歒,歈,0.7867670482447677
歒,龡,0.7743700818362681
歒,欳,0.7734102034144568
歒,欿,0.7714356098466831
歒,歕,0.7666469001002622
