char1,char2,similarity
歛,歛,1.0
歛,欫,0.7475000517874567
歛,斂,0.7463741472779251
歛,欬,0.743528948304024
歛,欩,0.7419588982286979
歛,歙,0.7415083344277957
歛,歟,0.7410236108501167
歛,劒,0.7397568577978959
歛,歋,0.7389731683058202
歛,歃,0.7384911782149357
