char1,char2,similarity
歜,歜,1.0
歜,歝,0.8118948400363569
歜,歟,0.7823255605183487
歜,歕,0.7704189746220819
歜,歙,0.7575627472719427
歜,欩,0.7544875848438286
歜,歞,0.7514688662580359
歜,欼,0.7493189781962788
歜,歇,0.7492085496383187
歜,歂,0.748318629054315
