char1,char2,similarity
歚,歚,1.0
歚,歆,0.7926062534025312
歚,欹,0.7753431673510752
歚,歓,0.7664325661810293
歚,歂,0.7650029525707124
歚,歕,0.7618819333065738
歚,欩,0.7538198103957824
歚,欷,0.7525385189717925
歚,欿,0.7513896390167124
歚,歏,0.7505905457734313
