char1,char2,similarity
歙,歙,1.0
歙,歜,0.7575627472719427
歙,欹,0.7516439696326505
歙,歆,0.7503526097774363
歙,歍,0.7476764138063978
歙,歛,0.7415083344277957
歙,歃,0.7356131958630693
歙,歔,0.7310136265551859
歙,欳,0.7273619022047975
歙,欬,0.7255368523673786
