char1,char2,similarity
歡,歡,1.0
歡,歓,0.7591256741886783
歡,觀,0.7572142170678314
歡,歟,0.7527999492566412
歡,歝,0.7491482786008089
歡,歜,0.7472368667002784
歡,颧,0.7428748115590197
歡,欳,0.7403625272313091
歡,歕,0.7392573310096803
歡,欨,0.7357554987991726
