char1,char2,similarity
歟,歟,1.0
歟,歜,0.7823255605183487
歟,歝,0.7694201980187872
歟,歂,0.7530714364122534
歟,歡,0.7527999492566412
歟,欳,0.7477265380988272
歟,歛,0.7410236108501167
歟,歚,0.739196060026553
歟,歆,0.7347912717052698
歟,歕,0.73134736825843
