char1,char2,similarity
歠,歠,1.0
歠,歋,0.7306180012054602
歠,歛,0.7047253672334421
歠,惞,0.7023476589296003
歠,歉,0.6837333886062393
歠,歗,0.6835957320920107
歠,唙,0.6818951216044229
歠,噷,0.6814400188135487
歠,歝,0.6798699194847605
歠,掀,0.6789608469609758
