char1,char2,similarity
歨,歨,1.0
歨,走,0.8282330516806179
歨,定,0.8021911522482457
歨,赱,0.801511726411926
歨,圡,0.7769147307264606
歨,卅,0.7726078945699444
歨,止,0.7724696019857873
歨,尗,0.7684359325445519
歨,士,0.7631961779343807
歨,土,0.7628160344104824
