char1,char2,similarity
此,此,1.0
此,儿,0.7967530513061069
此,乣,0.7934744174985938
此,北,0.7852902085955022
此,叱,0.7715398460116009
此,圠,0.7657130206363099
此,扎,0.7649331562227336
此,牝,0.7643144562422054
此,尣,0.7635391608715665
此,乢,0.7606673418781089
