char1,char2,similarity
歫,歫,1.0
歫,姖,0.7650826155716333
歫,組,0.7631708098611709
歫,比,0.7575397700578874
歫,臣,0.7571461669410323
歫,鮔,0.7561045828410295
歫,蚷,0.7516605248185552
歫,鉅,0.7504367968092244
歫,胆,0.7501349987806817
歫,巨,0.7437440025193977
