char1,char2,similarity
步,步,1.0
步,歩,0.8038786354800159
步,尗,0.7772756428636339
步,亍,0.7617874049173502
步,亅,0.7597895026706095
步,歨,0.7595825546650932
步,止,0.7570066950018277
步,亖,0.7486745335191507
步,卄,0.7483916853659858
步,丶,0.748031822510347
