char1,char2,similarity
歧,歧,1.0
歧,肢,0.7896157758948565
歧,衼,0.7828700799501903
歧,岐,0.7812799285269155
歧,技,0.7519392696192491
歧,攱,0.7507093434015492
歧,枝,0.7485353077533523
歧,蚑,0.7483359118139463
歧,跂,0.7432917482886696
歧,秓,0.742128328227689
