char1,char2,similarity
歯,歯,1.0
歯,齒,0.7869729866633678
歯,峃,0.7467604834597225
歯,苬,0.7464097244857574
歯,齿,0.743819232634804
歯,茜,0.7391826945354597
歯,當,0.7363499618171454
歯,苪,0.7310573318455578
歯,盲,0.7294329381187246
歯,兰,0.7294024665892146
