char1,char2,similarity
歱,歱,1.0
歱,踵,0.7915492731209153
歱,媑,0.7789223076253814
歱,鍾,0.7697411193262862
歱,喠,0.7511956151591349
歱,锺,0.7511302057913354
歱,種,0.74127025671315
歱,螼,0.7367198581751568
歱,緟,0.7365990176143219
歱,腫,0.7345448456734563
