char1,char2,similarity
歵,歵,1.0
歵,嫧,0.8261409993984242
歵,蹟,0.8108899831613227
歵,聵,0.8028896261215849
歵,鐀,0.787051340241191
歵,賾,0.7735782851360612
歵,饋,0.7664113773962916
歵,耫,0.7635883567368696
歵,鰿,0.7603256510710613
歵,膭,0.7536204270489844
