char1,char2,similarity
歲,歲,1.0
歲,歳,0.9011682568479737
歲,罭,0.7256421868509658
歲,屵,0.7108930797871766
歲,箴,0.7103832717915222
歲,貞,0.7103244352610981
歲,奯,0.708592186090111
歲,康,0.7051256676810904
歲,放,0.7024076599432938
歲,岜,0.7010971345298842
