char1,char2,similarity
歰,歰,1.0
歰,歮,0.7213419548407971
歰,兓,0.7007771712351949
歰,匚,0.6963202773753888
歰,卭,0.6903562688813095
歰,区,0.6898839054978854
歰,匝,0.6866140781450727
歰,肎,0.6850928037516427
歰,巸,0.6840784585265326
歰,叵,0.6835335044791754
