char1,char2,similarity
歭,歭,1.0
歭,卄,0.7527567442736601
歭,跱,0.7440736743882038
歭,歧,0.7360964572004552
歭,哈,0.7319347922296499
歭,偫,0.7281449079533066
歭,匀,0.7279194252628131
歭,鲟,0.7266696195659669
歭,乚,0.7222901764038782
歭,竍,0.7185681467431192
