char1,char2,similarity
歴,歴,1.0
歴,歷,0.7687207164520751
歴,厯,0.7572183963913046
歴,屜,0.7422307400088294
歴,屉,0.738515904655342
歴,厘,0.737367468405337
歴,塺,0.7368335074942369
歴,厜,0.733544535412283
歴,厪,0.7333064600801508
歴,屐,0.7312764574709661
