char1,char2,similarity
歶,歶,1.0
歶,藛,0.7365768580319081
歶,蔦,0.7318295708955858
歶,蒖,0.7245599715958404
歶,蕙,0.7235811943517256
歶,菷,0.7206351196750101
歶,貟,0.7164296666347483
歶,真,0.7139795945561446
歶,鴐,0.7129522173347013
歶,鸾,0.7111095722208362
