char1,char2,similarity
歼,歼,1.0
歼,升,0.795327789812725
歼,肝,0.7951305587118161
歼,奷,0.7950339559477447
歼,玕,0.7928234889027133
歼,矸,0.7845065733303324
歼,屽,0.7837347329605273
歼,阡,0.7814627005539699
歼,弙,0.7807342683780326
歼,孖,0.7802912324998387
