char1,char2,similarity
歿,歿,1.0
歿,殁,0.7631258832016183
歿,歽,0.7548678193314105
歿,殆,0.7232998489484478
歿,殄,0.7207086338365938
歿,砂,0.7182119691485002
歿,殠,0.7130819693947741
歿,殂,0.7073620983011157
歿,飱,0.7061858936296671
歿,段,0.7041614852916227
