char1,char2,similarity
死,死,1.0
死,无,0.7883857736952409
死,元,0.7849097092679059
死,兄,0.7748255851076248
死,尢,0.7717149799909923
死,兀,0.768707998792123
死,冗,0.7657801671545604
死,兒,0.7522376852016909
死,灭,0.751567882455676
死,允,0.7500579304621563
