char1,char2,similarity
歽,歽,1.0
歽,斫,0.8243355123993139
歽,所,0.7818531063406148
歽,妡,0.780987416302344
歽,昕,0.7685847075753236
歽,歿,0.7548678193314105
歽,祈,0.7522585732905993
歽,訢,0.7495656883377786
歽,矶,0.7494775205989064
歽,肵,0.7477995528802124
