char1,char2,similarity
殅,殅,1.0
殅,殌,0.7814795066965126
殅,姓,0.7771813757882716
殅,夝,0.7709334062572867
殅,徃,0.7679022738207876
殅,泩,0.7662375497942641
殅,栍,0.7638509754070029
殅,狌,0.7601128894511413
殅,殃,0.7582999705301149
殅,胜,0.7560053675223141
