char1,char2,similarity
殁,殁,1.0
殁,歿,0.7631258832016183
殁,段,0.7609230478427095
殁,坄,0.7429822149410472
殁,砓,0.7426219128173853
殁,吺,0.7395400180161573
殁,祋,0.7390427449422431
殁,杸,0.7361020293047572
殁,殶,0.7317131027705505
殁,歽,0.7316474220472212
