char1,char2,similarity
殄,殄,1.0
殄,昣,0.7942371911389348
殄,袗,0.7897341597812534
殄,胗,0.7837628761172344
殄,珍,0.7780147352139832
殄,畛,0.7651713606754557
殄,跈,0.7598610461183455
殄,診,0.7536783669559731
殄,殒,0.7513946146281993
殄,殇,0.745414077293515
