char1,char2,similarity
殃,殃,1.0
殃,姎,0.8124507439484546
殃,殎,0.7950195199014819
殃,岟,0.7890914830973583
殃,柍,0.7731492117859038
殃,秧,0.7729685142021454
殃,炴,0.7684089380275042
殃,坱,0.7671862222953338
殃,殅,0.7582999705301149
殃,怏,0.7535298277633372
