char1,char2,similarity
残,残,1.0
残,殅,0.7326341544286507
残,殈,0.7301896891304028
残,贱,0.7299994621961665
残,殡,0.7277062333332425
残,殘,0.7263202052676732
残,栈,0.7187605513461434
残,殁,0.7187182684858499
残,饯,0.7169170796510365
残,殠,0.7153677158747739
