char1,char2,similarity
殍,殍,1.0
殍,脬,0.7719516137675881
殍,垺,0.7698484449884297
殍,捊,0.7627933126444335
殍,蜉,0.761687405068626
殍,稃,0.7560240005546505
殍,娐,0.7550682730357718
殍,鋢,0.7473556959454141
殍,哹,0.7442161485674903
殍,妦,0.7360962251686618
