char1,char2,similarity
殊,殊,1.0
殊,咮,0.8041866586283822
殊,姝,0.8029102536860122
殊,殏,0.7830239711432656
殊,珠,0.771748962170664
殊,株,0.758994343013025
殊,妺,0.7466214299134228
殊,抹,0.7378277812992315
殊,陎,0.7359470033389485
殊,殔,0.7352741015369796
