char1,char2,similarity
殒,殒,1.0
殒,殞,0.7788215274859326
殒,殄,0.7513946146281993
殒,殇,0.7507322094816676
殒,殠,0.7426151750303307
殒,殰,0.7414143342541447
殒,殥,0.7394920503622493
殒,殀,0.73818518901719
殒,殚,0.7341729370328395
殒,殍,0.7341712564536059
