char1,char2,similarity
殝,殝,1.0
殝,臻,0.7943489710667432
殝,轃,0.780289707370963
殝,縥,0.762727051801378
殝,殠,0.762364868361966
殝,殗,0.7614325997370036
殝,殔,0.7608786302653716
殝,殣,0.7489630847654871
殝,腠,0.7488649781458548
殝,螓,0.7472943222385162
