char1,char2,similarity
殔,殔,1.0
殔,殏,0.7742844498861811
殔,殠,0.7662288363047156
殔,殐,0.7617404423930018
殔,殝,0.7608786302653716
殔,殀,0.7411762998129905
殔,殊,0.7352741015369796
殔,殦,0.7310229846121308
殔,殚,0.7235817511265639
殔,殗,0.7234838115154083
