char1,char2,similarity
殜,殜,1.0
殜,碟,0.8075879452322788
殜,殎,0.780821148276028
殜,牃,0.7717547219370373
殜,殀,0.7687647428241011
殜,殫,0.7658907227627544
殜,殐,0.7602858145393849
殜,殞,0.7599110194941243
殜,蝶,0.759155116020025
殜,殑,0.7504150780880906
