char1,char2,similarity
殗,殗,1.0
殗,硽,0.8005287386046057
殗,殕,0.7808021166512877
殗,腌,0.7663534811536963
殗,裺,0.7648609639318792
殗,殐,0.7623555406585799
殗,殝,0.7614325997370036
殗,砘,0.7475524958613077
殗,殣,0.7466838429220144
殗,殘,0.7463128599189053
