char1,char2,similarity
殚,殚,1.0
殚,弹,0.7608970948418756
殚,殐,0.7496414920195663
殚,殉,0.7425038712809914
殚,殏,0.7423656605606443
殚,椫,0.7375585377585395
殚,殄,0.735458779541541
殚,婥,0.7348367248560909
殚,掸,0.7343411608448803
殚,殒,0.7341729370328395
