char1,char2,similarity
殘,殘,1.0
殘,碊,0.8235457920594663
殘,諓,0.7908319697964068
殘,綫,0.7867802565793259
殘,棧,0.7708732134336509
殘,輚,0.7523883607676137
殘,殕,0.7516807853247777
殘,琖,0.75127048534081
殘,殗,0.7463128599189053
殘,歾,0.7421633019697853
