char1,char2,similarity
殛,殛,1.0
殛,弖,0.7122377995110781
殛,匪,0.7105151378881464
殛,匦,0.7099813053048297
殛,埋,0.7090550048347739
殛,嫟,0.7065235496124698
殛,婳,0.7037364748405618
殛,蓮,0.7007905890171313
殛,極,0.699738706267018
殛,洆,0.6994618308093263
