char1,char2,similarity
殤,殤,1.0
殤,殭,0.748525513271007
殤,殰,0.7449445338509795
殤,漡,0.7421350852938214
殤,傷,0.7313567014459025
殤,殞,0.7226043631298519
殤,殉,0.7170801810083182
殤,殌,0.7168820659768754
殤,蔳,0.7148558068027144
殤,殎,0.7143549652176112
