char1,char2,similarity
殟,殟,1.0
殟,殈,0.7624700827083963
殟,腽,0.762398807098559
殟,殙,0.7596068038257806
殟,殌,0.7583505527718349
殟,媪,0.7568931639840478
殟,塭,0.7547751928864405
殟,殀,0.7505016716420505
殟,褞,0.7487058691178302
殟,煴,0.7467737720407613
