char1,char2,similarity
殠,殠,1.0
殠,殔,0.7662288363047156
殠,殝,0.762364868361966
殠,糗,0.7594920512538268
殠,殀,0.7586841445044855
殠,嗅,0.7535824553505903
殠,殞,0.7488243891471116
殠,殎,0.743096275174488
殠,搝,0.742998686667689
殠,殒,0.7426151750303307
