char1,char2,similarity
殧,殧,1.0
殧,蹴,0.7883814060136478
殧,憱,0.7339696851552505
殧,殱,0.7274774799354373
殧,殲,0.7262692170372899
殧,嫰,0.6827891787848032
殧,熂,0.6797624174537753
殧,錻,0.6780204201543368
殧,惷,0.6737186624699872
殧,礅,0.6732575201283859
