char1,char2,similarity
殡,殡,1.0
殡,膑,0.7632998599718981
殡,殥,0.7556687056806293
殡,瑸,0.7399846191971325
殡,肂,0.7362145430425601
殡,篊,0.7348869060582519
殡,嫔,0.7343903987764444
殡,残,0.7277062333332425
殡,殃,0.722852426048676
殡,殝,0.7194669771074644
