char1,char2,similarity
殦,殦,1.0
殦,鴁,0.764592206479678
殦,殪,0.7572036675161588
殦,瑦,0.7388672413461556
殦,殥,0.7382948144772713
殦,殞,0.7348587500531945
殦,鳴,0.7331625207500421
殦,殔,0.7310229846121308
殦,殠,0.7302834667237076
殦,鴔,0.728957980103975
