char1,char2,similarity
殞,殞,1.0
殞,磒,0.7860939973680591
殞,殒,0.7788215274859326
殞,殰,0.7684892098701133
殞,碽,0.7644389490505792
殞,殜,0.7599110194941243
殞,殎,0.7541045105173558
殞,殠,0.7488243891471116
殞,殀,0.7479619596299915
殞,殥,0.7472672062150523
