char1,char2,similarity
殩,殩,1.0
殩,殠,0.7375059395275672
殩,殞,0.7374026288309818
殩,殬,0.7325122420188653
殩,殀,0.7154622898775967
殩,殝,0.7153580067357747
殩,燦,0.7153297629234323
殩,殜,0.7136856033495306
殩,殯,0.7088654064470845
殩,殎,0.708743797974215
