char1,char2,similarity
殬,殬,1.0
殬,釋,0.7969925099952083
殬,殫,0.7637169996756628
殬,驛,0.7545184415283714
殬,燡,0.75057910634112
殬,殞,0.7467990717523766
殬,鐸,0.7453745662164535
殬,繹,0.7371086356200514
殬,殭,0.7352647123561734
殬,檡,0.7326689994214199
