char1,char2,similarity
殪,殪,1.0
殪,嬄,0.7763753431652844
殪,殦,0.7572036675161588
殪,壹,0.7405643950082729
殪,撎,0.7363537330335488
殪,曀,0.7295870614511235
殪,饐,0.7267577561223952
殪,萢,0.7214967832197332
殪,殥,0.7175271144094657
殪,噎,0.7164361229213989
