char1,char2,similarity
殰,殰,1.0
殰,殭,0.7686266417755037
殰,殞,0.7684892098701133
殰,殌,0.7489540132050844
殰,殤,0.7449445338509795
殰,瓄,0.7439468714839202
殰,犢,0.7435827962612379
殰,殝,0.743302535339309
殰,襩,0.7418212294009906
殰,殒,0.7414143342541447
