char1,char2,similarity
段,段,1.0
段,砓,0.7906467855736486
段,杸,0.7622016580298367
段,坄,0.7617196870693801
段,殁,0.7609230478427095
段,竐,0.7548362220616813
段,吺,0.7508634962423094
段,殶,0.7446161211189212
段,祋,0.7400366142580631
段,設,0.7267271272909773
