char1,char2,similarity
殸,殸,1.0
殸,殻,0.8046685314502248
殸,殴,0.7603350648923587
殸,毃,0.7582900479066798
殸,毄,0.7548121678091299
殸,毀,0.7535092038862736
殸,殺,0.7528871478283561
殸,殹,0.7444646931850768
殸,般,0.7444616391420983
殸,叚,0.7402429455619909
