char1,char2,similarity
殺,殺,1.0
殺,毃,0.7843653935288099
殺,毀,0.774045287877135
殺,殹,0.7547451078385976
殺,殸,0.7528871478283561
殺,毇,0.7527478153176045
殺,骰,0.7440980376100749
殺,殽,0.7420624363131674
殺,殻,0.7387420032648717
殺,殴,0.7386388669720089
