char1,char2,similarity
殲,殲,1.0
殲,殱,0.9026668190154701
殲,孅,0.7718680781317321
殲,襳,0.758099952321747
殲,櫼,0.7390122151339934
殲,讖,0.737729776651321
殲,纖,0.7357278762732138
殲,纎,0.7338890270765468
殲,殧,0.7262692170372899
殲,懺,0.7213289921762628
