char1,char2,similarity
殹,殹,1.0
殹,毆,0.7855615552367975
殹,毀,0.7787532515440859
殹,殼,0.7717949412135034
殹,殴,0.7658859714187817
殹,殻,0.7550156637401991
殹,殺,0.7547451078385976
殹,毄,0.7533123371955408
殹,毃,0.7519924904926631
殹,殽,0.7497023059305014
