char1,char2,similarity
殽,殽,1.0
殽,殼,0.7873143902649857
殽,骰,0.7767690398720009
殽,毇,0.768927757234244
殽,殾,0.7679183956754382
殽,毃,0.760574241188692
殽,殹,0.7497023059305014
殽,毆,0.7482347202424905
殽,毀,0.7451491433999985
殽,榖,0.7444729332110327
