char1,char2,similarity
毁,毁,1.0
毁,吺,0.7539528513284004
毁,殴,0.7489052423956943
毁,股,0.7453110357304585
毁,殷,0.7406718882305079
毁,軗,0.7404962193689101
毁,羖,0.7333207582507876
毁,炈,0.7331960710962868
毁,殁,0.726281783363487
毁,鈠,0.7251804294158375
