char1,char2,similarity
毅,毅,1.0
毅,殺,0.7368937186256114
毅,般,0.7367608318954664
毅,殸,0.734253689589492
毅,殻,0.7340004105747517
毅,顡,0.7327813230203307
毅,毃,0.7322904659538985
毅,骰,0.7248839990576249
毅,绂,0.72443697091923
毅,殴,0.7144172325974709
