char1,char2,similarity
殿,殿,1.0
殿,轂,0.7416540438428234
殿,彀,0.7328822749747248
殿,瑴,0.7304927087117871
殿,毂,0.7274378550895007
殿,糓,0.7208282680661616
殿,榖,0.717041740413205
殿,嗀,0.7137896942566749
殿,瞉,0.7096783039154607
殿,豰,0.7092997820138992
