char1,char2,similarity
毂,毂,1.0
毂,瑴,0.7535992007358489
毂,彀,0.7439952008140618
毂,榖,0.7428097782554377
毂,嗀,0.7404476520306429
毂,縠,0.7283900709587037
毂,瞉,0.7282851717570533
毂,穀,0.7280936799600015
毂,殿,0.7274378550895007
毂,殼,0.7195229589433386
