char1,char2,similarity
每,每,1.0
每,毎,0.8408574960379342
每,寄,0.7818611173899501
每,氘,0.7492839129742999
每,氕,0.7433641643763048
每,气,0.7428476951950453
每,舟,0.7365810201474758
每,苺,0.7363158464588494
每,氖,0.7359123580668105
每,胄,0.7357029579367067
