char1,char2,similarity
毎,毎,1.0
毎,每,0.8408574960379342
毎,可,0.7482831712152317
毎,苺,0.747766373558567
毎,岳,0.7444939369628004
毎,寄,0.7374638803688153
毎,乎,0.7306230760249425
毎,一,0.7291340678441487
毎,伻,0.728912168535418
毎,灯,0.7285902951759975
