char1,char2,similarity
毉,毉,1.0
毉,瑿,0.7955056303942072
毉,畺,0.7405916990577512
毉,琧,0.7037646501694257
毉,罝,0.6933216662931381
毉,畫,0.692916105311833
毉,嫛,0.6890704157283797
毉,翳,0.6882080800357071
毉,豊,0.6869845767027392
毉,蟿,0.6868941617785634
