char1,char2,similarity
毐,毐,1.0
毐,更,0.7608535451721032
毐,责,0.7521438144765885
毐,寛,0.7462006678610188
毐,贵,0.7403821483198234
毐,牵,0.7388679184354895
毐,寈,0.7352703017892765
毐,亮,0.7300791378958386
毐,貞,0.7279719147858862
毐,肻,0.7249452545004185
