char1,char2,similarity
毗,毗,1.0
毗,岴,0.7702795752262909
毗,玑,0.7544373222340909
毗,甿,0.7527060954319194
毗,泚,0.7459764187633806
毗,眦,0.7451923095391854
毗,鈚,0.7441295693584611
毗,蚍,0.7414507474059129
毗,畸,0.7381844351818972
毗,屼,0.7377353728547222
