char1,char2,similarity
比,比,1.0
比,匚,0.7651833993920164
比,丶,0.7603635101867127
比,歫,0.7575397700578874
比,氏,0.7562933788014278
比,土,0.7561152734837849
比,芘,0.7558984738623603
比,刂,0.7558406245198741
比,亅,0.7550852532814007
比,止,0.7538145659971452
