char1,char2,similarity
毓,毓,1.0
毓,艈,0.7923145178400022
毓,鯍,0.7696461845931509
毓,旈,0.7297282774058863
毓,酼,0.7283252083471394
毓,舧,0.7116462941759808
毓,艆,0.7108924056380145
毓,鯮,0.7037158159648478
毓,舿,0.7036712816425833
毓,鰊,0.7013450756795551
