char1,char2,similarity
毙,毙,1.0
毙,壳,0.7383789984732446
毙,畁,0.7100974831068683
毙,夷,0.7056683099856412
毙,萖,0.7054032003246292
毙,庉,0.7050201271100888
毙,庘,0.7027686697474813
毙,光,0.7027601330277511
毙,庯,0.7023807876350678
毙,肓,0.7008968385403388
