char1,char2,similarity
毑,毑,1.0
毑,耻,0.734923599281857
毑,骲,0.7217685041336596
毑,趾,0.7183965632757574
毑,軳,0.7108696704075566
毑,浺,0.7084631905263927
毑,舱,0.7067840201993967
毑,靴,0.7037201905866485
毑,肚,0.703650469582937
毑,皰,0.7026454040782146
