char1,char2,similarity
毣,毣,1.0
毣,毠,0.8219065137947312
毣,毞,0.7706812826799114
毣,毟,0.7610366435917801
毣,翣,0.7549846952914023
毣,琧,0.7308503191902679
毣,翟,0.7287123880330867
毣,皇,0.7211344771940877
毣,罝,0.7082787311999672
毣,朤,0.7078636415783712
