char1,char2,similarity
毜,毜,1.0
毜,毝,0.7981552568002824
毜,毪,0.7691289105354776
毜,毬,0.7650926775592911
毜,毥,0.7576558767585497
毜,毩,0.7463631008223909
毜,毰,0.7456114676369784
毜,毢,0.742349983969317
毜,毸,0.7420564765675994
毜,毶,0.7407280822305377
