char1,char2,similarity
毞,毞,1.0
毞,毟,0.8337430773264607
毞,毠,0.7723318421232415
毞,毣,0.7706812826799114
毞,嵳,0.73769844554186
毞,巪,0.7190242478230279
毞,皇,0.7166649354547188
毞,崀,0.7149550798535711
毞,弯,0.7133616679854221
毞,直,0.7129198243036323
