char1,char2,similarity
毛,毛,1.0
毛,宅,0.7817549719302419
毛,卜,0.7699312047348664
毛,乇,0.7682275473318635
毛,丶,0.7556965177114376
毛,七,0.7518496308545366
毛,弋,0.7449382663231179
毛,丨,0.744682093750263
毛,乏,0.7411572518987909
毛,丆,0.7388293008932606
