char1,char2,similarity
毟,毟,1.0
毟,毞,0.8337430773264607
毟,毠,0.7879903057324326
毟,毣,0.7610366435917801
毟,阜,0.7173753332998701
毟,竜,0.7141385989741272
毟,省,0.7134842590299444
毟,弯,0.7085146143232408
毟,奄,0.7073629618393663
毟,亳,0.706676142073785
