char1,char2,similarity
毧,毧,1.0
毧,毨,0.8267762047186158
毧,毩,0.7955090905525722
毧,毯,0.7750774659947264
毧,毬,0.7733781163483066
毧,毺,0.7680781298503143
毧,毡,0.765509406671942
毧,毥,0.7612348954947779
毧,氇,0.7547850171458127
毧,氁,0.7531696557632165
