char1,char2,similarity
毫,毫,1.0
毫,亳,0.7753335396838253
毫,蓇,0.7318466749530526
毫,杗,0.729278901547841
毫,帝,0.7281903506356906
毫,棗,0.7276272034247007
毫,寈,0.7273628721062121
毫,悹,0.7270319094255759
毫,耄,0.7205119744662924
毫,盙,0.720035642522135
