char1,char2,similarity
毦,毦,1.0
毦,聏,0.7828471340656514
毦,毭,0.7799269809188194
毦,恥,0.7762833752066746
毦,耹,0.7637367278890208
毦,职,0.762776595166531
毦,聜,0.7626065854887316
毦,聛,0.7612646757490635
毦,聣,0.7572819382434263
毦,聢,0.7561626216604594
