char1,char2,similarity
毴,毴,1.0
毴,氁,0.7563429351468924
毴,毪,0.7547418972699352
毴,毱,0.7465895042412249
毴,毶,0.740342038628701
毴,氆,0.7395361215662152
毴,毺,0.7338190064168877
毴,毧,0.7317468006576767
毴,毰,0.7304328937023165
毴,毬,0.7279281493061709
