char1,char2,similarity
毶,毶,1.0
毶,毜,0.7407280822305377
毶,毴,0.740342038628701
毶,毰,0.7319459790410884
毶,毸,0.7294604120711976
毶,毥,0.7290758653383436
毶,毱,0.7251997101342772
毶,毬,0.7211511094190673
毶,氊,0.7208130743786224
毶,毝,0.7185346292765337
