char1,char2,similarity
毲,毲,1.0
毲,欼,0.7778694114341294
毲,鵽,0.7180473537355304
毲,毼,0.7064594077009972
毲,酕,0.7028788933301432
毲,敪,0.6915811679313045
毲,蚝,0.6826277897619142
毲,烥,0.677443432464812
毲,豇,0.6773908517406702
毲,肶,0.6768484691489066
