char1,char2,similarity
毮,毮,1.0
毮,扥,0.7570115105444424
毮,扡,0.7488448714447647
毮,把,0.7483010542107734
毮,拤,0.7295301686004966
毮,拆,0.7294950327394114
毮,捉,0.729265132429613
毮,抃,0.729225802111238
毮,扽,0.727468122275576
毮,找,0.7266253424357064
