char1,char2,similarity
毰,毰,1.0
毰,毥,0.7982626506231844
毰,毬,0.7875225033371047
毰,毱,0.7795372119044629
毰,毩,0.7773589875852467
毰,毺,0.7754750089848867
毰,毸,0.7641170785805123
毰,毯,0.7607336424920053
毰,氆,0.7519329193624775
毰,毢,0.751400335689804
