char1,char2,similarity
毯,毯,1.0
毯,毧,0.7750774659947264
毯,毥,0.7673765458483998
毯,毩,0.7631945751675846
毯,毨,0.7631335322407111
毯,毰,0.7607336424920053
毯,氇,0.7532619078803248
毯,毡,0.7526280909532628
毯,毱,0.7503573866225108
毯,毺,0.7497966978119975
