char1,char2,similarity
氀,氀,1.0
氀,毾,0.7583841147818444
氀,氈,0.7317460254349737
氀,氃,0.7284652566065071
氀,甊,0.7251830769141634
氀,毿,0.7239297127311396
氀,毻,0.7191507105699416
氀,氄,0.712711213230979
氀,氉,0.7020278973208928
氀,毹,0.6987313596817158
