char1,char2,similarity
氁,氁,1.0
氁,氇,0.7700602684633784
氁,毪,0.7679916256861263
氁,氊,0.7599207619920069
氁,毴,0.7563429351468924
氁,毧,0.7531696557632165
氁,毩,0.7480463448792234
氁,毡,0.7467607599887752
氁,氆,0.7463050156272969
氁,毱,0.7357734068939209
