char1,char2,similarity
毹,毹,1.0
毹,毾,0.7143456527837502
毹,氄,0.7056354392298568
毹,毻,0.7043011582035054
毹,毵,0.7015320303659413
毹,且,0.6999825525161568
毹,氀,0.6987313596817158
毹,旪,0.6965590656879418
毹,軞,0.6962431477974574
毹,氃,0.6960898702856128
