char1,char2,similarity
毺,毺,1.0
毺,毥,0.7955443287423611
毺,毰,0.7754750089848867
毺,毱,0.7681448995373269
毺,毧,0.7680781298503143
毺,毬,0.7577830992398441
毺,毨,0.755703896111175
毺,毩,0.7543665056821993
毺,氊,0.7513297728718538
毺,毸,0.7499890792919679
