char1,char2,similarity
氇,氇,1.0
氇,氁,0.7700602684633784
氇,毨,0.7669007612636933
氇,毥,0.7631324889059128
氇,氌,0.7595528117810256
氇,氆,0.7573126474234866
氇,毡,0.755052589263808
氇,毧,0.7547850171458127
氇,毬,0.754461935064601
氇,毩,0.7534357042420328
