char1,char2,similarity
氃,氃,1.0
氃,氈,0.7932287621440509
氃,氋,0.7497507975119216
氃,毿,0.7394306174996961
氃,毻,0.7383305736027609
氃,氄,0.7334229997870867
氃,氀,0.7284652566065071
氃,氉,0.718550261905253
氃,氍,0.704680735806384
氃,蘣,0.7038324814324446
