char1,char2,similarity
氅,氅,1.0
氅,幤,0.7350199215288706
氅,蹩,0.7325376602819746
氅,撆,0.7259419492406705
氅,亀,0.7138454363534035
氅,瞥,0.7057055885882977
氅,擎,0.7003071127186141
氅,睯,0.699166821182854
氅,拿,0.696723109074396
氅,耄,0.6966148817276052
