char1,char2,similarity
氉,氉,1.0
氉,氈,0.7594359124408538
氉,毿,0.7454450131178333
氉,毾,0.726687611008212
氉,氃,0.718550261905253
氉,毼,0.7143544704616496
氉,氀,0.7020278973208928
氉,毻,0.7006115086873427
氉,氎,0.6921175278953415
氉,氋,0.6889566594041782
