char1,char2,similarity
氂,氂,1.0
氂,荱,0.7609103396062715
氂,犛,0.7486312694839152
氂,詹,0.7323372338173969
氂,麾,0.716778856373144
氂,孷,0.716034904962031
氂,漦,0.7155757265412416
氂,亀,0.7148618502200352
氂,簹,0.7118495731317954
氂,罵,0.7113917199409534
