char1,char2,similarity
氄,氄,1.0
氄,毼,0.7589646812273501
氄,毾,0.7498188512888975
氄,氃,0.7334229997870867
氄,氈,0.7142032703284612
氄,氍,0.7134878746659581
氄,毻,0.7132216630280677
氄,氀,0.712711213230979
氄,毿,0.710759237071123
氄,毹,0.7056354392298568
