char1,char2,similarity
氍,氍,1.0
氍,戵,0.7654146671214547
氍,毵,0.7301352136098727
氍,氄,0.7134878746659581
氍,毼,0.7108187484582428
氍,毻,0.7100652272286716
氍,鹳,0.7093228528230073
氍,氃,0.704680735806384
氍,泚,0.6990480492175143
氍,犼,0.6981961694966934
