char1,char2,similarity
氏,氏,1.0
氏,氐,0.8554178515540347
氏,夭,0.7917882628090985
氏,无,0.7791324313760244
氏,斤,0.7720004019036661
氏,巳,0.7692306078923501
氏,天,0.7663811790880607
氏,円,0.7639014516197101
氏,士,0.7626018602318195
氏,厂,0.7623697732625484
