char1,char2,similarity
民,民,1.0
民,弖,0.7957901369598278
民,丟,0.7779224580888192
民,兒,0.7747090969936363
民,兎,0.7683180949724088
民,吊,0.7646115228857421
民,厇,0.7609725198610063
民,丐,0.7601418198321804
民,吕,0.7585248394236968
民,氏,0.7550004153845411
