char1,char2,similarity
氖,氖,1.0
氖,氚,0.7937471027489319
氖,忥,0.7838702273957847
氖,気,0.7752905402489227
氖,氙,0.7723293995554961
氖,氘,0.7721981154194948
氖,氩,0.7544533226401429
氖,帇,0.7474304670410187
氖,万,0.7462569797849921
氖,素,0.7432558344656689
