char1,char2,similarity
氜,氜,1.0
氜,氝,0.8327816495059464
氜,氞,0.8184907561704885
氜,氦,0.7875913746314774
氜,氤,0.7834428171303889
氜,氮,0.7804786445007408
氜,氥,0.7768218307110321
氜,氪,0.7691279338658497
氜,氣,0.7635444099283264
氜,氠,0.7614761260276763
