char1,char2,similarity
気,気,1.0
気,忥,0.7955771265426496
気,氖,0.7752905402489227
気,氩,0.7718384511116181
気,氚,0.7615053445540142
気,氛,0.7591523267720978
気,氢,0.746202171946003
気,氡,0.7408796065308503
気,氪,0.7401613642123209
気,元,0.7381116284885112
