char1,char2,similarity
氟,氟,1.0
氟,氪,0.8198619894390691
氟,氲,0.7977368076781448
氟,氤,0.7914334289272031
氟,氡,0.7865343878374832
氟,氩,0.7729874737806006
氟,氨,0.7688223993369965
氟,氢,0.7646229766400597
氟,氞,0.7639738460473748
氟,氦,0.7603658606099128
