char1,char2,similarity
氦,氦,1.0
氦,氤,0.8089223114980153
氦,氪,0.7989328389325052
氦,氞,0.7917830703220914
氦,氨,0.787963849243758
氦,氜,0.7875913746314774
氦,氝,0.779872423129117
氦,氢,0.7688520714391661
氦,氮,0.7637704752980575
氦,氲,0.7629361285993967
