char1,char2,similarity
氩,氩,1.0
氩,氟,0.7729874737806006
氩,気,0.7718384511116181
氩,氡,0.7690926318793109
氩,氢,0.7632176189860626
氩,氛,0.7627034752651655
氩,氪,0.7622386156280533
氩,氤,0.7580362416978683
氩,氖,0.7544533226401429
氩,忥,0.7529605056982985
