char1,char2,similarity
氡,氡,1.0
氡,氪,0.8065076976213464
氡,氟,0.7865343878374832
氡,氩,0.7690926318793109
氡,氤,0.7617015819236717
氡,氢,0.7612262881104631
氡,氲,0.7597161067703403
氡,氧,0.7561778480141017
氡,氜,0.7556828289949618
氡,氛,0.7467494694439988
