char1,char2,similarity
氧,氧,1.0
氧,氛,0.7806604113797676
氧,氢,0.7633980088072854
氧,氡,0.7561778480141017
氧,氤,0.7547043616224131
氧,氜,0.7501593249333529
氧,氟,0.749042514380912
氧,氪,0.7490402589587097
氧,氩,0.7481536241494114
氧,氞,0.7400978339321982
