char1,char2,similarity
氢,氢,1.0
氢,氲,0.7971544527433487
氢,氤,0.7947676639108553
氢,氪,0.7936516195952377
氢,氞,0.7792266424667029
氢,氨,0.7762037689479461
氢,氛,0.7743905401529999
氢,氦,0.7688520714391661
氢,氟,0.7646229766400597
氢,氧,0.7633980088072854
