char1,char2,similarity
氮,氮,1.0
氮,氜,0.7804786445007408
氮,氬,0.7788529282414816
氮,氞,0.7671705151384778
氮,氤,0.7670233271939226
氮,氝,0.7654691933795181
氮,氦,0.7637704752980575
氮,氣,0.7607539913204024
氮,氯,0.7505787844105948
氮,氥,0.7462414530093466
