char1,char2,similarity
氰,氰,1.0
氰,憙,0.7329156773027234
氰,寶,0.7265073526263018
氰,贏,0.7206705365691437
氰,賷,0.711385254563469
氰,氳,0.7097336129192371
氰,氱,0.7090782319173825
氰,簟,0.7087905482614906
氰,貳,0.7040998578034825
氰,帬,0.6993126363641423
