char1,char2,similarity
氬,氬,1.0
氬,氥,0.8332909173915223
氬,氣,0.824031084409005
氬,氫,0.8196886668521759
氬,氠,0.7843559461281688
氬,氮,0.7788529282414816
氬,氯,0.7685295714949097
氬,氝,0.7672220015394322
氬,氭,0.7668583375112943
氬,氞,0.7570797098927963
