char1,char2,similarity
氫,氫,1.0
氫,氥,0.8414045364161928
氫,氭,0.824776768450229
氫,氠,0.8246712090827986
氫,氬,0.8196886668521759
氫,氣,0.7849300620748962
氫,氯,0.7767652295275347
氫,責,0.7596631339432905
氫,氝,0.7528122503207414
氫,氜,0.7478340010934933
