char1,char2,similarity
氹,氹,1.0
氹,乪,0.7548852763488239
氹,匹,0.7369132591055088
氹,丬,0.732055166242531
氹,莝,0.7243440782781665
氹,巴,0.7226443156644267
氹,芏,0.7172061724341109
氹,茎,0.7169780519677873
氹,孔,0.7167409191780046
氹,小,0.7162668992586805
