char1,char2,similarity
水,水,1.0
水,术,0.8408903153603462
水,氺,0.8404121371438865
水,氷,0.8382459670933151
水,木,0.827970283197341
水,丨,0.8172023408077022
水,朩,0.7977417577926412
水,小,0.7909581266474801
水,本,0.7886371630040074
水,十,0.7854902036782515
