char1,char2,similarity
氻,氻,1.0
氻,汸,0.7826280867125772
氻,汈,0.781021963946025
氻,汒,0.7809334369524619
氻,氵,0.7729108601567656
氻,沪,0.7677429994672436
氻,氿,0.7675657653308274
氻,涄,0.7670534588778485
氻,汍,0.7659683143171255
氻,泬,0.7568958108136098
