char1,char2,similarity
氼,氼,1.0
氼,仌,0.8187815645420352
氼,仧,0.8013610638001898
氼,夫,0.7779801491837434
氼,芖,0.7767196366775315
氼,夊,0.7714102041787474
氼,欠,0.7683045907129725
氼,夬,0.7666649977790263
氼,丿,0.7650585947172345
氼,夹,0.761837991287826
