char1,char2,similarity
永,永,1.0
永,亅,0.7802936188069562
永,末,0.7786609566991546
永,东,0.7746182559054898
永,入,0.766285793039158
永,乐,0.7640613826593519
永,朱,0.7597775432775701
永,丨,0.7577607509836283
永,汆,0.7568163849349104
永,亠,0.7566602645584077
