char1,char2,similarity
氶,氶,1.0
氶,示,0.809696019763185
氶,氷,0.7976240391589888
氶,子,0.7932974425111673
氶,尗,0.7878153486356557
氶,了,0.7763247145120287
氶,孓,0.7749876453137315
氶,亍,0.7711172474600659
氶,孒,0.7686945861991751
氶,干,0.7665709933691308
