char1,char2,similarity
氺,氺,1.0
氺,水,0.8404121371438865
氺,术,0.8224624714635781
氺,木,0.8198256912185488
氺,氷,0.8171109790940383
氺,丨,0.816927499585007
氺,尗,0.7914459604392552
氺,小,0.791245312237239
氺,本,0.7879136952760529
氺,十,0.7875699253018682
