char1,char2,similarity
汃,汃,1.0
汃,仈,0.820806980974954
汃,汄,0.8098815915597668
汃,氿,0.8023100005734498
汃,泬,0.7845070965042252
汃,汎,0.7791318649824637
汃,氵,0.7766312525676542
汃,汏,0.7738957002499279
汃,汣,0.7717493789668946
汃,汍,0.7675378169555097
