char1,char2,similarity
汁,汁,1.0
汁,什,0.8410808824008479
汁,汢,0.838685993283048
汁,泮,0.832339999468951
汁,计,0.8310633466524334
汁,丬,0.814051218374482
汁,斤,0.8081713100247581
汁,冫,0.8081206509717717
汁,氵,0.8017166050454849
汁,圵,0.8004442868519083
