char1,char2,similarity
氾,氾,1.0
氾,汜,0.8406679671513092
氾,沍,0.8045915857816842
氾,泹,0.8040053060639241
氾,汒,0.7947785312803949
氾,泟,0.7882590359124094
氾,沮,0.7864317923206834
氾,況,0.7857017952283986
氾,汎,0.7828962752766342
氾,沢,0.782244255981337
