char1,char2,similarity
氿,氿,1.0
氿,仇,0.818891775015994
氿,汃,0.8023100005734498
氿,汎,0.8007330261671473
氿,汍,0.7909867319409611
氿,沇,0.785614070007977
氿,汒,0.7854278879800145
氿,氵,0.7836522227112691
氿,汄,0.783632429858582
氿,泚,0.7804810084053057
