char1,char2,similarity
汇,汇,1.0
汇,氵,0.8308393563848666
汇,卫,0.811923161171466
汇,辶,0.8089435304551317
汇,泪,0.8046342915193813
汇,洰,0.8023715322240662
汇,匸,0.8015923973067415
汇,汪,0.8015607019219867
汇,汒,0.7983370237942656
汇,厂,0.7900882711232611
