char1,char2,similarity
汄,汄,1.0
汄,汏,0.8392620838528935
汄,汃,0.8098815915597668
汄,八,0.8039746555307199
汄,氵,0.7983324224836054
汄,认,0.7941284368974627
汄,讠,0.7896127156953744
汄,汰,0.787326282921329
汄,沢,0.7850831756248076
汄,氿,0.783632429858582
