char1,char2,similarity
求,求,1.0
求,未,0.7913009812707393
求,末,0.7790683049807731
求,朱,0.7671630220810542
求,乛,0.7650180826434083
求,丨,0.7584776008944945
求,朮,0.7544775106608024
求,穴,0.7511419283686604
求,戊,0.7480474359427497
求,扌,0.7440434604597644
