char1,char2,similarity
汀,汀,1.0
汀,氵,0.8291631361184623
汀,厂,0.8209242696596978
汀,订,0.8119753611575117
汀,丌,0.8055900518602239
汀,讧,0.7967277139942145
汀,灴,0.7874967088153538
汀,玒,0.7870465887733269
汀,仃,0.786603965455208
汀,汙,0.7856061641556965
