char1,char2,similarity
汆,汆,1.0
汆,氽,0.8818077679287105
汆,汖,0.7866105499927885
汆,佘,0.7721101969038139
汆,屳,0.771085535050098
汆,尒,0.7608537730211528
汆,永,0.7568163849349104
汆,余,0.7566591878934318
汆,亅,0.7524597185541839
汆,宋,0.7519725695342425
