char1,char2,similarity
汐,汐,1.0
汐,沙,0.7757810760268237
汐,汷,0.763397668365145
汐,沪,0.7621310850709632
汐,氵,0.7600339531356823
汐,洨,0.7541167657117736
汐,户,0.7512111962062259
汐,沾,0.7512084130011407
汐,汣,0.74742615519864
汐,涘,0.7455677694558851
