char1,char2,similarity
汈,汈,1.0
汈,汅,0.8116460459648899
汈,汚,0.7989325472621187
汈,冂,0.7863585976138784
汈,汙,0.7844234047544809
汈,氵,0.7824935277800944
汈,沞,0.7811400550802463
汈,氻,0.781021963946025
汈,沄,0.780535578579811
汈,汘,0.7787198218794406
