char1,char2,similarity
汊,汊,1.0
汊,汉,0.8413265835895548
汊,汶,0.7818567390509922
汊,仅,0.7728510808649038
汊,议,0.7710312092190816
汊,反,0.7570425140530341
汊,厂,0.7496696530770565
汊,浃,0.7467048402714465
汊,仄,0.7466248341872613
汊,汣,0.7437837832466326
