char1,char2,similarity
汕,汕,1.0
汕,泏,0.8116527884666983
汕,沖,0.7946796210890325
汕,汢,0.7917030074466282
汕,讪,0.7797528218507682
汕,汁,0.7749444653952865
汕,油,0.774780708634093
汕,伷,0.7644381030014822
汕,疝,0.7628560935792945
汕,仙,0.761098456195148
