char1,char2,similarity
汙,汙,1.0
汙,汓,0.9109796585877123
汙,汘,0.9034098729223091
汙,汗,0.8929751629857506
汙,汿,0.8737178041783791
汙,泙,0.8167004228276755
汙,泘,0.8148866373030325
汙,仟,0.8102001553646798
汙,讦,0.8064757278223776
汙,泟,0.8039781258616453
