char1,char2,similarity
汔,汔,1.0
汔,吃,0.7762003259529097
汔,泃,0.7725080631419357
汔,汋,0.7722018136565816
汔,沧,0.7598856171746247
汔,广,0.759330133895231
汔,汮,0.7547597896860556
汔,沆,0.7522040170131126
汔,汶,0.7519444776297122
汔,氵,0.7496867644148946
