char1,char2,similarity
汖,汖,1.0
汖,氽,0.8023186113733216
汖,汆,0.7866105499927885
汖,岦,0.7674997105516645
汖,丨,0.7661326507158992
汖,汞,0.7618516888587585
汖,小,0.7604378801756216
汖,亅,0.7586246823027153
汖,来,0.7585485939272391
汖,主,0.7534298444236261
