char1,char2,similarity
汗,汗,1.0
汗,汙,0.8929751629857506
汗,汘,0.8698613302341739
汗,汓,0.8494127583849159
汗,泙,0.8338598210906678
汗,泘,0.8200928548410058
汗,汿,0.8151644113352866
汗,仟,0.8083517013776365
汗,仔,0.8007131887936525
汗,沣,0.7986044978241257
