char1,char2,similarity
汚,汚,1.0
汚,汈,0.7989325472621187
汚,沜,0.7898405402231707
汚,沍,0.7880483316393865
汚,汓,0.7871951004142236
汚,汅,0.7844237519929562
汚,污,0.7821720437802485
汚,氵,0.7792810415653442
汚,汿,0.7727320442841143
汚,用,0.77259315286041
