char1,char2,similarity
汞,汞,1.0
汞,呆,0.7805484923658009
汞,泶,0.7792782836314038
汞,荥,0.7739834541591061
汞,太,0.7680009158257329
汞,萊,0.762891953569657
汞,汖,0.7618516888587585
汞,了,0.7598957501027791
汞,平,0.7537282222337275
汞,用,0.7525654780428322
