char1,char2,similarity
汜,汜,1.0
汜,氾,0.8406679671513092
汜,況,0.7951033707791842
汜,泿,0.7811795562601069
汜,洰,0.78066267534208
汜,沮,0.7758021738889409
汜,汇,0.7713159194686583
汜,泹,0.7680479685362668
汜,泟,0.7678707035938198
汜,尼,0.7668040016923375
