char1,char2,similarity
池,池,1.0
池,他,0.7985722056065587
池,汁,0.7829146005658175
池,洼,0.7760909899657625
池,泄,0.7686561042529855
池,沌,0.7634884261188256
池,汕,0.7579741966772031
池,沐,0.757595998109315
池,让,0.7545098591764043
池,汢,0.7544947445969411
