char1,char2,similarity
江,江,1.0
江,汪,0.8698765025319208
江,汢,0.813488409979509
江,仼,0.8107773531575205
江,氵,0.8063525879066399
江,匸,0.8017602857464593
江,茳,0.7987356157856493
江,注,0.79288573333213
江,儿,0.7913047853121307
江,汇,0.7900781733982584
