char1,char2,similarity
污,污,1.0
污,活,0.7897840167629937
污,汚,0.7821720437802485
污,汅,0.7803640897078379
污,弓,0.778915286105651
污,圬,0.7764483233108402
污,话,0.7743310050374659
污,泻,0.7734099928152541
污,厂,0.7726374567933152
污,亏,0.7698640660957989
