char1,char2,similarity
汫,汫,1.0
汫,洴,0.8032137076244567
汫,汍,0.774028170361361
汫,阱,0.7739225671234812
汫,汼,0.773374870785228
汫,讲,0.769864879429273
汫,沜,0.7665530405694612
汫,汸,0.7611577341927104
汫,氵,0.7602280297436407
汫,泋,0.7589081489002918
