char1,char2,similarity
汭,汭,1.0
汭,讷,0.8371609218247317
汭,沖,0.8086398530260552
汭,泂,0.7842626705991207
汭,抐,0.7683662345506819
汭,沺,0.7586526515288147
汭,汋,0.7582270715094152
汭,沪,0.7541084324668756
汭,沣,0.7540764052703732
汭,泋,0.7498013920592769
