char1,char2,similarity
汨,汨,1.0
汨,沺,0.7813133304581455
汨,旧,0.7769968735310574
汨,汇,0.7769663781847321
汨,门,0.7745029411686948
汨,妇,0.7699314220405526
汨,们,0.7697921226128174
汨,汌,0.7683581782099956
汨,泪,0.7664395592792979
汨,氵,0.7587542290597045
