char1,char2,similarity
汧,汧,1.0
汧,汎,0.7903960449435666
汧,汓,0.7877844694964983
汧,沍,0.7803693666005976
汧,汸,0.7742347799920986
汧,汚,0.7717698740665265
汧,氿,0.7693917140983821
汧,汙,0.7686827069817274
汧,沑,0.7685665257015344
汧,洴,0.7668829445318391
