char1,char2,similarity
汬,汬,1.0
汬,荥,0.7956044073484202
汬,柬,0.7953530596134367
汬,荣,0.7815208488031731
汬,茶,0.7647303092488481
汬,某,0.7497413310031554
汬,茱,0.748388071888402
汬,萊,0.7463997315520042
汬,莱,0.7460469833859212
汬,茉,0.7421575153815628
