char1,char2,similarity
汮,汮,1.0
汮,汋,0.8902274036172142
汮,泃,0.8596544754103626
汮,沕,0.8344522639511952
汮,沟,0.8238321549569654
汮,泎,0.77198029893017
汮,沵,0.761766751820465
汮,灼,0.7610728071458784
汮,沪,0.7582535792317653
汮,伨,0.7575641051395618
