char1,char2,similarity
汦,汦,1.0
汦,沺,0.7752350060408736
汦,泛,0.7687826885589918
汦,況,0.7660478858944902
汦,洸,0.7627318487190476
汦,泟,0.7619247425123242
汦,汘,0.7611875634126796
汦,氵,0.7597853504111822
汦,汇,0.7594469663357075
汦,沘,0.7590895062420214
