char1,char2,similarity
汴,汴,1.0
汴,氵,0.8133991659770092
汴,注,0.7808287777388148
汴,沐,0.7799782071999692
汴,泍,0.7792583882896345
汴,忭,0.7768917965232359
汴,江,0.7758117558226061
汴,讣,0.7696959670048148
汴,体,0.7678368447395109
汴,汼,0.7643616080162923
