char1,char2,similarity
汵,汵,1.0
汵,坅,0.8131708123202827
汵,扲,0.7996286613027149
汵,枔,0.7846151731160268
汵,氵,0.7776429408364781
汵,忴,0.7751713402097332
汵,钤,0.7726272635195299
汵,汚,0.7715597552085178
汵,衿,0.7679704812080763
汵,汓,0.7658037835443722
