char1,char2,similarity
汷,汷,1.0
汷,汣,0.7906104884300433
汷,攻,0.7814019662263909
汷,汍,0.7786411145187102
汷,洨,0.7743253062374774
汷,汋,0.7709180030261238
汷,沒,0.7699406489112315
汷,坆,0.7694531615786825
汷,氵,0.7637686201274112
汷,汶,0.7636845152255349
