char1,char2,similarity
汹,汹,1.0
汹,酒,0.7595473703651647
汹,洞,0.7527793956445401
汹,洇,0.7464591576913407
汹,泅,0.7444369468923836
汹,洒,0.7443616853473412
汹,涸,0.733859307110932
汹,溜,0.7306303813403003
汹,湎,0.729652181855306
汹,涵,0.7293448277548891
