char1,char2,similarity
汸,汸,1.0
汸,坊,0.7855849412216219
汸,氻,0.7826280867125772
汸,汧,0.7742347799920986
汸,汍,0.77036660764741
汸,访,0.7686089909058136
汸,汏,0.7627418221293116
汸,沇,0.7626451589049058
汸,氵,0.7617368464848613
汸,汫,0.7611577341927104
