char1,char2,similarity
汰,汰,1.0
汰,汏,0.8292381346011374
汰,汄,0.787326282921329
汰,呔,0.7815581919569232
汰,汝,0.7601053022341432
汰,沋,0.7570337672915615
汰,认,0.7558815846957043
汰,汱,0.7526470906134848
汰,片,0.7497715967592002
汰,忲,0.748649094014303
