char1,char2,similarity
沀,沀,1.0
沀,朾,0.7458108983678282
沀,沝,0.74026163501591
沀,卄,0.7372246514393015
沀,魣,0.7342965190584709
沀,紆,0.7314802190838283
沀,幵,0.7304878467822267
沀,杄,0.7286825703039352
沀,杅,0.7285467752506077
沀,舒,0.7274685957858563
