char1,char2,similarity
汼,汼,1.0
汼,泩,0.8456855848546933
汼,汻,0.816446314186137
汼,沖,0.808807277994023
汼,氵,0.7927797014960056
汼,寸,0.7803476548237149
汼,汫,0.773374870785228
汼,徃,0.7733334389905195
汼,许,0.7730916684318603
汼,汌,0.7719025545512954
