char1,char2,similarity
決,決,1.0
決,涋,0.8148260106057428
決,泱,0.8145965054506709
決,泆,0.795673276517649
決,注,0.790083824903106
決,浂,0.7883224931177589
決,抉,0.7834180044196316
決,诀,0.7828096576214433
決,块,0.7797124030566591
決,浃,0.7793095471900664
