char1,char2,similarity
汻,汻,1.0
汻,汼,0.816446314186137
汻,许,0.8111364807228983
汻,泙,0.8029747274820382
汻,氵,0.7963652694634159
汻,浶,0.7957083010614021
汻,泞,0.7895376213329904
汻,泎,0.7824598811403377
汻,泘,0.7814961296187881
汻,洠,0.7803002242933532
