char1,char2,similarity
汽,汽,1.0
汽,气,0.7727174763859175
汽,冫,0.7703659653517494
汽,汛,0.7682917736948506
汽,产,0.765823996896674
汽,氵,0.7625257647868059
汽,忾,0.7620137280458212
汽,浡,0.7567206787197652
汽,冖,0.7541999042461216
汽,八,0.7539607983964046
