char1,char2,similarity
沈,沈,1.0
沈,沋,0.7877171212673661
沈,洸,0.7790217077048958
沈,注,0.7728573025207627
沈,沆,0.7720780146972653
沈,抌,0.7709176303758427
沈,汥,0.7691038717989298
沈,沇,0.7685315040668745
沈,沌,0.7649990269095867
沈,诜,0.7639930844877574
