char1,char2,similarity
沆,沆,1.0
沆,汶,0.8036000835045763
沆,坑,0.8013525435728801
沆,抗,0.7990464535445635
沆,泣,0.7899455077366955
沆,沉,0.7890439650110058
沆,泬,0.7878786579507888
沆,忼,0.7821357738704267
沆,沅,0.7817372356279972
沆,伉,0.7814328459798999
