char1,char2,similarity
沅,沅,1.0
沅,況,0.8246095332805878
沅,沃,0.7920506170530363
沅,亍,0.7917013502119113
沅,沇,0.790122546395479
沅,沂,0.7878206609394799
沅,沉,0.785186407690339
沅,汉,0.7835799590115803
沅,沆,0.7817372356279972
沅,淣,0.7787815601003404
