char1,char2,similarity
沋,沋,1.0
沋,汱,0.8136435261820332
沋,汏,0.8080002126214194
沋,扰,0.8057321845138853
沋,沈,0.7877171212673661
沋,沘,0.7854652137416088
沋,況,0.7819270463103073
沋,忧,0.7818885935035853
沋,沇,0.7793343655133979
沋,沚,0.779017741372479
