char1,char2,similarity
沇,沇,1.0
沇,汣,0.7967653922912287
沇,汏,0.7929799336001556
沇,沅,0.790122546395479
沇,狁,0.7862348149389599
沇,氿,0.785614070007977
沇,抁,0.7825123692327837
沇,況,0.7802786595822991
沇,沋,0.7793343655133979
沇,沚,0.7751763629415489
