char1,char2,similarity
沗,沗,1.0
沗,录,0.7640807797075714
沗,秂,0.7501961187158566
沗,乖,0.7459321460313912
沗,蚕,0.7426382786301325
沗,秀,0.7400447611873548
沗,予,0.737903155264243
沗,彔,0.7353627208498743
沗,乘,0.730954084861559
沗,果,0.7304932012290859
