char1,char2,similarity
沐,沐,1.0
沐,泍,0.8385287456258967
沐,沭,0.8245092567068478
沐,汁,0.7839982816060522
沐,休,0.7813976243026667
沐,沽,0.7812269974153992
沐,汴,0.7799782071999692
沐,才,0.7745473355134171
沐,涬,0.7711482446488013
沐,油,0.7681444083672654
