char1,char2,similarity
沕,沕,1.0
沕,汋,0.8392749704070093
沕,汮,0.8344522639511952
沕,泃,0.8101666977347254
沕,沟,0.789529335262313
沕,吻,0.7633982219007248
沕,泎,0.7584726068034843
沕,汈,0.748716474529065
沕,沵,0.7474466465365824
沕,汤,0.7455052803873907
