char1,char2,similarity
沑,沑,1.0
沑,沄,0.8006712618092633
沑,沍,0.7865544091760612
沑,況,0.7813068992415447
沑,泹,0.7746756501512067
沑,汅,0.7726954027771683
沑,汈,0.7712117516878445
沑,汧,0.7685665257015344
沑,氾,0.7674983632259349
沑,汙,0.7652257677720987
