char1,char2,similarity
沓,沓,1.0
沓,音,0.8134098952629116
沓,沯,0.8002870850070032
沓,峕,0.7875797372852817
沓,畓,0.7856798327048438
沓,旮,0.784899541687073
沓,呇,0.7767927782841704
沓,昝,0.7744177301269357
沓,泴,0.773770198043421
沓,咅,0.7637581145836309
