char1,char2,similarity
沟,沟,1.0
沟,泃,0.8530223138334876
沟,汮,0.8238321549569654
沟,汋,0.8231435582179322
沟,沕,0.789529335262313
沟,沖,0.765566057458547
沟,沪,0.7537443316644697
沟,沈,0.7482163959225125
沟,氵,0.745906251629792
沟,伨,0.7425088566479621
