char1,char2,similarity
沙,沙,1.0
沙,汐,0.7757810760268237
沙,浊,0.7635952936692052
沙,汁,0.7515387800818395
沙,注,0.7498065899442393
沙,泱,0.7494090822863066
沙,仯,0.7489897246115845
沙,泞,0.7487000991252795
沙,泸,0.7482997279407695
沙,渉,0.7464547523801687
