char1,char2,similarity
沚,沚,1.0
沚,沘,0.8084385809665253
沚,沎,0.7961792745478631
沚,氵,0.7926559880578298
沚,汒,0.7914770331490419
沚,址,0.7860610682027116
沚,沋,0.779017741372479
沚,沇,0.7751763629415489
沚,沜,0.7737146621320028
沚,泟,0.772994704711756
