char1,char2,similarity
沣,沣,1.0
沣,沖,0.812768172508632
沣,仹,0.8006677461937253
沣,汗,0.7986044978241257
沣,汘,0.7965031519487801
沣,浶,0.7907655900954061
沣,沬,0.7875184739653264
沣,玤,0.7860165180308086
沣,怑,0.7833357428470519
沣,汙,0.7829193614497885
