char1,char2,similarity
沪,沪,1.0
沪,氵,0.7953344044936261
沪,泬,0.7857338334933894
沪,沂,0.783498913904287
沪,泞,0.7817707667826246
沪,坾,0.7788394837207823
沪,洀,0.7779740700613198
沪,沜,0.7766809055543978
沪,沖,0.7750657799964156
沪,汋,0.7735854516178177
