char1,char2,similarity
沩,沩,1.0
沩,汏,0.7547358686899279
沩,汰,0.7452329099455867
沩,沭,0.7433336883834648
沩,氻,0.7377274836103548
沩,泀,0.7373990303579216
沩,泲,0.7343976683059296
沩,沟,0.7328384907990476
沩,沋,0.7307422829112893
沩,泃,0.7303791474876403
