char1,char2,similarity
沬,沬,1.0
沬,沫,0.8330815661000057
沬,佅,0.8149618754732323
沬,洣,0.7963985122633163
沬,淶,0.7886667302972261
沬,沣,0.7875184739653264
沬,浨,0.7864416129642282
沬,味,0.7856114513543248
沬,洡,0.7777465548814442
沬,抺,0.7732514146001696
