char1,char2,similarity
沵,沵,1.0
沵,沶,0.7796236100382214
沵,汋,0.7778288259774285
沵,珎,0.7773053326818103
沵,汻,0.7667937233184096
沵,沖,0.7639780340875264
沵,泎,0.7623372594072804
沵,汮,0.761766751820465
沵,沞,0.761332072285182
沵,汿,0.7603799812301999
