char1,char2,similarity
沭,沭,1.0
沭,沐,0.8245092567068478
沭,洣,0.7605596936078162
沭,汴,0.7573557714881595
沭,涬,0.7532769264378406
沭,泳,0.752254802181004
沭,浗,0.7522348574229557
沭,汁,0.7521822506176842
沭,泍,0.7498363075084875
沭,达,0.749197263243898
