char1,char2,similarity
沴,沴,1.0
沴,洽,0.779834521784495
沴,泠,0.7770131995939822
沴,诊,0.7727776508536759
沴,浍,0.7534773603575506
沴,沧,0.7529900299291272
沴,淪,0.7501835483132899
沴,沦,0.7491549129354025
沴,洤,0.7442156618226912
沴,治,0.742498597149108
