char1,char2,similarity
沱,沱,1.0
沱,泞,0.782159017938694
沱,淧,0.7707915716491024
沱,佗,0.77033628732079
沱,氵,0.7692315316656326
沱,坨,0.7688298923500868
沱,沈,0.7597693164797585
沱,浤,0.7544895451522454
沱,浶,0.7515251625385961
沱,汇,0.7487024708796769
