char1,char2,similarity
沽,沽,1.0
沽,估,0.8099358598839679
沽,泊,0.7948492165880919
沽,洁,0.7919105308840483
沽,油,0.7831454247130767
沽,沐,0.7812269974153992
沽,泔,0.7811799457851966
沽,沾,0.7791571707744819
沽,咕,0.7758344980624315
沽,治,0.7753254155437512
