char1,char2,similarity
沿,沿,1.0
沿,治,0.8052162381906454
沿,洐,0.7718743506002582
沿,洦,0.7644613588537077
沿,沼,0.7623209340146401
沿,沜,0.7607711078839076
沿,泔,0.7575720162838555
沿,汚,0.7559199898238319
沿,诒,0.7551925440037572
沿,沽,0.7548642855649769
