char1,char2,similarity
沼,沼,1.0
沼,洦,0.7941331334956714
沼,诏,0.78862048728229
沼,沰,0.7633814851665331
沼,沿,0.7623209340146401
沼,怊,0.7612735329937776
沼,佋,0.7578140991650252
沼,浴,0.7566886666244559
沼,洺,0.7527364204033239
沼,汈,0.7526521592881238
