char1,char2,similarity
治,治,1.0
治,沿,0.8052162381906454
治,诒,0.799183794874083
治,洽,0.7956808827623705
治,活,0.7859993629368546
治,沽,0.7753254155437512
治,浛,0.7715280898785719
治,沾,0.7683460460798851
治,淪,0.7649454691611446
治,泊,0.7620807045863675
