char1,char2,similarity
況,況,1.0
況,沅,0.8246095332805878
況,汜,0.7951033707791842
況,淣,0.7901481802806308
況,氾,0.7857017952283986
況,泿,0.7838927731955435
況,洸,0.7835332023744326
況,沋,0.7819270463103073
況,沑,0.7813068992415447
況,涚,0.7810047691322437
