char1,char2,similarity
泂,泂,1.0
泂,泀,0.8383675465782859
泂,沺,0.8343169829417246
泂,炯,0.7872089880349281
泂,汭,0.7842626705991207
泂,洏,0.7787323903845711
泂,堈,0.7723175902301063
泂,洰,0.762450200368312
泂,垧,0.7624471088188364
泂,浀,0.7604098817951065
