char1,char2,similarity
泆,泆,1.0
泆,浂,0.7973912144113106
泆,決,0.795673276517649
泆,佚,0.7826655497651525
泆,涋,0.7820625075581787
泆,汣,0.7792120752309973
泆,吷,0.7725622188073046
泆,法,0.7680044606652584
泆,怢,0.765476616398432
泆,泧,0.7615428228155626
