char1,char2,similarity
泃,泃,1.0
泃,汮,0.8596544754103626
泃,汋,0.8542747216098324
泃,沟,0.8530223138334876
泃,沕,0.8101666977347254
泃,泎,0.7985270608505469
泃,泀,0.7833099807851208
泃,汔,0.7725080631419357
泃,沖,0.7637162864320981
泃,汻,0.7629993711529207
