char1,char2,similarity
泎,泎,1.0
泎,作,0.8196573030095535
泎,汋,0.8004071383900903
泎,泃,0.7985270608505469
泎,诈,0.7874631557912155
泎,氵,0.7869782622073077
泎,汻,0.7824598811403377
泎,汮,0.77198029893017
泎,沣,0.7667280101378381
泎,浶,0.7637415321073521
