char1,char2,similarity
泔,泔,1.0
泔,坩,0.791614935396142
泔,泭,0.7913603165403936
泔,沽,0.7811799457851966
泔,佄,0.7732362785861032
泔,玵,0.7664727377113851
泔,沜,0.7654690137829164
泔,拑,0.7584688534296102
泔,沿,0.7575720162838555
泔,泋,0.751717564174943
