char1,char2,similarity
泙,泙,1.0
泙,泘,0.8414727255048645
泙,汗,0.8338598210906678
泙,汙,0.8167004228276755
泙,评,0.8097888900102136
泙,汘,0.8088624929311855
泙,浖,0.8072588005086886
泙,汻,0.8029747274820382
泙,汿,0.7913612281448372
泙,汓,0.7830254966224036
