char1,char2,similarity
泚,泚,1.0
泚,佌,0.8512598202882281
泚,氿,0.7804810084053057
泚,魮,0.778463231384994
泚,蚍,0.7682524806149208
泚,眦,0.7682128614808668
泚,浀,0.7636433112302212
泚,玼,0.7616169208659888
泚,洸,0.7593384697483399
泚,泤,0.7526830402356388
