char1,char2,similarity
泝,泝,1.0
泝,洉,0.801227343605107
泝,诉,0.7915755037095766
泝,汳,0.7891113454106055
泝,洰,0.7777310015848935
泝,沢,0.7725292185247035
泝,泹,0.7611381936227231
泝,坼,0.759720204814668
泝,洈,0.754957253880876
泝,洏,0.7542052392897761
