char1,char2,similarity
泜,泜,1.0
泜,诋,0.7903870895806513
泜,坻,0.7870429925889579
泜,浌,0.7627702913868065
泜,沘,0.7620597888635361
泜,怟,0.7600233884477757
泜,浭,0.7576177411993444
泜,沺,0.754415566415266
泜,況,0.7468142082723991
泜,泟,0.7462008260931803
