char1,char2,similarity
泖,泖,1.0
泖,洄,0.7615735810909705
泖,泗,0.7601012101058154
泖,洇,0.7441132447115972
泖,涸,0.7384830069917159
泖,洒,0.7362415904302025
泖,淜,0.7326047435069651
泖,沸,0.7315639746772984
泖,瀄,0.7294812268056572
泖,涧,0.7257332392569336
