char1,char2,similarity
泧,泧,1.0
泧,浌,0.767624243806112
泧,泆,0.7615428228155626
泧,泩,0.7547060205178914
泧,汦,0.754501126142779
泧,油,0.7537444768888054
泧,泤,0.7510618981478631
泧,洣,0.7443729964599485
泧,泚,0.7438053241490472
泧,洸,0.7412659688501954
