char1,char2,similarity
泦,泦,1.0
泦,浘,0.7712069147110088
泦,沨,0.7564803869503968
泦,洬,0.7559437832996271
泦,泿,0.7478106870054586
泦,沤,0.7393462447675835
泦,洭,0.7362549184925004
泦,湼,0.7362373681040066
泦,泒,0.7271931043451829
泦,洰,0.7263213824973698
