char1,char2,similarity
泥,泥,1.0
泥,坭,0.770196937907212
泥,柅,0.7475899101909835
泥,汌,0.7470500520863733
泥,抳,0.7462262993477041
泥,汳,0.7445030355025486
泥,沢,0.7430935711041766
泥,扼,0.7419152249622313
泥,浞,0.7409526384587052
泥,浕,0.738611774687405
