char1,char2,similarity
泡,泡,1.0
泡,沲,0.8006025010188241
泡,佨,0.7870718992549137
泡,沮,0.7656731304302521
泡,淽,0.7621682966905273
泡,汌,0.7595015447866441
泡,泭,0.7590526389598389
泡,淴,0.7550274075943899
泡,汻,0.7549881168977577
泡,汒,0.7525471622439232
