char1,char2,similarity
泤,泤,1.0
泤,似,0.8040485572588474
泤,浗,0.764568678071306
泤,汦,0.7551796927978952
泤,泚,0.7526830402356388
泤,洣,0.7523662908452837
泤,汇,0.7511972279684541
泤,泧,0.7510618981478631
泤,氵,0.749963483020046
泤,洡,0.7496685886143749
