char1,char2,similarity
泟,泟,1.0
泟,泹,0.8096431148730385
泟,汙,0.8039781258616453
泟,证,0.8027067299510285
泟,汗,0.7972692324559122
泟,佂,0.7932863026966788
泟,洰,0.790744201696655
泟,汓,0.7902214717037842
泟,氾,0.7882590359124094
泟,沞,0.7879758133390876
