char1,char2,similarity
泭,泭,1.0
泭,泔,0.7913603165403936
泭,泄,0.772608043302481
泭,汒,0.7652305448298571
泭,河,0.7614114964719155
泭,沜,0.7591670828777647
泭,泡,0.7590526389598389
泭,纣,0.7531912789149188
泭,沮,0.7518785423897179
泭,洀,0.7492215882141486
