char1,char2,similarity
泰,泰,1.0
泰,奉,0.7854202762337459
泰,奏,0.7852074930095094
泰,舂,0.7690488121179063
泰,素,0.7654340450463816
泰,桼,0.7591270453136217
泰,尞,0.747580062466768
泰,索,0.7448767368854483
泰,桌,0.7425343374920227
泰,羕,0.7425069246304967
