char1,char2,similarity
泪,泪,1.0
泪,汇,0.8046342915193813
泪,活,0.8001057777511928
泪,佰,0.7905727938469654
泪,四,0.7727575365895746
泪,汨,0.7664395592792979
泪,沮,0.7623086756871515
泪,污,0.7575693302475913
泪,汌,0.7561614509681043
泪,沾,0.7515661219922447
