char1,char2,similarity
泯,泯,1.0
泯,湺,0.7617711979300029
泯,淣,0.758277675446438
泯,洖,0.7494262442857307
泯,沨,0.7470960341175619
泯,洭,0.7470838358423174
泯,浕,0.746558080365825
泯,浂,0.7455208581920795
泯,汦,0.7453012929263425
泯,洬,0.7433178930898964
