char1,char2,similarity
泬,泬,1.0
泬,沆,0.7878786579507888
泬,沪,0.7857338334933894
泬,汃,0.7845070965042252
泬,狖,0.7762164769616687
泬,汏,0.7759141129317018
泬,氿,0.7744597594459044
泬,氵,0.7735192467935972
泬,汄,0.7717219887959823
泬,泣,0.7704682780978885
