char1,char2,similarity
泸,泸,1.0
泸,垆,0.7789379869318398
泸,沪,0.7713786319701705
泸,浐,0.7661757442995192
泸,卢,0.7629147289777928
泸,浈,0.7604767253217529
泸,湞,0.7604625916797263
泸,厃,0.7596089444710586
泸,氵,0.7571771744602697
泸,洦,0.7536741472708046
