char1,char2,similarity
泺,泺,1.0
泺,泳,0.7633407250751495
泺,汘,0.7602040640533051
泺,圩,0.7494981599256487
泺,汙,0.7486330406486686
泺,浮,0.7447944987365068
泺,泘,0.7399630793459089
泺,沥,0.7397056279286328
泺,混,0.7392638225344861
泺,汓,0.7391835682424309
