char1,char2,similarity
泻,泻,1.0
泻,污,0.7734099928152541
泻,浑,0.7605022306241017
泻,汅,0.7596498167075196
泻,汈,0.7560871819195856
泻,湱,0.7548742864350582
泻,渞,0.7533004901481183
泻,厂,0.7510031626809741
泻,丙,0.7485811004306725
泻,汛,0.7464418548654533
