char1,char2,similarity
洄,洄,1.0
洄,涧,0.8119222115750983
洄,洇,0.7952485403824544
洄,湎,0.7927708099300922
洄,涸,0.7924776541134145
洄,泗,0.780197728066881
洄,泖,0.7615735810909705
洄,洒,0.7613090602313642
洄,润,0.7538594680421985
洄,洞,0.7466279421950199
