char1,char2,similarity
洃,洃,1.0
洃,拻,0.8063881648421115
洃,恢,0.7786929764678362
洃,该,0.7441896129355434
洃,泫,0.7395119319703548
洃,渵,0.7382896426440939
洃,涋,0.7374313403541877
洃,汝,0.7374172413632584
洃,汐,0.7364721741574205
洃,浹,0.7350760939049642
