char1,char2,similarity
洂,洂,1.0
洂,沆,0.7628432211015593
洂,坊,0.7621327127936762
洂,渄,0.7576688180628958
洂,访,0.7537984489528969
洂,汸,0.7525593714183368
洂,洴,0.7447777956596029
洂,浾,0.7429291319937854
洂,渰,0.7425563988346356
洂,沁,0.7407592929516319
