char1,char2,similarity
洅,洅,1.0
洅,浬,0.7843167603051203
洅,洦,0.7592860534911722
洅,泹,0.7592641338005227
洅,浢,0.7588803923321142
洅,洠,0.7559779000651162
洅,汌,0.7531838014263597
洅,泟,0.7504697348924217
洅,汈,0.7456922393019081
洅,侢,0.7408043045965239
