char1,char2,similarity
洋,洋,1.0
洋,详,0.8316602006334171
洋,徉,0.8041581254322278
洋,佯,0.8015936344392971
洋,沣,0.7682360889285254
洋,沫,0.7677824332101101
洋,广,0.761306904326185
洋,洠,0.7476189430750105
洋,淬,0.7467269617718351
洋,沛,0.7463745827128507
