char1,char2,similarity
洏,洏,1.0
洏,浻,0.8161414396072952
洏,洞,0.7887124437125371
洏,泂,0.7787323903845711
洏,洍,0.7759808302645798
洏,価,0.7752581546998083
洏,泀,0.7751839329184328
洏,滳,0.774882231483073
洏,泅,0.7687243452312016
洏,洦,0.763862213841109
