char1,char2,similarity
洉,洉,1.0
洉,垢,0.8081059656279042
洉,诟,0.801952530756454
洉,泝,0.801227343605107
洉,汳,0.7835443543970276
洉,洈,0.7736477895319408
洉,洦,0.7677653369396528
洉,洰,0.7570993701834944
洉,泒,0.7551249600563267
洉,汌,0.7536019437332011
