char1,char2,similarity
洈,洈,1.0
洈,诡,0.8418405448725869
洈,洉,0.7736477895319408
洈,桅,0.7662991409962578
洈,佹,0.7655216515445245
洈,浐,0.7612117799143249
洈,泝,0.754957253880876
洈,滱,0.7520902158063536
洈,洰,0.7500588819623867
洈,浲,0.7497385773642569
