char1,char2,similarity
洆,洆,1.0
洆,洤,0.7504243218858018
洆,泟,0.7498807016590503
洆,洰,0.7493804568656487
洆,沍,0.7465026937825768
洆,迂,0.7460843513686433
洆,洷,0.7435146152759238
洆,涅,0.7414598726358815
洆,让,0.7394714245126198
洆,淽,0.7380175027617332
