char1,char2,similarity
洒,洒,1.0
洒,泗,0.8101085760969211
洒,酒,0.7747738751470618
洒,洞,0.7634525118450645
洒,洄,0.7613090602313642
洒,涸,0.7588251402248981
洒,俩,0.7559041974176004
洒,洇,0.7508705167873211
洒,汹,0.7443616853473412
洒,哂,0.7438169318588957
