char1,char2,similarity
洖,洖,1.0
洖,渓,0.8217059248871966
洖,淏,0.8168633737566554
洖,渙,0.7948974666286962
洖,湨,0.7914231958952236
洖,湙,0.7880967443750642
洖,涘,0.7866770427866062
洖,渼,0.785582937730133
洖,误,0.7694388227785238
洖,湼,0.7672568958808154
