char1,char2,similarity
洘,洘,1.0
洘,涍,0.8168304721499674
洘,烤,0.7917071605957292
洘,拷,0.7887948257071864
洘,淕,0.7689607054582341
洘,污,0.7683732121748671
洘,渚,0.7675410145190663
洘,栲,0.7651932652015339
洘,涬,0.759614285292723
洘,涄,0.7573781755746447
