char1,char2,similarity
洓,洓,1.0
洓,涷,0.8178705682313989
洓,湅,0.8114594193181376
洓,淶,0.7981130288699438
洓,洡,0.7913018519808644
洓,悚,0.7881361956280161
洓,浨,0.7787913668982231
洓,堜,0.7727377165231428
洓,溁,0.7718669401444117
洓,捒,0.7678102366103684
