char1,char2,similarity
洛,洛,1.0
洛,佫,0.7840856770380976
洛,洽,0.7692405557279214
洛,涤,0.7554497493112555
洛,浩,0.7521225089206837
洛,海,0.7478813217326009
洛,浴,0.7454017643409755
洛,济,0.7452263540301919
洛,渻,0.7359346056417169
洛,溚,0.7357370582206616
