char1,char2,similarity
洚,洚,1.0
洚,佭,0.7835792020660668
洚,涤,0.7794435596817221
洚,泽,0.7517295212326395
洚,淖,0.7484059739735859
洚,滓,0.7415211977524352
洚,淿,0.7392964111826854
洚,済,0.7379470045837536
洚,怿,0.7360973082751908
洚,淳,0.7339170827461006
