char1,char2,similarity
洜,洜,1.0
洜,具,0.7436938646185222
洜,棠,0.7359629081027237
洜,臬,0.7342558031001701
洜,承,0.7264043664551425
洜,桌,0.7177814966044797
洜,長,0.7165790629025013
洜,韋,0.7131598771345701
洜,漐,0.7115923883445784
洜,葲,0.7097712236843933
