char1,char2,similarity
洠,洠,1.0
洠,浶,0.823779089276734
洠,汻,0.7803002242933532
洠,沖,0.7744965764785736
洠,浡,0.7729178822381071
洠,泘,0.7715054411843552
洠,沣,0.7688844682754746
洠,渒,0.766773182834322
洠,浧,0.7628532828237773
洠,汗,0.7618703656988485
