char1,char2,similarity
洞,洞,1.0
洞,浻,0.8025341443947861
洞,侗,0.79697366262983
洞,洏,0.7887124437125371
洞,泀,0.7683544946273766
洞,泅,0.7646074899422786
洞,洒,0.7634525118450645
洞,涸,0.7591005139850339
洞,溺,0.7588648766850031
洞,泃,0.7547148919426258
