char1,char2,similarity
洦,洦,1.0
洦,咟,0.7985180050895455
洦,沼,0.7941331334956714
洦,洰,0.7927695554917216
洦,洍,0.7811416215312601
洦,泟,0.7712899058039089
洦,洉,0.7677653369396528
洦,沿,0.7644613588537077
洦,洏,0.763862213841109
洦,洺,0.7601601309111002
