char1,char2,similarity
洬,洬,1.0
洬,沨,0.8144518815767327
洬,珟,0.7666530301322979
洬,泦,0.7559437832996271
洬,汍,0.7535462908113494
洬,讽,0.7530399430909614
洬,凮,0.7490407600163316
洬,泯,0.7433178930898964
洬,汉,0.7407185848649411
洬,珮,0.7396159999186939
