char1,char2,similarity
津,津,1.0
津,冿,0.8099869428031581
津,律,0.7996389394305434
津,淎,0.777669300717851
津,聿,0.7567836027444583
津,侓,0.7532563903593783
津,庘,0.7499163122644884
津,垏,0.732570486360276
津,草,0.7320890651066475
津,肩,0.7307095830241737
