char1,char2,similarity
洨,洨,1.0
洨,汥,0.8119715916607476
洨,恔,0.7782615101324425
洨,汷,0.7743253062374774
洨,涋,0.7700459765268378
洨,珓,0.7681841603147046
洨,没,0.7672894708112443
洨,沪,0.76552692266851
洨,洝,0.7641378095064897
洨,注,0.7634168473510886
