char1,char2,similarity
洫,洫,1.0
洫,滥,0.7751425505569647
洫,渝,0.7505048830715756
洫,逈,0.7498837753005261
洫,湴,0.7490279789871535
洫,浊,0.7433214538411266
洫,溢,0.7410630702924031
洫,迴,0.738059808317908
洫,洮,0.7364420664964888
洫,涯,0.7364381942026209
