char1,char2,similarity
洩,洩,1.0
洩,拽,0.8022470368372305
洩,決,0.7625035957280337
洩,浈,0.7528979204653633
洩,没,0.752530678993403
洩,汪,0.7423679820118463
洩,浪,0.741948969839606
洩,江,0.7413074366634049
洩,沒,0.739800381422492
洩,注,0.739431132451758
