char1,char2,similarity
洶,洶,1.0
洶,泃,0.7573158661112023
洶,浶,0.751465972102961
洶,汩,0.7503704076061763
洶,淗,0.748950932131483
洶,渹,0.7487490927808871
洶,汋,0.745536035117333
洶,泑,0.7440855165724274
洶,浤,0.7400746311691523
洶,浻,0.7376484125735417
