char1,char2,similarity
洱,洱,1.0
洱,佴,0.757482813380254
洱,挕,0.7408109282526724
洱,洹,0.7367455654022946
洱,矴,0.7348269962832559
洱,页,0.7311149039321497
洱,厂,0.7308397727926421
洱,珥,0.7303426272301372
洱,耳,0.7299605960652772
洱,泀,0.7264456196807745
