char1,char2,similarity
洮,洮,1.0
洮,浣,0.7687514947873899
洮,佻,0.7596671408274815
洮,浇,0.75111155736218
洮,涚,0.7455042073986339
洮,沎,0.7448445479755318
洮,涴,0.7436684236196841
洮,洫,0.7364420664964888
洮,恌,0.7354458487628819
洮,眺,0.733583226094727
