char1,char2,similarity
洷,洷,1.0
洷,洤,0.8227648753185984
洷,挃,0.7905667838604141
洷,泹,0.7878551420381963
洷,洰,0.786883452696015
洷,洍,0.7764090594067803
洷,恎,0.7757320701121779
洷,湼,0.7746990212478402
洷,洭,0.7745303919701277
洷,泾,0.7692148984741662
