char1,char2,similarity
洳,洳,1.0
洳,泇,0.738904116054282
洳,沸,0.7166115980602639
洳,胂,0.7152258786825367
洳,浏,0.7146451312251051
洳,秈,0.7143272451132634
洳,伽,0.7123644453584655
洳,帥,0.7116151014328206
洳,滧,0.7079850546980889
洳,洵,0.7059915519228757
