char1,char2,similarity
活,活,1.0
活,话,0.837319306923012
活,泪,0.8001057777511928
活,污,0.7897840167629937
活,治,0.7859993629368546
活,汇,0.7657121298075692
活,洽,0.7651975852470909
活,氵,0.7645527071082892
活,汱,0.7607889008769915
活,佰,0.7582955814648649
