char1,char2,similarity
洹,洹,1.0
洹,烜,0.798126386513655
洹,涅,0.7881600843994463
洹,湼,0.7789095194125648
洹,圧,0.7752935120478498
洹,泀,0.7725281634842052
洹,涯,0.7693820640936537
洹,狟,0.7669467694883181
洹,浬,0.7626121709109657
洹,沮,0.7607361179199512
