char1,char2,similarity
洼,洼,1.0
洼,沛,0.7979246060629284
洼,佳,0.7865021432940184
洼,诖,0.7864269919137202
洼,哇,0.7808759007069641
洼,池,0.7760909899657625
洼,沌,0.7756327762603082
洼,漜,0.7733512135468716
洼,沣,0.7729300801513719
洼,注,0.772795379972171
