char1,char2,similarity
洺,洺,1.0
洺,佲,0.7647860383074967
洺,洦,0.7601601309111002
洺,泈,0.758288996799129
洺,治,0.7577830334984984
洺,沿,0.7542622904223636
洺,沼,0.7527364204033239
洺,沰,0.7523534856021251
洺,涥,0.7471826304877462
洺,氻,0.7468128515348873
