char1,char2,similarity
浊,浊,1.0
浊,迚,0.7954198790321799
浊,泱,0.774516498354861
浊,注,0.7709146006196856
浊,沙,0.7635952936692052
浊,油,0.7582814609022445
浊,辿,0.7577386196675114
浊,浗,0.7532531188018532
浊,法,0.7507470393581798
浊,洙,0.7448170837372537
