char1,char2,similarity
浄,浄,1.0
浄,埩,0.8178675582267075
浄,诤,0.7892873036914373
浄,浡,0.7863593499633609
浄,泞,0.78516631839602
浄,挣,0.7841732193518682
浄,睁,0.7823989500315957
浄,狰,0.7804654231346978
浄,泘,0.7797860675487278
浄,渒,0.7763706509002275
