char1,char2,similarity
浂,浂,1.0
浂,洴,0.8129135368152577
浂,咲,0.8068933474158065
浂,泆,0.7973912144113106
浂,涋,0.788604218762043
浂,決,0.7883224931177589
浂,注,0.7601938281439495
浂,汻,0.7583889198570786
浂,泱,0.7517163078296901
浂,漺,0.7509034484422428
