char1,char2,similarity
浅,浅,1.0
浅,戌,0.7436023516426729
浅,饯,0.7273039864097891
浅,戍,0.7251252244441503
浅,汷,0.7248103199841595
浅,线,0.723425937291141
浅,涣,0.7193744101066484
浅,浼,0.7130638852508013
浅,贱,0.7129602289668169
浅,践,0.7122060955665707
