char1,char2,similarity
浈,浈,1.0
浈,侦,0.8038479205035173
浈,湞,0.7712262913680551
浈,泸,0.7604767253217529
浈,洩,0.7528979204653633
浈,涢,0.7460139568585421
浈,溑,0.7405368462691568
浈,演,0.7391364743226372
浈,漺,0.7381148070084705
浈,浪,0.7373146786039746
