char1,char2,similarity
浍,浍,1.0
浍,涂,0.7977469564578823
浍,泠,0.7743067988709329
浍,淪,0.7735576288197002
浍,洽,0.7666381540452653
浍,侩,0.7645825445016605
浍,淦,0.7635627923661318
浍,沴,0.7534773603575506
浍,冾,0.7486484790318516
浍,哙,0.7465457476694102
