char1,char2,similarity
浔,浔,1.0
浔,淠,0.7788929677280623
浔,挦,0.7581282131334821
浔,侍,0.7467058084884932
浔,屖,0.7418183967667855
浔,淂,0.7383615684397
浔,漙,0.7381526822454715
浔,寻,0.7358157680979545
浔,沔,0.7357115885484093
浔,浴,0.7341638953060601
