char1,char2,similarity
济,济,1.0
济,侪,0.7696629161985673
济,沆,0.7601769035617091
济,渀,0.7492476161016407
济,渰,0.7478156149022162
济,洛,0.7452263540301919
济,汧,0.744765566195347
济,沂,0.7442482929774805
济,淓,0.7364861134108666
济,浹,0.7355724952479432
