char1,char2,similarity
浝,浝,1.0
浝,沷,0.7715590658069279
浝,哤,0.7639956807677156
浝,洈,0.7484670170518277
浝,硥,0.7428208055536075
浝,注,0.7351357357275161
浝,浗,0.7336584065006303
浝,泃,0.7328971684389959
浝,涶,0.7300379119762195
浝,浲,0.7260414379479598
