char1,char2,similarity
浘,浘,1.0
浘,沨,0.7749228726919147
浘,泦,0.7712069147110088
浘,洭,0.7683029638937534
浘,捤,0.760304458589165
浘,湦,0.7540371858431293
浘,浱,0.7438123012879153
浘,泙,0.7428142892448922
浘,浕,0.7421510647945041
浘,洰,0.7416290117517602
