char1,char2,similarity
浤,浤,1.0
浤,浶,0.7890867359852782
浤,洝,0.7815900611550117
浤,沫,0.7691032220613088
浤,淧,0.7678446546912887
浤,浨,0.7667646363416315
浤,涋,0.7593824959691002
浤,沱,0.7544895451522454
浤,泎,0.7517557919925059
浤,涼,0.7501147382396001
