char1,char2,similarity
浧,浧,1.0
浧,浬,0.8652548251231763
浧,泹,0.8044190495786776
浧,溼,0.8016871974709212
浧,浢,0.7841925792134998
浧,侱,0.7796427187850092
浧,湼,0.7748077693811739
浧,涊,0.7691760870685831
浧,涅,0.7675127121731983
浧,洭,0.7668888204939449
