char1,char2,similarity
浠,浠,1.0
浠,淆,0.743679400233576
浠,浔,0.7220891604767489
浠,淸,0.7180263498871132
浠,滞,0.7154384632437549
浠,溝,0.7097394476158797
浠,溍,0.7017054122097189
浠,湀,0.7003809081415472
浠,滑,0.6991039901477373
浠,涿,0.6989734737540576
