char1,char2,similarity
浢,浢,1.0
浢,泹,0.8061538033442376
浢,浬,0.7869635637937824
浢,浧,0.7841925792134998
浢,洰,0.773015173522799
浢,戸,0.7677498898073671
浢,洭,0.7666378498049045
浢,溼,0.7609322391585358
浢,洷,0.7603127611711263
浢,沍,0.7601712618294014
