char1,char2,similarity
浥,浥,1.0
浥,洰,0.7659243732102747
浥,汜,0.7589775518823979
浥,浿,0.757953262889126
浥,溫,0.7568299045976578
浥,浢,0.7511030499806097
浥,泹,0.7486820398831181
浥,浬,0.7486600094095498
浥,浫,0.7485184447762282
浥,洷,0.7484745752997638
