char1,char2,similarity
浮,浮,1.0
浮,俘,0.8371285500825129
浮,冸,0.7722718867758596
浮,沣,0.7645724570544599
浮,严,0.7602823408159198
浮,汘,0.756632089248567
浮,汙,0.7532611652589963
浮,垺,0.7507587330247656
浮,泮,0.746585169117581
浮,汿,0.7458502559666523
