char1,char2,similarity
浲,浲,1.0
浲,湋,0.7770114990706125
浲,泙,0.7677582494513752
浲,烽,0.7661887751291528
浲,浄,0.7617860532091405
浲,埄,0.7575657224825164
浲,汻,0.7505415218223764
浲,洈,0.7497385773642569
浲,桻,0.747601654700715
浲,湪,0.7452952665661158
