char1,char2,similarity
浪,浪,1.0
浪,俍,0.7912058128999127
浪,涫,0.7826283549325842
浪,追,0.7562966012387797
浪,泄,0.7443051701519041
浪,洩,0.741948969839606
浪,湳,0.7392551982737953
浪,浈,0.7373146786039746
浪,洎,0.7358476775917779
浪,淕,0.7350622802227981
