char1,char2,similarity
浯,浯,1.0
浯,涪,0.7765204200487361
浯,洰,0.7631470007515837
浯,悟,0.7603861689098703
浯,洷,0.7596348994546092
浯,珸,0.7528012951141237
浯,语,0.7524417356424828
浯,居,0.7446992769537282
浯,汙,0.7433362697774681
浯,汓,0.7414524022343044
