char1,char2,similarity
浬,浬,1.0
浬,浧,0.8652548251231763
浬,湼,0.8102875677290959
浬,浢,0.7869635637937824
浬,溼,0.7851812868367521
浬,洅,0.7843167603051203
浬,泹,0.7824708421634297
浬,涅,0.7701171274634301
浬,俚,0.7647637850471917
浬,洹,0.7626121709109657
