char1,char2,similarity
浴,浴,1.0
浴,俗,0.7647160553057974
浴,沼,0.7566886666244559
浴,洐,0.7530524419016311
浴,涽,0.7513419658814597
浴,洛,0.7454017643409755
浴,洊,0.7445876227880731
浴,沿,0.744118759375469
浴,溚,0.74066995775852
浴,洴,0.7384649314791395
