char1,char2,similarity
浼,浼,1.0
浼,涣,0.7821284882595679
浼,俛,0.7622319849751055
浼,挽,0.7614463251523915
浼,堍,0.7593447290098109
浼,晚,0.7522525880808829
浼,涀,0.7474166778247139
浼,涗,0.7417947109433893
浼,渷,0.7417259679530593
浼,湥,0.7372846940107967
