char1,char2,similarity
浹,浹,1.0
浹,浃,0.7950950248819751
浹,悏,0.7911807348224452
浹,渋,0.7903847311927897
浹,泱,0.7861179420327457
浹,涋,0.7841090917138294
浹,決,0.774234200661954
浹,陕,0.7721323264033993
浹,挟,0.7667561400111235
浹,泋,0.7629361715807613
