char1,char2,similarity
涀,涀,1.0
涀,湜,0.7904026156335878
涀,淣,0.7821850606264454
涀,渂,0.778879231150063
涀,湢,0.765404737124393
涀,倶,0.7639582260230613
涀,湨,0.7638852776368041
涀,说,0.7632700654139858
涀,涗,0.7632302484036119
涀,涚,0.7607552097602306
