char1,char2,similarity
浾,浾,1.0
浾,洔,0.7933075432709915
浾,哧,0.7838975183321419
浾,捇,0.7766208424023294
浾,淧,0.7725125820839215
浾,渋,0.7563575188404286
浾,焃,0.756020700251631
浾,涬,0.7540743194098665
浾,渉,0.7493904372198703
浾,洊,0.7481010345640621
