char1,char2,similarity
涇,涇,1.0
涇,烴,0.774039155320763
涇,陘,0.7583907722777168
涇,浬,0.7577815913292761
涇,淽,0.7521599647903512
涇,涳,0.7519757316015913
涇,泘,0.7470728930466466
涇,湦,0.7442641097915473
涇,浫,0.7384719749117007
涇,浧,0.7383319493646371
