char1,char2,similarity
涆,涆,1.0
涆,溡,0.7506280231709012
涆,溿,0.7479475108222864
涆,卅,0.7472218492103933
涆,矾,0.7328634793383008
涆,汧,0.7315047232159658
涆,渦,0.7311875503251368
涆,凪,0.7307375730070307
涆,所,0.7295374003958683
涆,斫,0.7287471594643037
