char1,char2,similarity
浿,浿,1.0
浿,垻,0.7880449368922192
浿,渘,0.7721890276532114
浿,湨,0.7636427323283255
浿,浱,0.7616152401665282
浿,淉,0.7603232259908554
浿,淏,0.7598831004680519
浿,涀,0.7583772899037396
浿,浥,0.757953262889126
浿,湏,0.7573360056914435
