char1,char2,similarity
涎,涎,1.0
涎,诞,0.7671396369072373
涎,湕,0.7436287552315648
涎,涏,0.7383913996036059
涎,挺,0.7281268808447783
涎,沠,0.7220606744443292
涎,汎,0.7156858296351033
涎,侹,0.715231461363642
涎,沂,0.7126299509220139
涎,凤,0.7119163459426773
