char1,char2,similarity
涋,涋,1.0
涋,決,0.8148260106057428
涋,洝,0.7956553629752464
涋,浨,0.790642419479796
涋,浂,0.788604218762043
涋,浹,0.7841090917138294
涋,泆,0.7820625075581787
涋,泱,0.7771424126340574
涋,浃,0.7734577209545646
涋,洨,0.7700459765268378
