char1,char2,similarity
涐,涐,1.0
涐,溨,0.8004593567404319
涐,俄,0.7808347900229368
涐,渽,0.7788110034754336
涐,減,0.7404997224608971
涐,沚,0.7304063765614918
涐,饿,0.727706018832876
涐,淢,0.7244194384434677
涐,浌,0.7236601518032408
涐,哦,0.7220675538461547
