char1,char2,similarity
涒,涒,1.0
涒,涺,0.7717640835650712
涒,浿,0.75472870985837
涒,滣,0.7474991050133459
涒,语,0.7447325961004434
涒,浥,0.739942367672639
涒,淈,0.7366519656573617
涒,浱,0.7355899727072951
涒,沼,0.735504406872348
涒,旵,0.7352981489156627
