char1,char2,similarity
涓,涓,1.0
涓,淐,0.8324358152364449
涓,涢,0.7922044167301493
涓,湂,0.7859681144604006
涓,湢,0.7770638486053849
涓,湏,0.7711759192784606
涓,溤,0.7648601940725039
涓,漝,0.7634220233291865
涓,澑,0.7599285902471383
涓,滆,0.7574685606290213
