char1,char2,similarity
涗,涗,1.0
涗,況,0.763434905711199
涗,涀,0.7632302484036119
涗,淣,0.755227637452563
涗,涚,0.7457412889947609
涗,沅,0.7452374121276316
涗,浼,0.7417947109433893
涗,洰,0.7412281257249549
涗,沋,0.7387765058173408
涗,浇,0.7384518976810327
