char1,char2,similarity
涖,涖,1.0
涖,洭,0.7555765661855931
涖,洢,0.7428666655634665
涖,浌,0.742692264681035
涖,浥,0.741746257015644
涖,洍,0.7395686515489858
涖,河,0.7366178375306904
涖,血,0.7364276236669468
涖,洰,0.735870074359661
涖,涽,0.7337627387101957
