char1,char2,similarity
涕,涕,1.0
涕,俤,0.763856741108047
涕,沸,0.7628002157293411
涕,溁,0.7433748364050042
涕,伟,0.7389838037902012
涕,沛,0.7345115628027246
涕,玮,0.7303521753069468
涕,梯,0.7303065997445972
涕,悌,0.7189667191799721
涕,纬,0.7171816237446584
