char1,char2,similarity
涣,涣,1.0
涣,浼,0.7821284882595679
涣,湙,0.7323570212827777
涣,渶,0.7312046540056383
涣,浃,0.7289913041018001
涣,误,0.7287516561539444
涣,湨,0.7259074910526802
涣,涘,0.7257028347947015
涣,洩,0.7221928886595168
涣,庪,0.7209194946709426
