char1,char2,similarity
涞,涞,1.0
涞,俫,0.7755429452394134
涞,淬,0.7583343332379774
涞,淶,0.7552241941079583
涞,淙,0.7462355519452877
涞,诔,0.7444675409698267
涞,涑,0.7380334814704042
涞,徕,0.7324155542799501
涞,倈,0.7210421423125591
涞,凁,0.720413406905049
