char1,char2,similarity
涢,涢,1.0
涢,涓,0.7922044167301493
涢,溳,0.7903814335343782
涢,淐,0.7809272058030958
涢,浭,0.7761020346565498
涢,湏,0.7701205667527925
涢,渜,0.7512032676873652
涢,淏,0.7484263000960272
涢,浈,0.7460139568585421
涢,浿,0.7454164014368339
