char1,char2,similarity
涭,涭,1.0
涭,授,0.7844811751273811
涭,渂,0.7646758286910487
涭,漫,0.7640793195332144
涭,浸,0.7532358390763925
涭,湢,0.7512762404749093
涭,涽,0.7454381184426073
涭,湲,0.7436203691836464
涭,涓,0.7414628079663738
涭,湏,0.7406192138455828
