char1,char2,similarity
涩,涩,1.0
涩,涅,0.775571927945232
涩,沮,0.7562872761479046
涩,汜,0.7514244700092557
涩,況,0.741702983970968
涩,汗,0.7414891831809438
涩,洹,0.7406574938821043
涩,浧,0.739267255448905
涩,丒,0.7360578373205272
涩,溾,0.7360131229984066
