char1,char2,similarity
涨,涨,1.0
涨,漲,0.7588668334070791
涨,滿,0.7114176054166019
涨,漋,0.7086823696844603
涨,洙,0.7077170959108031
涨,漒,0.7055167152757731
涨,乨,0.7052869472826975
涨,渱,0.7052266725026667
涨,汪,0.7051685312860926
涨,沭,0.7030128013987331
