char1,char2,similarity
涫,涫,1.0
涫,浪,0.7826283549325842
涫,洎,0.7576266555891611
涫,涪,0.7565437248161564
涫,泫,0.7431808412972659
涫,追,0.7429901015764209
涫,洧,0.7393094720073832
涫,洁,0.7380207326109918
涫,浦,0.7375124017994776
涫,庀,0.7373501049286297
