char1,char2,similarity
涷,涷,1.0
涷,洓,0.8178705682313989
涷,湅,0.8144610187389677
涷,堜,0.8107539016122983
涷,埬,0.8022136729299651
涷,涥,0.794651824431158
涷,淿,0.7934549167671049
涷,娻,0.7827688161708176
涷,倲,0.7795637519064568
涷,涄,0.7748466268447589
