char1,char2,similarity
液,液,1.0
液,掖,0.7844959101399648
液,涴,0.7318923425916278
液,涥,0.7290101077755194
液,湻,0.7280202276215091
液,涾,0.7267270993798428
液,澝,0.7232560141026124
液,汇,0.7222930908679057
液,漺,0.720874683992764
液,滾,0.7196257904180032
