char1,char2,similarity
涳,涳,1.0
涳,控,0.7744715708086337
涳,湆,0.770249598230884
涳,涥,0.7687141134589455
涳,涼,0.764424139409518
涳,倥,0.7640330454625401
涳,淔,0.7614809884406458
涳,泾,0.7573658580178089
涳,焢,0.7569997650412368
涳,漥,0.7564966030100456
