char1,char2,similarity
涵,涵,1.0
涵,涸,0.762089144060002
涵,洦,0.7550977621512154
涵,泾,0.7514896641751864
涵,洇,0.745762816302
涵,滷,0.742195603773897
涵,湎,0.7398845391115709
涵,洷,0.7377969877792103
涵,洞,0.7375641312424018
涵,泅,0.7366170172933949
