char1,char2,similarity
涶,涶,1.0
涶,湦,0.749148643367531
涶,涽,0.7488212028960722
涶,浬,0.7434477834903229
涶,涹,0.742705302686787
涶,浧,0.7416116886587166
涶,浢,0.7399896596879911
涶,洭,0.7372754998196479
涶,淫,0.735920321411354
涶,洹,0.735789154451963
