char1,char2,similarity
涱,涱,1.0
涱,湜,0.7996697404967806
涱,倀,0.787485944433137
涱,湢,0.7825384033773068
涱,滆,0.7802053851657348
涱,渨,0.773491312343657
涱,淏,0.7633465041761457
涱,涀,0.7603725592280914
涱,湨,0.7560832510502142
涱,淂,0.7518125859791283
