char1,char2,similarity
涴,涴,1.0
涴,惋,0.7970813499159066
涴,倇,0.7659525753248425
涴,涚,0.76441049315977
涴,晼,0.7507409356212855
涴,浣,0.747980659102402
涴,湇,0.7472578016722432
涴,淀,0.747171386626933
涴,滱,0.7456633522566998
涴,湻,0.7437173391473737
