char1,char2,similarity
涻,涻,1.0
涻,浛,0.8097175553043079
涻,湌,0.775591490705526
涻,倽,0.771393761324018
涻,淰,0.7611626512691855
涻,淊,0.7611107377833108
涻,浄,0.7567401703186057
涻,滘,0.7567378236087263
涻,洽,0.7548063260994583
涻,浶,0.746775587231584
