char1,char2,similarity
涾,涾,1.0
涾,湆,0.7935862612272748
涾,濇,0.7781586530417702
涾,溍,0.7697581986480584
涾,淸,0.7634609803406273
涾,治,0.7597558206013881
涾,溑,0.7593372002034002
涾,湝,0.7579883248739816
涾,湻,0.7575705018479737
涾,涽,0.7540086229114036
