char1,char2,similarity
涿,涿,1.0
涿,诼,0.8170912262388541
涿,琢,0.786719445453411
涿,啄,0.7663786980843305
涿,泺,0.7335233468590276
涿,源,0.7182087494273308
涿,沔,0.7167962946683799
涿,浔,0.7081450194355267
涿,汙,0.7055277022165348
涿,溧,0.7052390215165201
