char1,char2,similarity
淃,淃,1.0
淃,倦,0.8105853636143576
淃,湷,0.7929342436438209
淃,溙,0.7513189690170483
淃,漟,0.7496140959238374
淃,惓,0.7463182213991393
淃,睠,0.7342900130035126
淃,捲,0.7327896205332985
淃,涜,0.7280601935595625
淃,汔,0.7270021276192441
