char1,char2,similarity
淌,淌,1.0
淌,倘,0.7851254058371389
淌,湍,0.7634090603233242
淌,滴,0.7628056131736007
淌,洞,0.7511775049315024
淌,徜,0.7427600132652233
淌,滳,0.7420807455280001
淌,涓,0.7399973519085747
淌,洏,0.7398674493754736
淌,湳,0.732060108140146
