char1,char2,similarity
淊,淊,1.0
淊,谄,0.7970561135752083
淊,埳,0.7965684620048956
淊,啗,0.7916504088370488
淊,诌,0.7905727650971927
淊,惂,0.7779093235116866
淊,渵,0.7680220041260825
淊,涻,0.7611107377833108
淊,湻,0.7596783903178578
淊,濇,0.7508032927419717
