char1,char2,similarity
淅,淅,1.0
淅,湘,0.7867900306711029
淅,浙,0.7676707608723279
淅,渐,0.7407731097001495
淅,淞,0.7395556466098266
淅,漸,0.7301882091739043
淅,湐,0.7205844866798591
淅,溎,0.7155704754350314
淅,湁,0.714356895894339
淅,泺,0.7086942902002121
