char1,char2,similarity
淈,淈,1.0
淈,湹,0.7806858094762461
淈,潳,0.7662185979125764
淈,涺,0.7629783541758461
淈,淍,0.7549675726895095
淈,涓,0.7544967258989819
淈,派,0.7428078245376859
淈,淐,0.7427670427416071
淈,漝,0.7421569947556229
淈,浱,0.7405116378793533
