char1,char2,similarity
淐,淐,1.0
淐,涓,0.8324358152364449
淐,湢,0.8310165073978936
淐,涢,0.7809272058030958
淐,澑,0.774564924512285
淐,湏,0.7674983733472392
淐,漝,0.7653229780423771
淐,倡,0.7632252164128236
淐,湽,0.7602262678359372
淐,湂,0.7561625208516735
