char1,char2,similarity
淖,淖,1.0
淖,淳,0.8144323289861853
淖,倬,0.8138043933183399
淖,琸,0.795612184244617
淖,埠,0.7857915282802926
淖,掉,0.7835308262087789
淖,晫,0.7803344753661171
淖,滓,0.7801772246170148
淖,淿,0.772135002210958
淖,湞,0.7659154398307214
