char1,char2,similarity
淗,淗,1.0
淗,渹,0.7713407899768362
淗,掏,0.7516377864691953
淗,洶,0.748950932131483
淗,掬,0.7471447291687703
淗,渆,0.7370622075100196
淗,泃,0.7369333730724722
淗,汩,0.7367216370907421
淗,洵,0.7333887122036341
淗,涑,0.7323792757975004
