char1,char2,similarity
淓,淓,1.0
淓,汾,0.7621608711082077
淓,涝,0.7547437548533573
淓,渀,0.7537881081761896
淓,渃,0.7525778699444522
淓,渮,0.7481035661334309
淓,淽,0.7432710550773274
淓,洸,0.7426100051857358
淓,济,0.7364861134108666
淓,済,0.7362938764422633
