char1,char2,similarity
淏,淏,1.0
淏,湨,0.8677333893513532
淏,洖,0.8168633737566554
淏,渼,0.8088482106962764
淏,渜,0.8034756021199972
淏,渓,0.7893451876872816
淏,涘,0.7765502765859157
淏,滉,0.7720437775929899
淏,渇,0.7678347746349539
淏,涱,0.7633465041761457
