char1,char2,similarity
淘,淘,1.0
淘,渹,0.7946486715527344
淘,滳,0.7528427135646694
淘,浏,0.7428297234385091
淘,淙,0.7404820876653067
淘,陶,0.7297943814436901
淘,浣,0.7296200231387421
淘,滴,0.7285748010697167
淘,淗,0.7255773449358061
淘,潸,0.7242561293836005
