char1,char2,similarity
淟,淟,1.0
淟,捵,0.7705942992351799
淟,琠,0.7583406584133456
淟,洪,0.7546068227317207
淟,浿,0.7425606386743947
淟,洎,0.73642376024942
淟,澰,0.7349482420828175
淟,浪,0.7334619401573721
淟,洃,0.7332543752650752
淟,猠,0.7326818935768856
