char1,char2,similarity
淞,淞,1.0
淞,湐,0.7401138456949944
淞,淅,0.7395556466098266
淞,溎,0.7324258843919057
淞,湘,0.7272979542069451
淞,湫,0.7258869441768828
淞,湁,0.7222903679160141
淞,洳,0.7025044380491983
淞,凇,0.7007553838302937
淞,洎,0.6999167771449102
