char1,char2,similarity
淜,淜,1.0
淜,潣,0.7438308851935446
淜,泖,0.7326047435069651
淜,瀱,0.7313182582144842
淜,灑,0.7273321223811259
淜,澖,0.7262400486087537
淜,灟,0.7231690982977258
淜,淈,0.7213299811573705
淜,濶,0.7207200773712974
淜,浻,0.7193720116259584
