char1,char2,similarity
淡,淡,1.0
淡,谈,0.7924023028000744
淡,倓,0.7510413764567033
淡,湀,0.7474550492103359
淡,湥,0.7412673661946841
淡,浃,0.7367247220625947
淡,演,0.7354859007289486
淡,漺,0.7334300772130923
淡,湨,0.7333536787360714
淡,渼,0.7295718568370452
