char1,char2,similarity
淝,淝,1.0
淝,溉,0.7302361815195595
淝,渊,0.7229721907660549
淝,湤,0.7179844333746819
淝,澜,0.7054407404582154
淝,銏,0.6950533546075414
淝,潺,0.6926643881905523
淝,脈,0.6924902241806363
淝,瀃,0.6922334168537572
淝,乿,0.691761413155225
