char1,char2,similarity
淦,淦,1.0
淦,涂,0.783972662705484
淦,浍,0.7635627923661318
淦,渣,0.7480036767954632
淦,凎,0.7425649622766831
淦,惍,0.7399457330518197
淦,迧,0.7365134683363725
淦,淹,0.7359925405581841
淦,湟,0.7335444350132105
淦,辻,0.73317157565987
