char1,char2,similarity
淢,淢,1.0
淢,琙,0.7780295735340079
淢,減,0.7658126919570823
淢,滅,0.7554931065363848
淢,渽,0.7381185055245457
淢,漼,0.7302078008969863
淢,涐,0.7244194384434677
淢,诫,0.7229053877010369
淢,潂,0.7221129446308533
淢,湴,0.7219807686511039
