char1,char2,similarity
淤,淤,1.0
淤,游,0.767388580403306
淤,滥,0.7130726500885931
淤,滧,0.7104249128411924
淤,温,0.7051502874362723
淤,湓,0.701191570081743
淤,漧,0.7009901801268735
淤,滋,0.6999239287296192
淤,唹,0.6981017191816712
淤,丫,0.6962244980519656
