char1,char2,similarity
淥,淥,1.0
淥,汁,0.7517902837277317
淥,渁,0.7467297719311639
淥,洓,0.7370933169358502
淥,涂,0.7364704071740998
淥,湪,0.7349138412346491
淥,涤,0.7328368732458518
淥,湶,0.7317900262991096
淥,湱,0.7283912484575398
淥,池,0.7258991653530648
