char1,char2,similarity
淧,淧,1.0
淧,浾,0.7725125820839215
淧,沱,0.7707915716491024
淧,浤,0.7678446546912887
淧,浶,0.7652325079154421
淧,涋,0.7544543547224715
淧,泞,0.7524298442307801
淧,洝,0.7497630432863339
淧,涼,0.739542031830693
淧,濾,0.7389653130208673
