char1,char2,similarity
深,深,1.0
深,探,0.7584012190539922
深,淶,0.7571834761341245
深,倸,0.756311217940567
深,渁,0.753452568575537
深,保,0.7389950424329446
深,泙,0.7388906816671226
深,垛,0.7319202788362418
深,溗,0.731499309798056
深,浗,0.7307794599992847
