char1,char2,similarity
淲,淲,1.0
淲,唬,0.761804433029518
淲,谑,0.7524348489857534
淲,墟,0.7478538363406881
淲,湸,0.7464770136621778
淲,淚,0.7393291549098232
淲,涋,0.7391133836376452
淲,湹,0.7384002436251552
淲,琥,0.7378040035257453
淲,濾,0.7313151171525173
