char1,char2,similarity
淬,淬,1.0
淬,谇,0.7667537241564926
淬,涞,0.7583343332379774
淬,洋,0.7467269617718351
淬,淳,0.7407773778466687
淬,湆,0.7407514901255369
淬,悴,0.7398792828097323
淬,倅,0.7395200467168586
淬,产,0.7386882799011923
淬,淶,0.7377018250524922
