char1,char2,similarity
淰,淰,1.0
淰,涻,0.7611626512691855
淰,谂,0.7469125874686158
淰,浛,0.7465585391599209
淰,惗,0.7464171312310315
淰,汔,0.7388117828232763
淰,漗,0.7294728371849614
淰,湌,0.7253452520225336
淰,洤,0.725080422543406
淰,淴,0.7247949706941917
