char1,char2,similarity
淿,淿,1.0
淿,湶,0.8169973734631516
淿,涷,0.7934549167671049
淿,涥,0.790014162504645
淿,涄,0.7829978712870571
淿,湻,0.7755942612444974
淿,浐,0.7746614974868637
淿,淖,0.772135002210958
淿,渏,0.7690262251413846
淿,溩,0.7609702646955406
