char1,char2,similarity
淽,淽,1.0
淽,泩,0.7859086468049986
淽,泟,0.7741170790053169
淽,汻,0.7686859319604402
淽,渵,0.7639818625496589
淽,泡,0.7621682966905273
淽,汒,0.7567969061371952
淽,注,0.7537183787699627
淽,淔,0.7523990225820073
淽,涇,0.7521599647903512
