char1,char2,similarity
淾,淾,1.0
淾,泉,0.7735121275520289
淾,表,0.7483526351862998
淾,隶,0.7479692896021818
淾,東,0.7388106788643651
淾,宁,0.7373805070766245
淾,柬,0.733712562994738
淾,汬,0.727691428801887
淾,辛,0.7264406424377
淾,肃,0.7228778722652124
