char1,char2,similarity
添,添,1.0
添,溢,0.7256806243657447
添,灂,0.7148454240472146
添,滃,0.7096139096058872
添,涒,0.7084288438364121
添,澤,0.7083136795252294
添,泺,0.7039012847283758
添,潏,0.7036114808258717
添,泇,0.7029580785127431
添,灄,0.7019366650233195
