char1,char2,similarity
淹,淹,1.0
淹,俺,0.7606250952421303
淹,湾,0.7514334387177355
淹,涂,0.7509496269675088
淹,淦,0.7359925405581841
淹,湟,0.7358906516532422
淹,泠,0.7328907003676717
淹,湻,0.7326501433266658
淹,演,0.7315679313713469
淹,逳,0.7305795594276638
