char1,char2,similarity
済,済,1.0
済,浐,0.7683237295479939
済,湆,0.7614927980246229
済,泋,0.7597255602978117
済,沂,0.7587487597761712
済,渧,0.7527689589224995
済,渷,0.7523350991628225
済,淸,0.7512236815848039
済,涜,0.7501504439059405
済,湞,0.7484211862594657
