char1,char2,similarity
渂,渂,1.0
渂,浽,0.7795922574419334
渂,涀,0.778879231150063
渂,浸,0.7743636897360989
渂,涭,0.7646758286910487
渂,洝,0.7604550640442448
渂,涱,0.7493989291946508
渂,湜,0.7484291998137954
渂,淏,0.7454441914472643
渂,泙,0.7441106399023674
