char1,char2,similarity
渄,渄,1.0
渄,诽,0.7995619084206749
渄,俳,0.798288361899124
渄,悱,0.776282826487428
渄,泎,0.7614190177218942
渄,洂,0.7576688180628958
渄,淵,0.7468291372999457
渄,渒,0.7440445960387814
渄,泃,0.7431163630679521
渄,泚,0.7429415788729717
