char1,char2,similarity
渆,渆,1.0
渆,渕,0.7775230252093028
渆,測,0.7689753951518065
渆,淗,0.7370622075100196
渆,侀,0.7297070923547591
渆,浐,0.7294814860805842
渆,沠,0.7291829565590975
渆,泂,0.7279297767335097
渆,汭,0.7166959799131967
渆,淍,0.7157868648210141
