char1,char2,similarity
渀,渀,1.0
渀,倴,0.8012358249771864
渀,洊,0.7746361932564138
渀,涜,0.7627330190307011
渀,捹,0.7594451269463212
渀,渉,0.7554888763007204
渀,漺,0.7540544185377307
渀,淓,0.7537881081761896
渀,渋,0.7506991465058598
渀,渰,0.7505685992332589
