char1,char2,similarity
渌,渌,1.0
渌,澤,0.725073685112522
渌,渑,0.7238628351365947
渌,斥,0.723808080187955
渌,涂,0.721427288884326
渌,灵,0.719315590439673
渌,湢,0.7186281817420316
渌,课,0.7162334779205889
渌,濦,0.7161827390737425
渌,漛,0.7158895881075628
