char1,char2,similarity
渋,渋,1.0
渋,涉,0.7908092976611026
渋,浹,0.7903847311927897
渋,洔,0.7696345627171571
渋,涜,0.7581758580384377
渋,沂,0.7572659817736855
渋,渉,0.7563694869948859
渋,浾,0.7563575188404286
渋,泱,0.7550264546180143
渋,浃,0.7511018733147488
