char1,char2,similarity
渍,渍,1.0
渍,溃,0.8442002286790625
渍,债,0.7989602856120078
渍,湊,0.7940104838646193
渍,清,0.7899886440857271
渍,啧,0.7889153367005304
渍,愦,0.780569167851933
渍,淒,0.7736459296765076
渍,湇,0.7691342100229304
渍,湸,0.7659498955554557
