char1,char2,similarity
渓,渓,1.0
渓,洖,0.8217059248871966
渓,渼,0.7924768138538281
渓,渙,0.7906574904696392
渓,淏,0.7893451876872816
渓,滛,0.7727005087696415
渓,漞,0.7712105610751293
渓,湨,0.769391152414425
渓,渜,0.7669101642431639
渓,涘,0.7613617734625596
