char1,char2,similarity
渎,渎,1.0
渎,读,0.7702620698811413
渎,湞,0.726600518759896
渎,滨,0.7256840278915744
渎,溱,0.7244112561053011
渎,浈,0.7241999719039408
渎,潆,0.7215144767044775
渎,孛,0.7214432774815442
渎,塽,0.7211314910478592
渎,痪,0.7199036927011879
