char1,char2,similarity
渔,渔,1.0
渔,渞,0.7574943139855032
渔,迿,0.752749644899389
渔,追,0.7505378214444987
渔,泄,0.7462972459975274
渔,池,0.7450672356720404
渔,注,0.7436720394439473
渔,沮,0.7401592388513656
渔,迫,0.738505951248768
渔,進,0.737655988132025
