char1,char2,similarity
渝,渝,1.0
渝,偷,0.8254360605148131
渝,揄,0.7926075609517172
渝,谕,0.783224384529683
渝,瑜,0.768534943342005
渝,洫,0.7505048830715756
渝,澰,0.7504584005056221
渝,淪,0.737929725469133
渝,愉,0.735467000873609
渝,涻,0.7240495429535098
