char1,char2,similarity
渜,渜,1.0
渜,淏,0.8034756021199972
渜,湨,0.789989020503909
渜,涘,0.7817239155183452
渜,湏,0.7701333482783306
渜,渓,0.7669101642431639
渜,愞,0.7628754681974791
渜,渶,0.7624295586302364
渜,洖,0.753909070600151
渜,湙,0.7528939690255299
