char1,char2,similarity
渙,渙,1.0
渙,洖,0.7948974666286962
渙,渓,0.7906574904696392
渙,愌,0.7759735167866092
渙,喚,0.7682469937813233
渙,湙,0.7543318281889064
渙,涘,0.7514730019364518
渙,漁,0.7513209854762459
渙,渼,0.7455438317843893
渙,換,0.738835674400894
