char1,char2,similarity
渕,渕,1.0
渕,渆,0.7775230252093028
渕,浏,0.7582383513738404
渕,浻,0.7553265037164099
渕,泀,0.7506173882528377
渕,泂,0.7394417776276844
渕,淵,0.7340955392413037
渕,洌,0.731199038326506
渕,浰,0.7309100529992226
渕,渹,0.730019307663073
