char1,char2,similarity
渞,渞,1.0
渞,湭,0.801721531693071
渞,湝,0.7755938034477958
渞,澘,0.7743620811213692
渞,湱,0.7586385186771203
渞,溚,0.7583464077828141
渞,渔,0.7574943139855032
渞,泻,0.7533004901481183
渞,渮,0.7510044987451625
渞,溢,0.7507268050378167
