char1,char2,similarity
渤,渤,1.0
渤,潮,0.73414328081244
渤,泑,0.7192781116524906
渤,泐,0.7146729786793083
渤,漱,0.7129336127940786
渤,浺,0.7065485869422624
渤,淘,0.7046784614284051
渤,眑,0.7022205575279535
渤,渺,0.7021239931358977
渤,瀬,0.6977150474691879
