char1,char2,similarity
渟,渟,1.0
渟,停,0.8345032684382865
渟,湸,0.8194782322264091
渟,滜,0.7816124368076884
渟,漮,0.7701794339614282
渟,揨,0.7692215387662117
渟,溸,0.7654282460376898
渟,涥,0.7653348761110389
渟,泙,0.7629766921260256
渟,湇,0.7604924719343468
