char1,char2,similarity
渥,渥,1.0
渥,源,0.7677103167901383
渥,湄,0.7386109100438706
渥,湹,0.7359485168744768
渥,湦,0.7344322258776858
渥,屋,0.7325733906308433
渥,喔,0.7283021450030727
渥,濿,0.7278685954307916
渥,腥,0.7266784107883852
渥,浔,0.7257304421699364
