char1,char2,similarity
渡,渡,1.0
渡,溏,0.7343391545727596
渡,漥,0.7294024270755037
渡,淁,0.7218776317061386
渡,莀,0.7214317507829595
渡,溲,0.7210558546307411
渡,喥,0.7181317645826861
渡,葮,0.7155540073793367
渡,庹,0.7146019047530701
渡,滽,0.714231849592877
