char1,char2,similarity
渧,渧,1.0
渧,滵,0.7906262298158077
渧,偙,0.7874406929925405
渧,湇,0.7844253982584684
渧,谛,0.7767589827127361
渧,淯,0.7741424389174657
渧,湆,0.7672211143868372
渧,涥,0.7654308154261489
渧,污,0.7587683045076432
渧,淁,0.7585095696853673
