char1,char2,similarity
渣,渣,1.0
渣,渲,0.7563058487235369
渣,淦,0.7480036767954632
渣,沦,0.7458881016454364
渣,淔,0.7428905791048118
渣,迼,0.740814541992912
渣,澄,0.7390062001016979
渣,直,0.7388514552568028
渣,埴,0.7377233612513716
渣,滝,0.7372846300830161
