char1,char2,similarity
渱,渱,1.0
渱,洐,0.7312726864297607
渱,澁,0.7285086003093304
渱,漌,0.7281453854671489
渱,湰,0.7260942409217829
渱,滮,0.7231072310449569
渱,海,0.7224472737209925
渱,濋,0.7200572352796439
渱,还,0.7197981325031269
渱,滼,0.717622551251545
