char1,char2,similarity
渮,渮,1.0
渮,渏,0.7851516522630192
渮,溡,0.775854402295049
渮,湇,0.7644269934291749
渮,洧,0.7640822496608475
渮,湆,0.7631348831556534
渮,渵,0.7606645938870615
渮,澘,0.7600071319247079
渮,洔,0.7598433900622187
渮,涝,0.7538323425329316
