char1,char2,similarity
港,港,1.0
港,洁,0.7345408610766082
港,湝,0.731328536252764
港,渮,0.730198117537851
港,洔,0.7275085242422676
港,洵,0.7274064949139779
港,澘,0.7247149045519479
港,塂,0.7197009821108035
港,沸,0.719665558469527
港,渣,0.719662675117053
