char1,char2,similarity
渨,渨,1.0
渨,湢,0.7803582382057318
渨,湏,0.7799678620159702
渨,湑,0.7769961847772054
渨,涱,0.773491312343657
渨,湂,0.772087807152613
渨,溤,0.7598496940324923
渨,渾,0.7534728627237147
渨,漴,0.7531521620733779
渨,湜,0.7511720309157789
