char1,char2,similarity
温,温,1.0
温,湿,0.7688875750415611
温,湓,0.7533409934141198
温,滥,0.7444933436146285
温,混,0.7427008804600215
温,巠,0.7372830910677413
温,圼,0.7343990277454854
温,溘,0.7319926165945341
温,逞,0.7312366467706137
温,罣,0.7264221964195796
