char1,char2,similarity
渪,渪,1.0
渪,湡,0.8545573406841926
渪,堣,0.793260254071964
渪,渦,0.769399994498526
渪,喁,0.7660522915887256
渪,瑀,0.7657812827002631
渪,湏,0.7587454024596711
渪,潟,0.7568168876897818
渪,偶,0.7526697159723611
渪,隅,0.7521759711727474
