char1,char2,similarity
渰,渰,1.0
渰,湌,0.772705926123209
渰,滄,0.7559081135866306
渰,渀,0.7505685992332589
渰,济,0.7478156149022162
渰,涚,0.746638265771175
渰,滾,0.7463114667900903
渰,洴,0.7456163487962342
渰,洂,0.7425563988346356
渰,浉,0.7398592025961673
