char1,char2,similarity
渺,渺,1.0
渺,觘,0.768961824194091
渺,猀,0.7536802065232353
渺,鈔,0.7519710584063303
渺,唦,0.7446972753030467
渺,麨,0.7421858395273584
渺,挱,0.7339977308396854
渺,桫,0.7325092177688894
渺,尠,0.7295510849692717
渺,釸,0.7072979528656006
