char1,char2,similarity
渶,渶,1.0
渶,偀,0.808336606814255
渶,涘,0.7882443976401073
渶,瑛,0.7868849997375326
渶,愥,0.7669647815029018
渶,湙,0.7631428519062418
渶,渜,0.7624295586302364
渶,湨,0.7586028558899117
渶,淏,0.7576682209427259
渶,媖,0.7547269950400781
