char1,char2,similarity
游,游,1.0
游,淤,0.767388580403306
游,溽,0.7111768838773622
游,滸,0.7000625547871306
游,溡,0.6945596878524689
游,洔,0.6933844411917955
游,漧,0.6904956556889412
游,湤,0.6895654410857243
游,遊,0.6847645936788248
游,涝,0.6832219539289499
