char1,char2,similarity
渳,渳,1.0
渳,渨,0.7329791838259084
渳,滘,0.7281841240872231
渳,湢,0.7272688626766304
渳,渾,0.7265729294442383
渳,湏,0.7232301041020286
渳,滆,0.7229601709440024
渳,漲,0.7184497542136582
渳,渜,0.7177565825372685
渳,溊,0.7156143005224577
