char1,char2,similarity
渹,渹,1.0
渹,淘,0.7946486715527344
渹,淗,0.7713407899768362
渹,滰,0.7606337436385198
渹,海,0.7565717073143865
渹,洶,0.7487490927808871
渹,溩,0.7467014975842263
渹,泀,0.7454389984981313
渹,濶,0.7394109286142203
渹,滈,0.739048315337882
