char1,char2,similarity
湃,湃,1.0
湃,屛,0.7376412377109236
湃,洱,0.7105062937198147
湃,溿,0.692104657039368
湃,肘,0.6896790811113913
湃,滒,0.6888747823500198
湃,严,0.6871757997724862
湃,滑,0.6869839743050561
湃,科,0.6849997927690675
湃,厉,0.6849367921677131
