char1,char2,similarity
湅,湅,1.0
湅,涷,0.8144610187389677
湅,洓,0.8114594193181376
湅,徚,0.7922986063360362
湅,溁,0.7895151350692053
湅,淶,0.7843790163302702
湅,渿,0.783349477189577
湅,谏,0.7743767884480303
湅,堜,0.7703574293948579
湅,湶,0.7697594283762761
