char1,char2,similarity
湄,湄,1.0
湄,源,0.7413662894655182
湄,渥,0.7386109100438706
湄,眉,0.7312443628755888
湄,渊,0.7228848628942944
湄,湎,0.7184213685945628
湄,堳,0.7182589604195102
湄,溏,0.7175528403050955
湄,濿,0.7132231489903491
湄,溊,0.7112225620315165
