char1,char2,similarity
湋,湋,1.0
湋,愇,0.8008216206893043
湋,喡,0.7810681480263275
湋,浲,0.7770114990706125
湋,璋,0.7705420885491381
湋,煒,0.7673153114912347
湋,溒,0.7672708757293839
湋,暐,0.7594785592269625
湋,偉,0.7592597243244059
湋,滈,0.7586011495438342
