char1,char2,similarity
湍,湍,1.0
湍,淌,0.7634090603233242
湍,潟,0.7401128025000722
湍,溣,0.733193263990741
湍,滴,0.7312432222691335
湍,浊,0.7232879790743489
湍,屃,0.7207145601568538
湍,湦,0.7154654228619169
湍,屍,0.714990842908769
湍,湡,0.7146743432148378
