char1,char2,similarity
湏,湏,1.0
湏,湢,0.7861361247103003
湏,浭,0.780907468120198
湏,渨,0.7799678620159702
湏,湡,0.773412748948649
湏,涓,0.7711759192784606
湏,溞,0.7705150884596869
湏,渜,0.7701333482783306
湏,涢,0.7701205667527925
湏,溑,0.7695087279188343
