char1,char2,similarity
湉,湉,1.0
湉,湐,0.7467711319641935
湉,湁,0.7155063053884296
湉,泂,0.7145073401394912
湉,洢,0.7118211246658604
湉,洍,0.7107813274760336
湉,洉,0.7095432254699163
湉,燜,0.7085704234642368
湉,浦,0.7078421677548432
湉,湳,0.7077303419985601
