char1,char2,similarity
湆,湆,1.0
湆,湻,0.7970928126411845
湆,濇,0.7957768733438212
湆,涾,0.7935862612272748
湆,渏,0.7849253640438497
湆,潽,0.7827585018779791
湆,湝,0.7796384539275764
湆,谙,0.7793907434680575
湆,渻,0.7739883426776067
湆,湷,0.773175233791998
