char1,char2,similarity
湈,湈,1.0
湈,滐,0.7899515381202898
湈,煤,0.776262221988752
湈,谋,0.7697251748227117
湈,濚,0.7643167957523532
湈,湅,0.7602896142787584
湈,湻,0.7535432235422309
湈,灤,0.7518566247366116
湈,涥,0.7495237738716444
湈,湶,0.748207111858548
