char1,char2,similarity
湇,湇,1.0
湇,淯,0.8143822643377784
湇,澝,0.8021114806925844
湇,清,0.7879142967829176
湇,渧,0.7844253982584684
湇,溝,0.777361626353838
湇,滝,0.7750323655488356
湇,滖,0.774729504771675
湇,渍,0.7691342100229304
湇,滳,0.7660811893910043
