char1,char2,similarity
湙,湙,1.0
湙,洖,0.7880967443750642
湙,涘,0.7788006026058462
湙,渶,0.7631428519062418
湙,淏,0.7573532169729079
湙,淁,0.7562407014516761
湙,渼,0.7556023555808851
湙,渙,0.7543318281889064
湙,渜,0.7528939690255299
湙,浐,0.7518956361074318
