char1,char2,similarity
湗,湗,1.0
湗,渮,0.7444968112053286
湗,澍,0.7381183745106381
湗,沽,0.7316417490418151
湗,埘,0.731611595981713
湗,泔,0.730579671538241
湗,涚,0.7294870457573097
湗,湋,0.7289772834021334
湗,漡,0.7270324578132543
湗,淽,0.7259226436564216
