char1,char2,similarity
湖,湖,1.0
湖,瑚,0.7441161327456361
湖,潮,0.7376763729628887
湖,涧,0.7316407900250868
湖,溯,0.7305791567382478
湖,浏,0.7297594657959686
湖,沥,0.7233753704831543
湖,淘,0.7157009300867084
湖,泐,0.7142852344804911
湖,湘,0.7139012888270411
