char1,char2,similarity
湓,湓,1.0
湓,温,0.7533409934141198
湓,溘,0.7481105193365947
湓,湿,0.7235879851224364
湓,瀹,0.7229616944001486
湓,渲,0.719400405254075
湓,滥,0.7192028862751848
湓,湴,0.7132662264052289
湓,湼,0.7121447581711889
湓,富,0.7121059568554422
