char1,char2,similarity
湘,湘,1.0
湘,淅,0.7867900306711029
湘,湐,0.749906334074815
湘,沺,0.7421552646944347
湘,汕,0.7288756853701499
湘,淞,0.7272979542069451
湘,沖,0.7171899212776046
湘,湖,0.7139012888270411
湘,澔,0.7084232190744274
湘,沞,0.708268834759763
