char1,char2,similarity
湐,湐,1.0
湐,溎,0.8098837551173342
湐,湘,0.749906334074815
湐,湉,0.7467711319641935
湐,湁,0.746701647780237
湐,淞,0.7401138456949944
湐,浀,0.7345210645509591
湐,沺,0.7294768258148265
湐,淅,0.7205844866798591
湐,汭,0.7137329198285518
