char1,char2,similarity
湣,湣,1.0
湣,惽,0.7859451636455989
湣,湦,0.7679872216613727
湣,淂,0.7541011978462722
湣,涽,0.7510870818771168
湣,渭,0.7510433201309553
湣,湜,0.743103678084792
湣,滒,0.7427873260615082
湣,湆,0.7416339504427141
湣,湩,0.7404627972233561
