char1,char2,similarity
湟,湟,1.0
湟,煌,0.7945768550526939
湟,堭,0.7897064103343376
湟,隍,0.7719059211502156
湟,溰,0.7679444236592056
湟,徨,0.7675566803422642
湟,漶,0.7592091546368032
湟,惶,0.7575724769822174
湟,淳,0.753115240434933
湟,媓,0.7435706906912404
