char1,char2,similarity
湛,湛,1.0
湛,谌,0.857035402337817
湛,堪,0.8262507985295059
湛,愖,0.7763494416047299
湛,偡,0.768481207842689
湛,煁,0.7372281358065509
湛,渲,0.7360058655032788
湛,道,0.733775310873575
湛,渣,0.7311860554997048
湛,啿,0.7305305620557819
