char1,char2,similarity
湢,湢,1.0
湢,淐,0.8310165073978936
湢,滆,0.8091567755833161
湢,湽,0.7990566539662872
湢,湜,0.7893902207685484
湢,湏,0.7861361247103003
湢,愊,0.7849206667912962
湢,涱,0.7825384033773068
湢,渨,0.7803582382057318
湢,澑,0.778344137125832
