char1,char2,similarity
湞,湞,1.0
湞,溑,0.8587398547421846
湞,浈,0.7712262913680551
湞,淖,0.7659154398307214
湞,泸,0.7604625916797263
湞,涄,0.7592466570550385
湞,漠,0.7504597105712928
湞,滨,0.750294986475602
湞,湥,0.7486578992717942
湞,涥,0.7486370345855304
