char1,char2,similarity
湬,湬,1.0
湬,蝵,0.7453727351709122
湬,媝,0.7418411135391295
湬,揫,0.7341096562225282
湬,洯,0.7334341619099695
湬,泵,0.7276033975874843
湬,澩,0.7253859802134305
湬,汬,0.7249374732923729
湬,黎,0.721961193106318
湬,甃,0.7213823788495242
