char1,char2,similarity
湫,湫,1.0
湫,淞,0.7258869441768828
湫,翐,0.7153632929181624
湫,溎,0.7091675431526904
湫,洑,0.7089986239543253
湫,湐,0.7079806073723994
湫,垘,0.7038431413121727
湫,淅,0.703262547321075
湫,涖,0.7015848736253487
湫,欩,0.6999865197457847
