char1,char2,similarity
湨,湨,1.0
湨,淏,0.8677333893513532
湨,洖,0.7914231958952236
湨,渼,0.7911751307032705
湨,渜,0.789989020503909
湨,淂,0.7772083378757342
湨,滉,0.7738955233242328
湨,涘,0.772450646106391
湨,渓,0.769391152414425
湨,涀,0.7638852776368041
