char1,char2,similarity
湪,湪,1.0
湪,缘,0.8037740064630211
湪,掾,0.7779087727510725
湪,潒,0.7755863108103966
湪,喙,0.7701834703917609
湪,猭,0.7618334090003918
湪,椽,0.7529115508928512
湪,瑑,0.7520182160127896
湪,浲,0.7452952665661158
湪,堟,0.7419860140697677
