char1,char2,similarity
湶,湶,1.0
湶,淿,0.8169973734631516
湶,涥,0.7730720778628063
湶,湅,0.7697594283762761
湶,湻,0.7694163151930269
湶,渁,0.7681545866196756
湶,涷,0.7676094319894705
湶,涤,0.7671236386404648
湶,溙,0.7624060243486878
湶,淶,0.7616720953026275
