char1,char2,similarity
湳,湳,1.0
湳,喃,0.8202354869117021
湳,浦,0.8095819710405179
湳,楠,0.779057250740911
湳,涬,0.772851183561796
湳,淕,0.7650536511268118
湳,滳,0.7643730158867792
湳,消,0.7632535847216542
湳,満,0.7604882616400721
湳,揇,0.7557131480012738
