char1,char2,similarity
湷,湷,1.0
湷,淃,0.7929342436438209
湷,溙,0.7928100008501583
湷,湻,0.7801609340839375
湷,涥,0.7757717912142963
湷,湆,0.773175233791998
湷,溒,0.7697130278058534
湷,湊,0.7679187378464941
湷,淁,0.7660031928835112
湷,偆,0.7638279897320348
