char1,char2,similarity
湺,湺,1.0
湺,泯,0.7617711979300029
湺,涌,0.7405316761241697
湺,沤,0.7314015629934454
湺,瀊,0.7306331125158079
湺,洏,0.7291368262904055
湺,漚,0.7274721083636477
湺,滳,0.7266203596705206
湺,漎,0.7245657889166758
湺,槑,0.72272494710548
