char1,char2,similarity
満,満,1.0
満,滳,0.7769373096710739
満,湳,0.7604882616400721
満,滿,0.7524806369553416
満,溂,0.7470651323502624
満,溬,0.7448506347184167
満,潤,0.7382146932730658
満,溾,0.7374677340442358
満,滀,0.7342220900461779
満,浄,0.7340413315460703
