char1,char2,similarity
湿,湿,1.0
湿,温,0.7688875750415611
湿,迵,0.7383342241374579
湿,湟,0.7367196999118487
湿,迴,0.7273382234283635
湿,迡,0.7251061433312784
湿,涅,0.7246361796209642
湿,迉,0.7241958214036422
湿,淠,0.7241457927670825
湿,圼,0.7240123917356368
