char1,char2,similarity
湽,湽,1.0
湽,湢,0.7990566539662872
湽,澑,0.7615751383516333
湽,淐,0.7602262678359372
湽,滘,0.7415602459650675
湽,滆,0.7385984443601088
湽,滍,0.735546366321471
湽,涓,0.7325448427499572
湽,浦,0.7324662706432633
湽,湜,0.730845071874064
