char1,char2,similarity
湼,湼,1.0
湼,浬,0.8102875677290959
湼,涅,0.7805945812465078
湼,洹,0.7789095194125648
湼,滛,0.7775879915907493
湼,浧,0.7748077693811739
湼,洷,0.7746990212478402
湼,淣,0.7678691071417492
湼,洖,0.7672568958808154
湼,漜,0.766472715665729
