char1,char2,similarity
溈,溈,1.0
溈,溤,0.7454443245003952
溈,渮,0.7371603710075794
溈,渹,0.736023795840682
溈,溩,0.7348281504287754
溈,潟,0.7335581821181466
溈,湡,0.7308467665556027
溈,淗,0.7301408464160621
溈,溡,0.7300789162249997
溈,湊,0.7260474328391961
