char1,char2,similarity
溉,溉,1.0
溉,漑,0.7582809472870992
溉,摡,0.7368189897357443
溉,淝,0.7302361815195595
溉,厛,0.7116419647620076
溉,瀃,0.7069250220539487
溉,涆,0.7023890647354356
溉,厩,0.6990565882349903
溉,滠,0.6985674366420442
溉,風,0.6980637156479088
