char1,char2,similarity
溂,溂,1.0
溂,満,0.7470651323502624
溂,汩,0.7434598976945962
溂,淛,0.7406154944657224
溂,湳,0.7401548880711674
溂,滴,0.7317594845986649
溂,溮,0.7297589172107226
溂,滳,0.7271451819218301
溂,濶,0.725315526778889
溂,潚,0.7242094811807156
