char1,char2,similarity
溑,溑,1.0
溑,湞,0.8587398547421846
溑,嗩,0.8061216890740405
溑,湏,0.7695087279188343
溑,滰,0.7624151431091207
溑,湅,0.7607951080843894
溑,涾,0.7593372002034002
溑,偩,0.7558834315349253
溑,濆,0.7549109787132369
溑,湥,0.7534230967171902
