char1,char2,similarity
溎,溎,1.0
溎,湐,0.8098837551173342
溎,淞,0.7324258843919057
溎,湁,0.731489544169927
溎,漇,0.7282340042590842
溎,汇,0.7231240259188354
溎,湤,0.721823056183989
溎,沤,0.7184307451901117
溎,淅,0.7155704754350314
溎,洼,0.7121200656635795
