char1,char2,similarity
溏,溏,1.0
溏,谙,0.741375769315629
溏,湊,0.7400765213004281
溏,滂,0.7376148459676092
溏,堷,0.7354082993448527
溏,渡,0.7343391545727596
溏,婕,0.733307778095095
溏,脻,0.732346565944079
溏,滖,0.7310898451691648
溏,腤,0.7273135758539758
