char1,char2,similarity
溍,溍,1.0
溍,涽,0.7846616422991142
溍,淸,0.7817723261390894
溍,涾,0.7697581986480584
溍,湢,0.7622342209089616
溍,湝,0.7558271105689705
溍,治,0.754375438421304
溍,湏,0.7498936462589108
溍,漝,0.7491635593408532
溍,渞,0.7489566478156704
