char1,char2,similarity
溓,溓,1.0
溓,傔,0.7854883499454699
溓,嗛,0.7847318340206434
溓,谦,0.7810560248625773
溓,缣,0.779912814716624
溓,慊,0.7736315892170365
溓,搛,0.7673109315801827
溓,嫌,0.7484501216308648
溓,渼,0.7447967606372139
溓,溬,0.7374565430218407
