char1,char2,similarity
溜,溜,1.0
溜,澑,0.7795686653743995
溜,涌,0.7494144159635948
溜,酒,0.7485290409857919
溜,湢,0.7483493768582001
溜,涃,0.7315023991261702
溜,汹,0.7306303813403003
溜,溍,0.7301773426246453
溜,湽,0.7279400146100306
溜,浻,0.727920747111715
