char1,char2,similarity
溘,溘,1.0
溘,湓,0.7481105193365947
溘,渲,0.7386184700815344
溘,嗑,0.7373587278573482
溘,淔,0.7354182932172341
溘,濡,0.7344029955234581
溘,滢,0.7332450561462632
溘,温,0.7319926165945341
溘,扂,0.7252278423531465
溘,戹,0.7180421816210167
