char1,char2,similarity
溝,溝,1.0
溝,傋,0.8472346207145521
溝,湇,0.777361626353838
溝,清,0.7753834934172448
溝,倩,0.7719770949201279
溝,搆,0.7659817892905402
溝,凊,0.7584248830599353
溝,淸,0.744220731276836
溝,漕,0.7396402771322262
溝,滖,0.7391512595366416
