char1,char2,similarity
溗,溗,1.0
溗,潻,0.7894316531691272
溗,塖,0.7766996745498526
溗,淉,0.7619702069818236
溗,洓,0.758947598709224
溗,泙,0.7588809504184164
溗,湅,0.7570999589979959
溗,湩,0.756248519224353
溗,沫,0.7524776570822579
溗,漛,0.7518127438920423
