char1,char2,similarity
溡,溡,1.0
溡,渮,0.775854402295049
溡,崻,0.7690127220903547
溡,塒,0.754237537183677
溡,涆,0.7506280231709012
溡,湇,0.734986062909231
溡,渧,0.7342742695751042
溡,溿,0.7331862048904692
溡,溈,0.7300789162249997
溡,湆,0.7273839453743148
