char1,char2,similarity
溧,溧,1.0
溧,凓,0.8004992050761549
溧,澡,0.723868075067902
溧,渫,0.7210952373276283
溧,渘,0.7200582081008291
溧,层,0.7119665002343584
溧,淠,0.7098513863709334
溧,逎,0.7064968222993405
溧,涿,0.7052390215165201
溧,源,0.7012716780992463
