char1,char2,similarity
溢,溢,1.0
溢,谥,0.7945218114706105
溢,湴,0.7681542544990715
溢,渞,0.7507268050378167
溢,洫,0.7410630702924031
溢,濜,0.7343621897087405
溢,瀊,0.7340963988840571
溢,濫,0.7304390593828096
溢,添,0.7256806243657447
溢,逆,0.72499732656958
