char1,char2,similarity
溥,溥,1.0
溥,傅,0.8185787045532588
溥,博,0.7725977389686867
溥,凖,0.750025862728604
溥,搏,0.7455790829861109
溥,缚,0.7442646399250384
溥,愽,0.7342564062695044
溥,溱,0.7297202005567558
溥,溴,0.7289430331777627
溥,谫,0.725108872229576
