char1,char2,similarity
溩,溩,1.0
溩,湻,0.7640015836016194
溩,淿,0.7609702646955406
溩,嗚,0.7572710262701335
溩,淚,0.7518105642699183
溩,溾,0.7500764060562692
溩,淭,0.7497039625052087
溩,湶,0.7475402226022339
溩,渹,0.7467014975842263
溩,湅,0.7463143537046091
