char1,char2,similarity
溦,溦,1.0
溦,滶,0.7951487356378643
溦,滧,0.7756975101462714
溦,激,0.7540168029105253
溦,潄,0.748261753659827
溦,澂,0.7289120275422006
溦,徵,0.7287496599988978
溦,潡,0.7260943087583602
溦,漖,0.7253888820847306
溦,微,0.7252684257314347
