char1,char2,similarity
溲,溲,1.0
溲,傁,0.7928697992675002
溲,淠,0.7354736492944312
溲,渡,0.7210558546307411
溲,漥,0.7196026604287536
溲,温,0.7094332541092966
溲,浸,0.7086412115315915
溲,漫,0.708108713559009
溲,湞,0.7074121655818896
溲,埂,0.705024424044551
