char1,char2,similarity
溱,溱,1.0
溱,凑,0.7968011448969275
溱,湊,0.7465372251973642
溱,溙,0.7405630325867002
溱,溥,0.7297202005567558
溱,嗪,0.7252133051835433
溱,凊,0.7247213049955135
溱,渎,0.7244112561053011
溱,湷,0.7233829716286947
溱,序,0.722245931059469
