char1,char2,similarity
溯,溯,1.0
溯,潮,0.7370683809670626
溯,湖,0.7305791567382478
溯,澜,0.7215483713482793
溯,洌,0.7169977356684823
溯,浏,0.7159331366766211
溯,渕,0.7148633266697263
溯,测,0.7144064111110887
溯,糊,0.7118009076519077
溯,淘,0.6974890165127706
