char1,char2,similarity
溮,溮,1.0
溮,浉,0.8044028332793831
溮,漑,0.7314055660662349
溮,溂,0.7297589172107226
溮,涧,0.7247848097730117
溮,瀞,0.7238690956010627
溮,润,0.7219500042956644
溮,淛,0.7162915833764284
溮,溡,0.7160046217481574
溮,灁,0.7144670394896333
