char1,char2,similarity
溰,溰,1.0
溰,湟,0.7679444236592056
溰,洼,0.7622871538693837
溰,灃,0.7549893473363689
溰,沽,0.7544435180874425
溰,涜,0.7518228496593661
溰,漶,0.7480466435129465
溰,澋,0.7458317030032052
溰,池,0.7450190661630538
溰,洹,0.7445384757103294
