char1,char2,similarity
溪,溪,1.0
溪,嗘,0.8218983294664892
溪,傒,0.7909593636133176
溪,漞,0.7520483962353943
溪,澳,0.7319641745706567
溪,漠,0.729607878855428
溪,溴,0.7255255113236161
溪,慀,0.7247567943942538
溪,漢,0.7170250890382651
溪,涭,0.7149611990946342
