char1,char2,similarity
溷,溷,1.0
溷,涠,0.7723598916863288
溷,潿,0.7239870447763583
溷,涮,0.7216631227456396
溷,澜,0.7211527942111451
溷,漍,0.7202367540119402
溷,漏,0.7130245405171178
溷,湖,0.7083312587960682
溷,涃,0.7047586138003269
溷,腘,0.7033696386984816
