char1,char2,similarity
溵,溵,1.0
溵,濲,0.7534687935093445
溵,澱,0.7433379348763737
溵,瀫,0.7339122605450178
溵,渢,0.7338909922632242
溵,瀔,0.7242154583052156
溵,溊,0.7221349528752614
溵,涰,0.7197402522394687
溵,湚,0.7188691148332992
溵,泖,0.7163790313901647
