char1,char2,similarity
溸,溸,1.0
溸,嗉,0.8103233948496185
溸,溹,0.80011171486258
溸,愫,0.7963983387764987
溸,傃,0.7940956730995241
溸,渟,0.7654282460376898
溸,漯,0.7647986828134478
溸,漛,0.7585350153041212
溸,漴,0.7573445673885992
溸,滊,0.7550370602587283
