char1,char2,similarity
溹,溹,1.0
溹,溸,0.80011171486258
溹,溙,0.7692779347175467
溹,澝,0.758788812652139
溹,湋,0.7581081717991732
溹,渟,0.7571977555939542
溹,溒,0.7561361092339273
溹,漮,0.7557177676105183
溹,澭,0.752805649607099
溹,湇,0.7501449959372425
