char1,char2,similarity
溻,溻,1.0
溻,塌,0.8098912917110436
溻,傝,0.7917221021805341
溻,渇,0.7648327134856087
溻,榻,0.7485271370306226
溻,淏,0.743436850575334
溻,湯,0.7417096185066049
溻,渴,0.7371234747253228
溻,滆,0.729162389468442
溻,涡,0.7290709191745718
