char1,char2,similarity
溿,溿,1.0
溿,澣,0.7555599085923291
溿,涆,0.7479475108222864
溿,溡,0.7331862048904692
溿,渮,0.7291432317414009
溿,漋,0.7288621499563622
溿,漧,0.7243679208159056
溿,涛,0.7171106288020834
溿,湇,0.7160651195364449
溿,溶,0.7141721023684018
