char1,char2,similarity
滆,滆,1.0
滆,湢,0.8091567755833161
滆,湜,0.7946093705173707
滆,塥,0.7886960694217119
滆,涱,0.7802053851657348
滆,涓,0.7574685606290213
滆,涀,0.7572623179642181
滆,渾,0.7542089045206919
滆,漹,0.7535794222557499
滆,溤,0.7525618005745449
