char1,char2,similarity
滅,滅,1.0
滅,減,0.8053572978775213
滅,渽,0.7590052613977532
滅,淢,0.7554931065363848
滅,喴,0.7485585448892956
滅,揻,0.7417818159263044
滅,溨,0.7382929229384548
滅,慽,0.7347968717985749
滅,搣,0.7330508341860772
滅,湴,0.7300263132158521
