char1,char2,similarity
滃,滃,1.0
滃,嗡,0.7754304203057946
滃,傟,0.7670856764407198
滃,漁,0.7296350135862705
滃,渽,0.7265238616056411
滃,塕,0.7231399408096278
滃,潝,0.7228866928094146
滃,滳,0.7204540117589002
滃,湩,0.7192442041726319
滃,渭,0.7191422247474529
