char1,char2,similarity
滂,滂,1.0
滂,谤,0.7630360686802949
滂,溏,0.7376148459676092
滂,浣,0.7315926920945939
滂,涄,0.7219674196374913
滂,洿,0.7205507471973993
滂,滰,0.7190688390820849
滂,済,0.7190308365868369
滂,淠,0.718990002091498
滂,傍,0.7182180182742037
