char1,char2,similarity
滄,滄,1.0
滄,嗆,0.7950624164391024
滄,渰,0.7559081135866306
滄,湌,0.7538059532173622
滄,愴,0.7413529707205068
滄,潱,0.7406385334515385
滄,滾,0.7384513900640979
滄,涻,0.735206293772186
滄,湆,0.7283647211272458
滄,濤,0.7204155177174416
