char1,char2,similarity
滋,滋,1.0
滋,湴,0.7351386515930787
滋,溢,0.7211894771864464
滋,嗞,0.7172338814380979
滋,滧,0.7128808882051522
滋,迸,0.7092312587812675
滋,湔,0.7083326939810143
滋,滥,0.703053822952878
滋,潋,0.7022536299180606
滋,淤,0.6999239287296192
