char1,char2,similarity
滉,滉,1.0
滉,湨,0.7738955233242328
滉,淏,0.7720437775929899
滉,涀,0.7506742675818641
滉,湯,0.7492812634329833
滉,濕,0.7451577860971712
滉,溫,0.7405711527918435
滉,滭,0.7387925178962473
滉,渷,0.738412212193199
滉,溌,0.7357893522667681
