char1,char2,similarity
滏,滏,1.0
滏,漌,0.7403933616056952
滏,渣,0.7335769595345184
滏,漜,0.7319997185709
滏,湰,0.7308403581991271
滏,澄,0.7295466196402384
滏,淫,0.7250035247376411
滏,滢,0.722936600204233
滏,洼,0.7141006724720829
滏,澨,0.7097700177827752
