char1,char2,similarity
滘,滘,1.0
滘,滣,0.793935934368502
滘,湢,0.7757171937174464
滘,涻,0.7567378236087263
滘,渨,0.7496655706217672
滘,溍,0.7482648098754833
滘,滆,0.7464820497564418
滘,涱,0.7426705966277545
滘,湽,0.7415602459650675
滘,澐,0.7405079422058517
