char1,char2,similarity
滗,滗,1.0
滗,滸,0.7223171588781
滗,渑,0.7174871771684301
滗,漧,0.7059632675753166
滗,澠,0.7043613833655004
滗,澪,0.7001309456046194
滗,滒,0.6968731474315597
滗,湻,0.6965051758193787
滗,溻,0.6947671781206181
滗,潬,0.6946733370230297
