char1,char2,similarity
滙,滙,1.0
滙,漚,0.767866808313247
滙,洞,0.7496527433215893
滙,漟,0.7452591534789605
滙,浻,0.7439314503921064
滙,漥,0.7420887714346457
滙,湼,0.7406457238417377
滙,湦,0.7390616940571066
滙,溼,0.7366659320066491
滙,洏,0.7366171131437494
