char1,char2,similarity
滔,滔,1.0
滔,淄,0.7731082961988589
滔,涸,0.7631925454477413
滔,泅,0.7613711415637846
滔,塪,0.755249757671933
滔,洇,0.7477645612631205
滔,洒,0.7426039120103242
滔,淫,0.7412263200131778
滔,酒,0.7359410326616258
滔,湽,0.7278682516782816
