char1,char2,similarity
滛,滛,1.0
滛,傜,0.784719527689625
滛,愮,0.7821897270381385
滛,湼,0.7775879915907493
滛,嗂,0.774311306832349
滛,渓,0.7727005087696415
滛,徭,0.7631800867245808
滛,洖,0.7628524051592779
滛,暚,0.7560949436974752
滛,泘,0.7536739995541443
