char1,char2,similarity
满,满,1.0
满,贲,0.7268595715246344
满,泐,0.7265745636659209
满,滿,0.7254231041227748
满,扄,0.7225721234556649
满,扁,0.7223726809354213
满,滴,0.7198466683330572
满,満,0.7183268652812085
满,涧,0.7170502313891666
满,扃,0.7166450079407516
