char1,char2,similarity
滠,滠,1.0
滠,嗫,0.7403021667958299
滠,溫,0.7100640237707743
滠,県,0.7095007077087022
滠,滒,0.7088394488935699
滠,湨,0.7049462673882828
滠,晸,0.7043526325122657
滠,溉,0.6985674366420442
滠,慑,0.6985269702087263
滠,趸,0.6958373464661995
