char1,char2,similarity
滞,滞,1.0
滞,洁,0.734421511148815
滞,庙,0.718257538659221
滞,谛,0.7178039430681084
滞,沛,0.7164680697714326
滞,浠,0.7154384632437549
滞,潍,0.7150461649558659
滞,滩,0.7139810958460839
滞,漾,0.7114915432400969
滞,洎,0.7095215079888707
