char1,char2,similarity
滧,滧,1.0
滧,溦,0.7756975101462714
滧,傚,0.7612756050719305
滧,潋,0.7434652772540665
滧,滶,0.7372250561814524
滧,浟,0.7330752331362599
滧,漵,0.7315841479720433
滧,潄,0.728080937037339
滧,激,0.726165814155397
滧,溓,0.7259502837749066
