char1,char2,similarity
滯,滯,1.0
滯,僀,0.7917731556979045
滯,墆,0.7512491212610672
滯,渼,0.7503810009574361
滯,滭,0.7313400462609542
滯,渫,0.729060583740735
滯,滐,0.7283548018685528
滯,渧,0.7280002258534534
滯,漜,0.7250098115984098
滯,涻,0.7208499961082904
