char1,char2,similarity
滮,滮,1.0
滮,渱,0.7231072310449569
滮,浉,0.7136899888262861
滮,漌,0.7095085290244714
滮,湌,0.7083167566530044
滮,漄,0.707501503570936
滮,澢,0.706698381126722
滮,湰,0.7063967595283858
滮,滅,0.7046227862798864
滮,渰,0.7038317277532409
