char1,char2,similarity
滫,滫,1.0
滫,潃,0.7860327497920351
滫,滌,0.7566755344430811
滫,溣,0.7520940532076276
滫,瀾,0.7300931655906988
滫,灡,0.7259201448446155
滫,濔,0.7240965918502228
滫,濶,0.720775485449699
滫,潤,0.7134613625586278
滫,灁,0.7132085853479592
