char1,char2,similarity
滭,滭,1.0
滭,滒,0.7557617722064836
滭,湨,0.7536196389748964
滭,淏,0.7490606626165567
滭,澤,0.7483882966942951
滭,濢,0.7476556120599525
滭,滣,0.7442926970269087
滭,澪,0.743207318290657
滭,渇,0.7426801819147059
滭,淂,0.7418916618411974
