char1,char2,similarity
滶,滶,1.0
滶,溦,0.7951487356378643
滶,漖,0.7903920613019461
滶,傲,0.7836418790975368
滶,潄,0.7762443412394517
滶,漵,0.7711918096441227
滶,激,0.7479969259153363
滶,微,0.740782827068095
滶,潋,0.7381682708931764
滶,滧,0.7372250561814524
