char1,char2,similarity
滳,滳,1.0
滳,墒,0.8244302714500077
滳,滴,0.8007691153561092
滳,谪,0.790031185287421
滳,滈,0.7795754402049841
滳,満,0.7769373096710739
滳,洏,0.774882231483073
滳,湇,0.7660811893910043
滳,湳,0.7643730158867792
滳,摘,0.7610829495415803
