char1,char2,similarity
滲,滲,1.0
滲,墋,0.8042830532986277
滲,慘,0.7730076657274385
滲,傪,0.7474517065238954
滲,摻,0.7391737153855438
滲,穇,0.7351732022575973
滲,渚,0.7328949287987869
滲,漻,0.7327530052742589
滲,滴,0.7242340034619194
滲,湌,0.7173312462075676
