char1,char2,similarity
滹,滹,1.0
滹,嘑,0.7301822642180559
滹,源,0.710596284954894
滹,辉,0.7073765710500983
滹,厚,0.7066784429122389
滹,涿,0.6990826964219199
滹,瀛,0.6981151889702302
滹,脉,0.6980513425846073
滹,镎,0.6963912597512776
滹,浑,0.6955050245337064
