char1,char2,similarity
滸,滸,1.0
滸,滒,0.7347471118445272
滸,滗,0.7223171588781
滸,渼,0.7179718369754711
滸,渢,0.7172479355761591
滸,滄,0.7146036086925704
滸,泋,0.7139586061398586
滸,溓,0.7125958818892649
滸,滶,0.7120204526366694
滸,溈,0.7115228930399212
