char1,char2,similarity
滵,滵,1.0
滵,渧,0.7906262298158077
滵,嘧,0.773441700531568
滵,漥,0.7685580798230467
滵,湻,0.7634768772589955
滵,湆,0.7563689107531066
滵,潌,0.7535204402420786
滵,淁,0.75112899811221
滵,滓,0.7506688687918219
滵,涥,0.7493073307579785
