char1,char2,similarity
滼,滼,1.0
滼,濋,0.7599877725163514
滼,澿,0.7530207592112943
滼,湌,0.7459130120495062
滼,浉,0.7449920897413982
滼,渷,0.7417755989791605
滼,淇,0.7403122836426465
滼,流,0.7344398450219917
滼,涚,0.7332023158748391
滼,漜,0.7326823427747502
