char1,char2,similarity
滿,滿,1.0
滿,満,0.7524806369553416
滿,滳,0.7373458397491283
滿,满,0.7254231041227748
滿,漌,0.7248696193981558
滿,扃,0.7206857924092488
滿,潤,0.7202360883766084
滿,溁,0.7198893000334894
滿,溂,0.7186473703553905
滿,涤,0.7171858588036273
