char1,char2,similarity
滻,滻,1.0
滻,漄,0.7717562984390993
滻,淕,0.7599733590907528
滻,渧,0.7564997746279251
滻,淭,0.7493545255551827
滻,滳,0.7491116780018809
滻,滴,0.7458587946618582
滻,灆,0.7453088729433132
滻,滬,0.7451309950905749
滻,滽,0.7446846423715228
