char1,char2,similarity
漀,漀,1.0
漀,滎,0.7342351773076812
漀,澩,0.7336160174310661
漀,泉,0.7196893184813701
漀,淾,0.7194502365459379
漀,槃,0.7181384988459353
漀,撀,0.7137799672100172
漀,鏧,0.7123662518644345
漀,漿,0.7112016063287478
漀,柔,0.7048936524990195
