char1,char2,similarity
滾,滾,1.0
滾,滚,0.8025581701169275
滾,溒,0.7975847317086373
滾,滖,0.7812545107300662
滾,湌,0.77380675416874
滾,渰,0.7463114667900903
滾,淒,0.7417651512280717
滾,瀤,0.7410283456725913
滾,湙,0.7405323006029321
滾,湷,0.7385359758381637
