char1,char2,similarity
漅,漅,1.0
漅,湅,0.7535927589001138
漅,溑,0.7432835441693459
漅,澋,0.739741242185842
漅,湈,0.7385942755983139
漅,澯,0.7365834224776773
漅,湶,0.7334897144965887
漅,涷,0.7329307423864516
漅,涅,0.7322313544702242
漅,溄,0.7322242104035297
