char1,char2,similarity
七,七,1.0
七,丶,0.8097621447185895
七,上,0.80497377783021
七,亠,0.8007549091323355
七,卜,0.8004020543490047
七,一,0.7983849610269157
七,丨,0.7954999966817418
七,乚,0.7944481684478578
七,乇,0.7865546738825925
七,乀,0.77900895090143
