char1,char2,similarity
三,三,1.0
三,工,0.8561702833933912
三,王,0.8558990454040623
三,五,0.851566612914074
三,丄,0.8411979882302637
三,壬,0.8292243831012569
三,匸,0.8276594502850972
三,丆,0.8201329172336306
三,苎,0.8176613450657659
三,一,0.8160872539926493
