char1,char2,similarity
下,下,1.0
下,丁,0.8495428563739676
下,丨,0.8370598424928515
下,冖,0.8309407106933445
下,丅,0.8267502211786764
下,扌,0.8259166520352139
下,丶,0.824811729637046
下,卜,0.8181619475872343
下,亅,0.8150775116927584
下,爫,0.8125559386278302
