char1,char2,similarity
丆,丆,1.0
丆,冫,0.8622605753342396
丆,冖,0.8561120644726706
丆,丶,0.8546232260092869
丆,乛,0.8465184337700647
丆,广,0.830290572242117
丆,氵,0.8300542314459843
丆,忄,0.8260960150307493
丆,疒,0.8258684085828778
丆,一,0.8251208486424535
