char1,char2,similarity
不,不,1.0
不,丅,0.8174436225808454
不,丕,0.8119352295452847
不,于,0.8093097851012355
不,下,0.8068485629855088
不,丨,0.804835491328327
不,丂,0.8009404418104846
不,卜,0.8001301328541833
不,了,0.7920942583852402
不,丁,0.7900451996949595
