char1,char2,similarity
丌,丌,1.0
丌,兀,0.8237345378903939
丌,升,0.8222835827311684
丌,亣,0.822064071483691
丌,冖,0.8059079527474684
丌,汀,0.8055900518602239
丌,万,0.8053725858525739
丌,罒,0.7968503723453112
丌,奸,0.794722929655847
丌,夰,0.7942843725877858
