char1,char2,similarity
丕,丕,1.0
丕,玊,0.8216414738827147
丕,巫,0.8148753207427978
丕,不,0.8119352295452847
丕,玉,0.7948430229550231
丕,王,0.7939595988550298
丕,丁,0.7917098649168648
丕,上,0.7916544075264321
丕,亖,0.7857689636825216
丕,壬,0.7804132976296282
