char1,char2,similarity
丒,丒,1.0
丒,弖,0.7927440352953264
丒,匚,0.7733281383227014
丒,亼,0.7628561299569991
丒,亜,0.7615271619488388
丒,圧,0.7524877658195969
丒,尸,0.7524620487684771
丒,叵,0.7497061209455429
丒,亘,0.7479335312284933
丒,豆,0.7458691086397139
