char1,char2,similarity
丏,丏,1.0
丏,丐,0.8816706087313525
丏,弓,0.8108749332263583
丏,帀,0.801348284902787
丏,亐,0.7936887080719408
丏,用,0.7914923944574591
丏,丂,0.7818534282251224
丏,不,0.7773331689087669
丏,另,0.7739231540712955
丏,丅,0.7707597928453377
