char1,char2,similarity
丛,丛,1.0
丛,乚,0.7781338793098499
丛,彑,0.7654165433254283
丛,从,0.76379846001347
丛,且,0.7622159254710564
丛,亼,0.7571969579793172
丛,王,0.7538514565450176
丛,玉,0.7517491234981265
丛,乩,0.7516183260004113
丛,匚,0.7508082825068798
