char1,char2,similarity
世,世,1.0
世,址,0.7975578753110018
世,匕,0.7759602455006089
世,辷,0.764364837579144
世,仳,0.7638866718474396
世,伹,0.7585986961124718
世,上,0.75337928566283
世,廿,0.7514683950894039
世,针,0.7494361959054111
世,怄,0.746977204220518
