char1,char2,similarity
丗,丗,1.0
丗,士,0.8422924349035004
丗,圡,0.815798929750685
丗,土,0.8076682680473508
丗,十,0.7878115862286104
丗,卅,0.7869828905909106
丗,丨,0.7806012383241137
丗,小,0.7784521972994304
丗,丄,0.7773865552076134
丗,亅,0.7760050338433416
