char1,char2,similarity
丝,丝,1.0
丝,旦,0.7580737148515664
丝,亘,0.7455150937650981
丝,互,0.744692751041988
丝,坌,0.7441170488309152
丝,彑,0.7401609776955782
丝,亖,0.7388985314028287
丝,丛,0.7377770958309853
丝,亼,0.7345783655813596
丝,韭,0.7335227589888362
