char1,char2,similarity
丢,丢,1.0
丢,丟,0.8378159434340088
丢,乎,0.7668493042395311
丢,呆,0.7659666730720567
丢,去,0.7619389089449264
丢,夨,0.761525481036724
丢,一,0.7575352641921691
丢,失,0.7550278616189013
丢,舌,0.7547369618434636
丢,岳,0.7509346765924182
