char1,char2,similarity
严,严,1.0
严,屵,0.8196780208966852
严,尸,0.8123466819248772
严,厂,0.8115305358898718
严,广,0.7945269193402272
严,冫,0.7937067122590308
严,产,0.7896558457089219
严,罒,0.7889023651473587
严,厈,0.7864037886448741
严,于,0.7861509903122582
