char1,char2,similarity
丠,丠,1.0
丠,业,0.8111663229629708
丠,韭,0.8010952887105763
丠,亚,0.7610483529938202
丠,冮,0.7587859815660395
丠,血,0.7578680121985484
丠,尢,0.7557614867060182
丠,亼,0.7547102639144803
丠,北,0.7535858163272955
丠,並,0.7481709352061197
