char1,char2,similarity
丩,丩,1.0
丩,卄,0.8370966934400865
丩,丶,0.830017193380151
丩,丷,0.8262560194589172
丩,冫,0.8202216972865566
丩,忄,0.8131577376246518
丩,一,0.8092586925149859
丩,丬,0.8078554243311836
丩,氵,0.8076768322502498
丩,讠,0.8070399453177795
