char1,char2,similarity
並,並,1.0
並,业,0.8026949636286317
並,韭,0.7907803741908295
並,血,0.7606436748094155
並,主,0.758500942747411
並,显,0.7562368803202941
並,立,0.7560072047193265
並,亚,0.7546303423303092
並,彑,0.7541780350992527
並,亞,0.7534857415529195
