char1,char2,similarity
个,个,1.0
个,丨,0.8783233569223502
个,十,0.8645591717843414
个,仐,0.8554223645049147
个,仚,0.8454857807514597
个,彳,0.8432209357955924
个,今,0.8336073270941581
个,丫,0.8333985903590948
个,仝,0.8316283787200265
个,亅,0.8314533792831675
