char1,char2,similarity
丰,丰,1.0
丰,半,0.8348813338299664
丰,市,0.8343571747313497
丰,申,0.8323222752753126
丰,丨,0.8228910507945877
丰,十,0.8187650960150398
丰,伞,0.8038867496851884
丰,圭,0.8028967522257289
丰,早,0.8018677150947626
丰,卡,0.8014480500804856
