char1,char2,similarity
丳,丳,1.0
丳,皁,0.7478573395845135
丳,皃,0.7465229452505493
丳,萍,0.7410030914840485
丳,丱,0.7400403261339751
丳,弈,0.7373324397869064
丳,芛,0.7369778251744377
丳,茾,0.7294754932048766
丳,旁,0.7277968452296472
丳,昘,0.7259141169253785
