char1,char2,similarity
丬,丬,1.0
丬,丶,0.8474690891973661
丬,卝,0.8339836719852416
丬,艹,0.8217280576281185
丬,才,0.8196121462110224
丬,几,0.8194762762411792
丬,乁,0.8152068458496292
丬,一,0.8148222568612016
丬,汁,0.814051218374482
丬,丨,0.8127837377983613
