char1,char2,similarity
丱,丱,1.0
丱,丣,0.824800764627778
丱,卯,0.8073833629699497
丱,业,0.7920881933019386
丱,覀,0.7791626194085187
丱,弗,0.7728330515836714
丱,卵,0.763854166154726
丱,罓,0.7634603335102578
丱,戼,0.7632607377373681
丱,北,0.7620191116638879
