char1,char2,similarity
丮,丮,1.0
丮,卂,0.7958368474974891
丮,厾,0.7729634496138901
丮,芞,0.7604901902899645
丮,乁,0.7588138617589704
丮,丶,0.756498820803701
丮,兰,0.7457992597704138
丮,耵,0.7443668851406344
丮,尫,0.7439972818136769
丮,了,0.7430706457954955
