char1,char2,similarity
丶,丶,1.0
丶,丨,0.9010697891178464
丶,一,0.9000199639433644
丶,亅,0.8892787176646573
丶,亠,0.8837311379099515
丶,乀,0.881225256708003
丶,丿,0.8796546071588669
丶,冫,0.8758580177437066
丶,乛,0.8745924134929768
丶,丷,0.8674037082228953
