char1,char2,similarity
主,主,1.0
主,生,0.8447451318199299
主,丄,0.8273481621213244
主,工,0.8190028241313558
主,上,0.8167688578970552
主,土,0.814541727575491
主,丨,0.8111853763882573
主,虫,0.8065381006074628
主,中,0.8036240342275262
主,之,0.8035648765477258
