char1,char2,similarity
丵,丵,1.0
丵,军,0.7741024056360049
丵,莩,0.773606128358274
丵,幸,0.7715526266215629
丵,凿,0.7594903564224567
丵,宰,0.7594055501324296
丵,卓,0.7572167941259441
丵,車,0.7509709247445433
丵,举,0.7506249839685266
丵,丫,0.7499255973408221
