char1,char2,similarity
丽,丽,1.0
丽,而,0.7688289984943102
丽,菛,0.7572690208877316
丽,莭,0.7560709728100091
丽,回,0.7488055246823035
丽,丙,0.7472190968200987
丽,葭,0.7421141719482376
丽,円,0.7400777652726636
丽,茆,0.7391903984444076
丽,萳,0.7374518023800285
