char1,char2,similarity
临,临,1.0
临,咱,0.7558578365899495
临,咭,0.7520434257798904
临,咆,0.7377141959725645
临,物,0.7334440399369737
临,吃,0.7333572362826357
临,唯,0.7321504952693298
临,哴,0.7293969647510233
临,牰,0.7288355392443535
临,唱,0.7280907142825858
