char1,char2,similarity
乂,乂,1.0
乂,又,0.8164322119003188
乂,夊,0.8087141633458818
乂,丶,0.7982836572421685
乂,义,0.7948892137589668
乂,人,0.7838343545575699
乂,乀,0.7836745559850736
乂,叉,0.7826592535984451
乂,仧,0.7816013421470095
乂,乆,0.7783772022749961
