char1,char2,similarity
乃,乃,1.0
乃,儿,0.8002588554724769
乃,马,0.794858243786934
乃,几,0.7881271622345999
乃,丂,0.7824700960301508
乃,丌,0.7819203983336903
乃,乚,0.7803079390726376
乃,汅,0.776185424039668
乃,八,0.7739064336021731
乃,冫,0.7731656595482865
