char1,char2,similarity
乆,乆,1.0
乆,人,0.840840746933195
乆,久,0.8075687156519672
乆,火,0.8050111750423227
乆,丶,0.79960689080693
乆,大,0.7906192845655386
乆,灭,0.7904718179242308
乆,天,0.7884286438743374
乆,夭,0.7883825395430378
乆,乀,0.7849248680628884
