char1,char2,similarity
乀,乀,1.0
乀,丶,0.881225256708003
乀,丨,0.8437090814143653
乀,乛,0.8431391895465362
乀,冖,0.8305675377545739
乀,亅,0.829139673319641
乀,忄,0.828744668969061
乀,一,0.8259387674197085
乀,冫,0.8255146875706774
乀,亠,0.8213271879111811
