char1,char2,similarity
丿,丿,1.0
丿,丨,0.9046477730618353
丿,亅,0.8995553280412645
丿,丶,0.8796546071588669
丿,丄,0.8666982223527995
丿,十,0.8460150460914169
丿,一,0.8446800996808282
丿,亠,0.8420664569617242
丿,丅,0.8415629229190118
丿,丁,0.8411463875759375
