char1,char2,similarity
么,么,1.0
么,幺,0.819430304480652
么,厶,0.7843613636300425
么,人,0.776106872475791
么,丶,0.7732560590772068
么,久,0.7704620284600002
么,丿,0.7684013460953619
么,丨,0.7677801356149547
么,八,0.7660036588069018
么,亻,0.7628910493593548
