char1,char2,similarity
乎,乎,1.0
乎,亅,0.8250722578124976
乎,一,0.8053109986283594
乎,平,0.7960635624060753
乎,手,0.795141997915612
乎,干,0.7947340156720032
乎,千,0.7929488658049445
乎,甼,0.7925362376308915
乎,亨,0.7913815776092069
乎,壬,0.7861324570697288
