char1,char2,similarity
乒,乒,1.0
乒,乓,0.8745189031805466
乒,兵,0.8457521418169547
乒,丩,0.7896556897870025
乒,丶,0.7758179210267929
乒,丷,0.76909921422459
乒,冫,0.764467324638144
乒,忄,0.7621679264816759
乒,六,0.7584545904229826
乒,且,0.7575034749657933
