char1,char2,similarity
乔,乔,1.0
乔,呑,0.7665545580159007
乔,井,0.7662227410399152
乔,禿,0.7654675765598569
乔,芥,0.7571498515346418
乔,秃,0.7560655870194721
乔,岕,0.7521696384042547
乔,犿,0.7482757484428278
乔,并,0.7472703474515631
乔,乖,0.7471999163879571
