char1,char2,similarity
乛,乛,1.0
乛,宀,0.8885425220076046
乛,丶,0.8745924134929768
乛,冖,0.8730661035448891
乛,广,0.8708888212821213
乛,冫,0.859573282626392
乛,丨,0.8562658006041503
乛,艹,0.8530427683695164
乛,亠,0.8473667006650203
乛,丆,0.8465184337700647
