char1,char2,similarity
乖,乖,1.0
乖,木,0.7820780069259604
乖,秊,0.7659822803034713
乖,本,0.7609331319400621
乖,中,0.7567953557604385
乖,巾,0.7546117259773452
乖,芈,0.7544475117388231
乖,乔,0.7471999163879571
乖,氒,0.7469561703414143
乖,朩,0.7464130999972112
