char1,char2,similarity
乘,乘,1.0
乘,乗,0.825666205692042
乘,朶,0.7589624352346904
乘,果,0.7563374378712449
乘,杲,0.733892814777818
乘,雬,0.7332338837496268
乘,录,0.7318880050225249
乘,沗,0.730954084861559
乘,秊,0.7296957250278234
乘,朵,0.7285560133404225
