char1,char2,similarity
乣,乣,1.0
乣,圠,0.8271530337234538
乣,乢,0.8257817757845496
乣,扎,0.7982845247887816
乣,此,0.7934744174985938
乣,乵,0.785182926561254
乣,乹,0.779720893484196
乣,臫,0.779699077964303
乣,外,0.7774720587683087
乣,儿,0.7761821909691868
