char1,char2,similarity
乯,乯,1.0
乯,乭,0.8222476433314067
乯,乮,0.7993998210634757
乯,乼,0.7934515182802747
乯,乻,0.7890527116448096
乯,乬,0.7887600033141948
乯,乴,0.7881452968902111
乯,乷,0.7661861560350592
乯,乽,0.7623429461484499
乯,乲,0.7618218842906684
