char1,char2,similarity
乫,乫,1.0
乫,乧,0.7679604436849963
乫,朰,0.7604116556680048
乫,架,0.7389187269885146
乫,乻,0.7385699097424478
乫,乲,0.7311444008075133
乫,乤,0.7296004470705313
乫,乮,0.728546089963497
乫,乷,0.7211524605028979
乫,壱,0.7201770385336111
