char1,char2,similarity
乧,乧,1.0
乧,乫,0.7679604436849963
乧,乤,0.7635897496033824
乧,朰,0.7506685689538597
乧,苣,0.7312356936102855
乧,龟,0.7295255215816667
乧,圠,0.7276292797656917
乧,皀,0.7274100481900805
乧,圵,0.7274082746856639
乧,让,0.7272244157085013
