char1,char2,similarity
乨,乨,1.0
乨,臫,0.8224980481404655
乨,钆,0.8105007478115348
乨,札,0.7946021732008931
乨,劜,0.7879000065173968
乨,圠,0.7834412184610582
乨,糺,0.7820372451167624
乨,乢,0.7798898001603451
乨,乱,0.7695455128431161
乨,釓,0.7678108373032558
