char1,char2,similarity
乬,乬,1.0
乬,乯,0.7887600033141948
乬,乶,0.7870084720022784
乬,乽,0.7867642926830193
乬,乺,0.7701779126234906
乬,乭,0.7678590490472127
乬,哥,0.7676419429895475
乬,乮,0.7630385023225572
乬,乼,0.7559445206914901
乬,巠,0.7556736790986427
