char1,char2,similarity
书,书,1.0
书,卜,0.808302500372895
书,一,0.79082809039039
书,扌,0.7772615611452651
书,丶,0.7660887467300983
书,乛,0.7634654046120525
书,宀,0.7619290050184301
书,丨,0.7578003243728986
书,中,0.7574048170522308
书,卞,0.7563983142267424
