char1,char2,similarity
乵,乵,1.0
乵,乹,0.8239407211664936
乵,札,0.8133023872658701
乵,圠,0.803035289222196
乵,扎,0.7927407740036136
乵,儿,0.7912846180921581
乵,轧,0.7889805794785038
乵,乣,0.785182926561254
乵,钆,0.7823081207974939
乵,牝,0.7793849529159812
