char1,char2,similarity
乹,乹,1.0
乹,乵,0.8239407211664936
乹,札,0.7984383019048362
乹,乿,0.7941965490406978
乹,圠,0.7941957797875835
乹,乾,0.7877681778323671
乹,乢,0.7815920493180011
乹,乣,0.779720893484196
乹,扎,0.7792554358628451
乹,臫,0.7763313952285498
