char1,char2,similarity
乱,乱,1.0
乱,乩,0.7887424237884457
乱,孔,0.7830061433668654
乱,刮,0.7821226691539556
乱,亄,0.7782478689630348
乱,亃,0.7732140126940586
乱,乨,0.7695455128431161
乱,几,0.7686709864544056
乱,凡,0.7648862921389965
乱,凢,0.7611367486378188
