char1,char2,similarity
乳,乳,1.0
乳,耴,0.7651424842865102
乳,卂,0.7402408805371953
乳,丸,0.7365764879739765
乳,芤,0.7356723648279767
乳,轧,0.734735215951135
乳,九,0.7305017522693582
乳,艽,0.7297863458418263
乳,凥,0.7292867251973936
乳,驻,0.7289885526580353
