char1,char2,similarity
乶,乶,1.0
乶,乬,0.7870084720022784
乶,盙,0.775635530097371
乶,乭,0.7741163128484218
乶,亶,0.7690388829321881
乶,寚,0.7651095733868989
乶,已,0.7575290031410082
乶,巴,0.7564066624457648
乶,乯,0.7537295645012873
乶,専,0.750159907664961
