char1,char2,similarity
乴,乴,1.0
乴,乭,0.7988017092520178
乴,晢,0.7963646826325065
乴,乯,0.7881452968902111
乴,乻,0.7825755746116634
乴,乺,0.7728353281338053
乴,乮,0.7700877599148777
乴,乲,0.7607392422202155
乴,梊,0.7576864693029653
乴,埑,0.7462642677771597
