char1,char2,similarity
亁,亁,1.0
亁,乾,0.7965550332945731
亁,屹,0.7549548462307373
亁,乹,0.7380098828805806
亁,花,0.7315057793885835
亁,杚,0.7251094790690656
亁,札,0.7221578448142698
亁,籺,0.7189785199751164
亁,扎,0.7187661742826789
亁,朼,0.7163515180527614
