char1,char2,similarity
亃,亃,1.0
亃,乩,0.7783230993704064
亃,乱,0.7732140126940586
亃,凡,0.7620660392133871
亃,虬,0.7615101969392084
亃,亂,0.7587884520224015
亃,凢,0.7500760371574887
亃,亄,0.7496195408305828
亃,几,0.7372614055068181
亃,劜,0.7351642019838197
