char1,char2,similarity
亂,亂,1.0
亂,乩,0.7744938576265857
亂,亃,0.7587884520224015
亂,虬,0.7579886841505802
亂,凡,0.7379621135387687
亂,乱,0.7266105676743961
亂,凢,0.7246162272207117
亂,凣,0.7224518280766262
亂,耴,0.7199065688546619
亂,孔,0.7185440258746648
