char1,char2,similarity
亄,亄,1.0
亄,乱,0.7782478689630348
亄,钆,0.7677358359317324
亄,孔,0.766931638030295
亄,劜,0.7570661148169159
亄,亃,0.7496195408305828
亄,轧,0.7483536422010996
亄,乨,0.7464244210409924
亄,軋,0.7448267207633876
亄,凣,0.7444151641263019
