char1,char2,similarity
二,二,1.0
二,宀,0.8390486106276285
二,乛,0.8384969704257182
二,丄,0.8375310113431259
二,丶,0.8311371515863532
二,冫,0.8302093964799059
二,灬,0.8251868927403294
二,艹,0.8248019311398549
二,亡,0.8245336603313971
二,亅,0.8221368813839846
