char1,char2,similarity
亍,亍,1.0
亍,丁,0.8651091824860396
亍,了,0.8515857849084505
亍,亅,0.839175393607643
亍,示,0.8372929074259413
亍,丨,0.8372031201608825
亍,于,0.836589782406853
亍,亓,0.8358832885624372
亍,丅,0.8347619339967711
亍,干,0.8342179792882405
