char1,char2,similarity
争,争,1.0
争,千,0.791981646071369
争,子,0.7835086394015747
争,亠,0.7780571100789709
争,干,0.7756021768602608
争,芌,0.7744180350133063
争,肀,0.7735691580969556
争,魚,0.7708561057534338
争,丨,0.7641653259432669
争,荢,0.7615939647895145
