char1,char2,similarity
事,事,1.0
事,曺,0.7898688326757289
事,桌,0.7892371955608951
事,亭,0.7887813599073986
事,皐,0.7754440517606782
事,軍,0.772111575257139
事,亨,0.7719818321064559
事,萼,0.7702231167624636
事,専,0.7696532297064057
事,喜,0.7694370783699588
