char1,char2,similarity
亅,亅,1.0
亅,丨,0.9208453254995831
亅,丿,0.8995553280412645
亅,丶,0.8892787176646573
亅,了,0.8768571204847321
亅,丄,0.8763220776531014
亅,丁,0.8684618046398328
亅,十,0.868025327351514
亅,丅,0.8594088361534666
亅,小,0.8577966386805654
