char1,char2,similarity
了,了,1.0
了,丅,0.9017517566846189
了,丁,0.884190450959508
了,丨,0.8810424899629964
了,丫,0.8782905322465984
了,子,0.8776321700741214
了,亅,0.8768571204847321
了,孒,0.864463679787905
了,于,0.8614985559271369
了,孓,0.8600980065660193
