char1,char2,similarity
亊,亊,1.0
亊,喪,0.7606332891239824
亊,京,0.7600205000480933
亊,卒,0.749379772986619
亊,艼,0.7484782266691284
亊,妄,0.745527451032422
亊,音,0.743326216307945
亊,卡,0.7417633326606002
亊,宰,0.7409585813993285
亊,芼,0.7387202756728355
