char1,char2,similarity
亖,亖,1.0
亖,巨,0.8548933869282281
亖,旦,0.8240712044428726
亖,臣,0.8233245207203064
亖,亍,0.8209347063498857
亖,亗,0.8152242556736196
亖,亓,0.8064099089770805
亖,上,0.8058334948267608
亖,且,0.8047747449046876
亖,土,0.8030342415123786
