char1,char2,similarity
亗,亗,1.0
亗,土,0.8400745825488353
亗,士,0.826279248113186
亗,圡,0.8231251247302377
亗,盅,0.8213932326387792
亗,亖,0.8152242556736196
亗,上,0.8084993257811522
亗,亼,0.7980767651974451
亗,丄,0.7969566666466018
亗,岀,0.7955458344070547
