char1,char2,similarity
亐,亐,1.0
亐,尹,0.8183527963522312
亐,亏,0.7969047330351283
亐,丂,0.7956210307762183
亐,丏,0.7936887080719408
亐,丐,0.7908953565601052
亐,艹,0.7845205739501817
亐,弓,0.7838227692570815
亐,弖,0.7827202536360721
亐,一,0.7753153923822449
