char1,char2,similarity
互,互,1.0
互,王,0.8344141236584879
互,工,0.8218699184485246
互,正,0.8171091499636992
互,亖,0.8027030839956594
互,宐,0.7997727591115901
互,乙,0.7954192424524287
互,上,0.7939656388542786
互,五,0.7921070598487757
互,旦,0.7900324514016533
