char1,char2,similarity
井,井,1.0
井,并,0.8679666498142434
井,弁,0.7931754733856844
井,丬,0.7787444143125292
井,件,0.7741706476300443
井,艹,0.7711019968991779
井,抃,0.7697179429327317
井,仵,0.7694918454280562
井,卝,0.7688482008022482
井,共,0.7664038286501932
