char1,char2,similarity
五,五,1.0
五,三,0.851566612914074
五,工,0.8387259451423605
五,王,0.8164695571533566
五,丑,0.8145082025421478
五,匸,0.80013246551442
五,宄,0.7947198155817728
五,卫,0.7943922728389486
五,丄,0.7934183409892166
五,互,0.7921070598487757
