char1,char2,similarity
亜,亜,1.0
亜,亞,0.8546344955268212
亜,亟,0.7816648727169947
亜,孟,0.7790898482985821
亜,业,0.7706763951163867
亜,叵,0.7704366926465472
亜,亚,0.7703564893296052
亜,西,0.762742115340223
亜,面,0.7619208320415511
亜,丒,0.7615271619488388
