char1,char2,similarity
些,些,1.0
些,亝,0.7814669440335739
些,坠,0.7586748757568871
些,垄,0.7550085965356856
些,芏,0.7481552898937346
些,垔,0.7466725017524974
些,坚,0.7416093708789187
些,苣,0.7411617228996737
些,坌,0.7377861745468344
些,垈,0.7357631147412071
