char1,char2,similarity
亟,亟,1.0
亟,亜,0.7816648727169947
亟,丞,0.7804107306977202
亟,亞,0.7695899478685867
亟,孟,0.7677017166306755
亟,玊,0.7618629488536083
亟,里,0.7584704913511308
亟,巠,0.7480515890872842
亟,呈,0.7464184140349486
亟,巫,0.7448312475249808
