char1,char2,similarity
亞,亞,1.0
亞,亜,0.8546344955268212
亞,亚,0.8176842981860529
亞,臣,0.8095866864814918
亞,巨,0.7936975802351313
亞,豆,0.7842876626349193
亞,业,0.7842337195391686
亞,亖,0.7806302134838459
亞,亟,0.7695899478685867
亞,玊,0.768347385254913
