char1,char2,similarity
亙,亙,1.0
亙,冝,0.8055693139558886
亙,玊,0.7890066094051904
亙,亘,0.7764746747687625
亙,且,0.7749374986721852
亙,豆,0.7688392293412079
亙,互,0.7639052269015865
亙,丕,0.7617950756765811
亙,丁,0.75696871603395
亙,万,0.7549295995754066
