char1,char2,similarity
亩,亩,1.0
亩,自,0.8237175477572649
亩,吂,0.8153924042814187
亩,宙,0.8076995777349424
亩,口,0.8060563030172078
亩,巿,0.8053778740575012
亩,苗,0.7897274742014999
亩,吉,0.7891495235043307
亩,目,0.7770032257920728
亩,杏,0.7755789100932228
