char1,char2,similarity
亨,亨,1.0
亨,亭,0.8611831960928281
亨,享,0.8228458005820929
亨,亍,0.8040629056802244
亨,亮,0.798034089698846
亨,丅,0.7962120694348295
亨,丁,0.7945588150531585
亨,了,0.794339359413255
亨,乎,0.7913815776092069
亨,干,0.7876009911799555
