char1,char2,similarity
享,享,1.0
享,斈,0.8410677877360477
享,亭,0.8254833154103303
享,亨,0.8228458005820929
享,寜,0.7912592201203433
享,凖,0.7763164021981914
享,孥,0.7756328109785556
享,寕,0.7685219898952005
享,皁,0.7649550752894136
享,亮,0.7643516575431678
