char1,char2,similarity
亳,亳,1.0
亳,毫,0.7753335396838253
亳,惠,0.7517585584757215
亳,葺,0.7505003810599066
亳,曺,0.7429555913820252
亳,真,0.7394034901753085
亳,壹,0.7366245553396896
亳,富,0.7352943745702253
亳,青,0.7346528117336902
亳,畜,0.732363523606011
