char1,char2,similarity
亰,亰,1.0
亰,車,0.7996185772021616
亰,京,0.7878757605677509
亰,恴,0.7873272183382527
亰,卓,0.7870128033235074
亰,亯,0.7667970982385118
亰,恵,0.7616009169938375
亰,亲,0.7615549166280247
亰,患,0.7612134537710512
亰,息,0.7571976448529568
