char1,char2,similarity
京,京,1.0
京,亰,0.7878757605677509
京,怘,0.7874248279604414
京,糸,0.7730047987643007
京,审,0.7601126264870024
京,亊,0.7600205000480933
京,柬,0.7597148320426481
京,宗,0.7563322538917885
京,杂,0.7532774147526712
京,冖,0.7523789095470149
