char1,char2,similarity
亮,亮,1.0
亮,亭,0.83330364704259
亮,亨,0.798034089698846
亮,宴,0.7715256401005095
亮,髙,0.7711032066598639
亮,享,0.7643516575431678
亮,高,0.7636103075050339
亮,覍,0.7524406602198724
亮,烹,0.7515110330299083
亮,卨,0.7456642748614682
