char1,char2,similarity
亷,亷,1.0
亷,廉,0.7732936692901927
亷,竟,0.7397858353799196
亷,簾,0.7261248459701656
亷,麀,0.7248245348976614
亷,荑,0.7221676865783297
亷,章,0.7196815451031261
亷,声,0.7188307827984315
亷,蒝,0.7184910039258122
亷,萭,0.717296617350255
