char1,char2,similarity
亹,亹,1.0
亹,亶,0.765133532726119
亹,諅,0.7519990414293242
亹,薹,0.7365469618957858
亹,叠,0.7325940981782114
亹,謇,0.7305133051806597
亹,讆,0.7240603507821327
亹,旉,0.7221827787366346
亹,峑,0.721273482581424
亹,謈,0.7203543055537194
