char1,char2,similarity
什,什,1.0
什,仕,0.8521502616943812
什,汁,0.8410808824008479
什,计,0.8237750515903526
什,圵,0.8148730953658285
什,让,0.8084785481522121
什,仆,0.8067678524311928
什,丬,0.8053238240613018
什,汢,0.7990251098304725
什,仃,0.7966131942169316
