char1,char2,similarity
仅,仅,1.0
仅,仉,0.8120970795859638
仅,伩,0.8083938199989464
仅,汉,0.7977696809085257
仅,仨,0.7974729629786325
仅,仪,0.7964859925024571
仅,仜,0.7923822604568892
仅,伿,0.7917897659336042
仅,伔,0.7858408880647204
仅,伬,0.7835974272322329
