char1,char2,similarity
仆,仆,1.0
仆,讣,0.8354366424241791
仆,什,0.8067678524311928
仆,亻,0.8045265597177633
仆,讠,0.802661448879446
仆,卩,0.7995511802173185
仆,邒,0.7992476034366879
仆,朴,0.7988030218267858
仆,外,0.7972481195244351
仆,圠,0.7938612790531202
