char1,char2,similarity
仈,仈,1.0
仈,汃,0.820806980974954
仈,仇,0.8158979012732064
仈,亿,0.7983858779639698
仈,仍,0.7976419739207284
仈,仴,0.7974743855118342
仈,扒,0.7927405978676707
仈,仁,0.788168573768026
仈,仏,0.7873868675059478
仈,付,0.7774884296882227
