char1,char2,similarity
仇,仇,1.0
仇,仍,0.8209328508752957
仇,氿,0.818891775015994
仇,仈,0.8158979012732064
仇,伉,0.801035945342987
仇,伔,0.7919085921643486
仇,优,0.7906214505204904
仇,付,0.7894550519717712
仇,代,0.7842369317482977
仇,仴,0.7810997288149762
