char1,char2,similarity
仁,仁,1.0
仁,仏,0.8113657539316692
仁,忄,0.8078474823449115
仁,宀,0.8053226723199932
仁,仃,0.804136916689345
仁,乛,0.8026546693297348
仁,付,0.8007620192165962
仁,讠,0.7995979253669577
仁,什,0.796366816041949
仁,亿,0.796253180172928
