char1,char2,similarity
从,从,1.0
从,八,0.8267442355574168
从,朲,0.7921455688321396
从,乁,0.7911343502464739
从,冫,0.7890573724390637
从,队,0.7881282061777646
从,忲,0.775907550055498
从,丶,0.7749506932328488
从,认,0.7748629527911617
从,汄,0.7729814160352656
