char1,char2,similarity
仌,仌,1.0
仌,氼,0.8187815645420352
仌,仧,0.806604186922401
仌,丿,0.8053417677499193
仌,欠,0.7999581105062448
仌,炎,0.7978833796844549
仌,个,0.7900839673847159
仌,仒,0.7848980202930936
仌,夫,0.7847257824819155
仌,丨,0.78431981072072
