char1,char2,similarity
仐,仐,1.0
仐,个,0.8554223645049147
仐,中,0.8391993526620217
仐,丨,0.8334182008520886
仐,今,0.8240695120061021
仐,彳,0.8224189293209565
仐,宇,0.8026745578608949
仐,十,0.8025685744190327
仐,会,0.8007435603625442
仐,牛,0.7974971631609388
