char1,char2,similarity
仓,仓,1.0
仓,仑,0.8222666861015859
仓,企,0.8112272718863461
仓,全,0.8093673485408537
仓,乚,0.8052388818869375
仓,介,0.8044589347928582
仓,佥,0.8010682576928644
仓,仺,0.8009405709464907
仓,个,0.7888371127672738
仓,合,0.7868032941551587
