char1,char2,similarity
仍,仍,1.0
仍,仇,0.8209328508752957
仍,仴,0.818201285150165
仍,仈,0.7976419739207284
仍,仭,0.7918380616892484
仍,亿,0.7838727633659108
仍,仔,0.7679726346590893
仍,仿,0.7659024312014237
仍,佋,0.7627650119052054
仍,代,0.7615169326246614
