char1,char2,similarity
仗,仗,1.0
仗,佚,0.8036743665128819
仗,伙,0.7971043862969415
仗,伫,0.7945752041223834
仗,忙,0.7900879914867335
仗,怙,0.7835480950459828
仗,仙,0.7810884336865216
仗,仁,0.7794119596705793
仗,伩,0.7784161161268137
仗,仫,0.7783587300951692
