char1,char2,similarity
仚,仚,1.0
仚,个,0.8454857807514597
仚,企,0.8038980008678296
仚,全,0.7972561434288445
仚,屳,0.7970259835083094
仚,合,0.7903402073710079
仚,丄,0.7902716324064469
仚,仐,0.787294512039654
仚,仝,0.7856225120899553
仚,小,0.7846061620446118
