char1,char2,similarity
他,他,1.0
他,忚,0.7996627350264169
他,池,0.7985722056065587
他,伅,0.7895064414857745
他,仦,0.7840101775861672
他,仙,0.7830761891794251
他,彵,0.7823716889795388
他,伟,0.7751433734634062
他,值,0.7687583754429109
他,佳,0.7669284980672005
