char1,char2,similarity
仝,仝,1.0
仝,个,0.8316283787200265
仝,仑,0.827789787762767
仝,企,0.8217973221281132
仝,佥,0.8090093469371729
仝,士,0.805966736813781
仝,玊,0.8052648569250402
仝,全,0.7997798313653806
仝,佱,0.7995869911644078
仝,壬,0.79298670560603
