char1,char2,similarity
仕,仕,1.0
仕,什,0.8521502616943812
仕,仩,0.8361446748241497
仕,让,0.8234107724828892
仕,圠,0.793665310104234
仕,茳,0.7924831662394716
仕,仼,0.7924451653227924
仕,儿,0.7902578470252614
仕,汢,0.7870907185505397
仕,仆,0.7862769988303768
