char1,char2,similarity
仦,仦,1.0
仦,仔,0.820617475434468
仦,仙,0.8183343534090173
仦,仟,0.7905090543996195
仦,伸,0.7863369367816453
仦,仯,0.7847666714082765
仦,他,0.7840101775861672
仦,伓,0.7837447718597889
仦,伟,0.7837345969682706
仦,仱,0.7815624397542302
