char1,char2,similarity
代,代,1.0
代,伐,0.8195599652091222
代,仩,0.7997733911590038
代,优,0.7889410758936098
代,仇,0.7842369317482977
代,仔,0.778063162031048
代,仫,0.7765213004599257
代,仗,0.7725989480261739
代,仛,0.7725633068258871
代,佧,0.7714684346972597
