char1,char2,similarity
仡,仡,1.0
仡,佗,0.8071672286902143
仡,忔,0.8066048985001558
仡,佝,0.7991546837696443
仡,伦,0.7936192902036913
仡,仢,0.7936183285870198
仡,讫,0.7863269170522502
仡,扢,0.78390124747838
仡,伤,0.7826741201451282
仡,怉,0.7799169354853254
