char1,char2,similarity
仟,仟,1.0
仟,仠,0.8381067067624285
仟,仔,0.8374213176341788
仟,伃,0.8345672550908712
仟,汘,0.8223895847883906
仟,汙,0.8102001553646798
仟,汗,0.8083517013776365
仟,斤,0.808318396546619
仟,仛,0.804373775070356
仟,讦,0.803477962517933
