char1,char2,similarity
仢,仢,1.0
仢,伨,0.8346633908627151
仢,伤,0.8165096157718524
仢,伅,0.8108601239816312
仢,勹,0.8078667177441371
仢,伆,0.8040067542406955
仢,佝,0.800134517755501
仢,们,0.7980999091690435
仢,仡,0.7936183285870198
仢,作,0.7921711949341876
