char1,char2,similarity
以,以,1.0
以,匸,0.7618220732688527
以,巳,0.7586997383285864
以,入,0.7573693633625909
以,丷,0.7480037770269029
以,灬,0.7442708920738074
以,亅,0.7395720818263166
以,厂,0.7384044253957137
以,冫,0.7383917488661393
以,巴,0.7378276309445272
