char1,char2,similarity
仫,仫,1.0
仫,仩,0.8018536114565137
仫,伫,0.790987547396454
仫,伏,0.7855708505579851
仫,仗,0.7783587300951692
仫,仯,0.7774710393166663
仫,代,0.7765213004599257
仫,优,0.776480631656811
仫,伍,0.7760729931096031
仫,伢,0.7757348986337744
