char1,char2,similarity
仯,仯,1.0
仯,仙,0.8092353819611029
仯,仹,0.793201989010579
仯,仱,0.7867286898528499
仯,仦,0.7847666714082765
仯,仩,0.7807912133032803
仯,伃,0.778061715358771
仯,仫,0.7774710393166663
仯,仠,0.7762322568014276
仯,佚,0.7757409262463272
