char1,char2,similarity
仩,仩,1.0
仩,仕,0.8361446748241497
仩,仜,0.8353141503923489
仩,仛,0.8302512888039822
仩,仼,0.8196645568824533
仩,仠,0.8103909497807478
仩,仫,0.8018536114565137
仩,代,0.7997733911590038
仩,伍,0.7996851940699599
仩,伏,0.7989207718523232
