char1,char2,similarity
们,们,1.0
们,仢,0.7980999091690435
们,伯,0.794401120764926
们,仰,0.7902149576013151
们,侚,0.789671636829258
们,佢,0.7864204285161368
们,佝,0.7813677054731147
们,侦,0.7781286163219903
们,仨,0.7780396089158291
们,侶,0.7762401453217758
