char1,char2,similarity
仨,仨,1.0
仨,仼,0.8756560501593352
仨,仜,0.8619049017964312
仨,任,0.8476671765647906
仨,彐,0.8150196475589175
仨,伫,0.8141341706159861
仨,仩,0.7979958602518629
仨,仠,0.7978725940302926
仨,仉,0.7977684519898017
仨,仅,0.7974729629786325
