char1,char2,similarity
仭,仭,1.0
仭,伍,0.7976594587616146
仭,仍,0.7918380616892484
仭,仇,0.7707891380954649
仭,仈,0.7668145106778207
仭,伢,0.7658387561952852
仭,仴,0.7639807120005992
仭,仠,0.7628497100411821
仭,仔,0.7593321826176326
仭,伊,0.7573347132149072
