char1,char2,similarity
仹,仹,1.0
仹,伸,0.8243548225407161
仹,伴,0.8228107552126184
仹,佳,0.8081542643685862
仹,怑,0.8079214540877337
仹,伃,0.8010346499210079
仹,沣,0.8006677461937253
仹,仟,0.7987499823191461
仹,仯,0.793201989010579
仹,佅,0.7902755625510736
