char1,char2,similarity
任,任,1.0
任,仼,0.885502915259201
任,仨,0.8476671765647906
任,仜,0.8423385782467026
任,仠,0.8335472247507025
任,忹,0.8286323269186057
任,忓,0.7988156175961871
任,仔,0.7954864221124891
任,佉,0.7816371266537598
任,伃,0.7806031833653397
