char1,char2,similarity
仴,仴,1.0
仴,仍,0.818201285150165
仴,枂,0.8078314340320024
仴,仈,0.7974743855118342
仴,伊,0.787255693330831
仴,仇,0.7810997288149762
仴,亿,0.7759779737910574
仴,佋,0.7732688094103409
仴,忻,0.7699369686987708
仴,怾,0.7671819254844148
