char1,char2,similarity
仵,仵,1.0
仵,仲,0.8049475989363957
仵,怦,0.8030451012557436
仵,件,0.8011701289824513
仵,仃,0.7993751028027248
仵,仔,0.7989331482162901
仵,仟,0.7917405307059807
仵,午,0.7878402004603638
仵,仦,0.7815088377878378
仵,仁,0.7810863632553651
