char1,char2,similarity
伂,伂,1.0
伂,伅,0.8318038654363434
伂,伸,0.8232197779203495
伂,俧,0.8131649827332703
伂,沛,0.8108877534292581
伂,伴,0.8088999587978578
伂,佔,0.8039944809300545
伂,伟,0.8035610802173297
伂,佅,0.8025094539395674
伂,俅,0.7959693578472148
