char1,char2,similarity
伅,伅,1.0
伅,伟,0.8392425539755816
伅,伂,0.8318038654363434
伅,住,0.8175220053257998
伅,仢,0.8108601239816312
伅,伸,0.8003181709153164
伅,佶,0.7950553062185665
伅,俌,0.7918899335333758
伅,佳,0.7918225442571807
伅,俅,0.7917871567026971
