char1,char2,similarity
仿,仿,1.0
仿,彷,0.8324369306920609
仿,伉,0.8024897592543335
仿,访,0.7996213249864994
仿,坊,0.7869996269335123
仿,价,0.7795587933538295
仿,仢,0.7778955812674421
仿,住,0.7734176357783492
仿,佶,0.7717159710078444
仿,佑,0.771655923238068
