char1,char2,similarity
伄,伄,1.0
伄,伓,0.7930421222566653
伄,偙,0.7911099584347778
伄,伻,0.7846980733517153
伄,倖,0.7793277680409441
伄,仠,0.7721201352202688
伄,倬,0.7719169250414122
伄,件,0.7717251038548384
伄,俜,0.7716715010286852
伄,侉,0.7713557818872225
