char1,char2,similarity
伀,伀,1.0
伀,什,0.7659342855885759
伀,仂,0.7650217180513915
伀,仁,0.7586531701185217
伀,忆,0.751564050237855
伀,仏,0.7476853630489405
伀,彸,0.7457661129267101
伀,松,0.7413288473793226
伀,仕,0.7364813462772889
伀,亡,0.7360870129191842
