char1,char2,similarity
伋,伋,1.0
伋,伖,0.7998952315791023
伋,仾,0.7992509469924369
伋,佊,0.792845496616686
伋,伬,0.7851202879660697
伋,仮,0.7792043648408432
伋,佤,0.7741505688023503
伋,伒,0.7735530110251702
伋,促,0.7713934860052336
伋,伹,0.7687921902321535
