char1,char2,similarity
伍,伍,1.0
伍,忋,0.8086280434710363
伍,仩,0.7996851940699599
伍,仾,0.7989359476125093
伍,仭,0.7976594587616146
伍,伢,0.7970671562531904
伍,侄,0.7933881084794859
伍,仨,0.7927545554432257
伍,佧,0.7856392869067775
伍,忹,0.7839389118630619
