char1,char2,similarity
伈,伈,1.0
伈,仦,0.7757413673427545
伈,仩,0.7668864699064888
伈,仠,0.7644109652990269
伈,仿,0.7642371360087061
伈,仛,0.7638490954621693
伈,佧,0.7587126833027273
伈,仟,0.756766956330513
伈,沁,0.756629051622652
伈,作,0.754567202374892
