char1,char2,similarity
众,众,1.0
众,凣,0.7887696147930979
众,凢,0.7837522837720885
众,仑,0.7824997190550637
众,穴,0.7824439580560236
众,个,0.7766150363714439
众,介,0.7735587744230142
众,六,0.7703851493406864
众,苁,0.770297537693576
众,丷,0.768139724071701
