char1,char2,similarity
伒,伒,1.0
伒,仮,0.8172565827753459
伒,仉,0.8121997437747374
伒,促,0.8103364889107013
伒,伬,0.8099800610492757
伒,仾,0.8069130787342881
伒,沂,0.803539803084422
伒,佤,0.7989742156419141
伒,行,0.796707957754703
伒,伹,0.7900967220981536
