char1,char2,similarity
伕,伕,1.0
伕,佉,0.8561065583952121
伕,俠,0.8282549473976885
伕,快,0.815364493145271
伕,佒,0.8059477606114238
伕,佔,0.799140577351662
伕,伉,0.7962273266031878
伕,仸,0.7910240715996747
伕,侁,0.7887285540341895
伕,位,0.7835389523154672
