char1,char2,similarity
优,优,1.0
优,忧,0.8198196408274397
优,扰,0.8181018836875301
优,伏,0.7930225089224421
优,仇,0.7906214505204904
优,代,0.7889410758936098
优,伐,0.7881229390919033
优,仩,0.7803032817321243
优,沋,0.7789000231791391
优,伉,0.7788052712129232
