char1,char2,similarity
伙,伙,1.0
伙,伏,0.8225740210808586
伙,佚,0.8046725924930654
伙,忲,0.8045296033028784
伙,忱,0.7982738001696769
伙,仗,0.7971043862969415
伙,仙,0.7915760796918895
伙,认,0.7870666226621383
伙,忺,0.777689861653072
伙,朲,0.7772590976269004
