char1,char2,similarity
伛,伛,1.0
伛,怄,0.8047275921632562
伛,沤,0.8010499219474682
伛,佢,0.7977483892086231
伛,伌,0.791448244701795
伛,個,0.7901331916484309
伛,伹,0.7876758199217887
伛,伬,0.7830588285549555
伛,伣,0.7751183733548137
伛,偃,0.772077175375317
