char1,char2,similarity
会,会,1.0
会,仐,0.8007435603625442
会,余,0.7926013688498154
会,夽,0.7865402356676647
会,今,0.7643869031646258
会,令,0.7612227294666193
会,台,0.7608543499590195
会,佘,0.7548570944036063
会,舍,0.7536739329785291
会,芸,0.7534711840158197
