char1,char2,similarity
伢,伢,1.0
伢,伍,0.7970671562531904
伢,仠,0.7897322582175291
伢,仟,0.7843982765384291
伢,价,0.7820754183884108
伢,仉,0.7793452977235624
伢,伒,0.7773753421418258
伢,伃,0.7767739851047074
伢,仫,0.7757348986337744
伢,仸,0.7721751679153435
