char1,char2,similarity
伞,伞,1.0
伞,尒,0.81055140404559
伞,丰,0.8038867496851884
伞,丨,0.8016403572975843
伞,个,0.7932227390442199
伞,彳,0.7895138691860559
伞,仐,0.784856195173082
伞,半,0.7787243386977643
伞,含,0.7785355196679943
伞,中,0.7782705840741649
