char1,char2,similarity
伣,伣,1.0
伣,伹,0.8118382574514775
伣,侻,0.8074732582620311
伣,俔,0.8067428039983895
伣,伿,0.7949825897100465
伣,伬,0.7920695109261466
伣,仸,0.7855227934139796
伣,伌,0.7830976578142557
伣,倪,0.7799539486083285
伣,俛,0.7761179800310072
