char1,char2,similarity
伦,伦,1.0
伦,佗,0.8127047324261901
伦,伧,0.8084923317081028
伦,价,0.8029046092080419
伦,侩,0.7970870163822933
伦,仡,0.7936192902036913
伦,仱,0.7893798514499454
伦,伫,0.7804189143733502
伦,抡,0.7771199971468905
伦,忔,0.7763608441050651
