char1,char2,similarity
伬,伬,1.0
伬,伒,0.8099800610492757
伬,仸,0.8028671306219751
伬,促,0.7994002248758358
伬,俨,0.7963751904053065
伬,仮,0.7923513734888306
伬,伣,0.7920695109261466
伬,伋,0.7851202879660697
伬,伹,0.7850710893800421
伬,侣,0.7840300894191167
