char1,char2,similarity
伧,伧,1.0
伧,佮,0.8161295305044701
伧,伶,0.8103666326850258
伧,伦,0.8084923317081028
伧,价,0.7980777229880848
伧,佺,0.7910818149985227
伧,俭,0.7807551355691337
伧,沦,0.7757123472286052
伧,佁,0.7723577395389801
伧,伉,0.7696039726891478
