char1,char2,similarity
伨,伨,1.0
伨,仢,0.8346633908627151
伨,伤,0.8117141009327351
伨,佝,0.7847961320355751
伨,仞,0.7744171699415111
伨,伆,0.7724610707470401
伨,佑,0.7681141434722053
伨,仡,0.7678256985399762
伨,仿,0.7646622137487585
伨,伦,0.7641352184747406
