char1,char2,similarity
伥,伥,1.0
伥,十,0.7870238279082867
伥,怅,0.7832848315761796
伥,仔,0.7813610578987054
伥,仈,0.7697460174786848
伥,亿,0.7691504205008528
伥,忶,0.7597207264382597
伥,付,0.758988040495557
伥,枨,0.7584953079903213
伥,仃,0.7574850628654246
