char1,char2,similarity
伫,伫,1.0
伫,仨,0.8141341706159861
伫,估,0.8011854074796062
伫,仜,0.8001067696322826
伫,仗,0.7945752041223834
伫,仩,0.7941914044278201
伫,仁,0.7936384366330799
伫,仼,0.7910875898842425
伫,仫,0.790987547396454
伫,位,0.7882327649228899
