char1,char2,similarity
伯,伯,1.0
伯,佔,0.8249133401034949
伯,佰,0.8026607806859611
伯,侐,0.795636463112712
伯,们,0.794401120764926
伯,估,0.7939259215933678
伯,俌,0.7775050817964134
伯,白,0.776985661389417
伯,侦,0.7751152921923228
伯,佁,0.7749266162112863
