char1,char2,similarity
估,估,1.0
估,佔,0.8250846967089621
估,沽,0.8099358598839679
估,伫,0.8011854074796062
估,伯,0.7939259215933678
估,侣,0.791261614942764
估,倩,0.7894255740688545
估,伷,0.787884443344285
估,休,0.776687935025993
估,佁,0.7756815550893201
