char1,char2,similarity
伶,伶,1.0
伶,彾,0.8304068096474116
伶,冷,0.8236547133208296
伶,怜,0.8177434408319698
伶,伧,0.8103666326850258
伶,仱,0.7975867419246231
伶,佮,0.7926703232141423
伶,件,0.7869014455350509
伶,价,0.7835059297408475
伶,柃,0.7821596287441016
