char1,char2,similarity
伮,伮,1.0
伮,俶,0.7649279351170011
伮,儌,0.7602364213265036
伮,伵,0.7533675201725581
伮,倣,0.7523716683410021
伮,侐,0.7371489855656228
伮,呶,0.7355462025624071
伮,傺,0.7304439519858434
伮,诹,0.7294530823953316
伮,俩,0.728561839436746
