char1,char2,similarity
伴,伴,1.0
伴,侎,0.8296603966641267
伴,仹,0.8228107552126184
伴,倅,0.8192572749826362
伴,佳,0.8160910412078617
伴,伂,0.8088999587978578
伴,冸,0.7960210539823345
伴,伻,0.7941295905120918
伴,侄,0.7938206019142724
伴,伸,0.7930359916887527
