char1,char2,similarity
佁,佁,1.0
佁,佮,0.8416115947905001
佁,佰,0.8074740777941806
佁,佫,0.8013321993848683
佁,佸,0.7956898818009868
佁,洽,0.7942043240599364
佁,佄,0.7876542354721058
佁,偣,0.7838833151196551
佁,伹,0.7822767743286556
佁,冾,0.7812693703351294
