char1,char2,similarity
伸,伸,1.0
伸,仹,0.8243548225407161
伸,伂,0.8232197779203495
伸,佳,0.8064816563417869
伸,伅,0.8003181709153164
伸,佶,0.795125224595336
伸,伴,0.7930359916887527
伸,伷,0.7911567907061439
伸,怽,0.790186546907882
伸,怑,0.7899103929281952
