char1,char2,similarity
伾,伾,1.0
伾,坯,0.8396357590884704
伾,伓,0.8234976534687656
伾,俓,0.8228381756124007
伾,伻,0.7974881621268844
伾,佢,0.784242387516615
伾,侱,0.7796455957874378
伾,伹,0.7749459581351172
伾,侄,0.7740823640911273
伾,佺,0.7732487576519983
