char1,char2,similarity
伺,伺,1.0
伺,泀,0.8030539003663918
伺,词,0.7926736377234818
伺,侗,0.7722866757278866
伺,倜,0.7721596421846318
伺,祠,0.7703747326818051
伺,恫,0.7677268409578586
伺,偭,0.758735694870925
伺,佪,0.7560067834145885
伺,侷,0.755816444518511
