char1,char2,similarity
伿,伿,1.0
伿,伹,0.8101499007748416
伿,伣,0.7949825897100465
伿,但,0.7932025847492035
伿,倛,0.792971501680653
伿,伔,0.7929339594230993
伿,识,0.7923327186986425
伿,仅,0.7917897659336042
伿,伝,0.7904024298054682
伿,侻,0.7886979003500718
