char1,char2,similarity
佃,佃,1.0
佃,佪,0.7728474850881965
佃,伷,0.7711836464025945
佃,仰,0.7686851095500731
佃,侗,0.7682515360521252
佃,佂,0.7679756454530664
佃,恛,0.7565395910414113
佃,低,0.7534846864335429
佃,恻,0.7489733342201597
佃,扫,0.745372275940364
