char1,char2,similarity
佋,佋,1.0
佋,佀,0.7848343709097397
佋,佦,0.7822940508920221
佋,佶,0.7788996992164824
佋,仴,0.7732688094103409
佋,伍,0.7701344428127144
佋,侶,0.7659653840730465
佋,佰,0.7640057578139122
佋,侣,0.7639611450273355
佋,仠,0.7639098591422157
