char1,char2,similarity
佐,佐,1.0
佐,佑,0.7900665235379409
佐,仩,0.7827328424226067
佐,住,0.7801286739129273
佐,去,0.77199147974203
佐,仦,0.770474394061763
佐,伩,0.7676472296788084
佐,伉,0.7673327032476683
佐,炷,0.7661958449151696
佐,仗,0.766188659117478
