char1,char2,similarity
佒,佒,1.0
佒,俠,0.8212798438776632
佒,怏,0.813953281063556
佒,伕,0.8059477606114238
佒,侠,0.7993650266472958
佒,偵,0.7948317462758232
佒,偀,0.7880818943141281
佒,忺,0.7873035982916742
佒,佉,0.7863335333822471
佒,快,0.784132523941998
