char1,char2,similarity
低,低,1.0
低,仸,0.7758446863527927
低,佢,0.7738291256956165
低,仰,0.7736680924955381
低,佷,0.7719550642431571
低,倲,0.767304546263704
低,俋,0.7643189222475512
低,傏,0.7631315683460409
低,佌,0.7620149517186503
低,伾,0.7586928283552462
