char1,char2,similarity
住,住,1.0
住,往,0.8428103327591284
住,注,0.8290958552017111
住,伅,0.8175220053257998
住,伭,0.7984793247231025
住,仨,0.7967628982337875
住,仩,0.7950314686674067
住,佳,0.7946843686325058
住,佔,0.7943339770445541
住,仜,0.7895499686632329
