char1,char2,similarity
佘,佘,1.0
佘,余,0.822894074277017
佘,宗,0.8069086062974256
佘,氽,0.7845042943264428
佘,汆,0.7721101969038139
佘,亲,0.7678957143517159
佘,会,0.7548570944036063
佘,台,0.753412234182292
佘,杂,0.7520645128061278
佘,中,0.7473390346255715
