char1,char2,similarity
佞,佞,1.0
佞,俀,0.7807968279162713
佞,保,0.7805128104192232
佞,恬,0.7702857975198109
佞,伇,0.7620646567860563
佞,侣,0.7617536868602647
佞,佸,0.760862948869791
佞,佀,0.7578517542912837
佞,僓,0.7575445686589368
佞,佤,0.7575039787159878
