char1,char2,similarity
佖,佖,1.0
佖,怭,0.7720842863070296
佖,泌,0.7450329303654825
佖,僽,0.7386924978417118
佖,伈,0.7378443561607473
佖,缶,0.7375816724001281
佖,份,0.7357029229122056
佖,侤,0.7335601512182568
佖,丗,0.7329375520840404
佖,伆,0.7290365283553686
