char1,char2,similarity
佚,佚,1.0
佚,怢,0.814604521146847
佚,伙,0.8046725924930654
佚,仗,0.8036743665128819
佚,泆,0.7826655497651525
佚,伏,0.7824004368562998
佚,伤,0.7783260259419822
佚,仯,0.7757409262463272
佚,伫,0.7732621603934956
佚,悏,0.7710622721580384
