char1,char2,similarity
佟,佟,1.0
佟,柊,0.8309769647116464
佟,泈,0.7951607795016469
佟,咚,0.7785774411539739
佟,仜,0.7763262870806463
佟,传,0.7735294100138468
佟,佫,0.7706838491285811
佟,侈,0.7658935350093321
佟,仢,0.7650082966835551
佟,仨,0.7643110673120027
