char1,char2,similarity
佡,佡,1.0
佡,佺,0.8266383750814722
佡,俭,0.8028306014675185
佡,俆,0.7976056429773635
佡,伱,0.7920509258837899
佡,佔,0.7912346403517927
佡,偛,0.7853640532614223
佡,佁,0.7689202675927864
佡,佮,0.7680428684981156
佡,倫,0.7667647752949669
