char1,char2,similarity
佦,佦,1.0
佦,佑,0.8188187648425497
佦,佔,0.7864858471982343
佦,佋,0.7822940508920221
佦,佲,0.7819000325846757
佦,伝,0.7727804502910848
佦,伍,0.772222486859562
佦,怊,0.7722058497225567
佦,仨,0.7697500367969355
佦,恬,0.7665648524069504
