char1,char2,similarity
佣,佣,1.0
佣,拥,0.8472371752722327
佣,促,0.7759038914833527
佣,仙,0.7757943078063879
佣,侶,0.7754538255426688
佣,怩,0.7723489693712435
佣,们,0.7675460214193232
佣,佀,0.7667642978709752
佣,佋,0.7633712894902606
佣,伣,0.7613939623731125
