char1,char2,similarity
佧,佧,1.0
佧,作,0.8103195709121981
佧,伍,0.7856392869067775
佧,仩,0.7822436807384799
佧,伃,0.781939371096223
佧,伂,0.7813223447563694
佧,伜,0.7806327680545423
佧,仢,0.7725263541478659
佧,仹,0.7721312040385393
佧,伭,0.7716478549079147
