char1,char2,similarity
佩,佩,1.0
佩,偑,0.8005520791706374
佩,珮,0.7499783812352834
佩,渢,0.7263015359665469
佩,屖,0.7210654163729133
佩,毘,0.7189130841469855
佩,儮,0.7184524031395394
佩,憱,0.7168190958739198
佩,厡,0.7162883495019934
佩,厙,0.7119193089372011
