char1,char2,similarity
佫,佫,1.0
佫,佁,0.8013321993848683
佫,佄,0.7979605344420709
佫,倂,0.7863868109288515
佫,洛,0.7840856770380976
佫,佭,0.7820821798369314
佫,偗,0.7751669065112301
佫,俻,0.7730408121839814
佫,佨,0.7728279651985891
佫,佟,0.7706838491285811
