char1,char2,similarity
佬,佬,1.0
佬,侤,0.8070420770032442
佬,传,0.7801641434784872
佬,伧,0.7600575914468314
佬,栳,0.7520939322346031
佬,侍,0.7516182936083806
佬,侘,0.7482481115281313
佬,伴,0.7465155786842529
佬,仡,0.7436216337213568
佬,伦,0.7423505531660316
