char1,char2,similarity
佯,佯,1.0
佯,徉,0.860108000488177
佯,伡,0.8112739025952486
佯,详,0.8095551185078282
佯,洋,0.8015936344392971
佯,伂,0.7869948625552888
佯,侔,0.7865264608847425
佯,佅,0.7762954830033318
佯,俅,0.7735345792850784
佯,俧,0.7731960089303633
