char1,char2,similarity
佳,佳,1.0
佳,伴,0.8160910412078617
佳,佶,0.8108145314366932
佳,仹,0.8081542643685862
佳,伸,0.8064816563417869
佳,徍,0.8031587192732408
佳,伎,0.799901150938688
佳,侄,0.7969293460970999
佳,住,0.7946843686325058
佳,仩,0.7946019533244401
