char1,char2,similarity
佮,佮,1.0
佮,佁,0.8416115947905001
佮,伧,0.8161295305044701
佮,倍,0.7961895792891249
佮,伶,0.7926703232141423
佮,佺,0.7914448470942261
佮,洽,0.7912851351384913
佮,价,0.7883187411770713
佮,俭,0.7802165785903091
佮,伹,0.779606186543275
