char1,char2,similarity
佪,佪,1.0
佪,徊,0.8523300160035437
佪,恛,0.8142134523256719
佪,佰,0.8012274157864293
佪,偭,0.7958111538264263
佪,侕,0.7957231938832349
佪,例,0.7879012707850503
佪,佢,0.7861737455736403
佪,偏,0.7856356280702235
佪,伵,0.7826105763207776
