char1,char2,similarity
佰,佰,1.0
佰,佸,0.8134982441535062
佰,佁,0.8074740777941806
佰,伯,0.8026607806859611
佰,佪,0.8012274157864293
佰,佢,0.7941482332493369
佰,侦,0.791852447478028
佰,泪,0.7905727938469654
佰,信,0.78051435674387
佰,佔,0.7785939188933299
