char1,char2,similarity
佴,佴,1.0
佴,佄,0.8066951013240612
佴,挕,0.8003226912459276
佴,倂,0.7713792048898412
佴,伿,0.7682000356062912
佴,伹,0.7672552732954442
佴,贝,0.7646552856895841
佴,侸,0.7642660215212914
佴,佾,0.7640813429885869
佴,侜,0.7617681083045101
