char1,char2,similarity
侇,侇,1.0
侇,洟,0.8093752647086481
侇,值,0.792778189740366
侇,俥,0.7888469193394816
侇,恞,0.7785783809753626
侇,俁,0.7785117051457483
侇,倓,0.772870461634404
侇,侓,0.7672691573085892
侇,伎,0.7645387611903618
侇,傊,0.7592555365792211
