char1,char2,similarity
侅,侅,1.0
侅,伎,0.7824043333986338
侅,俍,0.7792974364116431
侅,倞,0.7735968639342711
侅,倍,0.7646253117544947
侅,该,0.7641659462190887
侅,侫,0.7603878673689379
侅,侦,0.7595025919742866
侅,佇,0.7592941621682158
侅,佽,0.7589397671790472
