char1,char2,similarity
侂,侂,1.0
侂,俒,0.7762999402059246
侂,俔,0.769609763340396
侂,佨,0.7676727621944498
侂,俍,0.7664373833723235
侂,倞,0.7628067182667159
侂,倥,0.7614016141755984
侂,诧,0.7597257896011304
侂,佢,0.7569514527309533
侂,倱,0.7558613652262108
