char1,char2,similarity
例,例,1.0
例,倒,0.8002184836411238
例,佪,0.7879012707850503
例,侞,0.7810129643939029
例,侕,0.7730143989215958
例,倘,0.7625719354119728
例,侗,0.7605058203589454
例,俩,0.7583205765572042
例,倜,0.7572240524378467
例,恦,0.7558726003623644
