char1,char2,similarity
侉,侉,1.0
侉,洿,0.8387420701608813
侉,挎,0.8167475194266858
侉,恗,0.8136674531571219
侉,垮,0.7965246647726891
侉,傍,0.784428439627531
侉,偣,0.7807840203431161
侉,桍,0.7806647354640585
侉,伶,0.7761064899876976
侉,侑,0.7760813197512909
