char1,char2,similarity
侌,侌,1.0
侌,贪,0.7764271807844538
侌,舎,0.76497568118964
侌,舍,0.7365987495001858
侌,具,0.7331375822804138
侌,伞,0.7325164180539381
侌,侖,0.7302578983287622
侌,弇,0.7256606687018128
侌,貪,0.7236231758163107
侌,奌,0.7233714928980263
