char1,char2,similarity
侙,侙,1.0
侙,倵,0.8179216645384548
侙,恜,0.8133408908533319
侙,拭,0.7867797918673399
侙,伔,0.7759462177269051
侙,栻,0.7740015221349759
侙,忼,0.7661714261098008
侙,烒,0.7622520708384734
侙,供,0.7554969646311724
侙,佅,0.7546979273495109
