char1,char2,similarity
侓,侓,1.0
侓,律,0.7984717207641359
侓,冿,0.7980912828329663
侓,俥,0.7874999782502816
侓,垏,0.7862356915032497
侓,值,0.7753976121470293
侓,伓,0.7729533266492549
侓,倬,0.7678642880709279
侓,侇,0.7672691573085892
侓,偿,0.7656671844950328
