char1,char2,similarity
侒,侒,1.0
侒,佇,0.7956880539355514
侒,俠,0.7937847965396052
侒,伎,0.7860706959573902
侒,佉,0.7816766475848888
侒,伇,0.778589801942386
侒,俫,0.7779535640816295
侒,伕,0.7737311842525497
侒,位,0.773307068023088
侒,垵,0.7730186236212102
