char1,char2,similarity
侖,侖,1.0
侖,命,0.7958988316027554
侖,舍,0.782788173334805
侖,食,0.7575049994556452
侖,兪,0.7533280573818723
侖,肖,0.7517364797822244
侖,舎,0.7500042644956714
侖,盒,0.7498074902015933
侖,屳,0.7494012470278278
侖,佱,0.7424642326555164
