char1,char2,similarity
侠,侠,1.0
侠,俠,0.832114395945148
侠,浃,0.8089840232221449
侠,佒,0.7993650266472958
侠,俒,0.795190217614316
侠,仪,0.7745385653391162
侠,快,0.7707587820439925
侠,俫,0.7685553225426323
侠,泱,0.7671927051592381
侠,怏,0.7665996375398579
