char1,char2,similarity
侟,侟,1.0
侟,信,0.7809335448795512
侟,侑,0.7788761541372786
侟,伡,0.7787976099969249
侟,传,0.7762291815375513
侟,佶,0.7745793003730929
侟,恠,0.770277671240091
侟,伎,0.7681160745276706
侟,伜,0.7647487074447205
侟,傕,0.7645383472671288
