char1,char2,similarity
侞,侞,1.0
侞,例,0.7810129643939029
侞,佪,0.7783862677726684
侞,伽,0.777451616611248
侞,倁,0.7747159051052377
侞,併,0.7702480581366487
侞,価,0.7691128336345808
侞,侕,0.768623605870229
侞,仉,0.7641044141510569
侞,偭,0.7594618263531023
