char1,char2,similarity
侣,侣,1.0
侣,佀,0.8136646575035292
侣,偘,0.8097392778327435
侣,侶,0.8057631145794064
侣,倡,0.8032951345082019
侣,促,0.7916709337170186
侣,估,0.791261614942764
侣,伬,0.7840300894191167
侣,铝,0.7825101669706821
侣,佰,0.7779279801722371
