char1,char2,similarity
侥,侥,1.0
侥,浇,0.7969730738922831
侥,烧,0.7487355792364686
侥,佻,0.7484882554818754
侥,绕,0.7474346585090008
侥,佂,0.7399784872437295
侥,惋,0.7378450108176224
侥,侊,0.7368340013221745
侥,悓,0.7312272443137973
侥,挠,0.730837928942601
