char1,char2,similarity
依,依,1.0
依,侬,0.7910193422524492
依,伎,0.7819624238787066
依,伭,0.7818720450158128
依,传,0.7769442944309057
依,佑,0.7697695163151681
依,佗,0.7689231009744277
依,佶,0.7672483924190164
依,仨,0.7650340385852092
依,信,0.7629500994924802
