char1,char2,similarity
侤,侤,1.0
侤,佬,0.8070420770032442
侤,偖,0.7931064502415003
侤,偣,0.7783922316708437
侤,传,0.7779681817583031
侤,侉,0.7754469217633819
侤,愕,0.7737506206539728
侤,俌,0.7735265243365923
侤,偔,0.7734829866209307
侤,栲,0.7731039647182986
