char1,char2,similarity
侜,侜,1.0
侜,佾,0.7723620016995002
侜,珘,0.7684606929922915
侜,保,0.7662607156622997
侜,侑,0.7659861671300361
侜,伻,0.7659111023272717
侜,份,0.764024329080934
侜,佮,0.7624508747910186
侜,佴,0.7617681083045101
侜,侟,0.7612571866389419
