char1,char2,similarity
侮,侮,1.0
侮,海,0.7815128549652579
侮,诲,0.7772900694772734
侮,珻,0.7632884932695969
侮,挴,0.7586320289063752
侮,何,0.7485500867894751
侮,伻,0.7483001037037117
侮,傋,0.745301095838092
侮,侜,0.7416516172232579
侮,俻,0.7393287672114858
