char1,char2,similarity
侩,侩,1.0
侩,伦,0.7970870163822933
侩,俭,0.7751038618949032
侩,价,0.7736539268234087
侩,仱,0.7713921430349968
侩,佺,0.7697439516074228
侩,恮,0.766827850780242
侩,浍,0.7645825445016605
侩,俆,0.7642690359246888
侩,佁,0.7636138160105521
