char1,char2,similarity
侯,侯,1.0
侯,俟,0.8001059881162258
侯,候,0.7880831133630419
侯,俣,0.7832179082994337
侯,埃,0.7773981224850052
侯,诶,0.774974375021367
侯,俁,0.7721182848972691
侯,误,0.7712171244458131
侯,涘,0.7553135793695077
侯,偀,0.7550866645562734
