char1,char2,similarity
侳,侳,1.0
侳,佺,0.8035808198233383
侳,伳,0.8002083737344824
侳,侊,0.7826578748921689
侳,倥,0.7800028547882457
侳,伹,0.7796198336740283
侳,俓,0.7775848674260705
侳,倓,0.7762242713170217
侳,侱,0.7745658496290962
侳,伾,0.7703689875520958
