char1,char2,similarity
侱,侱,1.0
侱,俚,0.8144264046448593
侱,侸,0.8036587149440761
侱,伹,0.8000516212135774
侱,悜,0.7907931912408538
侱,侼,0.7864614108463482
侱,悝,0.7824946990206345
侱,伿,0.7814685772427512
侱,伾,0.7796455957874378
侱,俋,0.7796428052981956
