char1,char2,similarity
侶,侶,1.0
侶,佸,0.8201335786583207
侶,俖,0.8139150871983036
侶,侣,0.8057631145794064
侶,佢,0.8028409029379002
侶,伹,0.7987221571636319
侶,促,0.7957757555322885
侶,伬,0.7805751107243174
侶,佰,0.778414834004878
侶,伿,0.7777363353026384
