char1,char2,similarity
侹,侹,1.0
侹,挺,0.7701685494844043
侹,伹,0.7631836180180729
侹,涏,0.7578720959171503
侹,佢,0.7567466544718984
侹,侸,0.7561519619796001
侹,侱,0.755375630497051
侹,俔,0.7526520257421104
侹,偣,0.7521649537375616
侹,佁,0.7520263876346203
