char1,char2,similarity
侺,侺,1.0
侺,件,0.7773833792616042
侺,伻,0.7725078979659726
侺,侔,0.771574154723347
侺,伴,0.7695028649048762
侺,傅,0.7683250222547849
侺,估,0.766428758158688
侺,伡,0.7602368060506443
侺,偲,0.7600573910413331
侺,偔,0.7582608894419021
