char1,char2,similarity
俁,俁,1.0
俁,俣,0.8228709325464267
俁,偄,0.7875246230123851
俁,侇,0.7785117051457483
俁,悞,0.7780854292338698
俁,误,0.7758365395539109
俁,倎,0.774095907582681
俁,倹,0.7739793269661978
俁,侯,0.7721182848972691
俁,偀,0.7710898908866208
