char1,char2,similarity
俀,俀,1.0
俀,佞,0.7807968279162713
俀,傒,0.7709546703020329
俀,倸,0.7673174536020659
俀,侸,0.7644259308398834
俀,伻,0.7633690404655695
俀,倀,0.7593602383189714
俀,伇,0.7585436377992771
俀,偍,0.7573511629516119
俀,侒,0.7564673462051802
