char1,char2,similarity
促,促,1.0
促,捉,0.8267504383497146
促,伒,0.8103364889107013
促,伬,0.7994002248758358
促,侶,0.7957757555322885
促,偍,0.7941644686275482
促,侣,0.7916709337170186
促,仮,0.789508558548596
促,仾,0.7834629044223792
促,伹,0.7827650793644739
