char1,char2,similarity
侽,侽,1.0
侽,偶,0.8090501911518628
侽,倱,0.8003032569670253
侽,偊,0.7977915311244971
侽,偔,0.7917613693319117
侽,俔,0.7815065170206704
侽,便,0.7753329164233321
侽,佒,0.7727894631316305
侽,俖,0.7727343996851614
侽,悓,0.772241280540139
