char1,char2,similarity
俇,俇,1.0
俇,仾,0.7734707915246147
俇,俉,0.770368172767457
俇,伍,0.7655041468191703
俇,仨,0.7643660149512601
俇,伿,0.7621320535355023
俇,仅,0.7588154640552112
俇,侪,0.7545253105371239
俇,侸,0.7539765767882319
俇,份,0.7529194947692945
