char1,char2,similarity
俊,俊,1.0
俊,悛,0.8005061901091689
俊,俟,0.7668297584099941
俊,梭,0.7663612491181263
俊,浚,0.758640417547992
俊,捘,0.7564689821490156
俊,伩,0.7510759759106435
俊,恔,0.7486755531295677
俊,侈,0.7458977576938826
俊,佼,0.7434716289076604
