char1,char2,similarity
俆,俆,1.0
俆,伱,0.8069401321285103
俆,佺,0.8001129460387009
俆,悇,0.7977498015017874
俆,佡,0.7976056429773635
俆,俭,0.793825875747142
俆,倞,0.7913548191840069
俆,倷,0.7897806167745502
俆,倫,0.7820986327013618
俆,佁,0.7793741875263102
