char1,char2,similarity
俕,俕,1.0
俕,佅,0.8129654721368815
俕,佇,0.8114446947772588
俕,俫,0.8089143970771993
俕,倈,0.8039693957616032
俕,倞,0.7838381578460749
俕,侏,0.7822903833563877
俕,徕,0.7789335644930477
俕,佉,0.7759337383706388
俕,伡,0.7704629437515346
