char1,char2,similarity
俎,俎,1.0
俎,岨,0.8018203518629238
俎,鉏,0.7913510559894226
俎,坥,0.7753223632537622
俎,殂,0.7751656477846177
俎,川,0.7564035907988671
俎,組,0.7464585777981143
俎,组,0.7394643778243946
俎,姖,0.7392662976812772
俎,距,0.7389170129518454
