char1,char2,similarity
俔,俔,1.0
俔,伣,0.8067428039983895
俔,倱,0.7985475882741807
俔,悓,0.7947426005562912
俔,偮,0.7915360210577999
俔,偓,0.7854817233431229
俔,俒,0.7852452437752573
俔,偍,0.7831843601693336
俔,侻,0.7822496123448851
俔,偔,0.7820374808495661
