char1,char2,similarity
俑,俑,1.0
俑,悀,0.7873540712897893
俑,個,0.7833359963421584
俑,侗,0.7807352901392268
俑,偪,0.7804467724551803
俑,俚,0.7791873557274116
俑,桶,0.7742587124775798
俑,俩,0.7719406717999083
俑,侕,0.7683284211910606
俑,倡,0.7675799660598333
