char1,char2,similarity
信,信,1.0
信,佶,0.7990494926031528
信,佔,0.7924674223625998
信,倍,0.7860473258946096
信,俵,0.7854699920526136
信,俈,0.782914495668983
信,侟,0.7809335448795512
信,佰,0.78051435674387
信,仨,0.7771484210684744
信,伯,0.7697569022221317
