char1,char2,similarity
俜,俜,1.0
俜,件,0.7954975610671423
俜,倲,0.7923529670470086
俜,俥,0.7902460181570087
俜,僧,0.7891892699721489
俜,偆,0.7830848580736385
俜,梬,0.7823094000923193
俜,俾,0.7796708239542092
俜,倬,0.7782110188450551
俜,値,0.7739828831970508
