char1,char2,similarity
俚,俚,1.0
俚,悝,0.8258955796303402
俚,侱,0.8144264046448593
俚,倪,0.7863268555420131
俚,侸,0.7819197773424831
俚,俑,0.7791873557274116
俚,悜,0.7783245045733906
俚,伛,0.7718835482670829
俚,侢,0.7706258492348207
俚,侔,0.7687134199250911
