char1,char2,similarity
保,保,1.0
保,倸,0.814976035679686
保,伻,0.8143601841557011
保,佅,0.7942198681435017
保,倈,0.7874531908910063
保,倮,0.7824113899361318
保,佞,0.7805128104192232
保,俫,0.7745669677773445
保,倧,0.7704802519240807
保,侱,0.7683640223934516
