char1,char2,similarity
俤,俤,1.0
俤,梯,0.7855865059914308
俤,惮,0.784288615638819
俤,悌,0.7805355847113327
俤,涕,0.763856741108047
俤,佛,0.7622133126659071
俤,俔,0.7613803202643047
俤,伟,0.759732753744078
俤,倲,0.7570843182638534
俤,挮,0.7565990465902271
