char1,char2,similarity
俧,俧,1.0
俧,伂,0.8131649827332703
俧,偲,0.7843415199722351
俧,佅,0.783124138619482
俧,俠,0.7759629718719847
俧,佯,0.7731960089303633
俧,伅,0.7730382017488321
俧,仹,0.7705430404698371
俧,倈,0.7702401789892829
俧,侊,0.7676975404861014
