char1,char2,similarity
俦,俦,1.0
俦,俵,0.7946557762380603
俦,陦,0.7698411035106715
俦,信,0.7684360638944792
俦,俕,0.7682315172457733
俦,值,0.7646705685174404
俦,仜,0.7643744129893622
俦,祷,0.7612225888732606
俦,傄,0.7592392285421695
俦,侇,0.7591019268271864
