char1,char2,similarity
俪,俪,1.0
俪,侗,0.766327653002832
俪,俩,0.7623253351102328
俪,仰,0.750810402218736
俪,偳,0.7496347370817299
俪,倔,0.7443486525070665
俪,傭,0.7440078285769524
俪,倆,0.7417459963470159
俪,侲,0.7386742045529225
俪,侸,0.7355227967794526
