char1,char2,similarity
俵,俵,1.0
俵,俦,0.7946557762380603
俵,信,0.7854699920526136
俵,倈,0.781964065251477
俵,伕,0.779610988632291
俵,偯,0.7770394520017027
俵,佉,0.7705024041626096
俵,俕,0.7701734473551101
俵,倖,0.7659178361464373
俵,值,0.7654220492481247
