char1,char2,similarity
俱,俱,1.0
俱,倶,0.8696520969956046
俱,僄,0.7857559023275167
俱,僺,0.784085470597092
俱,偮,0.7776716173371694
俱,偎,0.7673611450547724
俱,侃,0.7661482989498336
俱,但,0.763128259924527
俱,倮,0.7629816043082919
俱,偍,0.7623565774355434
