char1,char2,similarity
俲,俲,1.0
俲,側,0.7527452742933356
俲,儊,0.7474896120586771
俲,倁,0.7454789201419769
俲,傰,0.7402533824934551
俲,侀,0.7365073535874443
俲,侞,0.7350608778667609
俲,偭,0.7341266218384667
俲,佌,0.7292939826157586
俲,佄,0.7289958472424568
