char1,char2,similarity
俭,俭,1.0
俭,佡,0.8028306014675185
俭,俆,0.793825875747142
俭,佺,0.7931345686120306
俭,伧,0.7807551355691337
俭,佮,0.7802165785903091
俭,佁,0.7766687556440554
俭,侩,0.7751038618949032
俭,仩,0.7738040407440081
俭,伱,0.7714968550209224
