char1,char2,similarity
俴,俴,1.0
俴,淺,0.8135812722535122
俴,倎,0.7487848595442163
俴,伎,0.7462610901753335
俴,佳,0.7370040264193201
俴,僼,0.7354290614466747
俴,傔,0.7350976552464688
俴,传,0.732736183154247
俴,俁,0.7326903112216723
俴,僅,0.7325139704704959
