char1,char2,similarity
俶,俶,1.0
俶,椒,0.7881764944584304
俶,伮,0.7649279351170011
俶,偢,0.7540283101382208
俶,俄,0.7509415227033301
俶,儌,0.750326211442321
俶,倯,0.7479103208494295
俶,仳,0.7464202810014147
俶,做,0.7454266265337591
俶,怓,0.7435254501557647
