char1,char2,similarity
俺,俺,1.0
俺,埯,0.8008062443467701
俺,俥,0.7884872115840158
俺,倢,0.7671942465478495
俺,佮,0.7640101553144328
俺,倷,0.7622225882627914
俺,淹,0.7606250952421303
俺,佁,0.7569085082735977
俺,傽,0.7558433226323767
俺,掩,0.752708792056304
