char1,char2,similarity
俷,俷,1.0
俷,儮,0.7338379666356647
俷,壢,0.7184268791456646
俷,傶,0.7173800716402928
俷,俽,0.7145261056135266
俷,卸,0.7138580011780229
俷,偑,0.7128204009236517
俷,佂,0.71224220897003
俷,厑,0.70989104443661
俷,佃,0.7077722083382013
