char1,char2,similarity
俽,俽,1.0
俽,惞,0.7605484536690615
俽,掀,0.7407370442040727
俽,傂,0.7353714919818022
俽,僝,0.7234519301500403
俽,俯,0.7233442830135904
俽,僛,0.7204272146975205
俽,們,0.7170256515473902
俽,似,0.7153572324000064
俽,俷,0.7145261056135266
