char1,char2,similarity
俾,俾,1.0
俾,倖,0.7930884147220542
俾,俥,0.792787976128137
俾,捭,0.7913906259421724
俾,俜,0.7796708239542092
俾,傀,0.7725477969101706
俾,僔,0.7535882176583807
俾,侾,0.752904768627104
俾,俺,0.7520219882036783
俾,傯,0.7516774957424278
