char1,char2,similarity
俿,俿,1.0
俿,伕,0.7638962921295714
俿,偄,0.7628444901085943
俿,偵,0.7567626073942648
俿,伉,0.7562519412017343
俿,偼,0.7520179514942754
俿,佌,0.752015920021715
俿,佒,0.7511670056873894
俿,俔,0.7497723476609338
俿,攸,0.7489772522146628
