char1,char2,similarity
俼,俼,1.0
俼,偝,0.8199123537316814
俼,傄,0.7989791742008192
俼,儕,0.7900609353115149
俼,傮,0.7881518695551545
俼,傗,0.7864642677462613
俼,傦,0.784022485959017
俼,傛,0.7831921271322614
俼,愲,0.7764391232750876
俼,僔,0.7732677361488444
