char1,char2,similarity
倉,倉,1.0
倉,衾,0.7472318864542434
倉,月,0.7409601624707821
倉,貪,0.7384552841948453
倉,盒,0.7343704100791401
倉,負,0.7320192222350176
倉,宭,0.7299102562805283
倉,禽,0.7264028223051749
倉,翕,0.7233958651624759
倉,亡,0.7222784372930199
