char1,char2,similarity
倂,倂,1.0
倂,佄,0.8208622470368936
倂,佫,0.7863868109288515
倂,伹,0.7756927324271122
倂,佁,0.7715848691003808
倂,佴,0.7713792048898412
倂,伿,0.7617818027476365
倂,併,0.7570685187898273
倂,侸,0.749668158088488
倂,供,0.7494395141145799
