char1,char2,similarity
倆,倆,1.0
倆,儞,0.8088634511531279
倆,偶,0.7581756218375315
倆,伺,0.7531231169301521
倆,偊,0.7509197493098848
倆,偭,0.7485286056753385
倆,俖,0.746781541981033
倆,傴,0.7463546283860574
倆,假,0.7459973300748776
倆,掚,0.7451483515754185
