char1,char2,similarity
倈,倈,1.0
倈,俫,0.8137385829559217
倈,佅,0.8096177998551299
倈,俕,0.8039693957616032
倈,徕,0.7981141518485697
倈,伂,0.7922964119496922
倈,保,0.7874531908910063
倈,俵,0.781964065251477
倈,俅,0.7795718523639726
倈,伡,0.7784764317353055
