char1,char2,similarity
倃,倃,1.0
倃,偺,0.8153856784154836
倃,俉,0.769965938669458
倃,俈,0.7596665168182944
倃,估,0.7584259479021362
倃,傮,0.7550332664644815
倃,併,0.7467851645932669
倃,佮,0.7467207771033112
倃,僣,0.7455695611363422
倃,借,0.7445538384643785
