char1,char2,similarity
倇,倇,1.0
倇,侊,0.7770202751969211
倇,惋,0.7741174755879874
倇,傕,0.7721871395433171
倇,涴,0.7659525753248425
倇,倅,0.7641409295463215
倇,但,0.7582760135807864
倇,偣,0.7567609036660825
倇,傛,0.7564215272810987
倇,伔,0.7544682217711897
