char1,char2,similarity
倅,倅,1.0
倅,侼,0.8218497861321883
倅,伴,0.8192572749826362
倅,仹,0.787516052095994
倅,谇,0.786643066753906
倅,佇,0.785847622481361
倅,伜,0.7839551189710786
倅,侎,0.7801229040268297
倅,俘,0.7774921254391937
倅,怑,0.7743002823318438
