char1,char2,similarity
倊,倊,1.0
倊,偲,0.7776587922371053
倊,俧,0.7648095664185983
倊,侰,0.7535808496907178
倊,佇,0.7469089934032652
倊,俋,0.7459046437520835
倊,佨,0.7436038196203384
倊,佹,0.7424285978123291
倊,侱,0.7404091927108983
倊,傯,0.7394075065574026
