char1,char2,similarity
倐,倐,1.0
倐,倏,0.8072625980883158
倐,偹,0.7538236848876416
倐,伝,0.7401033459489054
倐,俢,0.7396118583211256
倐,佡,0.7379347698511035
倐,倹,0.7368122246884014
倐,俇,0.7361019134381627
倐,佺,0.7355285997302521
倐,俉,0.7343517170408386
