char1,char2,similarity
倏,倏,1.0
倏,倐,0.8072625980883158
倏,候,0.7632319746070786
倏,偹,0.7537010314379864
倏,修,0.7473713602330114
倏,佺,0.745648496846652
倏,伖,0.7415065078625778
倏,俓,0.7414450904791041
倏,倠,0.7403029536109372
倏,俸,0.7384966498806773
