char1,char2,similarity
倌,倌,1.0
倌,悺,0.8132424416109603
倌,捾,0.8129870037958419
倌,侑,0.8010522294699952
倌,偖,0.7755183444450799
倌,倞,0.7742424452507964
倌,佾,0.773565251500993
倌,琯,0.7730267279434145
倌,仜,0.7701578516595212
倌,倥,0.7664468007063854
