char1,char2,similarity
倓,倓,1.0
倓,佒,0.7820724946436857
倓,侳,0.7762242713170217
倓,佷,0.775540455360421
倓,伳,0.7754550600996672
倓,侇,0.772870461634404
倓,俠,0.7726167522311914
倓,俁,0.7698737438849592
倓,侦,0.7665382727529882
倓,偵,0.7647734864851263
