char1,char2,similarity
倎,倎,1.0
倎,佛,0.7868813187920056
倎,俁,0.774095907582681
倎,僼,0.7679292990723515
倎,佻,0.7670376432632929
倎,傀,0.7661448246476535
倎,俣,0.7586422024309127
倎,傮,0.7581216660384388
倎,偵,0.757756427702651
倎,倹,0.7541080272399246
