char1,char2,similarity
個,個,1.0
個,偭,0.8284751879937917
個,伛,0.7901331916484309
個,俑,0.7833359963421584
個,伷,0.77326039062162
個,侗,0.7704908191237163
個,仰,0.7692335099688958
個,俚,0.7660049762999394
個,恫,0.7631664191867585
個,侕,0.7622043152269334
