char1,char2,similarity
倖,倖,1.0
倖,俥,0.8427573124476664
倖,侾,0.8185388618309107
倖,俾,0.7930884147220542
倖,悻,0.7887357556408765
倖,傽,0.7820633209841166
倖,伄,0.7793277680409441
倖,侼,0.7770898337632883
倖,倢,0.7765678727312875
倖,俆,0.776264250165363
