char1,char2,similarity
倛,倛,1.0
倛,唭,0.7934072470405733
倛,伿,0.792971501680653
倛,倶,0.7875181854289518
倛,仅,0.7700991460692256
倛,偀,0.7698539512079988
倛,僸,0.769014442516522
倛,祺,0.7616105619679835
倛,倴,0.7601802473686353
倛,偡,0.7591861982389303
