char1,char2,similarity
倜,倜,1.0
倜,惆,0.8169709003261971
倜,徟,0.8124264919303289
倜,侷,0.8059757351496919
倜,偱,0.7808638970448619
倜,伺,0.7721596421846318
倜,倘,0.7653349783163711
倜,傆,0.7645201416987192
倜,侲,0.7637669320026163
倜,倨,0.7637650412998291
