char1,char2,similarity
倘,倘,1.0
倘,徜,0.8096699580757297
倘,侗,0.8020448664945616
倘,淌,0.7851254058371389
倘,惝,0.7832413574316869
倘,侷,0.7793022951125694
倘,偳,0.767868402387775
倘,侎,0.767798268705279
倘,俩,0.7662673304489336
倘,倜,0.7653349783163711
