char1,char2,similarity
候,候,1.0
候,侯,0.7880831133630419
候,倏,0.7632319746070786
候,誤,0.7407766720103182
候,傾,0.7407412842129945
候,诶,0.7364349719434828
候,祦,0.7326576148203929
候,偑,0.7325515695757148
候,娱,0.7318686916767561
候,娭,0.7304968608493967
