char1,char2,similarity
倗,倗,1.0
倗,掤,0.8165814289522914
倗,堋,0.8037921074287041
倗,価,0.7854101889010688
倗,傰,0.7808679011897823
倗,伽,0.77331334363015
倗,绷,0.7682825319265341
倗,俹,0.7649654063562338
倗,偓,0.7631651861602108
倗,偭,0.7618810146487998
