char1,char2,similarity
倚,倚,1.0
倚,倩,0.7776842243325816
倚,偙,0.7706520491948083
倚,渏,0.7649048738493242
倚,侉,0.76005198808349
倚,椅,0.7588725809685198
倚,掎,0.7566498257947878
倚,倬,0.7546666528746936
倚,傋,0.7539611187434353
倚,傐,0.7527886616953121
