char1,char2,similarity
倝,倝,1.0
倝,軚,0.7766501266713468
倝,軌,0.7735819028693404
倝,軑,0.7610669274561469
倝,畎,0.7513666619462447
倝,輇,0.7472755804404272
倝,蚨,0.7456588540327009
倝,執,0.7443801072893808
倝,戟,0.7421247951514985
倝,較,0.7417963494421391
