char1,char2,similarity
倢,倢,1.0
倢,俥,0.7962882766050526
倢,倲,0.784030150428093
倢,徢,0.7822877705721677
倢,偟,0.7802901212453721
倢,倷,0.7775372262820234
倢,倖,0.7765678727312875
倢,傏,0.7728837121287823
倢,徨,0.7692941032691347
倢,侳,0.7682873218442935
