char1,char2,similarity
倞,倞,1.0
倞,倷,0.825904041270347
倞,谅,0.8190620089738928
倞,倧,0.8026682667354276
倞,凉,0.7964539005887151
倞,俫,0.7935704961981901
倞,俆,0.7913548191840069
倞,佨,0.7894125182861872
倞,佇,0.7884537854926824
倞,惊,0.7872584907509668
