char1,char2,similarity
倠,倠,1.0
倠,淮,0.7985202330966941
倠,惟,0.7902840264818232
倠,俈,0.7738507687300744
倠,位,0.7725927026272404
倠,谁,0.771842562849559
倠,准,0.7699527261788954
倠,佁,0.7658301697081136
倠,催,0.7643606053030403
倠,倱,0.762706156671282
