char1,char2,similarity
値,値,1.0
値,愃,0.7792698014494237
値,俥,0.7785760903540554
値,倲,0.7760752040753655
値,徝,0.7753806201490523
値,俜,0.7739828831970508
値,倰,0.7735892493256483
値,偟,0.7676322272812638
値,傏,0.7654438042904415
値,侳,0.7594619972057693
