char1,char2,similarity
倯,倯,1.0
倯,偢,0.7538769615430011
倯,俶,0.7479103208494295
倯,仳,0.7433684066220041
倯,俈,0.7404076397610931
倯,侣,0.7355752863156598
倯,侞,0.7351463570814515
倯,佄,0.7351014020086596
倯,俙,0.7347733533016129
倯,佋,0.7268033032197024
