char1,char2,similarity
倫,倫,1.0
倫,惀,0.8277521579336686
倫,偸,0.7945601828278787
倫,俆,0.7820986327013618
倫,倽,0.7792387646460471
倫,佡,0.7667647752949669
倫,佔,0.7664770875165198
倫,俑,0.7654064193380932
倫,伯,0.7639321577113201
倫,儘,0.7620291042918688
