char1,char2,similarity
倨,倨,1.0
倨,俨,0.7939658928920931
倨,侲,0.7870284241261998
倨,偱,0.7811713598576595
倨,俣,0.7805894964832844
倨,侷,0.7750646075478859
倨,倜,0.7637650412998291
倨,伬,0.7611262853002501
倨,傆,0.7577810237992193
倨,佦,0.7549409588209716
