char1,char2,similarity
倸,倸,1.0
倸,伻,0.8174492210563649
倸,保,0.814976035679686
倸,俫,0.8007636991180876
倸,倮,0.7888812513749828
倸,俘,0.7703642170090049
倸,俀,0.7673174536020659
倸,俆,0.7652631522752978
倸,俕,0.7632287330632096
倸,侲,0.7617268635954058
