char1,char2,similarity
倳,倳,1.0
倳,僖,0.8124039951705176
倳,僡,0.7983571802449851
倳,儜,0.7878125578967774
倳,偅,0.7864339915263477
倳,伻,0.7802972270425784
倳,僼,0.7751318877344577
倳,傃,0.7713382652622645
倳,停,0.7709743169806017
倳,傼,0.7702078044590377
