char1,char2,similarity
倲,倲,1.0
倲,俥,0.8110326013420852
倲,俜,0.7923529670470086
倲,徚,0.7873241175449689
倲,谏,0.786743264432115
倲,倢,0.784030150428093
倲,倷,0.7823983026736122
倲,涷,0.7795637519064568
倲,傏,0.7773187620308623
倲,値,0.7760752040753655
