char1,char2,similarity
倹,倹,1.0
倹,僋,0.7888538712166813
倹,侦,0.7818343860476931
倹,僓,0.7768707644123839
倹,儉,0.7752940298033514
倹,俁,0.7739793269661978
倹,佷,0.7654492713466379
倹,偄,0.7629231641013824
倹,伩,0.7612206849147944
倹,信,0.7609564842782879
