char1,char2,similarity
倽,倽,1.0
倽,佺,0.7825935099201518
倽,倫,0.7792387646460471
倽,傞,0.7787583223606543
倽,俆,0.7779134521207648
倽,涻,0.771393761324018
倽,侱,0.7692765822364123
倽,佡,0.7664197410986058
倽,伳,0.764770092889395
倽,偸,0.7632825480292054
