char1,char2,similarity
偅,偅,1.0
偅,僅,0.8146988573214117
偅,倳,0.7864339915263477
偅,僥,0.7759065858087151
偅,傼,0.7734159452642848
偅,俓,0.771805521127125
偅,僖,0.7713549812907258
偅,僼,0.7692321101571739
偅,僒,0.7691851726700709
偅,佢,0.7643738388938729
