char1,char2,similarity
值,值,1.0
值,植,0.8416405924626071
值,徝,0.7961804316379164
值,侇,0.792778189740366
值,傄,0.7922304376531794
值,偆,0.7864118129524322
值,仨,0.7828730901146672
值,仜,0.7792679202836821
值,伍,0.7780718495810962
值,偡,0.7772281351411384
