char1,char2,similarity
偄,偄,1.0
偄,偰,0.7945530744020259
偄,愞,0.7918808119293077
偄,俁,0.7875246230123851
偄,倹,0.7629231641013824
偄,俿,0.7628444901085943
偄,伩,0.7618412296289121
偄,堧,0.7617176237346556
偄,倎,0.7530190506675716
偄,仹,0.7511278521330244
