char1,char2,similarity
偁,偁,1.0
偁,僠,0.7758889097702082
偁,侽,0.7715800976435835
偁,傒,0.7699898674893119
偁,偊,0.7668367641751787
偁,侎,0.7585818482042248
偁,偶,0.7551727198328962
偁,俋,0.7527600580512062
偁,佴,0.7524296407938231
偁,惮,0.7513786685070512
