char1,char2,similarity
偈,偈,1.0
偈,愒,0.8054695085957387
偈,惕,0.7970856528264976
偈,倡,0.795103933175269
偈,傿,0.7756918625607576
偈,揭,0.774083076314182
偈,侣,0.7736062908161742
偈,促,0.7662992295266907
偈,倀,0.7662578985441337
偈,楬,0.7657218102313099
