char1,char2,similarity
偍,偍,1.0
偍,惿,0.8044244409700843
偍,堤,0.7994285363593604
偍,偪,0.7969459496538808
偍,促,0.7941644686275482
偍,瑅,0.7893207095782484
偍,俔,0.7831843601693336
偍,侸,0.7743135477092071
偍,倮,0.7737270787841777
偍,徥,0.7714170636979446
