char1,char2,similarity
假,假,1.0
假,徦,0.8210085200844018
假,溊,0.7698760973162402
假,侱,0.7562120603305781
假,塅,0.7538677085620342
假,瑕,0.7500308167103287
假,倆,0.7459973300748776
假,惙,0.7458110807438321
假,儞,0.7432389310392361
假,倔,0.7382208378040502
