char1,char2,similarity
偉,偉,1.0
偉,慞,0.7762558230551806
偉,傽,0.7748642804484429
偉,僮,0.7729529275237835
偉,佄,0.762685002017397
偉,璋,0.7620696834230795
偉,愇,0.7618255301025088
偉,湋,0.7592597243244059
偉,僸,0.7584537874741105
偉,伴,0.755510149900271
