char1,char2,similarity
偕,偕,1.0
偕,楷,0.8063379141108591
偕,瑎,0.8007700322008465
偕,佶,0.7928035774489721
偕,催,0.7875120401388486
偕,借,0.7719696551763702
偕,倡,0.7695700253949469
偕,喈,0.7689949919072852
偕,湝,0.7666255923633265
偕,偣,0.7656526653986474
