char1,char2,similarity
偖,偖,1.0
偖,偣,0.8111664922081312
偖,侾,0.8048257904542832
偖,侤,0.7931064502415003
偖,渚,0.7850465001534672
偖,锗,0.7758669069324208
偖,倌,0.7755183444450799
偖,佸,0.7739149357743038
偖,堵,0.7723739550484967
偖,侑,0.769616157666439
