char1,char2,similarity
偙,偙,1.0
偙,伄,0.7911099584347778
偙,渧,0.7874406929925405
偙,谛,0.7831561003944564
偙,倿,0.7761079585868595
偙,傃,0.7741019700582987
偙,倚,0.7706520491948083
偙,佰,0.7694278805087805
偙,偐,0.7674171753956669
偙,偣,0.7659441390322077
