char1,char2,similarity
偔,偔,1.0
偔,愕,0.82346052443288
偔,僫,0.7957354691054003
偔,侽,0.7917613693319117
偔,俔,0.7820374808495661
偔,併,0.7765176764442705
偔,谔,0.7763565185625649
偔,偎,0.7753218878814019
偔,锷,0.7752879416448377
偔,侤,0.7734829866209307
