char1,char2,similarity
偐,偐,1.0
偐,谚,0.8111085864254021
偐,偙,0.7674171753956669
偐,偾,0.7612314723998689
偐,傃,0.7567181018310087
偐,偧,0.7516879368865672
偐,伄,0.7493656496006634
偐,倧,0.7485999014483364
偐,佢,0.747274506174439
偐,佪,0.7442386505540021
