char1,char2,similarity
偑,偑,1.0
偑,佩,0.8005520791706374
偑,珮,0.7543836053322247
偑,傶,0.7435059794586109
偑,堸,0.7414426692304431
偑,渢,0.738790578930805
偑,珟,0.7357719139897028
偑,候,0.7325515695757148
偑,儮,0.7298539620510784
偑,何,0.7288680320921583
