char1,char2,similarity
偗,偗,1.0
偗,渻,0.8075086669281452
偗,俈,0.7915191907596232
偗,佫,0.7751669065112301
偗,僧,0.7722425918657965
偗,值,0.7706880985970189
偗,偆,0.7693467427300444
偗,愃,0.7684662836675588
偗,佉,0.7670908861884362
偗,僣,0.7667594928436183
