char1,char2,similarity
停,停,1.0
停,渟,0.8345032684382865
停,揨,0.7933823709714501
停,伻,0.7779591098608798
停,楟,0.7773957492655921
停,僚,0.773198980471703
停,倅,0.7717788671989857
停,倳,0.7709743169806017
停,但,0.7669652123080518
停,懜,0.7584688671289632
