char1,char2,similarity
偠,偠,1.0
偠,倭,0.803634299126462
偠,傈,0.772384384532832
偠,價,0.7623395485026496
偠,僄,0.7619155944063734
偠,喓,0.7525714066017327
偠,俨,0.7502117641512074
偠,伖,0.7478989527554818
偠,婹,0.746567086990058
偠,俣,0.7453915318549447
