char1,char2,similarity
偛,偛,1.0
偛,佡,0.7853640532614223
偛,佔,0.7615144251578211
偛,俣,0.7604942049603868
偛,僨,0.759358753022755
偛,俋,0.7579719169802177
偛,偅,0.7577586011358949
偛,傜,0.7568053119506148
偛,侷,0.755401512996929
偛,侯,0.7516379723767267
