char1,char2,similarity
偝,偝,1.0
偝,俼,0.8199123537316814
偝,傮,0.7800354139495004
偝,傇,0.7780547609192957
偝,傋,0.7771568824711109
偝,偦,0.770269825438753
偝,儕,0.7700679179214815
偝,備,0.7640336568318803
偝,傄,0.7624634158892121
偝,傦,0.7591945949270518
