char1,char2,similarity
偞,偞,1.0
偞,傑,0.7994167216956292
偞,渫,0.7897064138913602
偞,惵,0.7856265189127041
偞,堞,0.7755954277413896
偞,谍,0.7754969100883362
偞,俠,0.7618021870015694
偞,揲,0.7573343803848366
偞,倲,0.7551692124861139
偞,伕,0.7550007047641114
