char1,char2,similarity
偟,偟,1.0
偟,惶,0.8161460332181907
偟,偵,0.7965288798504184
偟,倢,0.7802901212453721
偟,倖,0.7747083347970862
偟,但,0.7740956284491178
偟,徨,0.7734555847022794
偟,傕,0.7716864899144754
偟,偪,0.7706056755208199
偟,侸,0.7690402825895484
