char1,char2,similarity
偣,偣,1.0
偣,借,0.8575848932740688
偣,偖,0.8111664922081312
偣,愔,0.8018574544745316
偣,倿,0.801147341957285
偣,倩,0.7909578947071199
偣,债,0.7870169487066156
偣,谙,0.7862624725190708
偣,佁,0.7838833151196551
偣,侉,0.7807840203431161
