char1,char2,similarity
偡,偡,1.0
偡,愖,0.8182528926266218
偡,值,0.7772281351411384
偡,堪,0.7761709215672413
偡,谌,0.7756499055304609
偡,谋,0.7689190238994077
偡,湛,0.768481207842689
偡,伹,0.7612081931679374
偡,倛,0.7591861982389303
偡,揕,0.7557542362584289
