char1,char2,similarity
偢,偢,1.0
偢,楸,0.7979963131249266
偢,愀,0.7704492072791088
偢,瞅,0.7666214056667112
偢,俶,0.7540283101382208
偢,倯,0.7538769615430011
偢,俬,0.7439195103969908
偢,伧,0.7387011389705332
偢,俰,0.7379997266916333
偢,做,0.7357697229132446
