char1,char2,similarity
健,健,1.0
健,湕,0.7534831443083115
健,墶,0.7360892601577457
健,键,0.7302839532699672
健,徤,0.726519993227857
健,餭,0.7224256101370293
健,楗,0.7201626726689024
健,媓,0.7198583445817532
健,瑭,0.7152869165322786
健,條,0.7114592221696077
