char1,char2,similarity
偬,偬,1.0
偬,愡,0.7869305141807444
偬,傯,0.7846623311144457
偬,惚,0.7746786655506877
偬,淴,0.7588514669477218
偬,俾,0.7457243036243615
偬,揔,0.7378148084396707
偬,僽,0.7373001917155124
偬,倥,0.7336354444218507
偬,偲,0.7332420087007855
