char1,char2,similarity
偪,偪,1.0
偪,倡,0.8352712286780579
偪,愊,0.8099898171901551
偪,偍,0.7969459496538808
偪,倱,0.7863402034921647
偪,俑,0.7804467724551803
偪,俔,0.7779792616362511
偪,僫,0.7734799222956387
偪,偟,0.7706056755208199
偪,偎,0.7641729428374471
