char1,char2,similarity
偫,偫,1.0
偫,借,0.7583268171572363
偫,歭,0.7281449079533066
偫,俺,0.7279341387772414
偫,慥,0.7276551844584015
偫,侫,0.7262136642332605
偫,何,0.7252625984564223
偫,佁,0.7217684108937291
偫,倚,0.7204266546939148
偫,偣,0.7203555954598333
