char1,char2,similarity
偭,偭,1.0
偭,侕,0.8333128839539083
偭,個,0.8284751879937917
偭,愐,0.806760732702387
偭,佪,0.7958111538264263
偭,価,0.7803491583451153
偭,伷,0.7784605910540431
偭,伌,0.7770788174914887
偭,侗,0.764726321105779
偭,伛,0.7647253180430396
