char1,char2,similarity
偦,偦,1.0
偦,傦,0.7985035147766358
偦,壻,0.7845803423324716
偦,倩,0.7844223647220937
偦,倄,0.7813314578839072
偦,偝,0.770269825438753
偦,傋,0.7692475316166065
偦,佤,0.7617556468215749
偦,傿,0.7615201024879346
偦,湑,0.7554279602839269
