char1,char2,similarity
偷,偷,1.0
偷,渝,0.8254360605148131
偷,瑜,0.82451862056995
偷,谕,0.8028896346301634
偷,揄,0.801669825555797
偷,愉,0.7504017553431365
偷,僃,0.7503166343294385
偷,偸,0.7385017647947361
偷,儉,0.73235505376478
偷,僙,0.7275754927688429
