char1,char2,similarity
偯,偯,1.0
偯,侼,0.7845973358826441
偯,俵,0.7770394520017027
偯,倲,0.770504457868301
偯,俥,0.767411564122548
偯,倅,0.7619531409563255
偯,俼,0.7607084730312592
偯,傧,0.7583687382571461
偯,侦,0.757758394375205
偯,悖,0.7500573964089757
