char1,char2,similarity
偳,偳,1.0
偳,傁,0.7832232625128863
偳,侷,0.7819363943686215
偳,倘,0.767868402387775
偳,伴,0.7655114589017955
偳,傏,0.7576712023932028
偳,惴,0.756559681494637
偳,侺,0.7557665714113422
偳,伂,0.7551866634871474
偳,傥,0.7535514844574125
