char1,char2,similarity
偱,偱,1.0
偱,侷,0.8398100832186718
偱,侲,0.7981098279616224
偱,倨,0.7811713598576595
偱,倜,0.7808638970448619
偱,傆,0.773957079473256
偱,傓,0.760147190944148
偱,儦,0.7592262788479192
偱,俨,0.7575259981759139
偱,揗,0.757050569491186
