char1,char2,similarity
傁,傁,1.0
傁,溲,0.7928697992675002
傁,偳,0.7832232625128863
傁,倰,0.7712609307710494
傁,儍,0.7664607259101254
傁,佁,0.7633051941381807
傁,僂,0.760674598455202
傁,侸,0.7574707017311008
傁,佺,0.7571039921178575
傁,侽,0.756759937076618
