char1,char2,similarity
偾,偾,1.0
偾,债,0.8342590630209751
偾,侦,0.7964528319406361
偾,愦,0.7772956685458609
偾,倩,0.7684103209812067
偾,佔,0.7664501141683007
偾,仅,0.7656773085806674
偾,佰,0.7628716571460497
偾,偐,0.7612314723998689
偾,償,0.7607439781757531
