char1,char2,similarity
偺,偺,1.0
偺,倃,0.8153856784154836
偺,俻,0.7779121249152335
偺,僣,0.7760914882162818
偺,借,0.7725633950552554
偺,佫,0.7678179316274842
偺,僠,0.7618087788626056
偺,俉,0.7582132001259334
偺,佸,0.755223403906408
偺,佁,0.754628824829164
