char1,char2,similarity
偸,偸,1.0
偸,倫,0.7945601828278787
偸,愉,0.7640879276861134
偸,倽,0.7632825480292054
偸,儉,0.7622428460985828
偸,揄,0.761043535236736
偸,楡,0.7600014139414465
偸,侐,0.7552697483790001
偸,伷,0.749244284896736
偸,傖,0.7464319943227489
