char1,char2,similarity
偿,偿,1.0
偿,傥,0.7706047837349663
偿,值,0.7665640347479926
偿,侓,0.7656671844950328
偿,侳,0.7607020398229382
偿,侇,0.7576613464771116
偿,供,0.7543844686689163
偿,仸,0.7538766033831205
偿,侩,0.7537812326401058
偿,俁,0.7537161932181485
