char1,char2,similarity
偻,偻,1.0
偻,倭,0.7873183493420435
偻,侫,0.7687267834910135
偻,倥,0.7564913948703061
偻,倦,0.7550571360531199
偻,侯,0.7423739199344412
偻,侨,0.7409814273738171
偻,侵,0.7394414102667538
偻,傁,0.7345935762480811
偻,偠,0.7337259453877856
