char1,char2,similarity
偽,偽,1.0
偽,傌,0.7661355854481497
偽,伖,0.7510077810459233
偽,佒,0.7504039004052909
偽,偊,0.7482727285517752
偽,偶,0.7451410128252962
偽,伕,0.7390816321272357
偽,佁,0.7388546471769559
偽,侷,0.7380044427556943
偽,伉,0.737940527753601
