char1,char2,similarity
傃,傃,1.0
傃,愫,0.8378236922489358
傃,嗉,0.8014771858107237
傃,溸,0.7940956730995241
傃,偼,0.7771184834731137
傃,偙,0.7741019700582987
傃,倳,0.7713382652622645
傃,僡,0.7707245530843049
傃,债,0.7680068723891746
傃,偵,0.76685123055525
