char1,char2,similarity
傂,傂,1.0
傂,俽,0.7353714919818022
傂,傴,0.7332978361613323
傂,褫,0.7307450359002774
傂,搋,0.729764006013652
傂,僝,0.7271755276180685
傂,倔,0.726080292354865
傂,儢,0.7248575470555637
傂,倆,0.7239871799912175
傂,俩,0.7228585020716206
