char1,char2,similarity
傉,傉,1.0
傉,搙,0.8106828876442692
傉,偋,0.7728462723337318
傉,傫,0.7688840911902728
傉,僤,0.7563980627626504
傉,僄,0.7562434204890026
傉,褥,0.7554114408809459
傉,僩,0.7538971543820763
傉,僎,0.753116761457953
傉,侃,0.7521212626671407
