char1,char2,similarity
傋,傋,1.0
傋,溝,0.8472346207145521
傋,倩,0.830651018139777
傋,僅,0.8048447725647878
傋,傮,0.8008694405682178
傋,倄,0.7856492632946926
傋,债,0.7809743707395467
傋,偝,0.7771568824711109
傋,偣,0.7746325948944269
傋,清,0.7744686734327644
