char1,char2,similarity
傎,傎,1.0
傎,慎,0.8324396388562934
傎,滇,0.8237275747316857
傎,傼,0.8219953282658214
傎,搷,0.8179475693495876
傎,嗔,0.787973840443234
傎,填,0.784256696035764
傎,伹,0.7813147222916444
傎,伿,0.7788906164644986
傎,僡,0.7711339360557234
