char1,char2,similarity
傕,傕,1.0
傕,傄,0.7791765877058275
傕,催,0.7746694336483745
傕,偣,0.7745126142027976
傕,倇,0.7721871395433171
傕,偟,0.7716864899144754
傕,侉,0.7707501596321218
傕,偆,0.7692820214809503
傕,侟,0.7645383472671288
傕,俼,0.764124541481499
