char1,char2,similarity
傍,傍,1.0
傍,谤,0.833765477388806
傍,侉,0.784428439627531
傍,徬,0.7815023880644332
傍,倪,0.7664367052494914
傍,价,0.7657513324762588
傍,偙,0.7634697010991354
傍,份,0.7502388653389446
傍,倽,0.7500303874961992
傍,傐,0.7494074852656012
