char1,char2,similarity
傌,傌,1.0
傌,偶,0.7899315537579424
傌,便,0.7882902558436646
傌,偊,0.7816641804921186
傌,僫,0.7698103942798794
傌,俔,0.7686358260489661
傌,偽,0.7661355854481497
傌,侷,0.7642633417326027
傌,偵,0.7629551633735592
傌,偓,0.7612635271508047
