char1,char2,similarity
備,備,1.0
備,傋,0.7653658838058491
備,偝,0.7640336568318803
備,僣,0.757272855893949
備,傗,0.7571681047607332
備,偙,0.7555147294892047
備,儕,0.7536295998245943
備,僗,0.7472038841682003
備,偺,0.7459225068340232
備,佰,0.7430025608755058
