char1,char2,similarity
傛,傛,1.0
傛,溶,0.8000961647461248
傛,愹,0.794736105757015
傛,俼,0.7831921271322614
傛,偣,0.7754867713827556
傛,倴,0.7677632850377658
傛,佁,0.7643412363195435
傛,佮,0.7642072382382495
傛,倅,0.7635160668383096
傛,佫,0.7616727259955446
