char1,char2,similarity
傘,傘,1.0
傘,串,0.7582063762918021
傘,单,0.7480214725894037
傘,車,0.7472219698824264
傘,本,0.7391643406152139
傘,阜,0.7359481829927453
傘,中,0.7333311361206447
傘,申,0.7327177463715905
傘,丨,0.732067413708373
傘,幸,0.7307185502299689
