char1,char2,similarity
傚,傚,1.0
傚,傲,0.7881284180115237
傚,滧,0.7612756050719305
傚,僌,0.7339807652832863
傚,微,0.7329131076528961
傚,僛,0.7321072157180051
傚,伮,0.7234271609828525
傚,徵,0.721710426173493
傚,徼,0.7212103397590655
傚,撽,0.7186274308197528
