char1,char2,similarity
傟,傟,1.0
傟,傝,0.848308323248229
傟,慃,0.7875940771201788
傟,滃,0.7670856764407198
傟,塕,0.7553490369997831
傟,侕,0.7495310937801398
傟,傰,0.7336407457433632
傟,榻,0.7326874983722247
傟,儘,0.7324411946347873
傟,暡,0.7314096206114651
