char1,char2,similarity
傠,傠,1.0
傠,俯,0.7378860232852197
傠,白,0.7357050777108087
傠,假,0.7312619672325351
傠,树,0.7265032006658302
傠,俱,0.7223552397092593
傠,僦,0.721945937848745
傠,僢,0.7205427599519592
傠,倶,0.7203096284926593
傠,衑,0.7199310033877715
