char1,char2,similarity
傤,傤,1.0
傤,儎,0.7742875939025397
傤,懴,0.7301076132736674
傤,傲,0.7279702650635649
傤,僌,0.7065340189054186
傤,橶,0.7049463494102953
傤,慽,0.7024587901405
傤,儼,0.6998340537015085
傤,怓,0.6994284784435123
傤,倵,0.6993285228345546
