char1,char2,similarity
傣,傣,1.0
傣,俸,0.7811802243565928
傣,偆,0.7762332002707797
傣,僚,0.7639797205218152
傣,溙,0.7599612980703085
傣,倚,0.7497734318356821
傣,僐,0.7494178469188916
傣,倬,0.7424572496464326
傣,倲,0.7415731225124219
傣,倩,0.7402681328043805
