char1,char2,similarity
傡,傡,1.0
傡,侯,0.7425478420004838
傡,倣,0.7354294757423808
傡,倦,0.7333835464321945
傡,倔,0.7323970600290314
傡,侨,0.7297901032529964
傡,併,0.7265847683738628
傡,侁,0.7237030390469359
傡,像,0.7222265887385837
傡,俋,0.7207565672105777
