char1,char2,similarity
傧,傧,1.0
傧,悖,0.7650280682367249
傧,侼,0.7633534283134614
傧,滨,0.7615124767798078
傧,偯,0.7583687382571461
傧,倛,0.7548583534829982
傧,傸,0.7528973352422776
傧,倹,0.7513051097094305
傧,仪,0.7489311571708941
傧,侪,0.7422110522080728
