char1,char2,similarity
储,储,1.0
储,赭,0.7714228328902234
储,豬,0.7487043100249177
储,鯺,0.7441430898999535
储,醏,0.7307597717426235
储,賭,0.730173492950265
储,蝫,0.7254612528378315
储,槠,0.724917380366932
储,帾,0.7221825735157427
储,何,0.7217591058545055
