char1,char2,similarity
傢,傢,1.0
傢,何,0.7396783645156139
傢,僚,0.7251611639683596
傢,停,0.723072019348853
傢,傷,0.7230070561972612
傢,倧,0.7202797587026208
傢,像,0.719743516279491
傢,僱,0.7190589600964759
傢,慞,0.7173840525264517
傢,僙,0.7167365390876604
