char1,char2,similarity
傳,傳,1.0
傳,漙,0.8502732839453473
傳,摶,0.8047308071724805
傳,塼,0.7730865021203169
傳,慱,0.7688697867345066
傳,傴,0.7506700232477594
傳,侍,0.747592271400612
傳,僂,0.7457831254629095
傳,偶,0.7449105475293832
傳,偎,0.7435044328179294
