char1,char2,similarity
傰,傰,1.0
傰,漰,0.8100988756082232
傰,倗,0.7808679011897823
傰,嘣,0.7764005640876833
傰,侕,0.7684538940390493
傰,傝,0.7670340792092464
傰,侞,0.7545443634306077
傰,偂,0.7508030922147836
傰,佪,0.7503006363071311
傰,伽,0.7499209234575815
