char1,char2,similarity
傯,傯,1.0
傯,僡,0.7932267866083592
傯,傏,0.7847302257752257
傯,偬,0.7846623311144457
傯,偲,0.7797893506378012
傯,憁,0.7736001372799826
傯,俜,0.7733392181798332
傯,伄,0.7638661990109868
傯,倬,0.7631789952042773
傯,傅,0.7591497159563875
