char1,char2,similarity
傫,傫,1.0
傫,僎,0.7741245555174976
傫,僺,0.7715670249203159
傫,侃,0.7696808714883878
傫,倶,0.7689082077482344
傫,傉,0.7688840911902728
傫,僄,0.7658128526575352
傫,儑,0.7606266868332211
傫,傊,0.7536655770434014
傫,偎,0.7519599635672712
