char1,char2,similarity
傪,傪,1.0
傪,滲,0.7474517065238954
傪,僇,0.7408341143915232
傪,墋,0.7338655912943057
傪,憀,0.732685726884391
傪,慘,0.7318828163324371
傪,修,0.7309419794186389
傪,嘇,0.7217837444409231
傪,像,0.7164036529743797
傪,漻,0.7157834209863627
