char1,char2,similarity
債,債,1.0
債,僓,0.8632994253467435
債,儐,0.8233501778063694
債,嘳,0.8015505737361064
債,漬,0.8013913650268059
債,價,0.800086077661287
債,儧,0.7997585593235506
債,嘖,0.7988897525080475
債,潰,0.7975322040122612
債,僨,0.7906539563896968
