char1,char2,similarity
傶,傶,1.0
傶,慽,0.7553937916301531
傶,惐,0.7504078106121914
傶,減,0.7451357935827363
傶,偑,0.7435059794586109
傶,嘁,0.7387126729362765
傶,堿,0.73400804477047
傶,滅,0.7280334699517711
傶,墄,0.7274233838741843
傶,絨,0.7250049065878605
