char1,char2,similarity
傷,傷,1.0
傷,漡,0.8152597296500005
傷,傴,0.7431078939069045
傷,殤,0.7313567014459025
傷,儒,0.7232380135214408
傷,傢,0.7230070561972612
傷,傳,0.7203471116350473
傷,白,0.7180810660967559
傷,傠,0.7169450676473744
傷,佂,0.7156967985521652
