char1,char2,similarity
傴,傴,1.0
傴,塸,0.765540255312222
傴,們,0.7620807686961337
傴,嘔,0.7599257342849459
傴,偃,0.7509353451284436
傴,傳,0.7506700232477594
傴,倆,0.7463546283860574
傴,惬,0.7436987892193249
傴,傷,0.7431078939069045
傴,便,0.7421523494672311
