char1,char2,similarity
傺,傺,1.0
傺,憏,0.7610082928312504
傺,僚,0.7361719566816488
傺,伮,0.7304439519858434
傺,漈,0.7285805608470117
傺,俓,0.7240641150147458
傺,倥,0.7222197326657079
傺,偞,0.7211375281148915
傺,儇,0.7199142909981361
傺,傈,0.7195113974517166
