char1,char2,similarity
傸,傸,1.0
傸,慡,0.7685592828188985
傸,塽,0.7627214344184573
傸,佒,0.753472348829713
傸,傧,0.7528973352422776
傸,侇,0.7520790498329021
傸,倓,0.7519285690996104
傸,儕,0.7511532909941434
傸,偵,0.7499816521288684
傸,漺,0.7467786146089123
