char1,char2,similarity
傹,傹,1.0
傹,傽,0.8168683828934329
傹,滰,0.7936723898210012
傹,璄,0.7878043735414452
傹,僓,0.7648744179776659
傹,債,0.7644812899358169
傹,倰,0.7633882167656243
傹,傊,0.7607093183123503
傹,佺,0.7590095882627641
傹,偩,0.755813825406938
