char1,char2,similarity
傽,傽,1.0
傽,傹,0.8168683828934329
傽,漳,0.8107539027456747
傽,侼,0.7911396594563449
傽,倖,0.7820633209841166
傽,俥,0.7776493177035197
傽,偉,0.7748642804484429
傽,俕,0.7648175796466711
傽,俸,0.7633422510890167
傽,倅,0.7623564327728495
