char1,char2,similarity
僃,僃,1.0
僃,偷,0.7503166343294385
僃,僷,0.7330656739716557
僃,僙,0.7308695245133952
僃,倻,0.7296618708592585
僃,侗,0.7273957321336503
僃,俐,0.7269454685893862
僃,訇,0.7205574260162539
僃,俩,0.7202392858997126
僃,侧,0.7181604565488607
