char1,char2,similarity
僁,僁,1.0
僁,偲,0.7802068442794067
僁,僫,0.7711211145977156
僁,僽,0.7654050358191411
僁,傉,0.7509559913926345
僁,傯,0.7493691478532958
僁,僠,0.7483187735696653
僁,係,0.7469347574514714
僁,侺,0.7463951867088892
僁,僡,0.7451977513495555
