char1,char2,similarity
傾,傾,1.0
傾,倾,0.7907933462911191
傾,候,0.7407412842129945
傾,硕,0.7359114541107411
傾,僳,0.7285168868715767
傾,們,0.7276793835583626
傾,頫,0.7234330050963955
傾,儆,0.7184256652106299
傾,慓,0.7181752084331924
傾,頵,0.7155724813174668
