char1,char2,similarity
僆,僆,1.0
僆,慩,0.8096556081704633
僆,漣,0.7737516994619816
僆,傮,0.7732962518613413
僆,儦,0.7679020311575061
僆,佪,0.7567528428413259
僆,儙,0.7493467720800822
僆,伵,0.7447950653494546
僆,侐,0.7435045861929737
僆,傋,0.7429644654448321
