char1,char2,similarity
僉,僉,1.0
僉,俞,0.7526395107892347
僉,侴,0.7523764407167179
僉,兪,0.7422880709479508
僉,命,0.7416550810061502
僉,尢,0.732003295064975
僉,人,0.7261395326466306
僉,酓,0.7259315263949223
僉,泉,0.7229107692739198
僉,亡,0.7220515615450309
