char1,char2,similarity
僌,僌,1.0
僌,敒,0.8128216533755043
僌,僘,0.758317238348209
僌,傲,0.7507994473619622
僌,憞,0.7482449148142151
僌,敶,0.7427068129202775
僌,徵,0.7376374826626936
僌,墩,0.7347059989376497
僌,傚,0.7339807652832863
僌,慠,0.7324246093959862
