char1,char2,similarity
僔,僔,1.0
僔,澊,0.8307785414246611
僔,墫,0.8155016300395929
僔,撙,0.8063093576316236
僔,樽,0.7925456112802455
僔,噂,0.7760057729665698
僔,僐,0.7757671858993468
僔,俼,0.7732677361488444
僔,億,0.7684239853699295
僔,僤,0.7636893932922653
