char1,char2,similarity
僓,僓,1.0
僓,債,0.8632994253467435
僓,僨,0.8185885478045013
僓,儐,0.8115434795731614
僓,價,0.809795314182323
僓,僋,0.8062665173224678
僓,撌,0.8043413148486298
僓,潰,0.7953258937121764
僓,僂,0.7937143083953285
僓,慣,0.7896821815473373
