char1,char2,similarity
僘,僘,1.0
僘,僌,0.758317238348209
僘,馓,0.7568171824055019
僘,敒,0.7524682460754529
僘,儆,0.7216874605020609
僘,墽,0.7177933690970434
僘,傚,0.7151398879126621
僘,慠,0.7148391634114218
僘,憿,0.7122281555796525
僘,澂,0.7119529427114589
