char1,char2,similarity
僡,僡,1.0
僡,儘,0.8010574575284425
僡,憓,0.7986927508127732
僡,倳,0.7983571802449851
僡,僖,0.7954427596523064
僡,傯,0.7932267866083592
僡,偲,0.7772155005095559
僡,儜,0.7723112274888065
僡,傼,0.7720632038123512
僡,傎,0.7711339360557234
