char1,char2,similarity
僥,僥,1.0
僥,徺,0.8053927016973627
僥,偅,0.7759065858087151
僥,僒,0.7696160824861366
僥,倪,0.7688960445180368
僥,墝,0.7681645771378505
僥,嘵,0.7678721737413338
僥,傥,0.7636680731747569
僥,俔,0.7619468425601756
僥,傎,0.7541108613878974
