char1,char2,similarity
僤,僤,1.0
僤,憚,0.8100599003978508
僤,潬,0.7989651138852312
僤,嘽,0.7886150859160108
僤,僇,0.7691506461178274
僤,俥,0.7669157683516789
僤,伡,0.7651428992956956
僤,僔,0.7636893932922653
僤,佭,0.7577043017959798
僤,佇,0.7574424806793953
