char1,char2,similarity
僮,僮,1.0
僮,僅,0.8176156574197101
僮,潼,0.8074776159289241
僮,撞,0.8050410307676262
僮,徸,0.7773318967979436
僮,憶,0.7729637814134246
僮,偉,0.7729529275237835
僮,僨,0.7710032284068109
僮,倩,0.7698866443223629
僮,傋,0.7668199679317135
