char1,char2,similarity
僯,僯,1.0
僯,潾,0.7632377908500163
僯,僥,0.7499152583112135
僯,佒,0.7478749367874263
僯,僲,0.7411524071113675
僯,僟,0.7385507762507173
僯,債,0.7382815355652381
僯,噒,0.737903544619857
僯,倓,0.7358857894784665
僯,僂,0.7355393973285091
