char1,char2,similarity
僩,僩,1.0
僩,僴,0.7970115573922641
僩,傉,0.7538971543820763
僩,価,0.7497281015893774
僩,偃,0.7460176808348411
僩,僤,0.7375777084108165
僩,倗,0.7373190848953022
僩,瞯,0.7346583597722595
僩,儖,0.7328324392332125
僩,僎,0.7326101601069755
