char1,char2,similarity
僵,僵,1.0
僵,壃,0.8277097641707434
僵,憻,0.7896973230872417
僵,懛,0.7681353368141792
僵,懂,0.7610083005316233
僵,儃,0.7590396581489098
僵,橿,0.7578743646485206
僵,量,0.7521929476083785
僵,儥,0.7492910366585432
僵,礓,0.7461071209141227
