char1,char2,similarity
僸,僸,1.0
僸,僄,0.7935828453331103
僸,儊,0.7891537879706513
僸,凚,0.7878977480680768
僸,噤,0.7699430961756382
僸,倛,0.769014442516522
僸,憬,0.7657782023841866
僸,傑,0.7630892783779915
僸,傃,0.7585789127871871
僸,偉,0.7584537874741105
