char1,char2,similarity
僲,僲,1.0
僲,們,0.7739310454195039
僲,僢,0.7653054915814372
僲,憐,0.7447273102317091
僲,僯,0.7411524071113675
僲,僳,0.7364503364571523
僲,俱,0.7307716083704612
僲,僄,0.7257276689857396
僲,儇,0.7249676333678339
僲,憛,0.7178927212702159
