char1,char2,similarity
僳,僳,1.0
僳,潥,0.789578943068775
僳,憟,0.7709834576576328
僳,凓,0.746470010763153
僳,僄,0.7432065026864642
僳,慓,0.7418236829630661
僳,懆,0.7397926502315184
僳,僲,0.7364503364571523
僳,愞,0.7344531896398954
僳,僺,0.7328314370813952
