char1,char2,similarity
僰,僰,1.0
僰,珡,0.7369719022755286
僰,秂,0.7303809511001708
僰,又,0.7277146319125287
僰,乂,0.7153920551287642
僰,叉,0.7152945040487065
僰,哭,0.7145119200770824
僰,熒,0.71184123605086
僰,仌,0.7108137507431084
僰,欠,0.7086948014719335
