char1,char2,similarity
僻,僻,1.0
僻,壀,0.813820252453182
僻,噼,0.7304866702751773
僻,倻,0.7240483705915188
僻,辩,0.7210190199120636
僻,辨,0.7161665709171887
僻,僃,0.7120305955835982
僻,擗,0.7087873825968332
僻,澼,0.7076807668942087
僻,偫,0.7063621023759019
