char1,char2,similarity
僼,僼,1.0
僼,傮,0.7954843601956163
僼,傼,0.7756408551826364
僼,倳,0.7751318877344577
僼,僡,0.7700913414494117
僼,僒,0.7699532449482607
僼,澧,0.7693499329427723
僼,偅,0.7692321101571739
僼,儘,0.7685210822742383
僼,儃,0.7682381338886414
