char1,char2,similarity
儂,儂,1.0
儂,儴,0.8082677532500943
儂,憹,0.7971195944959611
儂,傭,0.7796128459026708
儂,檂,0.7669406543820357
儂,僂,0.7635487004447195
儂,偃,0.7552516880994186
儂,債,0.7535929320349881
儂,僕,0.75323187489955
儂,儋,0.746983936132126
