char1,char2,similarity
僾,僾,1.0
僾,噯,0.7998592001948123
僾,儥,0.7722274732208849
僾,儍,0.7626301884277886
僾,侵,0.7522604669176179
僾,懓,0.7502896046372475
僾,倰,0.7484544604465692
僾,俣,0.7443284134913661
僾,伇,0.7423825034018086
僾,傥,0.7406148219179336
