char1,char2,similarity
僽,僽,1.0
僽,僫,0.7770523378605443
僽,僁,0.7654050358191411
僽,億,0.7547591819365094
僽,傯,0.7517888887679341
僽,偲,0.746875888708814
僽,俧,0.7435489887329185
僽,佖,0.7386924978417118
僽,偛,0.7382856409166818
僽,侔,0.7378910557873885
