char1,char2,similarity
僿,僿,1.0
僿,儤,0.7666616301858196
僿,偟,0.7607746396929135
僿,儻,0.755433283673387
僿,傓,0.753054996434796
僿,儦,0.7511573775248441
僿,僓,0.7483845080294192
僿,侸,0.7479323989888652
僿,僮,0.7467679588932384
僿,佺,0.7461741916507236
