char1,char2,similarity
儃,儃,1.0
儃,憻,0.8689560744894416
儃,擅,0.8164933677466493
儃,檀,0.8115636954843204
儃,儓,0.794633778106498
儃,懔,0.7920374035872798
儃,襢,0.779732455096925
儃,偃,0.7714902112152503
儃,僼,0.7682381338886414
儃,儥,0.7631379764825708
