char1,char2,similarity
儈,儈,1.0
儈,懀,0.7622247469828608
儈,偙,0.7514538024176258
儈,徻,0.7509002837312536
儈,儨,0.7452182897203824
儈,償,0.7424321026699117
儈,澮,0.7402472037826868
儈,儢,0.7401953114313887
儈,傃,0.7394146939588945
儈,俌,0.7393547950130982
