char1,char2,similarity
儅,儅,1.0
儅,偤,0.7692056831683367
儅,伅,0.7641056374145857
儅,傊,0.7619379840924917
儅,侶,0.7573838984902042
儅,偃,0.755798658178252
儅,僓,0.7488693418708526
儅,愩,0.7483778519918818
儅,偗,0.7482055001419948
儅,俌,0.7471392479076757
