char1,char2,similarity
儆,儆,1.0
儆,撒,0.7550491958286245
儆,曔,0.7418835672824331
儆,憞,0.7299308680415488
儆,糤,0.7222930365055709
儆,僘,0.7216874605020609
儆,憿,0.7215384225813545
儆,僀,0.7201436543754393
儆,傾,0.7184256652106299
儆,撤,0.7175936853719562
