char1,char2,similarity
儌,儌,1.0
儌,檄,0.8133711073592212
儌,噭,0.796308399753041
儌,璬,0.7668534926969148
儌,憿,0.7635257426231955
儌,缴,0.7628793919139849
儌,伮,0.7602364213265036
儌,倣,0.7571045492105979
儌,儎,0.7569178456460417
儌,俶,0.750326211442321
