char1,char2,similarity
儔,儔,1.0
儔,懤,0.8229094164478293
儔,儓,0.7933890165517888
儔,儥,0.7744302698105596
儔,濤,0.7734124226167912
儔,檮,0.7650930705895483
儔,儃,0.7519152438537057
儔,禱,0.7510866129275433
儔,億,0.7441922032756643
儔,俚,0.742978575734798
