char1,char2,similarity
儒,儒,1.0
儒,懦,0.7518312144835928
儒,偎,0.7444460105134096
儒,濡,0.7428886116472442
儒,儑,0.7427679667787409
儒,壖,0.7399721170047753
儒,倮,0.7367673773647099
儒,傴,0.73610131047504
儒,擩,0.7344933173068179
儒,傳,0.7344362428805198
