char1,char2,similarity
儖,儖,1.0
儖,懢,0.8192377578918351
儖,倥,0.7720747649120976
儖,侐,0.7700829309188577
儖,儃,0.7617608752477404
儖,慍,0.7575867682566376
儖,儘,0.7529989537688936
儖,俹,0.7514131475498338
儖,偃,0.7468452520262978
儖,偅,0.7467261612846885
