char1,char2,similarity
儎,儎,1.0
儎,倵,0.7770920329353114
儎,傤,0.7742875939025397
儎,儌,0.7569178456460417
儎,侙,0.7374818286015484
儎,偛,0.7330661653579761
儎,僐,0.7261023467228174
儎,億,0.7253667875305105
儎,傣,0.7248454350805412
儎,傋,0.723073779052733
