char1,char2,similarity
儏,儏,1.0
儏,璨,0.803281402820504
儏,僕,0.7519400087511826
儏,偩,0.7472832826605341
儏,偰,0.7404549575963799
儏,偵,0.7404058605240881
儏,侔,0.7382117031442712
儏,傸,0.737764857851769
儏,儃,0.7349918036362171
儏,傎,0.7336934066052259
