char1,char2,similarity
儑,儑,1.0
儑,傫,0.7606266868332211
儑,僶,0.7507132770816816
儑,倶,0.7506257226830007
儑,儤,0.7504907688997906
儑,倱,0.749279055659494
儑,偒,0.7479529398641678
儑,傝,0.7478419082664479
儑,侭,0.7470839820468933
儑,倡,0.7465808801941577
