char1,char2,similarity
儐,儐,1.0
儐,債,0.8233501778063694
儐,僓,0.8115434795731614
儐,價,0.7950814985836134
儐,僨,0.7864093073097939
儐,濱,0.7776293252889341
儐,撌,0.7733087001764107
儐,儧,0.7639246775924456
儐,儣,0.760031820122678
儐,璸,0.7571112832266917
