char1,char2,similarity
儓,儓,1.0
儓,懛,0.8125619352503717
儓,儃,0.794633778106498
儓,儔,0.7933890165517888
儓,檯,0.7696986486765717
儓,嬯,0.7634320514100684
儓,憻,0.7584896040453563
儓,偃,0.7582342220486185
儓,偲,0.7513822045206796
儓,伛,0.7505412227257878
