char1,char2,similarity
儠,儠,1.0
儠,侃,0.7416648051797078
儠,偊,0.7267911262133439
儠,偼,0.7229599993739761
儠,僺,0.7222940929682963
儠,僥,0.7219480261408506
儠,傎,0.72168801223101
儠,傼,0.7215221060693535
儠,儖,0.7212644304991483
儠,偅,0.7204471714943317
