char1,char2,similarity
儢,儢,1.0
儢,攄,0.7683222210189626
儢,儷,0.7542998560745987
儢,傯,0.7510640812755041
儢,瀘,0.7488718280358774
儢,嚧,0.7457683156422552
儢,倔,0.7455799758018499
儢,櫖,0.742043308353827
儢,俿,0.7402352643099243
儢,儈,0.7401953114313887
