char1,char2,similarity
儥,儥,1.0
儥,儨,0.8008163495712092
儥,償,0.7916780781542234
儥,凟,0.7758877710207024
儥,儔,0.7744302698105596
儥,僾,0.7722274732208849
儥,瀆,0.7718765383603318
儥,儃,0.7631379764825708
儥,儇,0.7590673049595918
儥,儧,0.7560626309093406
