char1,char2,similarity
儨,儨,1.0
儨,儥,0.8008163495712092
儨,儧,0.7931524250946744
儨,償,0.7747286332754302
儨,儹,0.7582090183402019
儨,傊,0.7533544290707074
儨,僎,0.7525763019322297
儨,傽,0.7461424477133651
儨,儷,0.7455190354131183
儨,儈,0.7452182897203824
