char1,char2,similarity
儣,儣,1.0
儣,壙,0.8017237374359224
儣,爌,0.7833348110647163
儣,僨,0.7809554464170627
儣,懭,0.7667160331821615
儣,儐,0.760031820122678
儣,儦,0.7578657702112346
儣,擴,0.7570905235574701
儣,櫎,0.7565122305985448
儣,偓,0.7564006974245538
