char1,char2,similarity
儧,儧,1.0
儧,儹,0.8072918002652106
儧,債,0.7997585593235506
儧,儨,0.7931524250946744
儧,償,0.7754761759806742
儧,儐,0.7639246775924456
儧,價,0.7617855914781448
儧,僂,0.7595758937613984
儧,儥,0.7560626309093406
儧,濽,0.7552523495840039
