char1,char2,similarity
優,優,1.0
優,嚘,0.7422056348604786
優,瀀,0.7411082091229019
優,擾,0.7362656352154375
優,僭,0.7191048396539401
優,儾,0.7175586168900708
優,僞,0.7173957070385022
優,戃,0.7079000665414497
優,侵,0.7056237581557646
優,僝,0.7051825418445787
