char1,char2,similarity
儩,儩,1.0
儩,瀃,0.6942126569473106
儩,碼,0.6916792893329764
儩,儭,0.6895163794383661
儩,磶,0.6822366314434886
儩,镯,0.6814080416151862
儩,鸺,0.6812966197537611
儩,侧,0.6809018391235572
儩,硐,0.680851336414359
儩,観,0.6785738876711548
