char1,char2,similarity
儴,儴,1.0
儴,儂,0.8082677532500943
儴,瀼,0.8054550259818478
儴,債,0.7792176412743912
儴,懹,0.7730064553423697
儴,僂,0.7712635612669414
儴,傭,0.761370758099394
儴,儧,0.7518271544650024
儴,欀,0.7509569010851963
儴,儐,0.7506422050819652
