char1,char2,similarity
儬,儬,1.0
儬,櫬,0.760435704184814
儬,儭,0.7469673103965695
儬,瀙,0.731531502712519
儬,槻,0.7305679979962934
儬,嚫,0.7267710283132158
儬,傶,0.721303850193411
儬,濪,0.7172842928958146
儬,儇,0.7134616439478234
儬,僲,0.711786880901865
