char1,char2,similarity
儰,儰,1.0
儰,僷,0.7431888698505914
儰,儂,0.7419602253021973
儰,憹,0.7418589726470224
儰,伺,0.7318926132694731
儰,儴,0.7279949083079589
儰,偊,0.7269492566963672
儰,儧,0.7263580486463664
儰,偵,0.7231652762188505
儰,憺,0.722784145801866
