char1,char2,similarity
儳,儳,1.0
儳,瀺,0.8106857466513223
儳,嚵,0.751263505830511
儳,攙,0.7467777626898576
儳,僓,0.7438479384180818
儳,巉,0.7412011832297221
儳,債,0.7361831028126553
儳,僋,0.7319993468643275
儳,倨,0.7309643574318665
儳,僈,0.7272719248844339
