char1,char2,similarity
儮,儮,1.0
儮,攊,0.790742604084395
儮,壢,0.758607381827072
儮,嚦,0.7535903305580245
儮,俷,0.7338379666356647
儮,偑,0.7298539620510784
儮,佩,0.7184524031395394
儮,僝,0.71491102572993
儮,傶,0.7147238596929545
儮,僵,0.7134609334966947
