char1,char2,similarity
儸,儸,1.0
儸,欏,0.7782128523160483
儸,囉,0.7589291182540187
儸,玀,0.7321734250014124
儸,僄,0.7315875389519823
儸,僤,0.7288685541214484
儸,傉,0.7237797872085459
儸,價,0.7212955265174358
儸,儖,0.7212193298326235
儸,偓,0.7182947470165085
