char1,char2,similarity
儺,儺,1.0
儺,灘,0.7391567464248641
儺,雠,0.7100827695354354
儺,濰,0.7085236395730524
儺,攤,0.6995498423046018
儺,郇,0.6851342929551765
儺,條,0.6848836335309629
儺,健,0.6840470285297825
儺,灕,0.6823719172816843
儺,僛,0.6792885328949284
