char1,char2,similarity
儷,儷,1.0
儷,儢,0.7542998560745987
儷,灑,0.7478073302633433
儷,儂,0.7462466941844561
儷,儨,0.7455190354131183
儷,攦,0.7451258744744796
儷,傭,0.7400547478266578
儷,倗,0.7388921400356153
儷,囇,0.734843962365435
儷,曬,0.7318150787021532
