char1,char2,similarity
元,元,1.0
元,兄,0.839395635454439
元,无,0.828869996244039
元,允,0.8254609539802266
元,亓,0.8203508498924625
元,北,0.800447071389804
元,冗,0.7964699218030403
元,売,0.7960702410450108
元,兕,0.7931308804023338
元,尤,0.7930651425619855
