char1,char2,similarity
允,允,1.0
允,元,0.8254609539802266
允,尢,0.8196556606870654
允,兄,0.8122072588715704
允,兒,0.7850827543862512
允,无,0.7837629351351704
允,充,0.7823796894955426
允,光,0.7788466769874696
允,丶,0.778446976667914
允,兑,0.7721446416259871
