char1,char2,similarity
先,先,1.0
先,兂,0.8074684939429485
先,光,0.7984079141317251
先,兕,0.7828612371738295
先,亠,0.7807203485293631
先,圥,0.7769616002622657
先,开,0.7725205968718194
先,灮,0.7720174229919226
先,允,0.7718890460412368
先,朱,0.7712844681486374
