char1,char2,similarity
兇,兇,1.0
兇,兒,0.8094219731564317
兇,兕,0.8083161139690797
兇,兂,0.7648554873432349
兇,无,0.7606571758419616
兇,允,0.7529487260910133
兇,旡,0.7521942683016777
兇,尢,0.7506208282389358
兇,夗,0.7491655817619818
兇,元,0.7451973506398469
