char1,char2,similarity
光,光,1.0
光,旡,0.8132286357636862
光,圥,0.8049540357361441
光,充,0.8023381237893569
光,兄,0.8000457578931769
光,先,0.7984079141317251
光,兂,0.7956264147904444
光,仧,0.7894755413350005
光,尤,0.7866930690642925
光,灮,0.7849436766369978
