char1,char2,similarity
兄,兄,1.0
兄,元,0.839395635454439
兄,无,0.8167075558179125
兄,允,0.8122072588715704
兄,只,0.8010372029337044
兄,旡,0.8008690174388773
兄,光,0.8000457578931769
兄,见,0.7901794167433612
兄,尢,0.7882269127497336
兄,玌,0.7864797016833229
