char1,char2,similarity
兀,兀,1.0
兀,尣,0.8499535938134622
兀,冗,0.8381361120335109
兀,儿,0.830033378554382
兀,丌,0.8237345378903939
兀,万,0.8133538243523178
兀,凣,0.8005477209131956
兀,冮,0.7977741451088834
兀,芁,0.7967701581495029
兀,几,0.7957818481505374
