char1,char2,similarity
兓,兓,1.0
兓,盶,0.7384594264666164
兓,矹,0.7368479323877984
兓,颪,0.7223809464571213
兓,馾,0.7181072584186039
兓,既,0.7147071377419242
兓,玎,0.7144791507714975
兓,录,0.7069843290014242
兓,承,0.706764596068255
兓,殀,0.7061440853346194
