char1,char2,similarity
兏,兏,1.0
兏,厎,0.7729831285602883
兏,厓,0.7612403372753584
兏,厏,0.7559009962312829
兏,厑,0.7552444674751719
兏,厐,0.7542932415854059
兏,凥,0.7529382742658662
兏,卮,0.75252680645375
兏,屁,0.752177350340256
兏,圧,0.7503696646116069
