char1,char2,similarity
兊,兊,1.0
兊,兌,0.7720002651318407
兊,父,0.7425376619747617
兊,尣,0.7420966002402817
兊,兄,0.7419193012929998
兊,兑,0.737479676550239
兊,充,0.7370392491793147
兊,見,0.7369092201847426
兊,莌,0.73623065382271
兊,枀,0.7337807662625929
