char1,char2,similarity
克,克,1.0
克,宪,0.798330546845247
克,苋,0.7852162961265589
克,朿,0.7810185064220144
克,宎,0.7788735384966943
克,芫,0.7768663595338386
克,直,0.7755919750922629
克,茺,0.7649237870394382
克,冇,0.7648428789817221
克,免,0.764771523265354
