char1,char2,similarity
兘,兘,1.0
兘,尬,0.7502112225598566
兘,兝,0.7333653836068854
兘,圧,0.7302300750199527
兘,辻,0.7268343630958336
兘,兙,0.7236456735791421
兘,辷,0.7229684785012791
兘,疋,0.7227766813918589
兘,尵,0.7217647560808369
兘,砎,0.7199165282695141
