char1,char2,similarity
党,党,1.0
党,肻,0.8022580247023341
党,尝,0.796393241750372
党,觉,0.7876816461431883
党,兗,0.7804410846927411
党,堂,0.7581442940587068
党,立,0.7527196735948788
党,壴,0.7470981329701739
党,売,0.7389715756748982
党,克,0.7389639948966324
