char1,char2,similarity
兙,兙,1.0
兙,兛,0.8715239670551647
兙,兡,0.7828877011701273
兙,兞,0.7822592381679887
兙,壯,0.7699895864723468
兙,钍,0.7666510413923485
兙,勊,0.7656558159023598
兙,肚,0.7656347056535165
兙,兣,0.763420649447999
兙,兢,0.7620961187510287
