char1,char2,similarity
兢,兢,1.0
兢,兙,0.7620961187510287
兢,勀,0.742591897537753
兢,兛,0.7253599752050746
兢,兡,0.7198144819544441
兢,鯇,0.7195448588678302
兢,兞,0.7194577524743218
兢,貌,0.7193513894283357
兢,就,0.7185481822501986
兢,鋴,0.7148736433617283
