char1,char2,similarity
內,內,1.0
內,禸,0.7882537759511147
內,宀,0.7818285764158275
內,凶,0.779986322905613
內,内,0.7764307878466574
內,闩,0.7737172214134123
內,穴,0.7719900341660937
內,入,0.7648982907905771
內,向,0.7633819850222142
內,的,0.7631377780187512
