char1,char2,similarity
兠,兠,1.0
兠,皃,0.7479819999105938
兠,完,0.7451837090754199
兠,先,0.7412732165065152
兠,禿,0.7301091463954384
兠,灮,0.7300380961896846
兠,見,0.7284540315468753
兠,兜,0.7213236979808307
兠,光,0.7211186444438882
兠,充,0.720269032872424
