char1,char2,similarity
兟,兟,1.0
兟,酰,0.7179559643308886
兟,駯,0.7124478527423997
兟,駪,0.7091207664190166
兟,銑,0.7045642746327775
兟,进,0.7040933282213534
兟,鯌,0.6996046028225494
兟,劮,0.6984495969843074
兟,鈂,0.6972636130972655
兟,炇,0.695249098936031
