char1,char2,similarity
入,入,1.0
入,人,0.8383250273867627
入,丶,0.8275530997740217
入,六,0.8154968588285249
入,乁,0.8082436206697501
入,儿,0.8080711046756325
入,冫,0.8050945795501032
入,丨,0.8047082809504723
入,凣,0.8018471726020177
入,乀,0.8011401829694819
