char1,char2,similarity
兡,兡,1.0
兡,兞,0.8534466795529282
兡,兣,0.8184655463433161
兡,兝,0.812642921674058
兡,兙,0.7828877011701273
兡,兛,0.764370294524277
兡,勊,0.7513301054666379
兡,甩,0.7347967644003409
兡,剋,0.7315496822398472
兡,垣,0.7215908368422392
