char1,char2,similarity
兯,兯,1.0
兯,卜,0.8104955043557793
兯,丶,0.7938063529657888
兯,丫,0.788033667912183
兯,丨,0.7774054753917766
兯,乛,0.7765103056782274
兯,讠,0.7709771655566656
兯,亍,0.7684021470100791
兯,下,0.7683642066141596
兯,了,0.7674112739379406
