char1,char2,similarity
兪,兪,1.0
兪,俞,0.8145383284047161
兪,盒,0.7622413020871893
兪,命,0.7571202904804524
兪,侖,0.7533280573818723
兪,含,0.7439900397576881
兪,僉,0.7422880709479508
兪,侴,0.7399980789333745
兪,佘,0.7386382412332297
兪,余,0.7384634758519516
