char1,char2,similarity
公,公,1.0
公,亻,0.7817623956317747
公,云,0.7668362235749542
公,分,0.763246020334214
公,厹,0.76181567879431
公,仆,0.7607620156726952
公,丶,0.7596547507679806
公,允,0.7595610469860721
公,少,0.7552639530223357
公,一,0.752699023131522
