char1,char2,similarity
六,六,1.0
六,大,0.8175415627657107
六,入,0.8154968588285249
六,犬,0.8002460551894909
六,丶,0.7950466128386394
六,穴,0.7934305470581997
六,人,0.7919005578968384
六,丷,0.7864525501801173
六,八,0.7858836272234376
六,凣,0.7854901054694359
