char1,char2,similarity
具,具,1.0
具,冥,0.802175227271742
具,長,0.7922051653584103
具,見,0.7728697177968964
具,咠,0.7654532620099168
具,棠,0.7581510213978246
具,昷,0.7446686000178646
具,洜,0.7436938646185222
具,县,0.741979539740465
具,弇,0.7408815030760842
