char1,char2,similarity
兵,兵,1.0
兵,乓,0.8615759293274212
兵,乒,0.8457521418169547
兵,且,0.7704145668727801
兵,大,0.7644229311349112
兵,人,0.7604775025360435
兵,凡,0.7594854633198664
兵,丩,0.7589748334005006
兵,乁,0.7577789821284225
兵,月,0.7548208680539868
