char1,char2,similarity
兹,兹,1.0
兹,茲,0.7509211235458414
兹,益,0.7285497883854947
兹,方,0.7213307039487674
兹,尨,0.7195587552476522
兹,妵,0.7151741715051702
兹,戎,0.7130424599981144
兹,乛,0.7119460071360749
兹,亢,0.7098544951592228
兹,并,0.707195091119412
