char1,char2,similarity
其,其,1.0
其,言,0.7565252347688528
其,丩,0.754495118392272
其,美,0.7474459826007022
其,艽,0.7470819925991375
其,炗,0.7455682820255684
其,某,0.7442793481841515
其,禁,0.7434038737661021
其,丆,0.742769785639971
其,苂,0.7405188482400895
