char1,char2,similarity
养,养,1.0
养,荞,0.7766500367004016
养,羑,0.7656685284146145
养,寿,0.7599984686316216
养,卝,0.7499197269238955
养,壳,0.7449597924252063
养,兽,0.7382720791755126
养,善,0.7340242649420305
养,美,0.7330745086601105
养,表,0.7329108360792559
