char1,char2,similarity
兴,兴,1.0
兴,只,0.8002160081327927
兴,耂,0.7909225163053831
兴,人,0.7862034359855625
兴,夬,0.7710254724739666
兴,火,0.7672227774250959
兴,一,0.7636400646361492
兴,矢,0.7627064147650782
兴,大,0.7606497494335002
兴,来,0.7578447364316179
