char1,char2,similarity
兼,兼,1.0
兼,姜,0.7395309466138437
兼,羙,0.7377042095264341
兼,芖,0.7350627266567118
兼,芛,0.7329270773689636
兼,茏,0.7274046297301934
兼,美,0.723196943733981
兼,汬,0.7222488857325658
兼,壶,0.7203754550067752
兼,皿,0.7180017918352196
