char1,char2,similarity
冄,冄,1.0
冄,月,0.8113267156678466
冄,目,0.7934577823995422
冄,卪,0.7790192020831402
冄,舌,0.7761094608498074
冄,忖,0.7729126765433882
冄,弓,0.7704774511971845
冄,桪,0.7628847173785033
冄,亏,0.7580157483797227
冄,百,0.7568889018581799
