char1,char2,similarity
冃,冃,1.0
冃,冋,0.8889772728700078
冃,冂,0.8581193501511725
冃,门,0.8327439182237043
冃,囙,0.8160410002295343
冃,同,0.8155141982966446
冃,问,0.8033089641066703
冃,囬,0.8014822212180108
冃,困,0.8004960532717682
冃,匚,0.7990085339736771
