char1,char2,similarity
再,再,1.0
再,弭,0.7655304614933867
再,肖,0.7584250464521014
再,肎,0.756638721915843
再,兲,0.7527387983610183
再,爯,0.7526575438558736
再,氒,0.7514056551807292
再,讨,0.751301787292352
再,卪,0.7503327719173393
再,吾,0.7468387331646162
