char1,char2,similarity
冉,冉,1.0
冉,自,0.8425589597718411
冉,口,0.8074474370921351
冉,盅,0.8005519273011892
冉,申,0.7907686780172374
冉,宙,0.7879060503568509
冉,吿,0.7794741400957833
冉,市,0.7775630959725329
冉,丰,0.7764651656892929
冉,芭,0.776163832008209
