char1,char2,similarity
冑,冑,1.0
冑,胄,0.8487918948401789
冑,青,0.8090437870011893
冑,甯,0.7762840217559772
冑,髙,0.7743233884421505
冑,耉,0.7725714560450738
冑,眚,0.7688128664477146
冑,胷,0.767322531709379
冑,曺,0.7635589796433303
冑,素,0.7578920292245623
