char1,char2,similarity
冖,冖,1.0
冖,乛,0.8730661035448891
冖,丶,0.8640963381027362
冖,罒,0.8634887739274648
冖,宀,0.8626822452278771
冖,疒,0.8579656277025937
冖,丆,0.8561120644726706
冖,罓,0.8554108919533421
冖,冫,0.8534729956023331
冖,匸,0.8501308449873441
