char1,char2,similarity
冓,冓,1.0
冓,背,0.7615160937444575
冓,胃,0.7583899858607711
冓,靑,0.7476571148409947
冓,肾,0.7476303599823942
冓,葊,0.741637827317955
冓,菁,0.7415453192470071
冓,青,0.7414205018246784
冓,喜,0.7388164696676794
冓,毒,0.7364245697499998
