char1,char2,similarity
冐,冐,1.0
冐,冒,0.8247471271075084
冐,胃,0.790011997258286
冐,背,0.7665329617546628
冐,宵,0.765190173497462
冐,肓,0.7606792511945051
冐,盲,0.7561332414825491
冐,育,0.7531720116444197
冐,巪,0.7526961443040613
冐,胥,0.7483348428462431
