char1,char2,similarity
冢,冢,1.0
冢,軍,0.7458268981937899
冢,沗,0.7190188015220899
冢,忢,0.709679144803157
冢,冤,0.7077330867365363
冢,冦,0.7074401489381739
冢,蔉,0.7056122562081439
冢,冡,0.7053947294986218
冢,肎,0.7053438789467649
冢,承,0.7045264912129473
