char1,char2,similarity
冧,冧,1.0
冧,卄,0.750547659206793
冧,菻,0.7466546289689874
冧,軍,0.7250919263867219
冧,祘,0.7128203632793809
冧,忈,0.7104443366666412
冧,肝,0.707039924743447
冧,丩,0.7042354912407699
冧,馯,0.7031751535054025
冧,丂,0.7029546049726629
