char1,char2,similarity
冫,冫,1.0
冫,氵,0.8919467888511724
冫,丶,0.8758580177437066
冫,厂,0.873556692760653
冫,丆,0.8622605753342396
冫,一,0.8614386053142631
冫,广,0.8614126123037641
冫,乛,0.859573282626392
冫,冖,0.8534729956023331
冫,讠,0.852636286559504
