char1,char2,similarity
冨,冨,1.0
冨,當,0.7746761985598418
冨,胃,0.7597736147294727
冨,富,0.7584299173683305
冨,噩,0.7504312561855001
冨,雪,0.7493263879919937
冨,乬,0.7481340022192036
冨,畣,0.746414773023072
冨,鬲,0.7438624759419509
冨,舃,0.7354544432834915
