char1,char2,similarity
冥,冥,1.0
冥,具,0.802175227271742
冥,畐,0.7794881394175041
冥,長,0.7671181561889505
冥,昌,0.7636398350046463
冥,爯,0.7417817375028612
冥,旯,0.741116588451918
冥,頁,0.7376908626667606
冥,単,0.7372122317472566
冥,幂,0.7326985089511214
