char1,char2,similarity
冦,冦,1.0
冦,冠,0.7674261791708221
冦,宼,0.7526185765722033
冦,辰,0.7311945712878223
冦,匡,0.7297159269379857
冦,寇,0.7295147255952529
冦,肎,0.7243592648743528
冦,蔲,0.7223400860259427
冦,匞,0.717925946282383
冦,並,0.7176130769014387
