char1,char2,similarity
冶,冶,1.0
冶,后,0.7598486504447858
冶,凃,0.7530055411171341
冶,冾,0.7496724284348979
冶,珆,0.7442562431147115
冶,治,0.743177339012144
冶,口,0.7384673415685173
冶,吕,0.7372086115239731
冶,占,0.7336929691786734
冶,凂,0.7304284875725917
