char1,char2,similarity
冲,冲,1.0
冲,冸,0.7997382394989004
冲,丬,0.7851520985632123
冲,乛,0.7742298816960612
冲,仹,0.7732099414249625
冲,玣,0.7669412394568239
冲,沖,0.7606390765214238
冲,玮,0.7581181562237298
冲,汁,0.756230006311232
冲,户,0.7556877291357725
