char1,char2,similarity
况,况,1.0
况,凥,0.782144735635296
况,況,0.7724345281411429
况,冴,0.7486840923840233
况,汜,0.745724654118024
况,冫,0.739291483467236
况,厌,0.7385584997654163
况,侊,0.7338057972813005
况,丶,0.7336415761918182
况,尸,0.7333095670851534
