char1,char2,similarity
冴,冴,1.0
冴,玎,0.7650987925378244
冴,伢,0.7600611079575792
冴,严,0.7574523152710884
冴,况,0.7486840923840233
冴,耵,0.747569266511388
冴,丂,0.7438027241951881
冴,母,0.7383755344667393
冴,骬,0.7374059874699206
冴,次,0.7360422310002799
