char1,char2,similarity
冱,冱,1.0
冱,巨,0.8039397883618242
冱,臣,0.7757212774227168
冱,旦,0.7621185622280016
冱,且,0.7612255191786794
冱,厂,0.7597369312330791
冱,匚,0.7597329056625716
冱,丁,0.7593734108663166
冱,万,0.7569995373918591
冱,亖,0.755878670405793
