char1,char2,similarity
冻,冻,1.0
冻,凉,0.7451566404033308
冻,守,0.7427453431838575
冻,丆,0.7418080599183744
冻,冰,0.7344598042672437
冻,凁,0.7268689656429931
冻,凃,0.7237665045876867
冻,赤,0.7231272477416747
冻,丬,0.7226733628765745
冻,咏,0.7220546538861264
