char1,char2,similarity
冸,冸,1.0
冸,冲,0.7997382394989004
冸,伴,0.7960210539823345
冸,泮,0.7907118040852688
冸,怑,0.7892148182204924
冸,拌,0.7837327984257759
冸,仹,0.780169000767719
冸,斤,0.7726467407357106
冸,浮,0.7722718867758596
冸,倅,0.7681559695585949
