char1,char2,similarity
冾,冾,1.0
冾,洽,0.8274223989624814
冾,凎,0.7857589797686138
冾,冷,0.7855551240759903
冾,佁,0.7812693703351294
冾,佮,0.7616184177444872
冾,垥,0.7599044822438175
冾,冶,0.7496724284348979
冾,凃,0.7494689853564197
冾,拾,0.749407380813725
