char1,char2,similarity
凁,凁,1.0
凁,涑,0.8335106376104268
凁,凉,0.7798879524463311
凁,凂,0.7637253099497779
凁,悚,0.745756385255429
凁,凍,0.740644249503999
凁,凃,0.7359533707794508
凁,谅,0.7342807572085827
凁,凚,0.7304173277422129
凁,淶,0.7277838125760666
