char1,char2,similarity
冼,冼,1.0
冼,侁,0.7763592299806159
冼,洗,0.7521223801135961
冼,决,0.7494930578720876
冼,凂,0.7443938027777134
冼,珗,0.7393181906067627
冼,涚,0.737275884299226
冼,诜,0.7370576303176447
冼,况,0.7325852173595163
冼,忒,0.7318957518520617
