char1,char2,similarity
凄,凄,1.0
凄,妻,0.7191298082749742
凄,喜,0.7167672246847324
凄,衺,0.7128189549926481
凄,専,0.7103674474204987
凄,墝,0.7099668090370278
凄,逴,0.7077756612280023
凄,冼,0.7061024350743146
凄,凜,0.7050921632698451
凄,赓,0.7048758803490811
