char1,char2,similarity
凅,凅,1.0
凅,涸,0.7821267214547416
凅,冺,0.7608490604012837
凅,湎,0.7577079871648531
凅,洇,0.7494261832267929
凅,胴,0.7476768731352783
凅,凋,0.7437481812339617
凅,尶,0.7435156469805559
凅,洄,0.7390117571543382
凅,泅,0.7355422748472041
