char1,char2,similarity
凋,凋,1.0
凋,凅,0.7437481812339617
凋,洞,0.7376324148095006
凋,侷,0.7366258531813972
凋,侗,0.731010246041252
凋,倜,0.7295778741333594
凋,佃,0.7209149794979555
凋,個,0.7205948666625828
凋,冴,0.7173322446049031
凋,罔,0.7152925396639389
