char1,char2,similarity
凒,凒,1.0
凒,凊,0.7465325888110094
凒,冱,0.7449585348419977
凒,塏,0.7448325506795226
凒,凐,0.7393133671041264
凒,凎,0.7347300635138501
凒,暟,0.7342549423787295
凒,豈,0.7292861383941743
凒,凟,0.7291294071189436
凒,溃,0.7277731350184597
