char1,char2,similarity
凑,凑,1.0
凑,溱,0.7968011448969275
凑,瑧,0.7599272075841657
凑,嗪,0.7519637106646083
凑,凌,0.7504645622743914
凑,凊,0.7492692805758163
凑,湊,0.737959276349794
凑,奏,0.733299219819878
凑,腠,0.7321702673733612
凑,唐,0.7248520521767814
