char1,char2,similarity
凔,凔,1.0
凔,飡,0.7553186620250046
凔,瑲,0.7386819486156672
凔,凃,0.731027205028513
凔,凊,0.7124868540173409
凔,凎,0.7123380189971192
凔,畣,0.711345111782613
凔,愴,0.7108962959550442
凔,冾,0.7092304726531956
凔,富,0.7085954984863401
