char1,char2,similarity
凌,凌,1.0
凌,倰,0.7709197881155706
凌,凑,0.7504645622743914
凌,淩,0.7293705421035654
凌,唛,0.7169823379289085
凌,渎,0.7156323014858891
凌,堎,0.7140132568182125
凌,璄,0.7134844338928021
凌,浚,0.71193033567502
凌,掕,0.7106679229684322
