char1,char2,similarity
凕,凕,1.0
凕,溟,0.8245111842240685
凕,凐,0.757465069078762
凕,偵,0.7540187567427329
凕,嫇,0.7475631602881382
凕,塻,0.743001840916651
凕,溴,0.7313767882189831
凕,慏,0.729688081399471
凕,瞙,0.7290014901084935
凕,璨,0.7229610215232485
