char1,char2,similarity
凓,凓,1.0
凓,溧,0.8004992050761549
凓,僳,0.746470010763153
凓,渫,0.7378547571422214
凓,傈,0.7282985982765002
凓,渘,0.7254990066414716
凓,璖,0.7229439791209505
凓,凐,0.7196791215332148
凓,慄,0.7184544766104267
凓,层,0.7183981038016931
