char1,char2,similarity
凞,凞,1.0
凞,杣,0.6970505513772645
凞,顺,0.69185587607635
凞,杊,0.6898713818253194
凞,唧,0.6896897868033739
凞,凋,0.6890016010503268
凞,剧,0.6871438978032351
凞,杛,0.6853520620872863
凞,堋,0.6811334019512523
凞,秤,0.6806442161501121
