char1,char2,similarity
凖,凖,1.0
凖,皁,0.7849940426906663
凖,享,0.7763164021981914
凖,旱,0.7606473143431279
凖,単,0.7592859583198838
凖,準,0.755991508193978
凖,溥,0.750025862728604
凖,牟,0.7405979129873768
凖,氒,0.7404331522258667
凖,孪,0.7387459082476729
