char1,char2,similarity
凜,凜,1.0
凜,凛,0.8089503257629856
凜,瘭,0.7339974407996531
凜,懔,0.7293495001129952
凜,稟,0.7231464569384964
凜,廔,0.7210789305734229
凜,凐,0.7199418502123676
凜,庾,0.7081769066988856
凜,屟,0.7074876675282663
凜,廈,0.7065479594404533
