char1,char2,similarity
凚,凚,1.0
凚,噤,0.8331015098669282
凚,澿,0.811182703601734
凚,僸,0.7878977480680768
凚,凊,0.7342434122791786
凚,凁,0.7304173277422129
凚,冸,0.7229767829605868
凚,濋,0.7169919412543827
凚,凃,0.7135439616232331
凚,潸,0.7126769331891556
