char1,char2,similarity
凧,凧,1.0
凧,凩,0.8469577048228749
凧,凮,0.8019352239031148
凧,凬,0.7968889886426129
凧,凪,0.7932943239514654
凧,凨,0.783639437198647
凧,尺,0.7637278199581036
凧,甩,0.762507646379429
凧,讯,0.7609615081053381
凧,矾,0.7559677041393993
