char1,char2,similarity
凥,凥,1.0
凥,况,0.782144735635296
凥,艮,0.780075504118817
凥,辰,0.7750501575952888
凥,杘,0.7739874374263115
凥,屁,0.7735643609148718
凥,卮,0.7694686779901577
凥,厂,0.7692816264618239
凥,周,0.7643449829996393
凥,原,0.7637648857673737
