char1,char2,similarity
凨,凨,1.0
凨,凬,0.8574796514742907
凨,凪,0.845577890216691
凨,凮,0.8155898041147421
凨,凩,0.8076647669292507
凨,凧,0.783639437198647
凨,贝,0.7734759833984519
凨,风,0.7671825287423332
凨,風,0.7560361798856194
凨,辰,0.7480291295764951
