char1,char2,similarity
凩,凩,1.0
凩,凧,0.8469577048228749
凩,凪,0.834293560787601
凩,凬,0.8313992331142608
凩,凨,0.8076647669292507
凩,凮,0.794911970748886
凩,用,0.7763561218248434
凩,风,0.7746590632077305
凩,贝,0.7636368937059417
凩,甩,0.7630584828917145
