char1,char2,similarity
凢,凢,1.0
凢,凣,0.8990153528528306
凢,几,0.8867932011079912
凢,凡,0.8414509505711276
凢,儿,0.8375864390057132
凢,九,0.8168212652907147
凢,亢,0.8157780991399207
凢,八,0.8083104645161416
凢,冫,0.8021522230896194
凢,丬,0.7999733388048816
