char1,char2,similarity
凤,凤,1.0
凤,风,0.8129568000185036
凤,厄,0.7719878453491474
凤,風,0.770736853843672
凤,厂,0.7697757705685361
凤,厅,0.7611340910073409
凤,厌,0.7558898967467106
凤,広,0.7550108273052374
凤,仄,0.7518418905856199
凤,汛,0.7512037560925059
