char1,char2,similarity
凱,凱,1.0
凱,訉,0.7799439772378423
凱,釩,0.7616938374104916
凱,釠,0.759033110319452
凱,虮,0.7488993826845863
凱,訊,0.7373467988611846
凱,骪,0.7322194698011264
凱,訙,0.7246435231242414
凱,阠,0.7181287418862833
凱,訝,0.7156698184071802
