char1,char2,similarity
凮,凮,1.0
凮,凬,0.876059920519166
凮,凪,0.8181235901200653
凮,凨,0.8155898041147421
凮,凧,0.8019352239031148
凮,凩,0.794911970748886
凮,局,0.7780684035667395
凮,风,0.7617097197712875
凮,風,0.76116133168738
凮,舁,0.7555268091290709
