char1,char2,similarity
凯,凯,1.0
凯,軏,0.7524675343170613
凯,飢,0.7324860735455034
凯,釚,0.7305812926954739
凯,肍,0.7296397908937842
凯,訉,0.722514105150675
凯,朹,0.7214485715917549
凯,跰,0.7173996512629341
凯,孰,0.7166983993744793
凯,氙,0.7159682541424846
