char1,char2,similarity
凪,凪,1.0
凪,凨,0.845577890216691
凪,凬,0.8440961076286666
凪,凩,0.834293560787601
凪,凮,0.8181235901200653
凪,凧,0.7932943239514654
凪,风,0.7611241544049243
凪,矾,0.7604839548801192
凪,贝,0.760444922084463
凪,吕,0.7569610150219355
