char1,char2,similarity
凭,凭,1.0
凭,栠,0.7604635882073202
凭,兒,0.7501115294772475
凭,兕,0.7491762159144495
凭,尤,0.745254261225828
凭,适,0.7443758735761492
凭,讬,0.7424802664121621
凭,尢,0.7396199844593767
凭,艹,0.7386315790347284
凭,兑,0.735564208807991
