char1,char2,similarity
凬,凬,1.0
凬,凮,0.876059920519166
凬,凨,0.8574796514742907
凬,凪,0.8440961076286666
凬,凩,0.8313992331142608
凬,凧,0.7968889886426129
凬,風,0.779503056720534
凬,风,0.7616969603895403
凬,恩,0.7575121204857602
凬,昆,0.7524427258847832
