char1,char2,similarity
函,函,1.0
函,囦,0.7699090629274404
函,圅,0.7645130988061379
函,呂,0.752160614936643
函,由,0.7497343144661326
函,吊,0.749341522654976
函,囤,0.7469119377915776
函,甴,0.7438630716928102
函,囷,0.7430233716150845
函,困,0.7424044447028134
