char1,char2,similarity
凼,凼,1.0
凼,幽,0.7258400919938567
凼,朩,0.7076056995026954
凼,亅,0.7039018119788962
凼,丄,0.7015913541018387
凼,屲,0.7006895116362074
凼,呫,0.7003961190278306
凼,訕,0.7003602365384075
凼,呴,0.7003075110273997
凼,岶,0.6960625210938127
