char1,char2,similarity
击,击,1.0
击,缶,0.8555519767155356
击,子,0.805143981385358
击,千,0.792311416952951
击,屳,0.7886246780153624
击,亠,0.7870940764753341
击,丨,0.7868566583728149
击,十,0.784950789729187
击,丄,0.7814378309297667
击,市,0.7770579148801647
