char1,char2,similarity
凵,凵,1.0
凵,囗,0.8884009513539088
凵,山,0.8683454239256164
凵,曰,0.857687713614807
凵,臼,0.8505606931359484
凵,凹,0.846902770682678
凵,门,0.8431408418642741
凵,冂,0.8303054394772692
凵,刂,0.8174668591509596
凵,勹,0.8153759252870741
