char1,char2,similarity
凷,凷,1.0
凷,山,0.8131950259333478
凷,困,0.7799190065809265
凷,因,0.7790597667954587
凷,凵,0.7675798920225011
凷,凸,0.7673889427881417
凷,凶,0.76211141041546
凷,大,0.7582665860278709
凷,屮,0.7576211338680015
凷,囡,0.7573106829623935
