char1,char2,similarity
凾,凾,1.0
凾,剾,0.7256380411546945
凾,幽,0.7204484910302789
凾,圅,0.7198405974376226
凾,胴,0.7173144467979377
凾,朙,0.7136430801467417
凾,蝒,0.7125244370429623
凾,凅,0.7109784196559519
凾,帼,0.7108980468238143
凾,蛔,0.7101014039778938
