char1,char2,similarity
刅,刅,1.0
刅,歼,0.7634472405799606
刅,升,0.7590378202545375
刅,汀,0.7490420769698863
刅,丹,0.7484877067819701
刅,万,0.7472235617503836
刅,乃,0.7450877699270405
刅,幵,0.7450366869154242
刅,办,0.7443186391914871
刅,孖,0.7412162235600505
