char1,char2,similarity
切,切,1.0
切,忉,0.8221797332640278
切,仞,0.7796641659107614
切,初,0.7779217841133459
切,功,0.7696728460145814
切,埦,0.7565185601030031
切,们,0.7547955141413749
切,朷,0.752505567540472
切,勹,0.7516067383648336
切,认,0.750508746845806
