char1,char2,similarity
刀,刀,1.0
刀,冖,0.8031599735167001
刀,彐,0.7993806671977263
刀,卫,0.7992401925606029
刀,勺,0.7984396669267236
刀,刁,0.7952992232532746
刀,芀,0.7934955459355736
刀,冗,0.7887665715592501
刀,为,0.7870885335701403
刀,丌,0.7865423443477105
