char1,char2,similarity
刃,刃,1.0
刃,刁,0.8060512923918892
刃,灭,0.796419454375138
刃,门,0.7862678691003464
刃,円,0.7807647295970029
刃,屶,0.7807430874639286
刃,丁,0.7796291943270348
刃,刀,0.7790045966516408
刃,屴,0.7774438784090075
刃,厂,0.7753053534072482
