char1,char2,similarity
刂,刂,1.0
刂,丶,0.8398023299501315
刂,勹,0.8363247695668857
刂,乛,0.8207918704626616
刂,丨,0.8185289740531217
刂,凵,0.8174668591509596
刂,亅,0.8174667312887847
刂,冂,0.8169127021462305
刂,一,0.8134846670389382
刂,刁,0.8087142684237429
