char1,char2,similarity
凿,凿,1.0
凿,丵,0.7594903564224567
凿,酉,0.744828897945763
凿,峦,0.7429415361044431
凿,面,0.7394177064129613
凿,岳,0.7346162334351002
凿,臿,0.7297243371253525
凿,虽,0.7278232650586965
凿,圅,0.7263436902793525
凿,崑,0.7261676551653149
