char1,char2,similarity
刍,刍,1.0
刍,自,0.7863273111033358
刍,启,0.7835435614858786
刍,芦,0.7756880516646566
刍,吿,0.7754740811578404
刍,宕,0.7732510067492986
刍,若,0.767417461871348
刍,亩,0.7670807508495778
刍,当,0.7636292277790407
刍,苦,0.7578260793498698
