char1,char2,similarity
刉,刉,1.0
刉,刨,0.802287481737403
刉,钏,0.7567528581327475
刉,制,0.7525887509212646
刉,勹,0.7501747982709519
刉,剑,0.7468127776513934
刉,剁,0.7435317679391403
刉,训,0.7432433517786229
刉,剉,0.7424049172601153
刉,刭,0.739847941098883
