char1,char2,similarity
刏,刏,1.0
刏,剂,0.7712430012872133
刏,刐,0.7612759247244424
刏,刵,0.7588368604086763
刏,刢,0.7575513922284763
刏,刞,0.7570783880684228
刏,刓,0.7549407542423349
刏,剌,0.7519619281552749
刏,刨,0.7451042262788533
刏,剆,0.7414826986778865
