char1,char2,similarity
刎,刎,1.0
刎,刣,0.7591569647805421
刎,剒,0.7457702851954201
刎,刲,0.7427246728569489
刎,例,0.741481819959511
刎,刨,0.7393601907451497
刎,刜,0.7387180735226844
刎,紃,0.7386216113261262
刎,刔,0.7356999971690562
刎,杊,0.7351699591641127
