char1,char2,similarity
刕,刕,1.0
刕,吊,0.7413563372465521
刕,另,0.7299364115917092
刕,呂,0.7288129748593586
刕,乃,0.7282497478241631
刕,筋,0.7269586907374089
刕,吕,0.7262287686824609
刕,丟,0.7236359960274408
刕,弖,0.7232144419709263
刕,召,0.7208703559144561
