char1,char2,similarity
列,列,1.0
列,刑,0.7720681636705337
列,刋,0.7616348088167966
列,則,0.7535099236506264
列,刌,0.7530759411750745
列,刟,0.7505246246678952
列,矵,0.7446505512129802
列,训,0.742508891962923
列,刭,0.7405128582760572
列,刚,0.7361438975576768
