char1,char2,similarity
刔,刔,1.0
刔,刦,0.810409512234415
刔,刾,0.7999154191886153
刔,刲,0.7728377939128414
刔,剅,0.7500705841253752
刔,灲,0.7498090660113624
刔,刣,0.745057803756271
刔,刳,0.7447270111084467
刔,刋,0.7419546245442467
刔,剜,0.7401732236884998
