char1,char2,similarity
创,创,1.0
创,飠,0.7567057202358147
创,勹,0.7566159614650106
创,钊,0.7552457044747507
创,刽,0.7514145032312247
创,刘,0.749225057675465
创,圳,0.7491814516966995
创,甸,0.7370956108284938
创,汌,0.7367459855714003
创,刖,0.7367263846930426
