char1,char2,similarity
刖,刖,1.0
刖,冋,0.7589448378638569
刖,别,0.7559928721526296
刖,圳,0.7555860792722339
刖,魝,0.7493088188007421
刖,觓,0.7440842662121756
刖,崱,0.7414640180637789
刖,冃,0.740604417912408
刖,创,0.7367263846930426
刖,冂,0.7351205841245098
