char1,char2,similarity
划,划,1.0
划,圳,0.7762048756772898
划,刘,0.768729263829689
划,汌,0.7548071570879237
划,魝,0.7477659675424886
划,剁,0.7471051757553232
划,别,0.7435875383622436
划,创,0.7362548426319007
划,判,0.7341045818302069
划,则,0.7319210307848839
