char1,char2,similarity
刜,刜,1.0
刜,剜,0.7665422163195189
刜,刓,0.7425403789239475
刜,剕,0.7424170608014609
刜,刎,0.7387180735226844
刜,刲,0.7313848513548087
刜,刷,0.7277483101221263
刜,刔,0.7267004738686748
刜,荆,0.7259520919091735
刜,刴,0.7256894840097853
