char1,char2,similarity
刢,刢,1.0
刢,刵,0.7791915742997062
刢,刞,0.7713986020882365
刢,刓,0.7648449230944669
刢,刏,0.7575513922284763
刢,剆,0.7534631202654166
刢,刴,0.7532409690404853
刢,刣,0.7531966222920059
刢,刌,0.7518970216414985
刢,剥,0.7510656522799706
