char1,char2,similarity
删,删,1.0
删,刪,0.8227278178820526
删,蒯,0.7732652510171512
删,剛,0.7307355492461405
删,膔,0.7298991963936817
删,膶,0.7290501913153321
删,剬,0.7284209056362121
删,剭,0.7231591939851251
删,劅,0.7231337652427157
删,硼,0.7178360906508936
