char1,char2,similarity
刡,刡,1.0
刡,刯,0.7610194120414433
刡,別,0.7595623670917452
刡,刾,0.7572289951738285
刡,剅,0.7333067406984509
刡,刣,0.7325657235807912
刡,剾,0.7305058212552493
刡,刔,0.7276159945507965
刡,刪,0.727350573697036
刡,刷,0.7256172907169317
