char1,char2,similarity
刬,刬,1.0
刬,剅,0.7325641408008512
刬,刎,0.7323399321421228
刬,剣,0.7304537487395916
刬,剕,0.724586033650666
刬,剎,0.7243863148920247
刬,刏,0.7222972362664322
刬,刜,0.7208597919368981
刬,剶,0.7192914917405641
刬,割,0.7189736908920155
