char1,char2,similarity
刪,刪,1.0
刪,删,0.8227278178820526
刪,剛,0.7662041818546078
刪,剬,0.7575776054614112
刪,劀,0.7315293472107276
刪,閗,0.7308089269418429
刪,蒯,0.7298413473057223
刪,闁,0.7297574605431026
刪,刡,0.727350573697036
刪,剟,0.7269126329204838
