char1,char2,similarity
别,别,1.0
别,剐,0.8061791336819707
别,则,0.7900107501781992
别,判,0.7843409513417965
别,刭,0.7718233452243948
别,削,0.7679228902967076
别,剁,0.756234167694765
别,刖,0.7559928721526296
别,矵,0.7547099193788148
别,利,0.7474811670719621
