char1,char2,similarity
刦,刦,1.0
刦,刔,0.810409512234415
刦,刲,0.7861153500068673
刦,剄,0.7617112225064211
刦,剖,0.7537147112819542
刦,刾,0.7484002427349921
刦,刻,0.7384724863639547
刦,刯,0.736850959340723
刦,剞,0.7350188438632917
刦,刣,0.7348561541651617
