char1,char2,similarity
刷,刷,1.0
刷,剧,0.7706407639647864
刷,剅,0.7623937798541885
刷,刵,0.7623362204013923
刷,刞,0.7581319542338535
刷,剔,0.7468248473501786
刷,剭,0.7392241327788343
刷,刓,0.7374867595949726
刷,馴,0.7359186190512803
刷,杊,0.7323828610164477
