char1,char2,similarity
刵,刵,1.0
刵,刞,0.8100982402941659
刵,刐,0.782583526876702
刵,刢,0.7791915742997062
刵,刷,0.7623362204013923
刵,刓,0.7619535389242121
刵,刏,0.7588368604086763
刵,剅,0.7556781266994679
刵,剥,0.7533689194715825
刵,剔,0.7531132042279377
