char1,char2,similarity
制,制,1.0
制,刉,0.7525887509212646
制,刚,0.7524633669518129
制,剡,0.7523084658551509
制,刲,0.7514752156189133
制,到,0.7444221376661443
制,剌,0.7349620989360788
制,刟,0.7344188568109213
制,釗,0.7341030270119222
制,刿,0.7335238957356315
