char1,char2,similarity
券,券,1.0
券,桊,0.7648896380314857
券,奉,0.7598129181709501
券,弄,0.7591551344688031
券,卷,0.7392625326919432
券,类,0.7379504036377096
券,导,0.7362170979496762
券,竎,0.7305346977614969
券,岂,0.7268567415462216
券,半,0.723335271164451
