char1,char2,similarity
到,到,1.0
到,矵,0.7897978280622914
到,刭,0.7855700356796821
到,剁,0.7676557840459438
到,刹,0.7610012323750894
到,则,0.758532587905097
到,刮,0.7546426924385671
到,判,0.75416249013673
到,刟,0.7471913270145805
到,剡,0.7465651712386123
