char1,char2,similarity
刼,刼,1.0
刼,刧,0.8434729850590441
刼,沏,0.7459914329189274
刼,訒,0.7450604612236404
刼,劫,0.7426741057731775
刼,肕,0.7424990935657254
刼,紉,0.7414398869233203
刼,舠,0.7364263061845167
刼,劥,0.7330529417361916
刼,籾,0.7291967072155298
