char1,char2,similarity
剂,剂,1.0
剂,刏,0.7712430012872133
剂,荆,0.7660561349145372
剂,剌,0.7647386155603083
剂,刐,0.7626383890464483
剂,剆,0.7604048600272324
剂,刿,0.7531852183690751
剂,剖,0.7498790703148266
剂,刵,0.7488699126157897
剂,刢,0.7443037490296517
