char1,char2,similarity
刿,刿,1.0
刿,剌,0.7706163105656542
刿,剆,0.7579710637785481
刿,刚,0.7541661557337648
刿,剂,0.7531852183690751
刿,剡,0.7531363545549239
刿,峛,0.7529142780735155
刿,钏,0.7496191719235601
刿,剉,0.7436405128493979
刿,刢,0.7410845789754157
