char1,char2,similarity
刾,刾,1.0
刾,刔,0.7999154191886153
刾,刲,0.7762663632835647
刾,刳,0.7598431322810391
刾,刡,0.7572289951738285
刾,刻,0.7516590274478855
刾,別,0.7508342918340563
刾,刦,0.7484002427349921
刾,剖,0.7397070811114462
刾,刋,0.7390530531130208
