char1,char2,similarity
剁,剁,1.0
剁,刹,0.8007138157652673
剁,刭,0.7974372198587086
剁,剌,0.7741573036626036
剁,到,0.7676557840459438
剁,矵,0.7628030003213494
剁,峲,0.7620307234882486
剁,别,0.756234167694765
剁,剐,0.7557540862657685
剁,削,0.7527302198356066
