char1,char2,similarity
剉,剉,1.0
剉,刲,0.767244791305779
剉,刟,0.7478191008328448
剉,刐,0.7443196279266294
剉,到,0.7442528745041096
剉,刿,0.7436405128493979
剉,刉,0.7424049172601153
剉,剧,0.7398083680729927
剉,剑,0.7388261279183006
剉,刭,0.7372359556469766
