char1,char2,similarity
前,前,1.0
前,苘,0.7416139358324036
前,酋,0.7370714146566187
前,巿,0.7254672355566613
前,苬,0.7239030762684341
前,勺,0.7236176022074216
前,茼,0.7235578941023559
前,而,0.723391352079633
前,苅,0.7212667147294468
前,苎,0.7199603426285112
