char1,char2,similarity
剈,剈,1.0
剈,別,0.704644010814771
剈,剭,0.697679871971356
剈,剾,0.6937291861803269
剈,剬,0.6879797008805127
剈,剛,0.6847398099862504
剈,甽,0.6841785969083465
剈,剰,0.6836727011084165
剈,駎,0.683579185420474
剈,玽,0.6797594625494725
