char1,char2,similarity
剎,剎,1.0
剎,刴,0.8155496092107668
剎,剰,0.7847912252495027
剎,刺,0.7603975645635421
剎,剿,0.7553811238040379
剎,剩,0.7470077022111842
剎,副,0.7426741139011345
剎,刓,0.741853572767137
剎,剠,0.7385622261462635
剎,刢,0.7377797983667513
