char1,char2,similarity
剐,剐,1.0
剐,别,0.8061791336819707
剐,则,0.7849954529999694
剐,矵,0.758391050804923
剐,剁,0.7557540862657685
剐,判,0.7433847758530475
剐,刭,0.7423264313014113
剐,到,0.7411343248128052
剐,削,0.7390907401287987
剐,刚,0.7389777312696906
