char1,char2,similarity
剒,剒,1.0
剒,副,0.7889318159987561
剒,割,0.7783410313027765
剒,剳,0.7488749595269784
剒,刎,0.7457702851954201
剒,刣,0.7377386186057537
剒,剆,0.7374899592234003
剒,刴,0.7332342206865166
剒,刟,0.7297314346818528
剒,刉,0.727985646387582
