char1,char2,similarity
剑,剑,1.0
剑,刉,0.7468127776513934
剑,荝,0.7398484172421244
剑,利,0.7394051656943549
剑,剉,0.7388261279183006
剑,刭,0.7384578795497303
剑,判,0.7370942973517026
剑,削,0.7344915599777998
剑,则,0.7339814833667844
剑,刘,0.73344320443868
