char1,char2,similarity
剖,剖,1.0
剖,刲,0.782789970116725
剖,剞,0.7818225242240416
剖,刻,0.7749749949659525
剖,剆,0.7549487477675194
剖,刦,0.7537147112819542
剖,剂,0.7498790703148266
剖,刌,0.7423871537156171
剖,刾,0.7397070811114462
剖,釗,0.7385248583012688
