char1,char2,similarity
剟,剟,1.0
剟,剾,0.7289622167124582
剟,刪,0.7269126329204838
剟,剸,0.7177665316812175
剟,剛,0.714150907302456
剟,剭,0.7128739025111035
剟,劀,0.7089405265504389
剟,劍,0.7066892230021816
剟,剹,0.7050671663840792
剟,劋,0.7047499653753754
