char1,char2,similarity
剚,剚,1.0
剚,剌,0.7622479914208814
剚,剨,0.7463121853001479
剚,副,0.7462881753215257
剚,刢,0.7418689645304092
剚,創,0.7294291259648303
剚,剥,0.7288276696891494
剚,剅,0.7286104284024009
剚,劑,0.7268655471614756
剚,刺,0.7244769411675506
