char1,char2,similarity
剘,剘,1.0
剘,剳,0.7646778920958194
剘,刐,0.74157879309742
剘,剂,0.7383249014230171
剘,剣,0.7355508935616444
剘,剠,0.7352049517975769
剘,刏,0.7323899402588019
剘,刞,0.7264461544316864
剘,刿,0.7216677176757643
剘,剆,0.7186657537869356
