char1,char2,similarity
剙,剙,1.0
剙,剏,0.7145229428234899
剙,刱,0.7136998115643526
剙,狀,0.7087795729187041
剙,斦,0.7037008445802403
剙,鵧,0.6946971851090439
剙,聁,0.6912768102229201
剙,庇,0.6910439523994384
剙,脟,0.6908878205507879
剙,屜,0.6869728238623654
