char1,char2,similarity
剞,剞,1.0
剞,剖,0.7818225242240416
剞,刳,0.7622352448704638
剞,刻,0.7487092104797234
剞,刲,0.7439164742590456
剞,剀,0.7387132040604873
剞,刦,0.7350188438632917
剞,刾,0.7321161359666752
剞,刐,0.7244866467072393
剞,別,0.7214873931099344
