char1,char2,similarity
剩,剩,1.0
剩,剰,0.7567628707747143
剩,剎,0.7470077022111842
剩,剨,0.7261804851269087
剩,测,0.7251268674621382
剩,啊,0.723525398163898
剩,侧,0.7229814567082373
剩,剝,0.7188771688152753
剩,副,0.7182593086060339
剩,刐,0.7152623888200829
