char1,char2,similarity
剨,剨,1.0
剨,副,0.7650424330066301
剨,剚,0.7463121853001479
剨,剭,0.7400656965939333
剨,剳,0.7370949236887198
剨,剶,0.7361772584761337
剨,劄,0.7359616695299609
剨,剷,0.7339840509166023
剨,劌,0.7320511214204058
剨,剸,0.7290578798358059
