char1,char2,similarity
剦,剦,1.0
剦,刳,0.7475553600070703
剦,剳,0.7297050289588303
剦,剠,0.7284922670009324
剦,劉,0.7238694704085062
剦,侧,0.7224022003484009
剦,刢,0.7210988220109578
剦,剣,0.7192236738534777
剦,剹,0.71920923551732
剦,割,0.7184037726130876
