char1,char2,similarity
剢,剢,1.0
剢,剛,0.726638498259577
剢,浰,0.7217248459971835
剢,剾,0.7207984161682482
剢,椡,0.716915420771538
剢,剬,0.7164404012490586
剢,刪,0.7149640522563491
剢,埛,0.713886856016875
剢,垌,0.7106384192361132
剢,劋,0.7098139573980284
