char1,char2,similarity
剤,剤,1.0
剤,剜,0.7448630679735343
剤,剝,0.7366773110200846
剤,劍,0.7343305040076129
剤,劑,0.7318754319270154
剤,劃,0.7309632228044982
剤,娳,0.7284152392702481
剤,倒,0.7273633063805122
剤,例,0.7245870849801769
剤,挒,0.719081490966215
