char1,char2,similarity
剥,剥,1.0
剥,剔,0.7845934325320376
剥,刐,0.7713200126283787
剥,刞,0.7707263914578465
剥,刓,0.7646848429492112
剥,刺,0.7585871260334817
剥,剌,0.7554707373161283
剥,刵,0.7533689194715825
剥,刢,0.7510656522799706
剥,刨,0.744723237070918
