char1,char2,similarity
剳,剳,1.0
剳,劄,0.7675522111397618
剳,剘,0.7646778920958194
剳,箚,0.763291634742591
剳,割,0.7503066967417051
剳,劊,0.7498114948446585
剳,剒,0.7488749595269784
剳,剠,0.7455197741854016
剳,剨,0.7370949236887198
剳,剂,0.7321576763684339
