char1,char2,similarity
剮,剮,1.0
剮,剛,0.7180150303501196
剮,劓,0.7168420687656896
剮,剤,0.7161182778274459
剮,剬,0.714372490568712
剮,咧,0.7115783364395118
剮,跏,0.7103730474699932
剮,剢,0.7086468254674992
剮,珝,0.7084939914024754
剮,剗,0.707918312030989
