char1,char2,similarity
創,創,1.0
創,剷,0.7614745963188904
創,劊,0.7525597246232004
創,刢,0.7420778704091209
創,刐,0.7313217533871135
創,剣,0.7304677088745283
創,剚,0.7294291259648303
創,剫,0.7233049447787421
創,劑,0.7221163444295067
創,刨,0.7217040267408046
