char1,char2,similarity
剱,剱,1.0
剱,剣,0.7430497423952156
剱,釰,0.727638100919081
剱,衂,0.7201533611102656
剱,葝,0.7118055020403676
剱,勐,0.7078723328919979
剱,劒,0.7073043544612485
剱,觔,0.7071024429730117
剱,砌,0.704683475014304
剱,劬,0.702279678978304
