char1,char2,similarity
剾,剾,1.0
剾,剛,0.7476695205032506
剾,剭,0.735605011806502
剾,刡,0.7305058212552493
剾,剸,0.7303523525218604
剾,剟,0.7289622167124582
剾,凾,0.7256380411546945
剾,剢,0.7207984161682482
剾,匨,0.7179939998646274
剾,刪,0.7165722446037591
