char1,char2,similarity
剻,剻,1.0
剻,剷,0.755321752551736
剻,劅,0.7510538007627773
剻,剭,0.7475729569583042
剻,馴,0.7356107454512805
剻,劇,0.73487485710132
剻,响,0.7347647939656214
剻,剫,0.7324318448086172
剻,刷,0.7287744968532269
剻,厠,0.7241549021987518
