char1,char2,similarity
剶,剶,1.0
剶,例,0.7364569803742542
剶,剨,0.7361772584761337
剶,剼,0.7343837338561721
剶,剕,0.7299522568419358
剶,剥,0.7294399024225734
剶,剭,0.7251615006502798
剶,劀,0.724900047946262
剶,剷,0.7241336486213406
剶,侧,0.7230695745971712
