char1,char2,similarity
剹,剹,1.0
剹,剼,0.7901125511928587
剹,劉,0.7694656818529733
剹,劀,0.7388178609462573
剹,剭,0.7322059534553357
剹,剳,0.7248551090683851
剹,劇,0.7223217442673638
剹,剦,0.71920923551732
剹,捌,0.7143269940302295
剹,刵,0.7140033310780389
