char1,char2,similarity
劅,劅,1.0
劅,劀,0.7568042409295169
劅,剻,0.7510538007627773
劅,剭,0.7503769937871574
劅,删,0.7231337652427157
劅,厠,0.7162284465216072
劅,刪,0.7158404984548089
劅,劇,0.7143979285798061
劅,饷,0.7139030730889897
劅,屚,0.7130283816464524
