char1,char2,similarity
劇,劇,1.0
劇,剭,0.7409129817268777
劇,剻,0.73487485710132
劇,劃,0.7235062249424102
劇,剹,0.7223217442673638
劇,刷,0.7221888484322313
劇,剫,0.7214965223960547
劇,剷,0.7210300696127571
劇,劚,0.7207032333822736
劇,劌,0.7201335452806428
