char1,char2,similarity
劆,劆,1.0
劆,劌,0.7337655285261696
劆,剷,0.733398920790848
劆,剫,0.7305969629318197
劆,劘,0.7287441311370033
劆,剨,0.7284472576807358
劆,劇,0.7154176562842625
劆,劑,0.7133730876571172
劆,测,0.7121799804524103
劆,剻,0.710082642344801
