char1,char2,similarity
劃,劃,1.0
劃,剸,0.7399137492399921
劃,剤,0.7309632228044982
劃,剨,0.7243947278707994
劃,劇,0.7235062249424102
劃,劚,0.7231655686626323
劃,劉,0.7217333907106234
劃,刜,0.713477725004648
劃,劌,0.7128516174712879
劃,剾,0.7125498686406485
