char1,char2,similarity
劎,劎,1.0
劎,劒,0.864551083235242
劎,歛,0.7345706595981056
劎,劔,0.7266583964870079
劎,顩,0.715068766203958
劎,阇,0.7145477511996073
劎,舠,0.7084865502706681
劎,訇,0.7070552986918511
劎,匈,0.7065128101386793
劎,則,0.7062136955066516
