char1,char2,similarity
劓,劓,1.0
劓,別,0.7211972894497741
劓,剮,0.7168420687656896
劓,劕,0.7147004515771153
劓,剛,0.7141526360950118
劓,劗,0.7123034140926255
劓,剞,0.7073165856917404
劓,刾,0.7072890836405068
劓,劖,0.7061177530975151
劓,浰,0.7057441119858843
