char1,char2,similarity
劌,劌,1.0
劌,劆,0.7337655285261696
劌,劘,0.7321984734414256
劌,剨,0.7320511214204058
劌,剭,0.7248026589018123
劌,劚,0.7246688298904234
劌,劇,0.7201335452806428
劌,劀,0.7191047909534845
劌,劃,0.7128516174712879
劌,剶,0.7118283130541286
