char1,char2,similarity
劍,劍,1.0
劍,剤,0.7343305040076129
劍,劁,0.7322525404571507
劍,劋,0.7240387238928382
劍,剸,0.714616641453537
劍,挒,0.7143428654506835
劍,删,0.7101118889717826
劍,倒,0.7087267202345098
劍,剜,0.707574236652384
劍,剣,0.7071240559220435
