char1,char2,similarity
劐,劐,1.0
劐,側,0.7188612989529062
劐,悧,0.714091882696416
劐,恻,0.7137547163108671
劐,惻,0.7081563161934127
劐,劃,0.7052044596636275
劐,倒,0.6981169464110603
劐,椡,0.6966060167364326
劐,硎,0.6954737353688609
劐,嶌,0.6953979196915145
