char1,char2,similarity
劊,劊,1.0
劊,鄶,0.7635834023808189
劊,創,0.7525597246232004
劊,剳,0.7498114948446585
劊,俐,0.7390264616430684
劊,剣,0.7335157938978939
劊,剷,0.7232881346319214
劊,剫,0.7203521444162452
劊,馴,0.7160724137570095
劊,刉,0.7124014895994891
