char1,char2,similarity
劚,劚,1.0
劚,劌,0.7246688298904234
劚,劃,0.7231655686626323
劚,剭,0.722678126364912
劚,劇,0.7207032333822736
劚,劕,0.7185133918826415
劚,劘,0.7133517998504938
劚,脷,0.7108261651713148
劚,删,0.7097196585501668
劚,蒯,0.6977554066434539
