char1,char2,similarity
劖,劖,1.0
劖,劕,0.7234752963378954
劖,劑,0.7203483440618282
劖,酁,0.7146321292244248
劖,劗,0.7140080326110311
劖,剹,0.7069466682220064
劖,劓,0.7061177530975151
劖,剳,0.7057963200044047
劖,刷,0.7034566208194443
劖,剘,0.7017481951650602
