char1,char2,similarity
力,力,1.0
力,二,0.8043204096722383
力,宀,0.8008583544308978
力,屶,0.7981591772049983
力,屴,0.7952019541014379
力,尤,0.7917182230627816
力,冘,0.7914967492919504
力,人,0.790749226365621
力,乛,0.7883390255157723
力,为,0.7860652185667176
