char1,char2,similarity
劘,劘,1.0
劘,脷,0.7435999523420097
劘,剫,0.7322162786963253
劘,劌,0.7321984734414256
劘,劆,0.7287441311370033
劘,剭,0.7258571502192208
劘,剸,0.715091832372541
劘,剷,0.71430054080319
劘,劚,0.7133517998504938
劘,姍,0.7094446609935524
