char1,char2,similarity
劙,劙,1.0
劙,鍘,0.698249601874749
劙,蝲,0.687281491235863
劙,嬼,0.6868558125695311
劙,劓,0.6838243280883552
劙,鰂,0.6837396713631166
劙,劂,0.6834270717941491
劙,劏,0.6800566700227485
劙,惻,0.679893935612774
劙,揦,0.6784099620438307
