char1,char2,similarity
劕,劕,1.0
劕,劗,0.832772693872385
劕,劖,0.7234752963378954
劕,劚,0.7185133918826415
劕,劓,0.7147004515771153
劕,開,0.7108979946424142
劕,閉,0.7102497984726107
劕,閶,0.7088002643987743
劕,闁,0.7075786494950088
劕,閕,0.705382782662098
