char1,char2,similarity
劝,劝,1.0
劝,幼,0.8151278591612757
劝,劼,0.8121665150497646
劝,劸,0.8005085107507294
劝,劤,0.7970829170685756
劝,劰,0.7940662344992437
劝,动,0.7876970121798125
劝,忇,0.7812482934586245
劝,勆,0.780873955908909
劝,劥,0.7765894474936867
