char1,char2,similarity
功,功,1.0
功,仂,0.7764182579075748
功,切,0.7696728460145814
功,玏,0.7694965947426803
功,忉,0.76667331088884
功,叻,0.7649336393893165
功,巧,0.7554380177176366
功,油,0.7528616280941883
功,才,0.751728255326221
功,圴,0.7512391034342308
