char1,char2,similarity
加,加,1.0
加,劜,0.8103384841535987
加,如,0.7756444578450766
加,茄,0.7552959249315475
加,烅,0.7528269854695011
加,户,0.748206825970051
加,邡,0.7473558662358535
加,炴,0.7409827038027393
加,刈,0.7398805746977093
加,注,0.7396289058355212
