char1,char2,similarity
劢,劢,1.0
劢,劯,0.8064054909325487
劢,劲,0.7886842030740484
劢,劤,0.779029566844227
劢,劭,0.7730071748652859
劢,勀,0.7662469635676239
劢,劶,0.763867472995984
劢,勅,0.7633874438808023
劢,助,0.7608035232296283
劢,幼,0.7558316853043171
