char1,char2,similarity
劤,劤,1.0
劤,肋,0.8166855782091775
劤,劼,0.8032399395875742
劤,劥,0.8030993457367177
劤,助,0.7990311955666094
劤,劝,0.7970829170685756
劤,幼,0.7875266578975645
劤,劯,0.7839648175447781
劤,劸,0.7806528962870085
劤,劧,0.7792232670685794
