char1,char2,similarity
动,动,1.0
动,劝,0.7876970121798125
动,劫,0.7822074213071495
动,幼,0.7784705032229563
动,劼,0.7765568254402585
动,勏,0.7727512957189921
动,糼,0.7669158134389943
动,勌,0.7646224758466229
动,劸,0.7639001221502704
动,勆,0.7592655302476626
