char1,char2,similarity
劭,劭,1.0
劭,助,0.8058245167556819
劭,劯,0.788179235507338
劭,劼,0.7743513648162414
劭,劢,0.7730071748652859
劭,効,0.7711819872169061
劭,劲,0.7691926821306793
劭,劤,0.76490693586785
劭,勂,0.7647966281160302
劭,勍,0.7613211539104148
