char1,char2,similarity
劫,劫,1.0
劫,幼,0.7990661972442696
劫,动,0.7822074213071495
劫,劼,0.7819808013403194
劫,勂,0.7761876641487246
劫,劝,0.7740177625371849
劫,劥,0.7681089145249604
劫,勆,0.7655779506496042
劫,糼,0.7639636855908346
劫,劰,0.762988348573238
