char1,char2,similarity
劬,劬,1.0
劬,觔,0.7398193742285143
劬,欨,0.7353477738334239
劬,劾,0.7342603112088616
劬,勚,0.730844654253144
劬,泐,0.7272556820824185
劬,动,0.7248439873348308
劬,勓,0.7239860952922581
劬,勡,0.7221468936846008
劬,勄,0.7214080741126423
