char1,char2,similarity
劷,劷,1.0
劷,忇,0.7611405321046159
劷,劝,0.7562091476586018
劷,朸,0.7529597488002691
劷,劸,0.7489116709949023
劷,劮,0.7397793967000672
劷,劼,0.736502091095828
劷,扐,0.7329293960357497
劷,劰,0.7321950957208797
劷,糼,0.7319552019014873
