char1,char2,similarity
劻,劻,1.0
劻,勈,0.7756424622134733
劻,勔,0.7480388143910042
劻,劫,0.7409357712341799
劻,勏,0.7400747295878588
劻,劰,0.7385452332589667
劻,勡,0.7275139939184931
劻,动,0.7227131617312502
劻,勂,0.7223039001979394
劻,勆,0.7166231950359662
