char1,char2,similarity
劺,劺,1.0
劺,劮,0.8192689772521676
劺,劯,0.7642151430960176
劺,牞,0.7566048398131916
劺,助,0.7558650653933457
劺,釛,0.7552754189639609
劺,劧,0.7500252166608797
劺,勎,0.7429409583544326
劺,朸,0.742277635412177
劺,勀,0.7396169644846599
