char1,char2,similarity
効,効,1.0
効,勀,0.7995100029692043
効,勅,0.7865595421376471
効,劲,0.7858279280354168
効,劸,0.7858270389971329
効,幼,0.7791527082102144
効,劤,0.7753418852198682
効,劼,0.7739731683246919
効,勑,0.7713796204711817
効,劭,0.7711819872169061
