char1,char2,similarity
劽,劽,1.0
劽,劣,0.742712103200834
劽,剓,0.7352125285330545
劽,烮,0.7296470659596501
劽,勞,0.7289543537846019
劽,努,0.7219090492723428
劽,务,0.720635488646143
劽,丏,0.7177687129998777
劽,叾,0.7128129076371383
劽,劳,0.7099608184091696
