char1,char2,similarity
勂,勂,1.0
勂,劼,0.8051660648946075
勂,勑,0.7975817393155484
勂,勏,0.7972141718345438
勂,勍,0.7810090965035531
勂,勁,0.779036524438432
勂,劸,0.7781310196145405
勂,劫,0.7761876641487246
勂,勎,0.7758646966006495
勂,勫,0.7749026481845407
