char1,char2,similarity
劼,劼,1.0
劼,劸,0.814113616692262
劼,劝,0.8121665150497646
劼,勂,0.8051660648946075
劼,劤,0.8032399395875742
劼,幼,0.7932515145761834
劼,勆,0.7883386505542908
劼,劥,0.7863091842308532
劼,劫,0.7819808013403194
劼,勍,0.77725304595474
