char1,char2,similarity
勄,勄,1.0
勄,励,0.752590286473107
勄,敏,0.7402785836194716
勄,勋,0.7358610985068589
勄,舠,0.7329719582613591
勄,觖,0.7313244454034946
勄,劢,0.7288077819165373
勄,勜,0.7256138801882744
勄,勭,0.7254070241345372
勄,勧,0.7253809789827905
