char1,char2,similarity
勆,勆,1.0
勆,劸,0.7909704438146232
勆,劼,0.7883386505542908
勆,勅,0.7871318743188728
勆,劰,0.784899033991469
勆,劝,0.780873955908909
勆,勍,0.7806289630120716
勆,糼,0.7804027979459259
勆,勑,0.780055135227389
勆,劶,0.776604676610547
