char1,char2,similarity
勎,勎,1.0
勎,勍,0.804844103491791
勎,勅,0.8035477316666084
勎,劸,0.7916300816034387
勎,勀,0.7874737762555131
勎,勑,0.7851063487022104
勎,勂,0.7758646966006495
勎,効,0.7693451669160546
勎,勆,0.7689808695609283
勎,劤,0.7602648827957337
