char1,char2,similarity
勍,勍,1.0
勍,勅,0.8390864571987622
勍,勎,0.804844103491791
勍,勀,0.7910965087877418
勍,助,0.78440222758985
勍,勂,0.7810090965035531
勍,勆,0.7806289630120716
勍,劼,0.77725304595474
勍,勑,0.7738817352793829
勍,肋,0.7692309804410264
