char1,char2,similarity
勉,勉,1.0
勉,励,0.7331274725576347
勉,勄,0.7189832256334647
勉,勋,0.7022364909112317
勉,觔,0.7003859278776939
勉,躭,0.6993919251211741
勉,奾,0.6984822805533611
勉,九,0.6984547451383996
勉,劭,0.6977299400295313
勉,妯,0.6967525654593326
