char1,char2,similarity
勊,勊,1.0
勊,兝,0.7736720527899044
勊,兙,0.7656558159023598
勊,兞,0.7585722763199941
勊,兡,0.7513301054666379
勊,剋,0.7491732851556432
勊,勀,0.7451853930185944
勊,兛,0.7441737129543525
勊,攰,0.7222861690635035
勊,兣,0.7199041262096395
