char1,char2,similarity
勗,勗,1.0
勗,晸,0.7423705090992698
勗,愚,0.7309394440367366
勗,晟,0.7218950400885129
勗,昴,0.7190590105321991
勗,昮,0.7179322477173923
勗,聂,0.7042526073738647
勗,属,0.7033795917189954
勗,朂,0.7014500685801747
勗,足,0.7013966021982889
