char1,char2,similarity
勘,勘,1.0
勘,勖,0.7501375431847519
勘,尠,0.740989750033765
勘,斟,0.7385658015860663
勘,動,0.7301168547407204
勘,勳,0.7295863938092421
勘,觔,0.7290936827124964
勘,劾,0.7268028736845993
勘,勓,0.7241154284933634
勘,勛,0.721244839702046
