char1,char2,similarity
勑,勑,1.0
勑,勂,0.7975817393155484
勑,勅,0.7950354232045077
勑,勎,0.7851063487022104
勑,幼,0.7806953614598581
勑,勆,0.780055135227389
勑,劸,0.7780752988170258
勑,勍,0.7738817352793829
勑,猌,0.7716293814088346
勑,効,0.7713796204711817
