char1,char2,similarity
勔,勔,1.0
勔,勛,0.765249218559514
勔,動,0.7605864519237964
勔,勡,0.7595225817364367
勔,劻,0.7480388143910042
勔,勓,0.7474457490743432
勔,勠,0.7305059978187829
勔,勈,0.729707878222401
勔,勯,0.7215262154665599
勔,勚,0.7208023003062598
