char1,char2,similarity
務,務,1.0
務,矜,0.6946767952923879
務,朥,0.6871534512586782
務,敊,0.6800206080221826
務,嗠,0.678137780608367
務,移,0.677302063667548
務,萙,0.6766802994453087
務,潞,0.6762327001552255
務,倏,0.676223949177091
務,癸,0.6744087541815496
