char1,char2,similarity
勝,勝,1.0
勝,幐,0.7683427665289622
勝,螣,0.7315466407116927
勝,鰧,0.7273060454518596
勝,胕,0.725405290554666
勝,膤,0.7223087895709658
勝,肦,0.7205184620497239
勝,媵,0.7156676120083029
勝,腴,0.7147212638397649
勝,胗,0.7144587871635217
