char1,char2,similarity
勜,勜,1.0
勜,勪,0.7499355896494393
勜,勮,0.7423282276383135
勜,勨,0.7351593237386652
勜,勚,0.7283461599077619
勜,勩,0.7277768294841815
勜,勡,0.7260870740213767
勜,勄,0.7256138801882744
勜,鳨,0.7239493710788822
勜,劶,0.7230168629271375
