char1,char2,similarity
勠,勠,1.0
勠,勡,0.7425611965881698
勠,勔,0.7305059978187829
勠,勚,0.7242193097925749
勠,戮,0.7184704702352196
勠,勸,0.7154163970997239
勠,鹨,0.7146940484590858
勠,勳,0.7111524500749173
勠,勩,0.7085766706878349
勠,動,0.708555789548485
