char1,char2,similarity
勣,勣,1.0
勣,勩,0.7424594771902672
勣,勱,0.734588752064371
勣,劾,0.7270095368355772
勣,觔,0.7251799585912538
勣,勖,0.7237567561717937
勣,勷,0.722853809943026
勣,勭,0.7225318950126665
勣,勬,0.7221948616515432
勣,勓,0.7210872258529063
