char1,char2,similarity
勢,勢,1.0
勢,槷,0.7593880350993357
勢,勥,0.7342327086262744
勢,势,0.714744034335628
勢,莮,0.711468869047184
勢,謺,0.7097266076766332
勢,努,0.7062280852993983
勢,另,0.7061897795813891
勢,漐,0.703797562460309
勢,劈,0.7015414443548503
