char1,char2,similarity
勚,勚,1.0
勚,勓,0.7832707281330918
勚,勯,0.7675322628551265
勚,鳨,0.7654518983898742
勚,勡,0.7640238900982312
勚,勩,0.7619904075801269
勚,勛,0.7607603056294774
勚,勭,0.7602340900177796
勚,勤,0.7598621251487946
勚,動,0.7485477260976536
