char1,char2,similarity
勨,勨,1.0
勨,勮,0.7637694767189481
勨,勌,0.7507227256869929
勨,勋,0.7473893002463707
勨,勧,0.7471845069033376
勨,劲,0.7436766397060325
勨,劶,0.7427011848178593
勨,动,0.7426572034149138
勨,勦,0.7392038553790409
勨,勜,0.7351593237386652
