char1,char2,similarity
勫,勫,1.0
勫,勧,0.8054197557419864
勫,勂,0.7749026481845407
勫,劶,0.7510427731169917
勫,勁,0.7503065078035781
勫,勑,0.7495703149849104
勫,勎,0.7405630340301697
勫,劲,0.7402673981705786
勫,劧,0.7341545867409772
勫,劝,0.7338700912194857
