char1,char2,similarity
勤,勤,1.0
勤,勚,0.7598621251487946
勤,勛,0.7560348933194176
勤,鳨,0.7502903144592159
勤,勳,0.7488481181560033
勤,勸,0.7446155618024024
勤,勯,0.7286888621509383
勤,勓,0.7280341021826824
勤,勪,0.7223303766732081
勤,勋,0.7221357199766993
