char1,char2,similarity
勪,勪,1.0
勪,勮,0.7582509859337998
勪,勳,0.7529741117096297
勪,勜,0.7499355896494393
勪,勬,0.735207075545681
勪,劶,0.7328272150740771
勪,勋,0.7318219346969881
勪,动,0.7286232331722972
勪,勨,0.7242190311462069
勪,劼,0.7239265543381547
