char1,char2,similarity
勧,勧,1.0
勧,勫,0.8054197557419864
勧,勂,0.7547915000533233
勧,勨,0.7471845069033376
勧,劧,0.7470235698523263
勧,劯,0.7414518592661291
勧,劶,0.7399512511588265
勧,劤,0.7395106698100811
勧,劢,0.7380715195140646
勧,勁,0.7364255056171135
