char1,char2,similarity
勯,勯,1.0
勯,勭,0.802825592792723
勯,勚,0.7675322628551265
勯,勓,0.7640483189440938
勯,氈,0.7487659851636532
勯,動,0.7409317140849865
勯,勩,0.732289094878074
勯,勮,0.7321449086755621
勯,勛,0.7320352827739568
勯,勡,0.7317292466047594
