char1,char2,similarity
勱,勱,1.0
勱,勣,0.734588752064371
勱,勒,0.7296300824443472
勱,勩,0.719663447752519
勱,觔,0.7195032040614311
勱,勓,0.7185331391556726
勱,勤,0.7133785951952224
勱,勯,0.7101187524066012
勱,勷,0.7064379941721196
勱,勸,0.705550155599824
