char1,char2,similarity
勷,勷,1.0
勷,勸,0.748019092606266
勷,觔,0.7311554082854735
勷,勣,0.722853809943026
勷,勩,0.7131172906772252
勷,劬,0.7128815034916857
勷,鳨,0.7089279549862051
勷,勴,0.7068407289156425
勷,勱,0.7064379941721196
勷,勬,0.7035482776869918
