char1,char2,similarity
勮,勮,1.0
勮,勴,0.7714059421414216
勮,勨,0.7637694767189481
勮,勪,0.7582509859337998
勮,勩,0.7525489992815338
勮,勦,0.7524714509094749
勮,勭,0.7476674966655095
勮,勆,0.7474788644169956
勮,勜,0.7423282276383135
勮,勑,0.741011211394068
