char1,char2,similarity
勵,勵,1.0
勵,勴,0.7591912631230465
勵,勐,0.7230173039147745
勵,勪,0.7147129415825565
勵,勮,0.7135134017922194
勵,泐,0.7035730100459736
勵,閅,0.703225584660799
勵,咼,0.7029231652668644
勵,刯,0.7020397228219032
勵,剥,0.7013085076404371
