char1,char2,similarity
勺,勺,1.0
勺,匀,0.8747646205316908
勺,勹,0.8541013710352383
勺,勾,0.8183398404273513
勺,与,0.8179444404373989
勺,亇,0.8177691100898351
勺,勻,0.8146975647896826
勺,乛,0.8066415472691774
勺,刀,0.7984396669267236
勺,丶,0.7980271851978127
