char1,char2,similarity
勹,勹,1.0
勹,勺,0.8541013710352383
勹,句,0.8492054751250624
勹,乛,0.8373352573601293
勹,冖,0.8363955420038537
勹,刂,0.8363247695668857
勹,勻,0.833703260255599
勹,门,0.8272838000113814
勹,勽,0.8270021734405877
勹,勾,0.819318134721089
