char1,char2,similarity
勿,勿,1.0
勿,匆,0.8337304309072268
勿,勺,0.7928036451689
勿,勾,0.7876040198485319
勿,乛,0.7713450261610997
勿,匀,0.765916044843739
勿,勻,0.7650459357794749
勿,勹,0.7556682003241919
勿,仿,0.7473489682650545
勿,句,0.7470160912091439
