char1,char2,similarity
勾,勾,1.0
勾,勹,0.819318134721089
勾,勺,0.8183398404273513
勾,匆,0.81109698627527
勾,匀,0.8091683728414616
勾,勻,0.8039940267323739
勾,勽,0.7901666601692348
勾,勿,0.7876040198485319
勾,句,0.7844218399550297
勾,仢,0.7803274764231257
