char1,char2,similarity
勽,勽,1.0
勽,勼,0.8777865483539891
勽,匂,0.8663858738530926
勽,匄,0.8640240451785351
勽,匉,0.8494187006633115
勽,匌,0.8449733415351782
勽,匃,0.8440739855570946
勽,匊,0.8414198282146942
勽,匋,0.8400941063003307
勽,匇,0.8373335738931371
