char1,char2,similarity
勼,勼,1.0
勼,勽,0.8777865483539891
勼,匄,0.8605759613986439
勼,匂,0.857025065221781
勼,匃,0.8409727944234546
勼,匇,0.8334404653529104
勼,匌,0.8330177813089604
勼,匋,0.8315448809172268
勼,匊,0.8271036523502379
勼,匉,0.8222353062784602
