char1,char2,similarity
匉,匉,1.0
匉,匋,0.858001015091651
匉,匂,0.8527832813972986
匉,勽,0.8494187006633115
匉,匊,0.8463397380492229
匉,匌,0.8386991967810681
匉,匄,0.8365578322939518
匉,匃,0.8363973441004959
匉,匇,0.8339807491967806
匉,勼,0.8222353062784602
