char1,char2,similarity
匈,匈,1.0
匈,灳,0.7827055362699885
匈,匋,0.764432413010983
匈,甸,0.762000410392132
匈,勽,0.7493236357214061
匈,匂,0.7461487555708032
匈,匍,0.7455071166147474
匈,卸,0.7454646762842613
匈,匄,0.7422320595383243
匈,妇,0.737197222636034
