char1,char2,similarity
匆,匆,1.0
匆,勿,0.8337304309072268
匆,勾,0.81109698627527
匆,勻,0.7833398889615836
匆,勺,0.7827380782020397
匆,匀,0.7644489644348579
匆,勹,0.763965480204716
匆,乞,0.7615225930748553
匆,亇,0.7598213693818088
匆,句,0.748960880080409
