char1,char2,similarity
匐,匐,1.0
匐,匍,0.7970030189119283
匐,嵩,0.7625212958893328
匐,富,0.7396925997704742
匐,匓,0.7328961046968769
匐,复,0.7283994894613205
匐,菖,0.7270717402999832
匐,饲,0.7248972564798096
匐,闪,0.724255596243537
匐,匈,0.7232881040403925
