char1,char2,similarity
匍,匍,1.0
匍,匐,0.7970030189119283
匍,匈,0.7455071166147474
匍,饲,0.7441014271870017
匍,曶,0.7426964859324529
匍,訇,0.7409815967003406
匍,匓,0.7388040031487317
匍,佣,0.7311649953452086
匍,拥,0.7261231221392269
匍,闪,0.7257868441637667
