char1,char2,similarity
匕,匕,1.0
匕,乙,0.8168560536409446
匕,辶,0.80633839797906
匕,乚,0.8063152772430515
匕,己,0.8017959670937934
匕,已,0.7973714986178855
匕,辷,0.7973289858374677
匕,冫,0.7943339344470793
匕,丶,0.7910214748311949
匕,二,0.7884876436215585
