char1,char2,similarity
匓,匓,1.0
匓,訇,0.7792959707942722
匓,匑,0.7541266091314496
匓,匒,0.7402097155032427
匓,匔,0.7397883606175713
匓,匍,0.7388040031487317
匓,匐,0.7328961046968769
匓,灳,0.7317653324929261
匓,佪,0.7270374877335228
匓,刼,0.7205656963461473
