char1,char2,similarity
匌,匌,1.0
匌,匄,0.8483850855682968
匌,勽,0.8449733415351782
匌,匎,0.841622423565766
匌,匉,0.8386991967810681
匌,匂,0.8353416165342206
匌,匇,0.8335831672412866
匌,匃,0.8330319209701871
匌,勼,0.8330177813089604
匌,匋,0.8293800838221919
