char1,char2,similarity
匒,匒,1.0
匒,訇,0.7798703045651083
匒,匔,0.7774962871836522
匒,匓,0.7402097155032427
匒,筍,0.7245331777179107
匒,萵,0.7234535394947404
匒,气,0.7221218321945508
匒,每,0.7068728093748549
匒,釖,0.7066164477702135
匒,匍,0.7058586318833733
