char1,char2,similarity
匝,匝,1.0
匝,匞,0.7969464095819658
匝,匩,0.7963297108246961
匝,匼,0.7932039361629186
匝,匣,0.7873851411439335
匝,医,0.7836965089164198
匝,匚,0.7790800500742168
匝,匥,0.7787479938306849
匝,匡,0.7776455337732965
匝,叵,0.7763154434874582
