char1,char2,similarity
匛,匛,1.0
匛,匚,0.7648583994037235
匛,匝,0.7601143875840399
匛,匧,0.758576108744051
匛,匥,0.7569086454325924
匛,區,0.7549893206017203
匛,兦,0.7545907623702071
匛,匞,0.7530532542378024
匛,冝,0.7522637502187249
匛,匡,0.7511027507570015
