char1,char2,similarity
匚,匚,1.0
匚,冂,0.8825760807930506
匚,叵,0.860772480057124
匚,厂,0.8251056303748111
匚,匸,0.817009749173636
匚,门,0.8148298747941388
匚,区,0.807953407813098
匚,辶,0.807416623275444
匚,冫,0.8060218530764944
匚,了,0.8039162871336969
