char1,char2,similarity
匙,匙,1.0
匙,韪,0.7513839075457067
匙,咫,0.7155251975925061
匙,進,0.7145550996762193
匙,迆,0.7108325442312062
匙,辷,0.7108273726159027
匙,迬,0.7106964688278788
匙,迋,0.7094198993128499
匙,巵,0.7092775865555236
匙,邝,0.7088617027438614
