char1,char2,similarity
匘,匘,1.0
匘,碯,0.7589535071716421
匘,堖,0.7499712904553848
匘,惱,0.7103038223705891
匘,瑙,0.7029726014195031
匘,喒,0.6963087283319667
匘,蝒,0.6926915860021502
匘,蹈,0.6870073435331897
匘,啱,0.6802805460044137
匘,瑁,0.6798336991561508
