char1,char2,similarity
匩,匩,1.0
匩,匝,0.7963297108246961
匩,匟,0.790563269698081
匩,匾,0.7846407675932018
匩,匢,0.7766276956811158
匩,医,0.7721756223099039
匩,匞,0.7703470519995687
匩,匽,0.7685103274163757
匩,匧,0.7667553519915247
匩,匨,0.7643695994607986
