char1,char2,similarity
匧,匧,1.0
匧,匤,0.8063907648442834
匧,匞,0.8057064058944273
匧,匡,0.7902568839427964
匧,医,0.7886860702833609
匧,匥,0.7872720173299754
匧,區,0.7762167863136685
匧,匟,0.7745437713382658
匧,匩,0.7667553519915247
匧,匚,0.7636114624843368
