char1,char2,similarity
匥,匥,1.0
匥,匧,0.7872720173299754
匥,医,0.7858175452189106
匥,匽,0.7853241026973428
匥,匝,0.7787479938306849
匥,匢,0.7631543536588178
匥,匚,0.7627590341658896
匥,匼,0.7608206323609876
匥,區,0.7581229293219797
匥,匛,0.7569086454325924
