char1,char2,similarity
匣,匣,1.0
匣,匠,0.8029587170767364
匣,匝,0.7873851411439335
匣,匮,0.7657366277886923
匣,医,0.7580742353258829
匣,匞,0.7562169161480633
匣,匚,0.753633868071766
匣,昱,0.753469129804889
匣,匼,0.7486236549647144
匣,匯,0.7485692040904821
