char1,char2,similarity
匡,匡,1.0
匡,匞,0.8360299259985076
匡,匤,0.830623087548706
匡,匧,0.7902568839427964
匡,匚,0.7836990789390519
匡,匝,0.7776455337732965
匡,匜,0.7763472486145754
匡,匠,0.7671371143810966
匡,匿,0.7658521166960871
匡,匯,0.76257807006695
