char1,char2,similarity
匮,匮,1.0
匮,匽,0.7990640833529106
匮,匠,0.7916336378623626
匮,匱,0.7747010509171954
匮,匼,0.7709124144270423
匮,匣,0.7657366277886923
匮,医,0.7638066221739531
匮,匫,0.7602244017134921
匮,匬,0.759068391103887
匮,匝,0.7515127534257137
