char1,char2,similarity
匭,匭,1.0
匭,匦,0.7899559889002703
匭,匝,0.7649884358685326
匭,匥,0.7509396928315453
匭,匢,0.7500130523283872
匭,匯,0.7498428484396387
匭,医,0.7457787596744386
匭,匞,0.7438239710646573
匭,匡,0.7432192658462545
匭,匴,0.7386676886996132
