char1,char2,similarity
匫,匫,1.0
匫,匬,0.7872439900138609
匫,匲,0.7729761633105723
匫,匽,0.7703418612348725
匫,匱,0.7638036283931892
匫,匮,0.7602244017134921
匫,医,0.7484674032391607
匫,虘,0.7415387789423087
匫,匷,0.739498874845661
匫,匣,0.7389248020534276
