char1,char2,similarity
匯,匯,1.0
匯,匡,0.76257807006695
匯,匜,0.7594990864309008
匯,匠,0.7580185647139648
匯,匧,0.75244245641778
匯,匤,0.7522169804417459
匯,匝,0.750757506837864
匯,匭,0.7498428484396387
匯,匞,0.7493064290606619
匯,匣,0.7485692040904821
