char1,char2,similarity
匳,匳,1.0
匳,匢,0.7712087668169131
匳,匱,0.7617134668926188
匳,匬,0.7575270094244768
匳,医,0.7569804881247589
匳,匟,0.7507430656051651
匳,匩,0.7486310834500011
匳,匲,0.7480858604279408
匳,匥,0.7464890702263239
匳,匭,0.735287362901302
