char1,char2,similarity
医,医,1.0
医,匧,0.7886860702833609
医,匥,0.7858175452189106
医,匝,0.7836965089164198
医,匢,0.7823337114204933
医,匞,0.7815906998705494
医,匽,0.77593424463283
医,匩,0.7721756223099039
医,匮,0.7638066221739531
医,區,0.7613848045075614
