char1,char2,similarity
匷,匷,1.0
匷,匰,0.7730168347117911
匷,匵,0.762566937650203
匷,匶,0.7441676074460102
匷,匱,0.7427405179910525
匷,匫,0.739498874845661
匷,匳,0.7327191487147529
匷,匣,0.7278211122873679
匷,医,0.7276249798154345
匷,畺,0.724621394484728
