char1,char2,similarity
匼,匼,1.0
匼,匝,0.7932039361629186
匼,匿,0.7781647717802281
匼,區,0.7774156404516449
匼,匜,0.7719461777466473
匼,匮,0.7709124144270423
匼,匽,0.7680199062527472
匼,区,0.7659810530703952
匼,匥,0.7608206323609876
匼,匞,0.754347494955732
