char1,char2,similarity
匶,匶,1.0
匶,匱,0.7536086163980213
匶,匷,0.7441676074460102
匶,匫,0.7253487920183247
匶,医,0.7218627568402609
匶,叠,0.7184058862980679
匶,霻,0.7180754669433439
匶,圛,0.7175744524416656
匶,圓,0.7147143350817742
匶,匵,0.7111408571837255
