char1,char2,similarity
匴,匴,1.0
匴,匥,0.7557062192399899
匴,匽,0.7533055233724372
匴,匱,0.7455518578900144
匴,匰,0.7427916871574609
匴,匞,0.7414211173513485
匴,匭,0.7386676886996132
匴,匡,0.7385614109964364
匴,匩,0.7382815271453045
匴,匤,0.7373282352993461
