char1,char2,similarity
卂,卂,1.0
卂,丮,0.7958368474974891
卂,卝,0.786863887408637
卂,乁,0.7787304298053757
卂,丂,0.7734976412998875
卂,幵,0.7733265086624235
卂,气,0.7723740632124556
卂,丶,0.7715116403721218
卂,虱,0.7691135186771445
卂,亠,0.7686929049005872
