char1,char2,similarity
十,十,1.0
十,丨,0.9286140675950664
十,士,0.8872174782466405
十,于,0.8818024779560012
十,亅,0.868025327351514
十,亠,0.8661866765912423
十,个,0.8645591717843414
十,丅,0.8614498710815482
十,千,0.8600313934233286
十,丄,0.8584915783933522
