char1,char2,similarity
匾,匾,1.0
匾,匩,0.7846407675932018
匾,匦,0.755615824247716
匾,匡,0.753020445900014
匾,匞,0.7528065217924526
匾,医,0.7517123431154766
匾,匧,0.7510659189655922
匾,匝,0.7490585088491224
匾,區,0.7449137434377563
匾,匲,0.7443878777114041
