char1,char2,similarity
區,區,1.0
區,匟,0.7826619421576074
區,匼,0.7774156404516449
區,匧,0.7762167863136685
區,匽,0.7757105577096524
區,匞,0.7640971985333497
區,医,0.7613848045075614
區,匜,0.7600721090808218
區,匥,0.7581229293219797
區,匦,0.7566399261034328
