char1,char2,similarity
卄,卄,1.0
卄,丩,0.8370966934400865
卄,讠,0.8295418734868614
卄,针,0.8220723044903511
卄,廿,0.8204025804888871
卄,卩,0.8153374966702825
卄,忄,0.8040999644485586
卄,乚,0.8029516057031375
卄,叶,0.7997211980354016
卄,丶,0.7961709750215766
