char1,char2,similarity
匿,匿,1.0
匿,区,0.7869742806241798
匿,匪,0.78578479548791
匿,匼,0.7781647717802281
匿,匚,0.767150491045734
匿,匡,0.7658521166960871
匿,匞,0.7626810701490688
匿,匤,0.762608469079615
匿,昼,0.7607132396468023
匿,匦,0.7549493374829507
