char1,char2,similarity
卆,卆,1.0
卆,夲,0.8016878166071815
卆,叴,0.7950872409459404
卆,千,0.782242691334331
卆,半,0.7821950055898894
卆,芊,0.7803372787250941
卆,帛,0.7801434093074944
卆,丨,0.7761774861783114
卆,个,0.7753177630224682
卆,十,0.7712151330205775
