char1,char2,similarity
卌,卌,1.0
卌,伳,0.7757389842783617
卌,皿,0.7668301420995349
卌,侃,0.7654735831204026
卌,丗,0.758961118136403
卌,血,0.7587052455307433
卌,典,0.75372456912654
卌,册,0.7518308321322749
卌,冊,0.7507588910954797
卌,佁,0.7503052050915564
