char1,char2,similarity
卉,卉,1.0
卉,卋,0.8456774862472031
卉,丼,0.7951807188077452
卉,丆,0.7713029104807133
卉,夹,0.7708709134054598
卉,宗,0.7624762976783194
卉,岕,0.7618141079083633
卉,夼,0.7613097234882524
卉,寺,0.7587491175908733
卉,杏,0.7581873954058048
