char1,char2,similarity
卑,卑,1.0
卑,皁,0.8483482275935909
卑,肀,0.7961546365691466
卑,皃,0.7889161929855409
卑,串,0.765611423473342
卑,车,0.7614241765896826
卑,牟,0.7609588212021708
卑,率,0.7578709549369878
卑,幸,0.755582043125169
卑,窂,0.7550632269956011
