char1,char2,similarity
卐,卐,1.0
卐,干,0.8306493501753576
卐,千,0.8037419221139506
卐,丄,0.8007064874107362
卐,丅,0.8006763168468933
卐,丨,0.7966828646150147
卐,囝,0.7947070004094823
卐,山,0.7881288977541088
卐,子,0.7864048225942439
卐,亅,0.7859720031688022
