char1,char2,similarity
卍,卍,1.0
卍,干,0.8461550506766825
卍,丄,0.8147277599605204
卍,丨,0.8014262361176567
卍,丅,0.7982370431930721
卍,王,0.7974108565269518
卍,玉,0.7958223217773033
卍,疋,0.7939084021326861
卍,屮,0.7921559120264793
卍,千,0.7895759883423263
