char1,char2,similarity
卙,卙,1.0
卙,籵,0.724578421250668
卙,胤,0.7224563794124096
卙,圻,0.7216329595359475
卙,沂,0.7200079707307168
卙,巩,0.7138291820052887
卙,訔,0.7132392085722962
卙,哥,0.7127117753162191
卙,伒,0.711565316066248
卙,針,0.7109120122402683
