char1,char2,similarity
南,南,1.0
南,畗,0.7684821455782732
南,宰,0.755863829911037
南,幸,0.7554098338989418
南,率,0.7485350301754641
南,冃,0.7470103790205959
南,壳,0.7454763081976968
南,两,0.7436752604468467
南,凹,0.7379614682270738
南,虍,0.7359803958635748
