char1,char2,similarity
卖,卖,1.0
卖,荬,0.8105022487358957
卖,奌,0.7652356030864512
卖,贲,0.7583884873260781
卖,孛,0.7518611660677166
卖,宫,0.7509243990835537
卖,宾,0.739512203876734
卖,戾,0.7387405841443597
卖,女,0.7381254653539652
卖,戻,0.7370326283052427
