char1,char2,similarity
卤,卤,1.0
卤,卣,0.8565328669150499
卤,囱,0.7592475731517524
卤,彐,0.7511449260688484
卤,囡,0.7497199152166765
卤,苬,0.7491960341741062
卤,贞,0.7424225456340982
卤,卥,0.7399115329720748
卤,由,0.7396576066819491
卤,出,0.7382770519272766
