char1,char2,similarity
卣,卣,1.0
卣,卤,0.8565328669150499
卣,卢,0.7616357629755027
卣,彐,0.7571752020521989
卣,言,0.7562751235151409
卣,而,0.7519389021256446
卣,面,0.7507021580712918
卣,苬,0.7436755305570786
卣,奌,0.7425666769812774
卣,西,0.7423674389511377
