char1,char2,similarity
占,占,1.0
占,古,0.8345650054850898
占,口,0.80812632908087
占,一,0.796071169498735
占,户,0.786956765101608
占,白,0.7847386547544358
占,右,0.7844751523233413
占,夫,0.7805599350785949
占,丨,0.7784198201918665
占,甶,0.7771590446521484
