char1,char2,similarity
卮,卮,1.0
卮,厄,0.8026769047149898
卮,辰,0.7793808371885215
卮,厓,0.7714177765587839
卮,凥,0.7694686779901577
卮,屁,0.7606790475196135
卮,尫,0.7582250029464958
卮,巵,0.754915027380995
卮,原,0.7534624782787207
卮,兏,0.75252680645375
