char1,char2,similarity
卫,卫,1.0
卫,丑,0.8281771204035682
卫,上,0.8205081866025496
卫,工,0.817376342719467
卫,汇,0.811923161171466
卫,亖,0.8003297798429316
卫,匸,0.8002888453580332
卫,刀,0.7992401925606029
卫,五,0.7943922728389486
卫,三,0.7923734053451691
