char1,char2,similarity
卬,卬,1.0
卬,卭,0.819473260387713
卬,叩,0.8033432023805709
卬,囗,0.7544290614802696
卬,闭,0.7528429108963072
卬,闩,0.7506074506220597
卬,印,0.7491920186112536
卬,冖,0.7401806505274051
卬,卯,0.7380676648812694
卬,刂,0.7362141953008864
