char1,char2,similarity
卦,卦,1.0
卦,卄,0.7785049693269518
卦,卧,0.7722650318181234
卦,廿,0.7663329436345387
卦,虲,0.7591250240210676
卦,赴,0.7579761806200783
卦,封,0.752457239502238
卦,升,0.7492886336108912
卦,纟,0.7483467273112523
卦,丩,0.7446417032993549
