char1,char2,similarity
即,即,1.0
即,卵,0.7648470942729702
即,卯,0.7544394505842715
即,同,0.7518281591485156
即,邓,0.7490436406109979
即,囗,0.7475967130879585
即,印,0.7471003146537952
即,冂,0.7461750227397578
即,囬,0.7452250004018565
即,丱,0.7418762794084142
