char1,char2,similarity
卵,卵,1.0
卵,卯,0.8328029461910742
卵,即,0.7648470942729702
卵,丱,0.763854166154726
卵,丣,0.7539082763445696
卵,卲,0.7526627184449702
卵,戼,0.7435886005707509
卵,夘,0.7412163753399345
卵,茆,0.7406195157639814
卵,峁,0.729770056687505
