char1,char2,similarity
却,却,1.0
却,卹,0.7679795634460023
却,卸,0.7556815161039333
却,邞,0.7524758168534882
却,邙,0.7501238746652232
却,厀,0.7481386672916754
却,邥,0.7472529763210864
却,邽,0.7454520906233244
却,缷,0.743104273347897
却,刧,0.7423591520983954
