char1,char2,similarity
卸,卸,1.0
卸,卹,0.7631467273551299
卸,却,0.7556815161039333
卸,匈,0.7454646762842613
卸,亓,0.7444541885095021
卸,厀,0.7418457920386105
卸,计,0.7390851790261359
卸,邭,0.7389331762559138
卸,邹,0.7360657681018847
卸,卶,0.7346415041474299
