char1,char2,similarity
危,危,1.0
危,厃,0.819896113777245
危,苊,0.8064734327700254
危,角,0.7639710034122248
危,戹,0.7625265141935552
危,魚,0.7601444826710706
危,苣,0.7484684373873479
危,免,0.7466722334656388
危,兔,0.7451805379769666
危,丑,0.742712367265159
