char1,char2,similarity
印,印,1.0
印,卯,0.7985209615029244
印,叩,0.7869552012167454
印,四,0.7803683642547063
印,冂,0.7782991831242296
印,凵,0.7701180838680459
印,门,0.7699821508143977
印,円,0.7686806992428132
印,刁,0.7672740380012709
印,卭,0.760524162808938
