char1,char2,similarity
卿,卿,1.0
卿,揤,0.7998747029907385
卿,郷,0.791210306789922
卿,唧,0.7789037376442899
卿,鄉,0.7575369282552742
卿,艸,0.752296857462704
卿,哪,0.7346911585511635
卿,铆,0.7321308990302005
卿,鄊,0.7320607280409098
卿,柳,0.7288774576116117
