char1,char2,similarity
厂,厂,1.0
厂,广,0.8806774378835104
厂,冫,0.873556692760653
厂,厅,0.8692380508835781
厂,仄,0.8579048259376777
厂,尸,0.8550880665887889
厂,氵,0.8505360017885003
厂,爫,0.847350234412216
厂,冖,0.8404790406735884
厂,丁,0.8368069904470149
