char1,char2,similarity
厃,厃,1.0
厃,厂,0.8324477769845546
厃,冫,0.8229955870183074
厃,危,0.819896113777245
厃,广,0.8181444097293893
厃,氵,0.8160491641098063
厃,尸,0.8149030916016496
厃,冖,0.8112860645512208
厃,卢,0.807354095112108
厃,片,0.8026260133012723
