char1,char2,similarity
厅,厅,1.0
厅,厂,0.8692380508835781
厅,庁,0.8643876217038103
厅,辻,0.8055967808546548
厅,圧,0.8007873268843702
厅,厄,0.7995479988552522
厅,斥,0.7968936486835124
厅,尸,0.7955193780962418
厅,厈,0.7912756169071818
厅,厃,0.7904481327828335
