char1,char2,similarity
厍,厍,1.0
厍,厗,0.8434415796440021
厍,厈,0.7854090649846759
厍,厊,0.7800291950599373
厍,厏,0.7628810628864433
厍,厉,0.7573732399771007
厍,戸,0.7548435829835918
厍,岸,0.750201847760728
厍,厛,0.7466880855297373
厍,帍,0.7465487188996736
