char1,char2,similarity
厉,厉,1.0
厉,尻,0.8187842178007267
厉,厍,0.7573732399771007
厉,戸,0.7538391587991607
厉,历,0.7512507872597223
厉,厗,0.7509288420194177
厉,兏,0.7418536386285483
厉,叧,0.7409995400285002
厉,屵,0.7409805746853761
厉,厓,0.7408324522997433
