char1,char2,similarity
厊,厊,1.0
厊,厗,0.7938936871929324
厊,厍,0.7800291950599373
厊,厎,0.7729259547391879
厊,厏,0.7637873093307048
厊,屏,0.7584963090946787
厊,厈,0.7509665416946616
厊,层,0.7475614916495813
厊,庌,0.7456464872202105
厊,厐,0.7437937633644933
