char1,char2,similarity
压,压,1.0
压,庒,0.808379729979112
压,厓,0.8002278227855385
压,厔,0.7955054024974291
压,居,0.7744964926458269
压,旵,0.7724597575132987
压,历,0.7689230489192512
压,圧,0.7639647414787132
压,严,0.7582358409054915
压,应,0.7563183583585208
