char1,char2,similarity
历,历,1.0
历,厌,0.8020678401005034
历,尸,0.7948697840740373
历,厂,0.7915898324852991
历,仄,0.7785113920195196
历,圧,0.7726176049178631
历,压,0.7689230489192512
历,周,0.764585987782335
历,用,0.7611796312530184
历,氐,0.7601787585788253
