char1,char2,similarity
厎,厎,1.0
厎,兏,0.7729831285602883
厎,厊,0.7729259547391879
厎,屃,0.7593588153568566
厎,厔,0.755732336046921
厎,屑,0.7555841065825698
厎,屇,0.7548039199181152
厎,屆,0.7498733630680231
厎,厓,0.7492369572260021
厎,屈,0.7490715526772995
