char1,char2,similarity
厐,厐,1.0
厐,兏,0.7542932415854059
厐,厏,0.7439865475219215
厐,厊,0.7437937633644933
厐,庬,0.7391640615560869
厐,厅,0.7289259147483772
厐,厖,0.7249802816623625
厐,厎,0.7236272794850784
厐,厛,0.719774057414961
厐,厧,0.7167057418683224
