char1,char2,similarity
厑,厑,1.0
厑,屁,0.7684130407718038
厑,厇,0.7604800540423519
厑,几,0.7567852095975404
厑,兏,0.7552444674751719
厑,凣,0.753518645461135
厑,严,0.7522970223114976
厑,厈,0.7522882915871616
厑,压,0.7507843135700554
厑,厓,0.7502706796294756
