char1,char2,similarity
厔,厔,1.0
厔,厓,0.8352056397368027
厔,压,0.7955054024974291
厔,厪,0.793734741339405
厔,屇,0.756539418100816
厔,厎,0.755732336046921
厔,屃,0.7531165152922277
厔,屛,0.7497611445080102
厔,魇,0.7496797772508553
厔,蓙,0.7484192987392562
