char1,char2,similarity
原,原,1.0
原,厚,0.7758422451427487
原,杘,0.7719432358582103
原,周,0.7718533677001375
原,厈,0.7654695136292432
原,凥,0.7637648857673737
原,厌,0.7564982552428434
原,历,0.7560717717318515
原,辰,0.7538965372651232
原,卮,0.7534624782787207
