char1,char2,similarity
厜,厜,1.0
厜,厒,0.7664973848543667
厜,屉,0.7531300048505468
厜,屆,0.7505453929025376
厜,厪,0.7498602662057932
厜,厯,0.7494753780279364
厜,厧,0.7482103985858183
厜,屠,0.7461132845673338
厜,厘,0.7429068731670728
厜,屜,0.7405823096650953
