char1,char2,similarity
厝,厝,1.0
厝,盾,0.7438712301823841
厝,峕,0.7404225537317412
厝,厛,0.739792875888678
厝,谮,0.7347136564643203
厝,眉,0.7339797176155184
厝,层,0.732715718540789
厝,屵,0.7307390496709782
厝,厖,0.7298642490493596
厝,唐,0.7292222306199833
