char1,char2,similarity
厞,厞,1.0
厞,匪,0.7767853931338417
厞,厓,0.7526684536750944
厞,厑,0.7463534565801871
厞,厗,0.7433353890770703
厞,耴,0.7428402145184257
厞,兏,0.7399854927632307
厞,厯,0.7376601823911615
厞,踊,0.7369722247866705
厞,厉,0.7366322717636007
