char1,char2,similarity
厙,厙,1.0
厙,屖,0.7595923754171411
厙,屌,0.7569327125541742
厙,尿,0.7510685345943197
厙,厣,0.7434534336023971
厙,厡,0.7429041424061484
厙,厍,0.7418491377739974
厙,巵,0.7365414617591479
厙,屉,0.7362262089587969
厙,屠,0.7251081225584715
