char1,char2,similarity
厚,厚,1.0
厚,愿,0.8122376529109196
厚,原,0.7758422451427487
厚,蓐,0.7706804338603288
厚,悘,0.7602387399457459
厚,厈,0.7592072769790758
厚,周,0.7564933319004611
厚,屖,0.7540171167679706
厚,厅,0.7499149963035531
厚,严,0.7495657910371417
