char1,char2,similarity
厪,厪,1.0
厪,厔,0.793734741339405
厪,薼,0.7662035822301642
厪,厓,0.7658909034976022
厪,屜,0.75911705291001
厪,詹,0.7566018641487542
厪,屛,0.7563036934095193
厪,屈,0.7553589651260002
厪,尾,0.7515316096640162
厪,蔰,0.7514350188476996
