char1,char2,similarity
厥,厥,1.0
厥,厰,0.734644125503208
厥,罽,0.7274156741888936
厥,厡,0.7226111368387874
厥,屪,0.7216964946046847
厥,厕,0.7177116464117601
厥,慝,0.7171906058562616
厥,雁,0.715273506615475
厥,靥,0.7145693307263171
厥,厭,0.7095462890774937
