char1,char2,similarity
厨,厨,1.0
厨,屙,0.773713486373106
厨,尉,0.7485758375002057
厨,廚,0.7424210198987877
厨,腭,0.7338299350667887
厨,胟,0.7316196752862092
厨,胆,0.7284697947232766
厨,匣,0.7251694277966845
厨,朑,0.7249054382908379
厨,肵,0.7224022575705558
