char1,char2,similarity
厫,厫,1.0
厫,厰,0.7686286803050334
厫,厪,0.7322591695773797
厫,厯,0.7248488461785851
厫,厓,0.7231037512006526
厫,厖,0.7222583139412412
厫,厔,0.7202477349052546
厫,厞,0.7174945569992839
厫,厬,0.7162138084650522
厫,歴,0.7159503446969919
