char1,char2,similarity
厦,厦,1.0
厦,厲,0.7332591977114364
厦,赝,0.727063281569835
厦,鳳,0.7251452005968824
厦,厮,0.7159691656012201
厦,廋,0.7146308673781181
厦,贗,0.7144181166373774
厦,廑,0.7102542785352679
厦,廈,0.7083550509850725
厦,嶏,0.705745507133962
