char1,char2,similarity
厵,厵,1.0
厵,贗,0.673634338438816
厵,纍,0.673150852351769
厵,蟸,0.6705016213298841
厵,贔,0.6699193845235862
厵,鼍,0.6687035952449827
厵,鳳,0.6675859197017031
厵,驫,0.6669350673483184
厵,劚,0.6634069662115429
厵,厲,0.663110041099964
