char1,char2,similarity
厯,厯,1.0
厯,歴,0.7572183963913046
厯,厓,0.7536612616952091
厯,厜,0.7494753780279364
厯,屉,0.7393917809311397
厯,厞,0.7376601823911615
厯,厒,0.7370939656924338
厯,厪,0.73592292099525
厯,蜃,0.7332457632538502
厯,压,0.7293030748321547
