char1,char2,similarity
厬,厬,1.0
厬,層,0.7598078375122561
厬,屢,0.7439885232284439
厬,蜃,0.7354637921527679
厬,屬,0.7314695198409767
厬,厪,0.7308987466027372
厬,厓,0.7272005036964972
厬,屧,0.7271290693951736
厬,厛,0.7269170274270771
厬,屡,0.7266569322684505
