char1,char2,similarity
厸,厸,1.0
厸,灬,0.7582963061622103
厸,丩,0.7447480996605318
厸,丷,0.743026565040285
厸,冫,0.7360726912425759
厸,一,0.7353314185292726
厸,乚,0.7348718603234163
厸,圠,0.7344449154945754
厸,乂,0.7337159367315523
厸,丶,0.7326049195106996
