char1,char2,similarity
厶,厶,1.0
厶,八,0.8133235913779473
厶,冫,0.8039934165225694
厶,灬,0.7958689154859394
厶,丶,0.7934475239351283
厶,么,0.7843613636300425
厶,凣,0.7811574760361993
厶,丆,0.7794264143841358
厶,丨,0.778039870547365
厶,乁,0.7758729150359
