char1,char2,similarity
厺,厺,1.0
厺,厹,0.8256507344356964
厺,杏,0.7743191226032892
厺,玄,0.7702784332492207
厺,圶,0.7698876625861298
厺,夳,0.7597687986428936
厺,态,0.7490632045791243
厺,吉,0.7486379573060965
厺,在,0.7456162756860144
厺,冭,0.7451748922688979
