char1,char2,similarity
叇,叇,1.0
叇,嗹,0.7338959852981911
叇,墶,0.7065515009324012
叇,褳,0.7029629227698753
叇,湕,0.7016540448795201
叇,垯,0.7005300357688391
叇,漣,0.6954740894814273
叇,睷,0.6907657430073643
叇,趠,0.6896784041348151
叇,劬,0.689210039647107
