char1,char2,similarity
友,友,1.0
友,犮,0.7982971982098265
友,支,0.7877671217235503
友,左,0.7784717883045458
友,厷,0.7653233425707098
友,玄,0.757856141205657
友,丆,0.7575859982412423
友,吉,0.7540411214505601
友,宐,0.7527811389679522
友,市,0.748370888057025
