char1,char2,similarity
双,双,1.0
双,泿,0.7459671320873952
双,乁,0.7347803347625412
双,及,0.7344477973782034
双,紁,0.7322143859442191
双,仄,0.7321200937072334
双,驭,0.7312222147056643
双,汉,0.7307339887455465
双,炆,0.7293217717087863
双,氶,0.727717514787768
