char1,char2,similarity
反,反,1.0
反,歹,0.7675950555721329
反,后,0.766981464997985
反,厂,0.7665874800576551
反,尸,0.765616454062066
反,厅,0.7623042532779505
反,汊,0.7570425140530341
反,斥,0.753592344554628
反,尺,0.7512752543541107
反,仄,0.7503487383736374
