char1,char2,similarity
叐,叐,1.0
叐,发,0.7717080445738115
叐,罗,0.751084250613955
叐,没,0.7505222027584548
叐,亐,0.7503510853147505
叐,亡,0.7405984066501431
叐,臿,0.7387865968204379
叐,爱,0.7361793427254362
叐,亘,0.7361650936574595
叐,及,0.7292886089243901
