char1,char2,similarity
及,及,1.0
及,八,0.7815425722931428
及,乁,0.7615985569168513
及,歹,0.7604936582181998
及,示,0.7576770380092808
及,乂,0.7541507670347933
及,了,0.7507935769735085
及,冫,0.7504213613137166
及,反,0.7482556885947502
及,犮,0.7436292464122745
