char1,char2,similarity
叓,叓,1.0
叓,更,0.8068875553814006
叓,斐,0.776736001993088
叓,麦,0.7719172800863678
叓,甹,0.767303587167522
叓,变,0.7657021228353561
叓,芰,0.7647369759403473
叓,変,0.7631170674315461
叓,叜,0.7570783089369402
叓,畠,0.7537914562141541
