char1,char2,similarity
叕,叕,1.0
叕,叒,0.8011709267938948
叕,虿,0.7236451139342834
叕,癹,0.7166218774330103
叕,丣,0.7083003509185064
叕,咢,0.7061212806841343
叕,叧,0.7049384141831154
叕,昰,0.7014166414221915
叕,畐,0.7006731649985339
叕,贾,0.6982020145101538
