char1,char2,similarity
叙,叙,1.0
叙,敛,0.7613563960312753
叙,寂,0.7598044811989282
叙,斜,0.7469657617658393
叙,敘,0.7464956716823682
叙,叔,0.7420563447003882
叙,教,0.7372906543953639
叙,栽,0.736826695203218
叙,臤,0.7297311368381821
叙,敍,0.728490462814325
