char1,char2,similarity
叟,叟,1.0
叟,罣,0.7732445893451451
叟,男,0.7488707516955183
叟,畁,0.7403551460126584
叟,巠,0.7345969035373217
叟,亗,0.7321930882537883
叟,旵,0.7311781952324459
叟,更,0.7305157032931819
叟,周,0.7304928092463354
叟,壴,0.7289604481215329
