char1,char2,similarity
句,句,1.0
句,勹,0.8492054751250624
句,勻,0.8201223635727081
句,勺,0.7975525494513808
句,匀,0.7967966631056587
句,旬,0.7896039051621836
句,勾,0.7844218399550297
句,匃,0.7839237858137743
句,勼,0.7798041048558823
句,勽,0.7796644427245063
