char1,char2,similarity
叧,叧,1.0
叧,呙,0.8106070492301778
叧,另,0.7953337205538115
叧,爿,0.7863504589419507
叧,只,0.7797186430093859
叧,呆,0.7712075387751024
叧,兒,0.7709441857705182
叧,足,0.7682634942606527
叧,呈,0.7673817992389982
叧,艻,0.7633723177562499
