char1,char2,similarity
叫,叫,1.0
叫,叭,0.7871304556541728
叫,川,0.7698433107718775
叫,刂,0.7640539747134734
叫,丶,0.7568302213599871
叫,时,0.7559878508223357
叫,凵,0.7550870665478217
叫,胆,0.7537205508920403
叫,叺,0.7515700381672504
叫,州,0.7492210498208697
