char1,char2,similarity
可,可,1.0
可,爫,0.793681510327525
可,丁,0.793163421579482
可,厂,0.7885267884544452
可,矴,0.7845914155947453
可,万,0.781850078305168
可,付,0.7783139642379802
可,习,0.7777732167465631
可,丅,0.7772718053262856
可,卪,0.7712937906388132
