char1,char2,similarity
只,只,1.0
只,卪,0.8016828579841567
只,兄,0.8010372029337044
只,兴,0.8002160081327927
只,戶,0.796317115797593
只,尸,0.7884148766829507
只,乁,0.7878583978365142
只,人,0.7875937037112601
只,月,0.7825956561755436
只,入,0.7804044725418615
