char1,char2,similarity
叱,叱,1.0
叱,圠,0.7852299206464352
叱,吒,0.7778790944197385
叱,儿,0.7758553198989572
叱,叿,0.7751291523128024
叱,此,0.7715398460116009
叱,吐,0.7694219607934795
叱,乵,0.7689627407157769
叱,臫,0.76202370158259
叱,北,0.7596027379315157
