char1,char2,similarity
召,召,1.0
召,目,0.8057215992928198
召,百,0.8054456493118793
召,否,0.7791146562327431
召,弓,0.777162879948425
召,月,0.7767692454392756
召,舌,0.7638754556401152
召,台,0.7615780348194495
召,日,0.7614180711380241
召,平,0.7601811621030823
