char1,char2,similarity
叭,叭,1.0
叭,扒,0.8080126897231061
叭,叫,0.7871304556541728
叭,叺,0.7834790368111243
叭,听,0.7716628062527753
叭,旷,0.7597229974217706
叭,趴,0.7580901012562319
叭,亅,0.7531570806618108
叭,灬,0.7518099575768924
叭,玑,0.7500220039171225
