char1,char2,similarity
右,右,1.0
右,乛,0.7898868373474979
右,占,0.7844751523233413
右,方,0.7819951229893708
右,左,0.7765680064913164
右,击,0.7738637420014127
右,古,0.7672574424565479
右,户,0.7628631444564272
右,忘,0.7615161965242038
右,亢,0.7606586304139143
