char1,char2,similarity
史,史,1.0
史,兂,0.7812228246201641
史,丿,0.7807601309855693
史,支,0.7807103784188286
史,丄,0.776796762207384
史,口,0.7744453769593506
史,吏,0.7720053873440175
史,击,0.7663589562583802
史,尐,0.765444412076793
史,丨,0.7635204095157823
