char1,char2,similarity
叵,叵,1.0
叵,匚,0.860772480057124
叵,冂,0.7872908211735481
叵,巨,0.7863804767543287
叵,邑,0.7843151218765091
叵,臣,0.7839188603232303
叵,匝,0.7763154434874582
叵,亜,0.7704366926465472
叵,匪,0.7675823732595677
叵,冋,0.7654621280869748
