char1,char2,similarity
叶,叶,1.0
叶,廿,0.8260692620378995
叶,吀,0.8166820679057331
叶,吽,0.8118556651382504
叶,計,0.8114874674551059
叶,旰,0.8013626046628856
叶,卄,0.7997211980354016
叶,丩,0.797029848592909
叶,吁,0.7934574050505638
叶,竍,0.7911590700299878
