char1,char2,similarity
叹,叹,1.0
叹,呅,0.798727364191611
叹,吗,0.7843718087083131
叹,収,0.7801758895933021
叹,旼,0.7791869953081973
叹,呚,0.7719703850544265
叹,听,0.7621051763549469
叹,吹,0.7582601135008799
叹,叮,0.7563999880421334
叹,吸,0.7503723990145623
