char1,char2,similarity
叴,叴,1.0
叴,咅,0.7966988672738031
叴,卆,0.7950872409459404
叴,呰,0.7869646736705385
叴,呇,0.7857027385343399
叴,旮,0.7846993577472844
叴,苦,0.7630433994904576
叴,苫,0.7627365680593158
叴,吢,0.7611034948877643
叴,厹,0.7601302731410644
