char1,char2,similarity
吀,吀,1.0
吀,旰,0.8471254617399036
吀,吇,0.8248655698412842
吀,吘,0.8187119270270871
吀,叶,0.8166820679057331
吀,圲,0.8081748384909299
吀,竏,0.7986471204446373
吀,盱,0.7949804334372357
吀,吁,0.7919534503068164
吀,吽,0.7853589864123328
