char1,char2,similarity
各,各,1.0
各,冬,0.8102318344510172
各,吝,0.7909583643918903
各,莕,0.7585940207235103
各,咨,0.7488250712883214
各,卋,0.7460681255576561
各,荅,0.7449314993241045
各,言,0.7414144580862273
各,一,0.7406687860443716
各,丶,0.7404465189090563
