char1,char2,similarity
叿,叿,1.0
叿,吖,0.8119189693905224
叿,吇,0.8043346831780493
叿,蚟,0.7978353514353036
叿,屸,0.7972912750183873
叿,吐,0.7917949247365016
叿,旴,0.7888910032853834
叿,叮,0.7851244434583164
叿,讧,0.7843665167041775
叿,丌,0.7836853062925404
