char1,char2,similarity
叾,叾,1.0
叾,盃,0.7721788356415891
叾,孒,0.771756144859089
叾,亅,0.7710833352227363
叾,丄,0.7682876443488532
叾,目,0.7651675509268968
叾,丿,0.7635399547741399
叾,了,0.7606075358986909
叾,丶,0.7594515874916508
叾,丅,0.7593849782899476
