char1,char2,similarity
吁,吁,1.0
吁,盱,0.8433819312290436
吁,旰,0.8403221960024864
吁,盰,0.8206423739491616
吁,弙,0.8167043109876619
吁,眝,0.8132372035864756
吁,叶,0.7934574050505638
吁,吇,0.7929235294695192
吁,吀,0.7919534503068164
吁,阡,0.7904737189118296
