char1,char2,similarity
吃,吃,1.0
吃,呓,0.8156040301947762
吃,盵,0.7997775988404
吃,吩,0.7801671816477982
吃,汔,0.7762003259529097
吃,咆,0.7756142231997811
吃,咜,0.7750527731198996
吃,哇,0.7734808790877772
吃,呚,0.7686707655784949
吃,吪,0.7649378922797794
