char1,char2,similarity
叽,叽,1.0
叽,讥,0.795854410672456
叽,吼,0.778768261288964
叽,吭,0.7653207988894047
叽,盺,0.7568833910347685
叽,昵,0.7555595758842687
叽,听,0.755376582106437
叽,屼,0.7542674510155523
叽,盶,0.7530585486689463
叽,叮,0.7527778287141634
