char1,char2,similarity
吆,吆,1.0
吆,呍,0.7740284457038895
吆,吐,0.7605436040136606
吆,吙,0.7581256037022205
吆,吜,0.7389315006375138
吆,吟,0.7382773091922801
吆,眩,0.7368032292939555
吆,吷,0.7336622959345498
吆,呟,0.731440088660907
吆,胠,0.7295943278746959
