char1,char2,similarity
同,同,1.0
同,间,0.8343562859121837
同,问,0.8202541436316794
同,囘,0.8194384008833421
同,冋,0.8155515951853914
同,冃,0.8155141982966446
同,闻,0.812436492497268
同,门,0.8091061987880042
同,冂,0.807668648528296
同,囗,0.7974343072544394
