char1,char2,similarity
吇,吇,1.0
吇,吀,0.8248655698412842
吇,旰,0.8183578037035422
吇,吥,0.8090603963092254
吇,叿,0.8043346831780493
吇,呍,0.7987737839730994
吇,吁,0.7929235294695192
吇,吖,0.7924388169111943
吇,抒,0.7888212012129479
吇,叮,0.7828554717591478
