char1,char2,similarity
吖,吖,1.0
吖,叿,0.8119189693905224
吖,吇,0.7924388169111943
吖,旴,0.7871831923641293
吖,丌,0.7841519690083959
吖,叮,0.7832044792730164
吖,冖,0.7745232870159432
吖,吽,0.7700308376019129
吖,卟,0.7692733882297972
吖,叶,0.768564124480159
