char1,char2,similarity
吘,吘,1.0
吘,吀,0.8187119270270871
吘,忤,0.7928032814716718
吘,旿,0.7896948115397183
吘,吽,0.7893158093887538
吘,吋,0.7824177780179608
吘,旷,0.7818960444447782
吘,許,0.781575876128881
吘,咛,0.7799552355148672
吘,丆,0.7771622292412156
