char1,char2,similarity
吗,吗,1.0
吗,玛,0.8053860098729207
吗,叹,0.7843718087083131
吗,呌,0.7784270501926094
吗,杩,0.7716753985292645
吗,妈,0.7628399772245618
吗,鸣,0.7556620634904017
吗,叮,0.7490943722697808
吗,祃,0.7464421569168483
吗,咵,0.7454470003437456
