char1,char2,similarity
吙,吙,1.0
吙,吷,0.791397531654689
吙,阦,0.791383375498437
吙,炏,0.7796878496122194
吙,轪,0.7746372189549685
吙,叺,0.7745812140681244
吙,钬,0.771394133531471
吙,吹,0.7712404469128731
吙,咉,0.7665540591363652
吙,呹,0.7625067632601136
