char1,char2,similarity
吠,吠,1.0
吠,吷,0.778015640137052
吠,队,0.7760953090663373
吠,呔,0.7696526269680424
吠,忕,0.7678230549831143
吠,吹,0.7667217474684076
吠,炚,0.7591711327222226
吠,伏,0.7581020232542789
吠,呅,0.7572654941621946
吠,吤,0.7570136398486189
