char1,char2,similarity
吞,吞,1.0
吞,岙,0.7770845722013588
吞,忝,0.7716408117477808
吞,谷,0.7554089105055216
吞,甘,0.7550395707001809
吞,呑,0.7523987735501273
吞,贡,0.7434015563974181
吞,艹,0.7427911949866776
吞,各,0.7323481994682925
吞,目,0.7296012812442275
