char1,char2,similarity
吢,吢,1.0
吢,咅,0.8178868475932518
吢,呇,0.8017849097229195
吢,吉,0.7991517888216236
吢,吿,0.7911302091414041
吢,合,0.7870418719822214
吢,告,0.7867038599477607
吢,吂,0.7745492492610689
吢,苦,0.7646590494901884
吢,叴,0.7611034948877643
