char1,char2,similarity
君,君,1.0
君,岩,0.7635291448283746
君,县,0.7531645701345989
君,吾,0.7499279544593397
君,居,0.7473674777481266
君,艮,0.7441738963087753
君,邑,0.7402904577581583
君,尝,0.73796085409689
君,目,0.7357323881930758
君,届,0.7334337736581305
