char1,char2,similarity
吡,吡,1.0
吡,玭,0.7858012953689156
吡,阰,0.7789602107839552
吡,咄,0.7739489472170781
吡,吮,0.7671459845616638
吡,吻,0.7564786880192774
吡,哏,0.7469560967713944
吡,呭,0.7468476285766085
吡,叶,0.7462583196121614
吡,批,0.745183637288299
