char1,char2,similarity
吭,吭,1.0
吭,砊,0.7886116736687834
吭,沆,0.7777795383338753
吭,坑,0.7767408825248058
吭,阬,0.7752097738804262
吭,吼,0.7737140562093939
吭,味,0.7707379161152959
吭,呪,0.7688412855861415
吭,叽,0.7653207988894047
吭,咷,0.7643723979463866
