char1,char2,similarity
吪,吪,1.0
吪,杹,0.7689626665986742
吪,哯,0.7653430070373167
吪,吃,0.7649378922797794
吪,咷,0.7643514474860071
吪,吼,0.7605462623216637
吪,呪,0.7592459686734996
吪,哾,0.7580186568022588
吪,吭,0.7578784688629073
吪,咐,0.7554137597614433
