char1,char2,similarity
吨,吨,1.0
吨,旽,0.7954642075326681
吨,纯,0.7835349833304536
吨,吒,0.7748463874642474
吨,沌,0.7744292424455971
吨,盹,0.7729977622421399
吨,坉,0.7687914678398321
吨,呸,0.768684410916724
吨,吧,0.7682421223243665
吨,饨,0.7675346098995786
