char1,char2,similarity
含,含,1.0
含,舎,0.8192070956705187
含,舍,0.8063773432414656
含,伞,0.7785355196679943
含,合,0.7701916163984713
含,念,0.767573525223843
含,命,0.7631534054621165
含,亡,0.7580435026316148
含,食,0.7555226512764553
含,全,0.7552620939010509
