char1,char2,similarity
吥,吥,1.0
吥,阫,0.8195349902455653
吥,吇,0.8090603963092254
吥,呯,0.7881816920891636
吥,吽,0.7781557677641925
吥,呸,0.7761513238926739
吥,呍,0.7745445245148208
吥,环,0.774453652334132
吥,盰,0.7726023619984945
吥,妚,0.770500078587764
