char1,char2,similarity
吰,吰,1.0
吰,咗,0.7671956060352679
吰,呿,0.7489498889893521
吰,纮,0.745067405058128
吰,呫,0.7375621750868334
吰,呠,0.7333971200815422
吰,丈,0.7231078753554109
吰,咙,0.7217961611690574
吰,乚,0.7181686897618558
吰,咕,0.7179575791469194
