char1,char2,similarity
吳,吳,1.0
吳,呉,0.8061113808040301
吳,县,0.763866205833388
吳,英,0.758623358493737
吳,弄,0.7523766247894408
吳,芵,0.7511974487220143
吳,欠,0.7460687242362516
吳,旲,0.7453910658097875
吳,镸,0.7427253969427385
吳,屶,0.7402831023422206
