char1,char2,similarity
吮,吮,1.0
吮,呪,0.7796951233342571
吮,沇,0.7696889623703462
吮,吡,0.7671459845616638
吮,咣,0.7597484255465574
吮,吭,0.756431713805106
吮,狁,0.7553036461939432
吮,咆,0.751558767677313
吮,抁,0.7504305747487428
吮,呤,0.7489051072453773
