char1,char2,similarity
吸,吸,1.0
吸,叹,0.7503723990145623
吸,彶,0.7503343612792449
吸,级,0.7423542313637465
吸,极,0.7365422099356308
吸,訯,0.7357018145172176
吸,咓,0.7322261535941469
吸,听,0.7317011056258215
吸,忣,0.7314382353858704
吸,阪,0.7302028836634158
