char1,char2,similarity
呁,呁,1.0
呁,呴,0.7805604541606116
呁,盷,0.7614059635254531
呁,吘,0.7608083553559905
呁,昀,0.7533292815945815
呁,吽,0.751612857046487
呁,訽,0.7480894702544002
呁,呥,0.7421430782167082
呁,坸,0.7397838046716302
呁,呅,0.7395352172015343
