char1,char2,similarity
呀,呀,1.0
呀,咞,0.768526267138933
呀,呮,0.7466058927790424
呀,町,0.7451961856476527
呀,咔,0.7451154200553232
呀,吩,0.7444258146026809
呀,讶,0.74362298817816
呀,哎,0.7400137825261206
呀,哏,0.7392250562145319
呀,盼,0.7296259810235419
