char1,char2,similarity
吺,吺,1.0
吺,設,0.8012405791318644
吺,竐,0.7902987625162524
吺,砓,0.7883128512898865
吺,杸,0.7844980566532403
吺,坄,0.7772308875963461
吺,炈,0.7584191178759485
吺,吤,0.7543691235008846
吺,毁,0.7539528513284004
吺,段,0.7508634962423094
