char1,char2,similarity
吹,吹,1.0
吹,吷,0.8118692559864782
吹,欢,0.795336810530139
吹,阦,0.7898118355328362
吹,坎,0.7839030403571027
吹,咉,0.7811347544067974
吹,忺,0.7714456364756941
吹,呅,0.7713058301179322
吹,吙,0.7712404469128731
吹,杴,0.7688667391218694
