char1,char2,similarity
吼,吼,1.0
吼,犼,0.8245475058072891
吼,叽,0.778768261288964
吼,吭,0.7737140562093939
吼,吪,0.7605462623216637
吼,阶,0.759163921300892
吼,叮,0.7430363792983565
吼,咷,0.7422890542550253
吼,咓,0.7409129970648709
吼,讥,0.738793316454917
