char1,char2,similarity
呄,呄,1.0
呄,舍,0.7498328348393809
呄,晋,0.749519438872853
呄,虿,0.7384011021317278
呄,爭,0.7342705193247593
呄,去,0.7309092970131599
呄,噕,0.7294721973087346
呄,官,0.7294536971656904
呄,舎,0.7280477048301971
呄,留,0.725802745754529
