char1,char2,similarity
呂,呂,1.0
呂,吕,0.8606316786322649
呂,另,0.827522718804489
呂,吊,0.8055392201561827
呂,昌,0.7954498131389315
呂,目,0.7811001809804985
呂,尽,0.7771377479586659
呂,后,0.764950594791862
呂,弓,0.7610705153178295
呂,月,0.7601845860489833
