char1,char2,similarity
呐,呐,1.0
呐,吶,0.8021969003298278
呐,訥,0.7909302843658209
呐,衲,0.7675454430470416
呐,呥,0.7666955390763893
呐,呻,0.7630147333517419
呐,吧,0.7540132388471645
呐,哠,0.7527180984741053
呐,钠,0.7513194309590079
呐,咜,0.7511382599887876
