char1,char2,similarity
呕,呕,1.0
呕,眶,0.7687214930405188
呕,呾,0.7666402216037137
呕,哩,0.7644616693684492
呕,咺,0.7606955732222626
呕,抠,0.7488586076046141
呕,讴,0.7443643791503185
呕,呵,0.743686672882005
呕,哐,0.7390010301962268
呕,怄,0.7359611484501193
