char1,char2,similarity
呌,呌,1.0
呌,吤,0.8087226398961895
呌,吋,0.7932491914249975
呌,阧,0.7861598901498325
呌,钭,0.7834254232970956
呌,吗,0.7784270501926094
呌,炓,0.7741224449833273
呌,吥,0.7681436847398908
呌,咞,0.7667811838494205
呌,抖,0.7638845564172408
