char1,char2,similarity
呎,呎,1.0
呎,哫,0.7889638708952798
呎,呮,0.7783493337571494
呎,沢,0.7688646387710196
呎,呩,0.7556633073866046
呎,昵,0.7549497213580545
呎,呢,0.7512202920350602
呎,吠,0.7498722229438908
呎,叽,0.7460816319231729
呎,哯,0.7427457921565704
