char1,char2,similarity
呍,呍,1.0
呍,吇,0.7987737839730994
呍,沄,0.7807428747772566
呍,吥,0.7745445245148208
呍,眃,0.7743956205560766
呍,吆,0.7740284457038895
呍,吚,0.761722248635835
呍,吐,0.760325503602608
呍,吀,0.7573388573996082
呍,呌,0.7567017761893752
