char1,char2,similarity
呑,呑,1.0
呑,番,0.7895185971004844
呑,香,0.7823847904190673
呑,吾,0.771235343583716
呑,乔,0.7665545580159007
呑,昋,0.7632289563792329
呑,秃,0.7554599146281161
呑,吞,0.7523987735501273
呑,禿,0.7505228391215861
呑,蚕,0.7477962629352616
