char1,char2,similarity
呒,呒,1.0
呒,吁,0.7387536094261093
呒,呪,0.7348868130027125
呒,眐,0.7338768902213069
呒,眈,0.7275761985794215
呒,盶,0.7275246882826895
呒,怃,0.7267128749907642
呒,眖,0.7213029875413351
呒,卄,0.7212642216791313
呒,哏,0.7195325552047686
