char1,char2,similarity
呗,呗,1.0
呗,唢,0.7513754707367343
呗,哽,0.7500652566233803
呗,喋,0.747444000443138
呗,嗝,0.7461153173704586
呗,呷,0.7421736309411924
呗,垻,0.7363424840182298
呗,喁,0.7354596206565787
呗,呵,0.7345422037808288
呗,哏,0.7300970759167512
