char1,char2,similarity
呚,呚,1.0
呚,收,0.8615171651138966
呚,呅,0.8480491828924756
呚,攻,0.813905288816763
呚,坆,0.8022120997527757
呚,旼,0.7976201154355596
呚,盿,0.7806200971319569
呚,吤,0.7749829717315616
呚,叹,0.7719703850544265
呚,孜,0.7693418476025865
