char1,char2,similarity
呞,呞,1.0
呞,呴,0.790152941766839
呞,哃,0.778483013898511
呞,泀,0.7663600012070959
呞,哅,0.7640502545510323
呞,啢,0.7592082233824344
呞,呬,0.7570317083679756
呞,呺,0.7528236328488893
呞,唡,0.7482057004479912
呞,伺,0.7468812387139717
