char1,char2,similarity
呜,呜,1.0
呜,鸣,0.8050721858547617
呜,鸡,0.781353080663955
呜,坞,0.7675844125870595
呜,呴,0.7586945623501259
呜,啅,0.7468618195247051
呜,呞,0.7422088591880925
呜,咰,0.7416659708675036
呜,吶,0.7396686488027332
呜,鳴,0.7375954681462963
