char1,char2,similarity
呙,呙,1.0
呙,叧,0.8106070492301778
呙,冎,0.7940221578305011
呙,晑,0.7924865403282074
呙,呆,0.781333140979042
呙,吊,0.759412307526021
呙,卨,0.756715895633919
呙,鬲,0.7542181733631255
呙,呈,0.7534192503431136
呙,只,0.7488775346891058
