char1,char2,similarity
呖,呖,1.0
呖,牣,0.7515523375771751
呖,沥,0.748793801509761
呖,咽,0.7382021270186748
呖,呻,0.7349315484468358
呖,啹,0.7331468810401968
呖,旫,0.7316275058100353
呖,呝,0.7311590965654091
呖,唈,0.7300260106637275
呖,唳,0.729553133644528
