char1,char2,similarity
呤,呤,1.0
呤,柃,0.7978591380459454
呤,怜,0.7917754927777639
呤,阾,0.7850264151759933
呤,炩,0.7784564696223012
呤,彾,0.7747330300019118
呤,朎,0.7683372187118943
呤,袊,0.7656329908857531
呤,喑,0.7649968609290679
呤,冷,0.7639279843008795
