char1,char2,similarity
呣,呣,1.0
呣,哷,0.7849644496435654
呣,哹,0.777883060013258
呣,呺,0.7745197628551371
呣,姆,0.7732270696465188
呣,哻,0.7680146383498347
呣,哫,0.7672426109007977
呣,鸣,0.7671772185746812
呣,呪,0.760976424357967
呣,咍,0.7608154553449789
