char1,char2,similarity
呢,呢,1.0
呢,呃,0.8270875187381118
呢,哫,0.7691913792131032
呢,坭,0.7655963869304699
呢,昵,0.7653039691337991
呢,伲,0.7602934397208649
呢,呡,0.7585981676341929
呢,呎,0.7512202920350602
呢,呩,0.7507652810147484
呢,咓,0.7505906815211015
