char1,char2,similarity
呦,呦,1.0
呦,眑,0.753921011342117
呦,咝,0.7424469154770514
呦,坳,0.7250530004692043
呦,啾,0.7203001741704442
呦,嗌,0.719492945218321
呦,啲,0.7189674154454108
呦,怮,0.7136784121856379
呦,咻,0.7088794437396542
呦,泑,0.7087610958172228
