char1,char2,similarity
呲,呲,1.0
呲,皉,0.7738991483996189
呲,响,0.7691031371488646
呲,哌,0.7604519791352632
呲,喕,0.7601601147197927
呲,眦,0.7577626785868146
呲,啞,0.7537600578742479
呲,哄,0.7512511426837436
呲,咷,0.7511424933049458
呲,啡,0.749631193637197
