char1,char2,similarity
呱,呱,1.0
呱,泒,0.8050027817937973
呱,沠,0.7302374934465483
呱,呬,0.7232936582691425
呱,唧,0.7163714461887412
呱,町,0.7160917780379761
呱,喱,0.7141031051445696
呱,眦,0.7123816252643015
呱,啁,0.7088704834411281
呱,嗵,0.707201591234799
