char1,char2,similarity
呬,呬,1.0
呬,晒,0.7969268713344122
呬,唒,0.7746047082893636
呬,哂,0.7630888663296188
呬,吅,0.7576292330324563
呬,呞,0.7570317083679756
呬,唖,0.756529962532067
呬,唡,0.7520077374875994
呬,咽,0.7488638073974606
呬,徊,0.7485267898404643
