char1,char2,similarity
呰,呰,1.0
呰,啙,0.8235278996443844
呰,叴,0.7869646736705385
呰,苦,0.7868698477635206
呰,咅,0.7827692629181778
呰,吂,0.7762840985450388
呰,啔,0.7715379332662954
呰,吿,0.7680989123385414
呰,呇,0.7637651910860573
呰,啓,0.7597961852425451
