char1,char2,similarity
呸,呸,1.0
呸,旺,0.814621707379874
呸,岯,0.7892084948549849
呸,吥,0.7761513238926739
呸,阫,0.7697586019332127
呸,吨,0.768684410916724
呸,咀,0.7674133935556212
呸,吒,0.7640893219373185
呸,吧,0.7592162075174458
呸,叿,0.7521950334988079
