char1,char2,similarity
呺,呺,1.0
呺,呮,0.78507467740203
呺,哷,0.7830266427764736
呺,咡,0.780762302430008
呺,哰,0.7769013023108611
呺,呪,0.7748334875947706
呺,呣,0.7745197628551371
呺,咞,0.7723134069404197
呺,哻,0.7690617736527704
呺,呥,0.7688260843676976
