char1,char2,similarity
命,命,1.0
命,侖,0.7958988316027554
命,舍,0.7651730748683582
命,含,0.7631534054621165
命,兪,0.7571202904804524
命,奅,0.7540346520611204
命,令,0.7515265758684722
命,食,0.7478868601847957
命,佹,0.7463532951644531
命,亠,0.7419694896237284
