char1,char2,similarity
呵,呵,1.0
呵,阿,0.7909820404766141
呵,坷,0.7787887562878161
呵,珂,0.7747404840652989
呵,呭,0.7663409698917492
呵,诃,0.765574915950297
呵,咐,0.7541029289718763
呵,曍,0.7525046315034036
呵,咺,0.7498346417245286
呵,呯,0.7479400928014185
