char1,char2,similarity
咅,咅,1.0
咅,吢,0.8178868475932518
咅,呇,0.8163623545061072
咅,苦,0.8088415188105205
咅,吂,0.8037336086331397
咅,叴,0.7966988672738031
咅,合,0.7845717408469567
咅,呰,0.7827692629181778
咅,言,0.7812590755142113
咅,普,0.7760371598151697
