char1,char2,similarity
呾,呾,1.0
呾,咺,0.8261197425951375
呾,哣,0.7990274915368265
呾,咥,0.7937930343842231
呾,哩,0.7871663496021524
呾,呭,0.7825418669677222
呾,唈,0.7795993261214399
呾,咀,0.777605566913764
呾,呥,0.7759005176178896
呾,坦,0.7755617274725489
