char1,char2,similarity
呿,呿,1.0
呿,呫,0.8106804796751879
呿,呋,0.7961635413437858
呿,珐,0.7879798027453231
呿,抾,0.7860848067488698
呿,阹,0.771564473810442
呿,呹,0.7704456426548036
呿,呟,0.767901859741336
呿,咮,0.762251847100194
呿,咜,0.7617143204178102
