char1,char2,similarity
咇,咇,1.0
咇,吣,0.76662116027608
咇,珌,0.7504297511002883
咇,咜,0.7477178835831744
咇,咉,0.7429443857563909
咇,咮,0.7379105297256856
咇,咵,0.7315102661406083
咇,吜,0.7309804651784532
咇,呹,0.7309031351113837
咇,吃,0.7291432116630958
