char1,char2,similarity
咀,咀,1.0
咀,诅,0.8131038792779615
咀,阻,0.8045525642539533
咀,珇,0.7992546982954716
咀,呾,0.777605566913764
咀,吧,0.7771778849380797
咀,呸,0.7674133935556212
咀,呭,0.7602276506177904
咀,吩,0.7601989967789254
咀,组,0.7560606956619323
