char1,char2,similarity
咑,咑,1.0
咑,哘,0.8014546231263239
咑,咁,0.7547964418776053
咑,唭,0.7532589025749205
咑,咡,0.7509074048990567
咑,丨,0.7479369259169392
咑,扌,0.7461662536376956
咑,小,0.7450383589892628
咑,中,0.7436607662272856
咑,呏,0.739797553675925
