char1,char2,similarity
咎,咎,1.0
咎,答,0.7528123475823191
咎,舎,0.7503453086072092
咎,含,0.7430552590806234
咎,莕,0.7390961722566033
咎,菩,0.7348400337245178
咎,各,0.7327087422619062
咎,首,0.7301368121620451
咎,舍,0.729697283865963
咎,昔,0.7291443890848509
