char1,char2,similarity
咉,咉,1.0
咉,呹,0.8539255130614957
咉,咲,0.8052487581185135
咉,抰,0.7992140687058956
咉,怏,0.7975138789202999
咉,唊,0.7953858136000884
咉,映,0.7921590166765262
咉,吷,0.7864873969734499
咉,眏,0.7831769804447736
咉,吹,0.7811347544067974
