char1,char2,similarity
咊,咊,1.0
咊,呩,0.7956650323093281
咊,咪,0.7906937613680403
咊,咶,0.7631552816526874
咊,味,0.7629934912653894
咊,咏,0.761648655009232
咊,哻,0.7570804781732886
咊,啋,0.7546583098707191
咊,唋,0.7516469502205507
咊,吒,0.7449736021321479
