char1,char2,similarity
咙,咙,1.0
咙,陇,0.8206733646089246
咙,垅,0.805155383762154
咙,拢,0.7909561595475235
咙,眬,0.7815214324866906
咙,栊,0.7559032955031478
咙,吭,0.7542395550086332
咙,珑,0.7509601513907713
咙,哤,0.7483142468483196
咙,呠,0.7434182975690552
