char1,char2,similarity
咖,咖,1.0
咖,拁,0.7337766070584649
咖,啕,0.721599453581747
咖,甽,0.7156616039270721
咖,喞,0.7049230407939436
咖,喐,0.7014333858411274
咖,嘘,0.6978786902879612
咖,哃,0.6963683399770544
咖,唣,0.6958649916754799
咖,咄,0.6958593768435442
