char1,char2,similarity
咛,咛,1.0
咛,狞,0.7905816727378077
咛,吘,0.7799552355148672
咛,詝,0.7786800158883971
咛,眝,0.7756765211178065
咛,咹,0.774103910970912
咛,竚,0.7735291540713292
咛,拧,0.7702236383911046
咛,哰,0.7701910887096768
咛,咋,0.7698051061419373
