char1,char2,similarity
咚,咚,1.0
咚,柊,0.7805293171405917
咚,佟,0.7785774411539739
咚,泈,0.7655165404820012
咚,昸,0.7639797279858432
咚,呤,0.7502514091417644
咚,炵,0.7467238730965204
咚,终,0.7466426957206621
咚,嗒,0.7414009710285943
咚,哮,0.7386032668185623
