char1,char2,similarity
咘,咘,1.0
咘,哊,0.819819107367335
咘,哰,0.8101899879873786
咘,呟,0.7922568905595958
咘,哖,0.765920671029661
咘,吘,0.7628276310346914
咘,咈,0.7618900902077125
咘,呺,0.7613672692010425
咘,哶,0.760678816843127
咘,呪,0.7508563661042337
