char1,char2,similarity
咤,咤,1.0
咤,侘,0.7549550594258766
咤,唠,0.7478115030561889
咤,诧,0.7406907142192476
咤,啕,0.74005219853222
咤,玌,0.7360385562693336
咤,卟,0.7254468036128223
咤,挓,0.7247137290493498
咤,唣,0.7226873466615595
咤,咔,0.7219103849338439
