char1,char2,similarity
咜,咜,1.0
咜,咾,0.7959116365292562
咜,拕,0.7947384178817402
咜,吃,0.7750527731198996
咜,咗,0.7748181104106981
咜,咰,0.76669082246203
咜,呿,0.7617143204178102
咜,呟,0.7600093631273273
咜,坨,0.7591152451321501
咜,岮,0.7568384290619365
