char1,char2,similarity
咠,咠,1.0
咠,具,0.7654532620099168
咠,耸,0.7577635947613901
咠,昔,0.7384318025021789
咠,晕,0.738235626996208
咠,茸,0.7305761922607609
咠,見,0.7287860220037903
咠,甘,0.7286410740690801
咠,卩,0.7277309901081552
咠,冑,0.7207850833301168
