char1,char2,similarity
咪,咪,1.0
咪,味,0.8069630398459565
咪,咏,0.7996992299660491
咪,咊,0.7906937613680403
咪,洣,0.7894714984109411
咪,侎,0.7861911805666143
咪,眯,0.7827277921224013
咪,昧,0.7793619680342614
咪,怽,0.7769714490166106
咪,唻,0.7587529799345051
