char1,char2,similarity
咭,咭,1.0
咭,咱,0.8117265880649853
咭,哇,0.8063416629326371
咭,狤,0.7868694461526836
咭,哠,0.7829505959964367
咭,陆,0.7799718081046101
咭,咍,0.7771346871563721
咭,韦,0.7672575499316426
咭,呥,0.7641186690146867
咭,咕,0.7635453699481396
