char1,char2,similarity
咨,咨,1.0
咨,吝,0.7893372326370319
咨,盗,0.7557662053887563
咨,荅,0.7513510235268337
咨,舎,0.749029289205171
咨,各,0.7488250712883214
咨,言,0.7469588818099766
咨,吾,0.7444534804608816
咨,呇,0.7436127811798627
咨,嗸,0.7431673661027521
