char1,char2,similarity
咯,咯,1.0
咯,垎,0.7966479684501723
咯,恪,0.7820869019020587
咯,挌,0.7768638086608668
咯,唂,0.7748809277163947
咯,詻,0.7728876708703456
咯,络,0.7699080854207982
咯,哈,0.7698606131121084
咯,烙,0.766115480925537
咯,珞,0.7652582359520299
