char1,char2,similarity
咹,咹,1.0
咹,垵,0.7941899830525956
咹,咛,0.774103910970912
咹,呟,0.7577794929893841
咹,唊,0.7565006671505898
咹,呿,0.7527250875244543
咹,按,0.7506491607805024
咹,吱,0.7490775870993677
咹,哴,0.7479369007804109
咹,哊,0.747791808164041
