char1,char2,similarity
咶,咶,1.0
咶,咟,0.810018807366694
咶,咍,0.790124940286806
咶,咁,0.7831984474811587
咶,咕,0.775958627854474
咶,唅,0.7759059631399169
咶,呩,0.7671880710538844
咶,咊,0.7631552816526874
咶,呫,0.752362525411321
咶,哠,0.7508313124336349
