char1,char2,similarity
咵,咵,1.0
咵,晇,0.8040228313919232
咵,陓,0.7721891270942861
咵,唍,0.7602275879320999
咵,誇,0.7579328067287399
咵,哻,0.7578736216698542
咵,恗,0.754899240162971
咵,吤,0.7547878424352616
咵,挎,0.7503863124591531
咵,跨,0.750357302541754
