char1,char2,similarity
咷,咷,1.0
咷,哾,0.7901615272365913
咷,呪,0.789203525383032
咷,唲,0.7686716055305235
咷,吭,0.7643723979463866
咷,吪,0.7643514474860071
咷,咈,0.7634699418236789
咷,唍,0.7614622020405595
咷,桃,0.754268528891092
咷,哯,0.7521046546005522
