char1,char2,similarity
咳,咳,1.0
咳,晐,0.8085550256739351
咳,烗,0.7915345209516387
咳,垓,0.782676133734779
咳,陔,0.7662397207731168
咳,咴,0.7591647267859678
咳,该,0.7551808965739658
咳,唊,0.7537784409513802
咳,唁,0.7507368726246934
咳,哴,0.7503836307139471
