char1,char2,similarity
咱,咱,1.0
咱,咭,0.8117265880649853
咱,咍,0.7889969781922497
咱,呥,0.7885849806497842
咱,咆,0.774336236422634
咱,韦,0.7739849395916024
咱,唯,0.7701778738154328
咱,吧,0.7690125504523699
咱,吨,0.756785587640456
咱,临,0.7558578365899495
