char1,char2,similarity
咴,咴,1.0
咴,唁,0.7597469948653501
咴,咳,0.7591647267859678
咴,恢,0.7541642206831498
咴,唭,0.7533115918671768
咴,唤,0.7489017150209069
咴,啿,0.7476394603139044
咴,哎,0.7472815979278674
咴,拻,0.7425647864958269
咴,喵,0.7400834711925127
