char1,char2,similarity
咰,咰,1.0
咰,呴,0.8485887684736492
咰,狥,0.7752266415714737
咰,珣,0.7679016216371581
咰,咜,0.76669082246203
咰,哅,0.76541316849096
咰,玽,0.7573519855994943
咰,咈,0.750393128469675
咰,咆,0.749165847462779
咰,哊,0.7478304495798761
