char1,char2,similarity
咸,咸,1.0
咸,烕,0.8123328158828221
咸,威,0.7712469817354376
咸,戚,0.7657643694084226
咸,减,0.754820915883168
咸,戒,0.7525468634820497
咸,弍,0.7448027973355343
咸,成,0.7381317729677712
咸,虛,0.7340941118753863
咸,广,0.7298400333408473
