char1,char2,similarity
咽,咽,1.0
咽,响,0.7835187960333981
咽,喕,0.7683947548906588
咽,烟,0.75750814485805
咽,呬,0.7488638073974606
咽,呷,0.7461591925379997
咽,唩,0.7397348335712761
咽,哌,0.7388170163650176
咽,呖,0.7382021270186748
咽,泪,0.7364242577001532
