char1,char2,similarity
哃,哃,1.0
哃,眮,0.8034894260108435
哃,狪,0.780191836979064
哃,呞,0.778483013898511
哃,晌,0.7754814837623022
哃,哅,0.7702702287329692
哃,埛,0.7678978689803333
哃,皗,0.7581084524043731
哃,烱,0.7470147377789906
哃,啁,0.7468108962173068
