char1,char2,similarity
咻,咻,1.0
咻,恘,0.759690515048843
咻,鈢,0.743388747590298
咻,啦,0.7381793978879365
咻,嗹,0.7381328125556619
咻,喺,0.734171393167389
咻,哐,0.7340359029105636
咻,酥,0.7332314167466201
咻,缽,0.7305407539675602
咻,咝,0.7301505725465691
