char1,char2,similarity
咼,咼,1.0
咼,冎,0.8188319480032918
咼,阇,0.7605995750727069
咼,凸,0.7554702306533692
咼,尚,0.7539716583992377
咼,高,0.7419039957246697
咼,呙,0.7386193594838583
咼,局,0.7382342074521122
咼,尙,0.738052724378679
咼,卨,0.7365680343189598
