char1,char2,similarity
哉,哉,1.0
哉,武,0.7459537918694359
哉,我,0.7431295177202499
哉,烖,0.7314684547093347
哉,欱,0.7275752964463961
哉,釴,0.7268779858002828
哉,欯,0.7249431223466059
哉,栽,0.7213359618384307
哉,聀,0.7199924547237351
哉,戒,0.7167250234242121
