char1,char2,similarity
哆,哆,1.0
哆,眵,0.7859173102234663
哆,陊,0.7796675348464732
哆,侈,0.7623978160608943
哆,栘,0.7516194233393046
哆,唤,0.7430230241477583
哆,鸣,0.7416863375583463
哆,唉,0.7395814700206025
哆,咳,0.7362061315168519
哆,啤,0.734778168101303
