char1,char2,similarity
哌,哌,1.0
哌,呲,0.7604519791352632
哌,响,0.7489150430559504
哌,咽,0.7388170163650176
哌,喕,0.7373887619479402
哌,咴,0.7338936286822728
哌,啹,0.7332813106135891
哌,眽,0.7321408637003098
哌,晠,0.7309204502495229
哌,哐,0.7304928138472196
