char1,char2,similarity
哄,哄,1.0
哄,晎,0.8003601766541485
哄,拱,0.7982201619529227
哄,烘,0.7871052785396285
哄,娂,0.7865054717182368
哄,垬,0.7836311131156775
哄,珙,0.7810678476790064
哄,吩,0.7622590676608789
哄,栱,0.7531859034178345
哄,阱,0.7515659924942906
