char1,char2,similarity
哔,哔,1.0
哔,哗,0.819750406970302
哔,唕,0.7698969939961996
哔,咋,0.7505613633148451
哔,呷,0.7503637188883878
哔,哞,0.7487702325644113
哔,嗥,0.7435297565521184
哔,喈,0.7427270220080571
哔,喋,0.7355480069655878
哔,啴,0.7338561636025781
