char1,char2,similarity
哗,哗,1.0
哗,哔,0.819750406970302
哗,唕,0.7633298761504588
哗,晔,0.7585264237952619
哗,哞,0.7477461276227806
哗,咿,0.7450577610818235
哗,烨,0.7435900619690675
哗,嗥,0.7412278845984992
哗,啴,0.740813659198482
哗,啐,0.7357864013739844
