char1,char2,similarity
哓,哓,1.0
哓,晓,0.820844458418265
哓,绕,0.7764054525046096
哓,烧,0.7539535956065048
哓,咣,0.7460036919789212
哓,咦,0.7375726856908104
哓,桡,0.7316369403655293
哓,吡,0.7290151933989022
哓,噗,0.7279977524962011
哓,唲,0.7276495294952164
