char1,char2,similarity
哕,哕,1.0
哕,啰,0.7799505106419384
哕,哔,0.7226082129220404
哕,唔,0.7221349080222252
哕,呗,0.7176638310706089
哕,猡,0.7157452495038272
哕,哗,0.7144027906186112
哕,咄,0.713212278448777
哕,嗄,0.7121632659835796
哕,哆,0.7094258245608631
