char1,char2,similarity
哏,哏,1.0
哏,眼,0.7652199614017137
哏,眅,0.7597113697802725
哏,垠,0.7498933601068922
哏,吡,0.7469560967713944
哏,珢,0.7413332041851823
哏,呀,0.7392250562145319
哏,咀,0.7383710054203608
哏,暝,0.737102949432759
哏,眂,0.7362342398641557
