char1,char2,similarity
哎,哎,1.0
哎,唊,0.7634448083956575
哎,咬,0.7576621931299286
哎,咦,0.7544324168749741
哎,咴,0.7472815979278674
哎,叹,0.7459851054344958
哎,啖,0.7419687366405573
哎,呀,0.7400137825261206
哎,吡,0.7399569074132033
哎,唭,0.7378817340435515
