char1,char2,similarity
哚,哚,1.0
哚,咏,0.7498957843539586
哚,垛,0.7491838410020712
哚,呤,0.7408004417690334
哚,呼,0.740700395833986
哚,啴,0.7402618619728965
哚,咪,0.7392226311171123
哚,嗏,0.7358160675259545
哚,味,0.7348425126683277
哚,咊,0.7335875854363083
