char1,char2,similarity
哘,哘,1.0
哘,咑,0.8014546231263239
哘,垳,0.7719694566176097
哘,洐,0.7705908644252325
哘,啨,0.7696156137577869
哘,呭,0.7499494595996029
哘,珩,0.7445224858109376
哘,下,0.7424943191811318
哘,丨,0.7418913037129068
哘,啃,0.7352580713203174
