char1,char2,similarity
哜,哜,1.0
哜,嗙,0.7511303257607674
哜,挤,0.7472031259183963
哜,跻,0.7463410165321057
哜,唷,0.7454338902312939
哜,唼,0.7378002725482412
哜,呏,0.7328778129646024
哜,哘,0.7312767836168003
哜,咣,0.7298196764255143
哜,嘀,0.7285998571916397
