char1,char2,similarity
哠,哠,1.0
哠,晧,0.8153176687738827
哠,呥,0.7861038800986144
哠,咭,0.7829505959964367
哠,呺,0.7654184918300339
哠,陆,0.7637326626544179
哠,焅,0.763370082488518
哠,悎,0.7598205601533569
哠,咁,0.7593394114449112
哠,呟,0.7578121052366236
