char1,char2,similarity
哢,哢,1.0
哢,咞,0.7706285757949414
哢,呣,0.7466502122855209
哢,呏,0.7456110249680021
哢,吤,0.7435020092510637
哢,吩,0.740001372901312
哢,呥,0.7379893678753886
哢,哻,0.7369803760297388
哢,呻,0.7359080798807305
哢,喂,0.7332479868154804
