char1,char2,similarity
哣,哣,1.0
哣,咺,0.8556152329748015
哣,咥,0.826751470380353
哣,呾,0.7990274915368265
哣,咓,0.7767514205972004
哣,咁,0.7747671438382767
哣,吧,0.7662291484104105
哣,晅,0.7636552892385886
哣,吜,0.7594467078989934
哣,喅,0.7552334282786978
