char1,char2,similarity
哦,哦,1.0
哦,睋,0.7487293723054915
哦,睵,0.7435951884418861
哦,饿,0.7424177526979537
哦,戙,0.7311242963007133
哦,哑,0.7288153506467272
哦,吼,0.7285058237843659
哦,唯,0.72718979301207
哦,咴,0.7264839163710568
哦,吮,0.7248765894506272
