char1,char2,similarity
哥,哥,1.0
哥,乬,0.7676419429895475
哥,胃,0.7642008410398553
哥,晉,0.7604503441428404
哥,可,0.7547074520260537
哥,吾,0.7543647951488646
哥,肎,0.7538854955036534
哥,矴,0.7447209044131844
哥,号,0.7444580929876559
哥,弩,0.7444435567923604
