char1,char2,similarity
哫,哫,1.0
哫,呎,0.7889638708952798
哫,呩,0.7837740054915386
哫,哯,0.7763564912505468
哫,呢,0.7691913792131032
哫,呣,0.7672426109007977
哫,呮,0.7623983598981718
哫,呪,0.759280517057678
哫,呡,0.7525613181728552
哫,啋,0.7483844551426431
