char1,char2,similarity
哧,哧,1.0
哧,浾,0.7838975183321419
哧,捇,0.7539141814947832
哧,喃,0.7418167894245595
哧,哙,0.7400580113402747
哧,昔,0.7341083515376498
哧,暁,0.7316560403573364
哧,噢,0.7274026075212161
哧,噚,0.7270999496128651
哧,哺,0.725453792474286
