char1,char2,similarity
哤,哤,1.0
哤,浝,0.7639956807677156
哤,咲,0.7572853952069513
哤,呠,0.7568971367780283
哤,吪,0.7549430880534842
哤,咙,0.7483142468483196
哤,咗,0.7407609610842207
哤,呢,0.7381754637678536
哤,硥,0.7377828514434741
哤,鸣,0.7347741204154085
