char1,char2,similarity
哴,哴,1.0
哴,悢,0.7944759473114262
哴,呡,0.7861648938591194
哴,烺,0.7823705735717607
哴,咉,0.7740005617211968
哴,唊,0.7682305741346745
哴,咍,0.7662835705520712
哴,咲,0.7660378278035699
哴,埌,0.7623055439112078
哴,呟,0.7622812167488857
