char1,char2,similarity
哾,哾,1.0
哾,哯,0.8150213174618575
哾,唲,0.8133629357503755
哾,咲,0.8028251615255232
哾,咷,0.7901615272365913
哾,咉,0.7736565245927802
哾,唍,0.7692862841795394
哾,呪,0.7674112788627888
哾,呹,0.7650940242924948
哾,呮,0.7631445717764431
