char1,char2,similarity
哶,哶,1.0
哶,咩,0.8142640895612255
哶,哰,0.800348302038767
哶,哖,0.7853782440112225
哶,哱,0.7831890807136132
哶,哹,0.77910637382344
哶,呻,0.7764735054665083
哶,玤,0.7755276514437297
哶,呏,0.7736124017819548
哶,垟,0.7668945549400968
