char1,char2,similarity
哸,哸,1.0
哸,哷,0.8230351102883087
哸,啋,0.8079138872630225
哸,哹,0.7773370848780792
哸,咲,0.7717796976396978
哸,呯,0.7624337301879108
哸,馁,0.7603910804995708
哸,呮,0.7513554838167201
哸,呡,0.748695806102162
哸,绥,0.7481756039065451
