char1,char2,similarity
哻,哻,1.0
哻,呯,0.8102077964944552
哻,唱,0.7977335563641461
哻,咩,0.7889490386735071
哻,晘,0.7809261093455726
哻,哷,0.7796866846313941
哻,皔,0.776666555894412
哻,啴,0.7748901083852686
哻,呮,0.774223957763486
哻,哯,0.7718623315860921
