char1,char2,similarity
哽,哽,1.0
哽,嘿,0.7659244195403934
哽,挭,0.7643707155206116
哽,嗖,0.7563893841437469
哽,喁,0.7547549134272384
哽,唢,0.7517106929134778
哽,呗,0.7500652566233803
哽,嗄,0.7496351014754399
哽,嗎,0.7487441111150105
哽,喂,0.7421488865471028
