char1,char2,similarity
唆,唆,1.0
唆,晙,0.7685753795561465
唆,睃,0.7670553379805823
唆,陖,0.7623371594095011
唆,唚,0.7494186533717703
唆,唛,0.7493277871259788
唆,悛,0.7403834089622782
唆,嗖,0.7358636808960725
唆,咬,0.7311980552990932
唆,梭,0.727688409066053
