char1,char2,similarity
唉,唉,1.0
唉,埃,0.8195137464193671
唉,唤,0.7977038242864075
唉,挨,0.7846511012989702
唉,嗅,0.7586353516524442
唉,涘,0.7561437022599046
唉,喚,0.7511739389638215
唉,唊,0.7494541317050785
唉,喫,0.7481638774547195
唉,咲,0.7479777875383635
