char1,char2,similarity
唃,唃,1.0
唃,哅,0.7661277046484256
唃,啗,0.7425061651331056
唃,呴,0.7407721125882107
唃,呞,0.7391318766706356
唃,哱,0.7388753228475855
唃,唕,0.7379145084245438
唃,咄,0.7282673278514756
唃,唢,0.7217650208985298
唃,唭,0.7208257983269986
