char1,char2,similarity
唂,唂,1.0
唂,咯,0.7748809277163947
唂,绤,0.7690888629587715
唂,焀,0.7563901106571793
唂,吪,0.749116708462248
唂,哷,0.7472210731577132
唂,咵,0.7441076978253329
唂,唀,0.7398386314574056
唂,咶,0.733532785029772
唂,哈,0.7330540871438741
