char1,char2,similarity
唌,唌,1.0
唌,狿,0.7437744204823934
唌,埏,0.7403477822912271
唌,挻,0.7327997526493671
唌,噰,0.7280026980351294
唌,娫,0.7206842282178763
唌,啑,0.7130554336587136
唌,嚺,0.7126207561110545
唌,咝,0.7068414727367384
唌,嘢,0.7062696901591785
