char1,char2,similarity
唒,唒,1.0
唒,喕,0.8108405339051888
唒,唡,0.8022913698382523
唒,呬,0.7746047082893636
唒,啀,0.7718752385448989
唒,晒,0.7644052764650259
唒,呫,0.7640812877046556
唒,咟,0.747262962115988
唒,哬,0.7392888481568847
唒,哃,0.7388161416541374
