char1,char2,similarity
唍,唍,1.0
唍,院,0.8187615956256807
唍,皖,0.8124913416224204
唍,哯,0.8047763447462359
唍,啘,0.7884290749570245
唍,烷,0.7845432264504936
唍,唲,0.7834535187087448
唍,哾,0.7692862841795394
唍,咲,0.7674480339071189
唍,呹,0.7633023581132021
