char1,char2,similarity
唏,唏,1.0
唏,睎,0.7838039725685609
唏,啼,0.7410581120841018
唏,哝,0.7310258217756717
唏,晞,0.7287154833533525
唏,啴,0.7231534604551063
唏,咿,0.7221435893351724
唏,呷,0.7206680915002113
唏,哞,0.7114623256065862
唏,叶,0.7105530429885518
