char1,char2,similarity
唑,唑,1.0
唑,圵,0.7445142062935871
唑,疰,0.7296520304537915
唑,呭,0.7282073985327705
唑,哇,0.7251060444773058
唑,冸,0.7238020574498489
唑,喹,0.7230152969847271
唑,洼,0.721105765888384
唑,垤,0.7209708285346301
唑,咝,0.7200611167424471
