char1,char2,similarity
唎,唎,1.0
唎,啝,0.789858507381297
唎,悧,0.7848982037976256
唎,啣,0.7740434839311207
唎,哵,0.7726312368216921
唎,咧,0.7421365392597005
唎,啲,0.7327844634605178
唎,浰,0.7320735139158663
唎,娳,0.7254090200666478
唎,喞,0.7244383969506105
