char1,char2,similarity
唓,唓,1.0
唓,啅,0.797101111587967
唓,啈,0.773810110363273
唓,唻,0.7720935571704877
唓,唕,0.7684294487174022
唓,呷,0.7664740619461617
唓,呻,0.7647672511488665
唓,哮,0.7625684661892412
唓,嘽,0.7596983174809142
唓,啃,0.7587915160750404
