char1,char2,similarity
唋,唋,1.0
唋,除,0.8101400855984827
唋,悇,0.7977643480658906
唋,梌,0.7933008967370466
唋,唫,0.7866563510938553
唋,狳,0.7794067462511834
唋,咍,0.7747385036088967
唋,捈,0.7741065869045419
唋,徐,0.7714133767780512
唋,啋,0.7602577178282018
