char1,char2,similarity
唕,唕,1.0
唕,哱,0.8430952156605098
唕,啐,0.775452763589089
唕,悖,0.7742850414330369
唕,唣,0.7711639223012638
唕,哔,0.7698969939961996
唕,唓,0.7684294487174022
唕,哶,0.7664052662479018
唕,哗,0.7633298761504588
唕,哮,0.763217762936666
