char1,char2,similarity
唔,唔,1.0
唔,捂,0.7681765029348815
唔,唷,0.7591549759315732
唔,悟,0.7549511585860117
唔,牾,0.7524875015889059
唔,焐,0.7507711109736461
唔,梧,0.7456232235375961
唔,喢,0.7384742938475942
唔,嘈,0.738377554241209
唔,唾,0.7345884471768899
