char1,char2,similarity
唥,唥,1.0
唥,岭,0.7636925830754178
唥,蛉,0.7604386735924475
唥,軨,0.7581106837860726
唥,跉,0.7496146710592607
唥,龄,0.7462887515961305
唥,魿,0.7457625272875679
唥,唦,0.7404884264662506
唥,舲,0.7365681616839769
唥,啈,0.7354055556945983
