char1,char2,similarity
唣,唣,1.0
唣,唕,0.7711639223012638
唣,唁,0.7638411007857384
唣,梍,0.7613017300340708
唣,哮,0.7574872725099171
唣,嗑,0.745314757097282
唣,哱,0.743058417458894
唣,喋,0.7349216090923364
唣,唓,0.7347071209605154
唣,啡,0.7298698497884437
