char1,char2,similarity
唡,唡,1.0
唡,唒,0.8022913698382523
唡,啢,0.7617030456731116
唡,晒,0.7524859878772392
唡,哂,0.7524614166575695
唡,呬,0.7520077374875994
唡,唧,0.7482288537056653
唡,呞,0.7482057004479912
唡,啀,0.7476862283550917
唡,唖,0.7357258367096433
