char1,char2,similarity
唞,唞,1.0
唞,唽,0.76989816552014
唞,斟,0.7427843808506881
唞,啦,0.7331095097937619
唞,喖,0.7313794383928638
唞,呗,0.7289867123396725
唞,扌,0.7280960005405086
唞,哳,0.7275694931106405
唞,咑,0.7256425185827522
唞,哬,0.7227430808458821
