char1,char2,similarity
唤,唤,1.0
唤,焕,0.8033883764086349
唤,唉,0.7977038242864075
唤,啖,0.7747733888418729
唤,嗅,0.7670082296923867
唤,咉,0.7609419257089044
唤,晚,0.760026130126415
唤,啤,0.7564816225122326
唤,唊,0.7504799570217779
唤,喚,0.7499187284392195
