char1,char2,similarity
唟,唟,1.0
唟,唜,0.795755086218429
唟,喸,0.7577951000842968
唟,弆,0.7531983788390071
唟,靠,0.7308413209824883
唟,夞,0.7242975183331424
唟,畁,0.7174568675973328
唟,宨,0.7169954834858139
唟,凫,0.7133422437302854
唟,窕,0.712579894796676
