char1,char2,similarity
唦,唦,1.0
唦,鈔,0.7685251490260026
唦,挱,0.7672491497764755
唦,桫,0.7556378862927646
唦,觘,0.7521140542997197
唦,尠,0.7515387662114446
唦,啂,0.7500758437567148
唦,猀,0.7492019264540014
唦,渺,0.7446972753030467
唦,唥,0.7404884264662506
