char1,char2,similarity
唪,唪,1.0
唪,嗥,0.7393476313928138
唪,痵,0.7166738942514455
唪,噑,0.7157060014137204
唪,嚀,0.7067018765514829
唪,埲,0.7049275500187526
唪,嘽,0.7045967204234448
唪,暉,0.7036493512484423
唪,曊,0.6997855393184591
唪,癉,0.6953557313731442
