char1,char2,similarity
唬,唬,1.0
唬,噓,0.794777248959193
唬,嘘,0.7919282719947072
唬,琥,0.7726883359257551
唬,淲,0.761804433029518
唬,唹,0.751699016736978
唬,喨,0.7509714714253003
唬,俿,0.7329426991636934
唬,谑,0.7302969548542455
唬,唥,0.7290382303470216
