char1,char2,similarity
唭,唭,1.0
唭,倛,0.7934072470405733
唭,猉,0.7766110255902804
唭,琪,0.77441397354851
唭,啿,0.769315255273747
唭,唊,0.7629622036728227
唭,咴,0.7533115918671768
唭,咑,0.7532589025749205
唭,唺,0.7515930485782006
唭,祺,0.7497395583852928
