char1,char2,similarity
唩,唩,1.0
唩,啞,0.7630250297874549
唩,喽,0.753838981972862
唩,楼,0.7411590165190357
唩,啌,0.74085460995213
唩,唫,0.7405003047117829
唩,啳,0.7403013561996556
唩,咽,0.7397348335712761
唩,唀,0.7378183741482173
唩,哸,0.7312431472962068
