char1,char2,similarity
唷,唷,1.0
唷,淯,0.7819292158278942
唷,嘈,0.7717507918585078
唷,焴,0.7685357106700133
唷,喟,0.7667675649011478
唷,啨,0.7617383711867625
唷,嘀,0.7600248000781091
唷,唔,0.7591549759315732
唷,嗗,0.7563497037967201
唷,嗙,0.7511358835516656
