char1,char2,similarity
唳,唳,1.0
唳,睙,0.8222990398613451
唳,啸,0.7603509400958375
唳,咦,0.7569963654216689
唳,涙,0.7538641023293711
唳,呝,0.7444296926395598
唳,喥,0.7422127417011267
唳,嗐,0.7407824403356547
唳,唛,0.7406735468443452
唳,噫,0.7404160651889387
