char1,char2,similarity
唶,唶,1.0
唶,喑,0.8086945130395539
唶,徣,0.7704539802539608
唶,喈,0.7665241596063611
唶,暗,0.7615748936450442
唶,啫,0.7598715781934167
唶,咍,0.749664805258604
唶,喵,0.7484378112501203
唶,啴,0.7479307449929453
唶,咶,0.7460033181586881
