char1,char2,similarity
唴,唴,1.0
唴,嗴,0.7797136619239063
唴,嗟,0.778079953644884
唴,猐,0.7771640453382277
唴,唍,0.750673705211223
唴,暛,0.7488793239223177
唴,唓,0.7341379988200861
唴,唊,0.734044080874661
唴,咣,0.7307728693112492
唴,啴,0.7265714804671388
