char1,char2,similarity
唲,唲,1.0
唲,哾,0.8133629357503755
唲,堄,0.7874305778294255
唲,唍,0.7834535187087448
唲,呪,0.7830189895461349
唲,哯,0.772475983080683
唲,咷,0.7686716055305235
唲,睨,0.761388354462801
唲,呮,0.7595568669042013
唲,啤,0.7590803788455137
