char1,char2,similarity
唵,唵,1.0
唵,唻,0.7845494212592028
唵,啌,0.775177302498836
唵,唫,0.7739469000432648
唵,唊,0.7623721389127724
唵,喳,0.7569481558920793
唵,味,0.7519572133371085
唵,咳,0.748541149108581
唵,喯,0.7460250261492326
唵,唸,0.7384036605650509
