char1,char2,similarity
唼,唼,1.0
唼,倿,0.7629196033440089
唼,淁,0.7627450546872802
唼,啧,0.7506992440380055
唼,接,0.7462506325596532
唼,哙,0.7452212463963209
唼,椄,0.74392082274317
唼,嗖,0.7389450910563683
唼,嗔,0.7384927795226653
唼,哜,0.7378002725482412
