char1,char2,similarity
唾,唾,1.0
唾,睡,0.8457759431716076
唾,缍,0.7734347382645762
唾,锤,0.771773169033973
唾,捶,0.767918343572
唾,陲,0.7618274709305526
唾,晅,0.7474923759077681
唾,哩,0.7457236093197879
唾,哐,0.7393001935922136
唾,咂,0.7378639738290554
