char1,char2,similarity
唽,唽,1.0
唽,哳,0.8011304988380642
唽,唞,0.76989816552014
唽,喖,0.7527232830361115
唽,晰,0.7475599731215334
唽,啦,0.733025398806288
唽,咿,0.7281233989417903
唽,斷,0.723776836801064
唽,咶,0.7237333982095734
唽,唨,0.7201443654824751
