char1,char2,similarity
啅,啅,1.0
啅,晫,0.8304506200751592
啅,啈,0.811146623483563
啅,琸,0.7986628722318562
啅,唓,0.797101111587967
啅,喤,0.7862067690661383
啅,掉,0.7822903716307225
啅,咦,0.7807448016841918
啅,啴,0.7748750972713563
啅,嗩,0.7738233987607316
