char1,char2,similarity
啀,啀,1.0
啀,睚,0.7733711911894352
啀,唒,0.7718752385448989
啀,哐,0.7507677744058129
啀,啹,0.7489434684159529
啀,堐,0.748664613797775
啀,唡,0.7476862283550917
啀,呞,0.7404172631359962
啀,捱,0.7403571610200693
啀,啒,0.7284370300284544
