char1,char2,similarity
啉,啉,1.0
啉,琳,0.7779525585523095
啉,淋,0.7661575370045758
啉,喖,0.7465347114744607
啉,惏,0.7336459302217105
啉,扌,0.7123494395947776
啉,暀,0.7092349883063647
啉,哏,0.7063185426552333
啉,啪,0.7054430774729714
啉,卜,0.7051781257613872
