char1,char2,similarity
啇,啇,1.0
啇,髙,0.7985135829649377
啇,茼,0.7915061953366288
啇,商,0.7913385631032801
啇,荋,0.7659947319295779
啇,苪,0.7624100440427558
啇,笥,0.7568526773915899
啇,荫,0.7554324006841359
啇,筒,0.7548628779138136
啇,莞,0.7543024683108719
