char1,char2,similarity
啎,啎,1.0
啎,捂,0.7530313282901234
啎,梧,0.7512570318231859
啎,铻,0.7313220297456773
啎,悟,0.7299552992017908
啎,牾,0.7255146416057674
啎,楈,0.7161612434326069
啎,悒,0.7160356829679929
啎,峿,0.7159111393134642
啎,焐,0.7158383380472013
