char1,char2,similarity
啈,啈,1.0
啈,哮,0.8120888903704558
啈,啅,0.811146623483563
啈,啴,0.800104613793007
啈,悻,0.7955364944047553
啈,啍,0.7833683572958783
啈,唓,0.773810110363273
啈,啐,0.7716699862465489
啈,啫,0.7711456344083156
啈,呻,0.7700442498714594
