char1,char2,similarity
啗,啗,1.0
啗,淊,0.7916504088370488
啗,惂,0.751059818680046
啗,啯,0.7498489746808327
啗,唃,0.7425061651331056
啗,诌,0.7381390203389979
啗,陷,0.7378692117743333
啗,埳,0.7350230471728111
啗,哔,0.7235346276290454
啗,谄,0.7225562196242152
