char1,char2,similarity
啐,啐,1.0
啐,晬,0.8332984306594812
啐,悴,0.7783296764747335
啐,唕,0.775452763589089
啐,睟,0.7740656488981561
啐,咩,0.7726059816601933
啐,啈,0.7716699862465489
啐,哼,0.7689854247159043
啐,猝,0.7667874210922532
啐,晔,0.7606124326178836
