char1,char2,similarity
啑,啑,1.0
啑,睫,0.8003910927097185
啑,唛,0.789016053012294
啑,啍,0.7769521674755496
啑,啛,0.7758541135804748
啑,嗼,0.7727993915729324
啑,徢,0.7642073760673104
啑,啧,0.7630128827630189
啑,啨,0.7545711548286349
啑,唗,0.7543174371890793
