char1,char2,similarity
啒,啒,1.0
啒,唧,0.757933745343224
啒,喱,0.7569995725006845
啒,喔,0.7552026558824613
啒,啁,0.7518355913118657
啒,堀,0.7463698443358658
啒,啯,0.743669499396192
啒,啀,0.7284370300284544
啒,啹,0.7159673043522555
啒,嘓,0.715530870893623
