char1,char2,similarity
啡,啡,1.0
啡,诽,0.7837170579426823
啡,绯,0.782841884389043
啡,琲,0.7759610318240149
啡,悱,0.7753309073015853
啡,咩,0.7659103083539901
啡,猅,0.7633783664823095
啡,排,0.7568872022753382
啡,哮,0.7509604505274619
啡,呲,0.749631193637197
