char1,char2,similarity
啠,啠,1.0
啠,暂,0.7664596152300541
啠,啔,0.7625319285616337
啠,吾,0.7523153230152422
啠,啓,0.7504442013854712
啠,朁,0.7450199491400616
啠,皙,0.7374779570131871
啠,冒,0.7344501998888682
啠,乺,0.7340634307771993
啠,晳,0.7336395543881628
