char1,char2,similarity
啣,啣,1.0
啣,喞,0.7888183079796455
啣,唎,0.7740434839311207
啣,啝,0.7610998912909124
啣,啲,0.7434978681224833
啣,御,0.7433667051561879
啣,哵,0.7229428414501529
啣,栁,0.7117454340057501
啣,咰,0.7038580971156728
啣,咧,0.7038556921186433
