char1,char2,similarity
啝,啝,1.0
啝,唎,0.789858507381297
啝,啣,0.7610998912909124
啝,俰,0.7447937922068073
啝,喞,0.7308588012360338
啝,啲,0.7169578560385229
啝,哵,0.7119644727361926
啝,啂,0.7098907678529567
啝,屾,0.7092451899642184
啝,呴,0.7079480764322569
