char1,char2,similarity
啟,啟,1.0
啟,赦,0.7595260708117004
啟,敦,0.7507877479730395
啟,敨,0.7478766578068534
啟,敂,0.74753206892525
啟,救,0.7456090927959182
啟,敖,0.7442369292060239
啟,敐,0.7433120405448024
啟,散,0.7420291711194702
啟,敢,0.7387685905825456
