char1,char2,similarity
啢,啢,1.0
啢,唡,0.7617030456731116
啢,呞,0.7592082233824344
啢,啯,0.742316712216733
啢,啁,0.737201887512612
啢,嗝,0.7348072723173732
啢,哃,0.7332322277355184
啢,呯,0.7322696281303425
啢,呬,0.7297533553458746
啢,哽,0.7230596162633663
