char1,char2,similarity
啚,啚,1.0
啚,啬,0.7921090570991215
啚,鬲,0.7720037832563353
啚,昂,0.7647564087903268
啚,昌,0.7573480729708643
啚,易,0.748629160882418
啚,是,0.7449257458551588
啚,訔,0.744588744203419
啚,署,0.743309057516137
啚,昃,0.741574792130315
