char1,char2,similarity
啥,啥,1.0
啥,唅,0.8024419683065561
啥,猞,0.7931952996713488
啥,晗,0.7509832203686299
啥,嗆,0.7463088349417085
啥,喧,0.744613764219514
啥,咀,0.7424608231683016
啥,呿,0.7414273593327532
啥,咐,0.7401903120200015
啥,咕,0.7389456727657125
