char1,char2,similarity
啬,啬,1.0
啬,啚,0.7921090570991215
啬,齿,0.7721805078005191
啬,訔,0.7720483548636969
啬,青,0.7688703347266028
啬,盲,0.7634217357963122
啬,贲,0.759612145147436
啬,曹,0.7538812084396068
啬,旾,0.750615914011908
啬,富,0.7504224037517789
