char1,char2,similarity
啧,啧,1.0
啧,嗔,0.7919146891054717
啧,渍,0.7889153367005304
啧,嗃,0.7855844700969625
啧,唛,0.7842930229152688
啧,溃,0.7819212111772808
啧,嘹,0.7782007354614167
啧,噎,0.7686195037789195
啧,嗪,0.7659671240460372
啧,啑,0.7630128827630189
