char1,char2,similarity
啩,啩,1.0
啩,吉,0.7487731502733815
啩,褂,0.7434519204538608
啩,掛,0.7362624441134986
啩,咑,0.726625688223128
啩,吿,0.7249905534657115
啩,卅,0.7235301433911832
啩,咞,0.7202936183503027
啩,半,0.7185645163373329
啩,岈,0.7181492041803252
