char1,char2,similarity
啶,啶,1.0
啶,琔,0.8083761454643505
啶,埞,0.7484570726442947
啶,喷,0.7473141612461047
啶,呝,0.7445976812649087
啶,掟,0.7444528036725511
啶,哫,0.7443106364685439
啶,唗,0.7439571244673325
啶,瓦,0.739742934653465
啶,唛,0.7387721263622309
