char1,char2,similarity
啵,啵,1.0
啵,帔,0.813550948967064
啵,皱,0.7769615223241537
啵,破,0.7740255285875328
啵,跛,0.7702727490383794
啵,皴,0.7625376526929641
啵,鮍,0.7579136334524122
啵,鲏,0.7562369685771322
啵,耚,0.7485375242528766
啵,骳,0.7479814616794053
