char1,char2,similarity
啴,啴,1.0
啴,啈,0.800104613793007
啴,哻,0.7748901083852686
啴,啅,0.7748750972713563
啴,咩,0.7720636923384203
啴,啍,0.7695107990997959
啴,哺,0.7649126784122737
啴,呻,0.7640066487399496
啴,呯,0.7575953529129346
啴,呼,0.7551245263234801
