char1,char2,similarity
啯,啯,1.0
啯,啁,0.7961812362614116
啯,掴,0.7582307294902041
啯,啗,0.7498489746808327
啯,啒,0.743669499396192
啯,呬,0.7430111190671752
啯,啢,0.742316712216733
啯,喢,0.7410729262277128
啯,喁,0.7358253851623082
啯,睏,0.7331810481180282
