char1,char2,similarity
啰,啰,1.0
啰,哕,0.7799505106419384
啰,猡,0.7328909149733787
啰,啯,0.726930819315061
啰,曜,0.7256168066427684
啰,喟,0.7251526117991458
啰,嗄,0.7138105813523544
啰,嗶,0.7103813123341534
啰,唔,0.7091020988063754
啰,哝,0.7089060603240038
