char1,char2,similarity
啲,啲,1.0
啲,喲,0.7769193282925029
啲,哟,0.7531484626434295
啲,喞,0.7455496410943044
啲,啣,0.7434978681224833
啲,唎,0.7327844634605178
啲,岣,0.7271986840495775
啲,屻,0.7263181142731677
啲,岶,0.7241004182527575
啲,峋,0.7240407473816365
