char1,char2,similarity
啷,啷,1.0
啷,嘟,0.7835341251686616
啷,瑯,0.7623715308255345
啷,榔,0.7612794685092517
啷,鄳,0.7431955463427661
啷,唧,0.7302238094967658
啷,嗨,0.7283189124741909
啷,嗬,0.7271240630353097
啷,嘲,0.7247807548346094
啷,噋,0.724614223319675
