char1,char2,similarity
啹,啹,1.0
啹,琚,0.7616175855076207
啹,啀,0.7489434684159529
啹,喢,0.7461912702867216
啹,啱,0.7439537448613425
啹,睚,0.7401907198235942
啹,呺,0.7372412323073964
啹,哌,0.7332813106135891
啹,呖,0.7331468810401968
啹,倨,0.7311937438165534
