char1,char2,similarity
啻,啻,1.0
啻,营,0.7601604633398937
啻,肓,0.7581247560537181
啻,莙,0.7546761000495795
啻,蛮,0.7479104447718226
啻,菅,0.7455293010566946
啻,宭,0.7452145345153128
啻,窗,0.7441606219310536
啻,莤,0.7436900151895323
啻,曶,0.7432721095026853
