char1,char2,similarity
啼,啼,1.0
啼,缔,0.7561993836318365
啼,媂,0.7548995696581041
啼,渧,0.7508506005995049
啼,唷,0.7458537958593828
啼,唏,0.7410581120841018
啼,暲,0.7394623783181822
啼,喑,0.7362607640268034
啼,晡,0.7349927224965708
啼,唢,0.7342475254153416
