char1,char2,similarity
啾,啾,1.0
啾,愀,0.7221050693147381
啾,呦,0.7203001741704442
啾,梑,0.7136036082247023
啾,揪,0.7108839723953975
啾,噸,0.7086901235324745
啾,啭,0.7084798343733761
啾,栿,0.7064330714764564
啾,嚉,0.7051721039926894
啾,唙,0.704737313350771
