char1,char2,similarity
喋,喋,1.0
喋,嗶,0.7552864876204904
喋,谍,0.7512556089042441
喋,呗,0.747444000443138
喋,唢,0.744477717926897
喋,哺,0.7418705799499793
喋,嗝,0.7406209943971616
喋,矂,0.7357071808693075
喋,哔,0.7355480069655878
喋,唣,0.7349216090923364
