char1,char2,similarity
喃,喃,1.0
喃,湳,0.8202354869117021
喃,楠,0.7882010136299021
喃,嘺,0.7553988171674195
喃,屿,0.7442012918836263
喃,暔,0.7440210994050837
喃,哧,0.7418167894245595
喃,畇,0.7353147339591772
喃,浦,0.7347957916295126
喃,哺,0.7310360329102997
