char1,char2,similarity
喊,喊,1.0
喊,嘁,0.7866590475203229
喊,減,0.7635352979983907
喊,喴,0.7572976743445309
喊,域,0.7394743429736003
喊,城,0.7381267231543897
喊,堿,0.7327194636698248
喊,帓,0.7320687446711333
喊,诚,0.7316895940633659
喊,嘑,0.7316046078041487
