char1,char2,similarity
喈,喈,1.0
喈,瑎,0.8122838137304405
喈,湝,0.7763498280091029
喈,喑,0.7763465681917483
喈,堦,0.7752337342970553
喈,揩,0.7729348206911308
喈,楷,0.7719592569718657
喈,偕,0.7689949919072852
喈,唶,0.7665241596063611
喈,媘,0.7590773460509493
