char1,char2,similarity
喎,喎,1.0
喎,啁,0.7554263331769223
喎,喁,0.7470008786080979
喎,嗚,0.7418774762553927
喎,堝,0.7404593823929345
喎,暥,0.7323850309890287
喎,呗,0.7281201580724702
喎,嗝,0.7236255851719288
喎,睭,0.7151620757917537
喎,嗎,0.7146360094943784
