char1,char2,similarity
喏,喏,1.0
喏,晧,0.7650624985963256
喏,唠,0.7621464054720085
喏,犃,0.7560830672929666
喏,偌,0.7558775063591812
喏,渃,0.7394186925187171
喏,哝,0.7307546572529035
喏,焙,0.7280293874146172
喏,帯,0.7271889630336488
喏,棓,0.7266560320456922
