char1,char2,similarity
喕,喕,1.0
喕,唒,0.8108405339051888
喕,咽,0.7683947548906588
喕,陑,0.7619381982641874
喕,呲,0.7601601147197927
喕,缅,0.7578771668258992
喕,晒,0.7507072608255148
喕,偭,0.7433564605478038
喕,响,0.7405648011290827
喕,哌,0.7373887619479402
