char1,char2,similarity
喐,喐,1.0
喐,嘟,0.7524861282353007
喐,喞,0.7165714534386141
喐,螂,0.7159208671739661
喐,甽,0.7139149509266961
喐,嫏,0.7133201320874849
喐,喺,0.7108073507489175
喐,町,0.7106234073137133
喐,鄉,0.7091576515270211
喐,嗈,0.7040045086677729
