char1,char2,similarity
喍,喍,1.0
喍,嗏,0.7292966952376213
喍,呲,0.727855999657054
喍,喅,0.7277425345807563
喍,响,0.7249148106670015
喍,呔,0.7242302321675037
喍,喯,0.7240767063132307
喍,唻,0.7220934909386101
喍,陳,0.721552199729206
喍,唋,0.7199702513348826
