char1,char2,similarity
喌,喌,1.0
喌,戸,0.720408251493929
喌,囚,0.7194410946246715
喌,門,0.7180201984719783
喌,跍,0.7147300809754777
喌,厕,0.7123464941595273
喌,罘,0.7122979030573806
喌,鬥,0.7104269168477245
喌,图,0.7093962549345542
喌,闁,0.7089886642046639
