char1,char2,similarity
喛,喛,1.0
喛,暖,0.7843408335952352
喛,猨,0.7790547935739293
喛,煖,0.7683632664189359
喛,援,0.7539610405878002
喛,湲,0.7505995519447949
喛,啱,0.7410508448398005
喛,缓,0.7404720196422121
喛,楥,0.7400328508683026
喛,嗳,0.7386921031769172
