char1,char2,similarity
喚,喚,1.0
喚,喫,0.820315660628152
喚,渙,0.7682469937813233
喚,換,0.7538478939284702
喚,唉,0.7511739389638215
喚,嗅,0.7509933402435665
喚,唤,0.7499187284392195
喚,愌,0.7462080758644306
喚,嗼,0.7443524313563817
喚,隩,0.7386535251440032
