char1,char2,similarity
喟,喟,1.0
喟,唷,0.7667675649011478
喟,嗝,0.7490005490141387
喟,嗗,0.7371016003712759
喟,呷,0.7367495713793959
喟,嘕,0.734819947784792
喟,谓,0.7283926763781208
喟,呗,0.7276822936440763
喟,啕,0.725499629191825
喟,嚯,0.7253136905387156
