char1,char2,similarity
喞,喞,1.0
喞,啣,0.7888183079796455
喞,啲,0.7455496410943044
喞,哵,0.7349667714914777
喞,啝,0.7308588012360338
喞,唎,0.7244383969506105
喞,喐,0.7165714534386141
喞,喲,0.7123880099686372
喞,咧,0.7084862308730323
喞,嗍,0.7063038399149117
