char1,char2,similarity
喗,喗,1.0
喗,暉,0.8142367818110666
喗,渾,0.792839512009901
喗,睴,0.7907080945047681
喗,喠,0.7873484359966922
喗,媈,0.7675216802466456
喗,惲,0.759253299217227
喗,暭,0.7552504050873579
喗,暺,0.7484977665549591
喗,皡,0.746220121792809
