char1,char2,similarity
喘,喘,1.0
喘,惴,0.7995978398054608
喘,瑞,0.7687902707254544
喘,唛,0.7558076696771179
喘,揣,0.7524481245152924
喘,曉,0.7486629910442456
喘,喈,0.7438835566800842
喘,喑,0.7433175750719307
喘,猯,0.742935826325514
喘,暟,0.7403128732817449
