char1,char2,similarity
喙,喙,1.0
喙,湪,0.7701834703917609
喙,缘,0.7450437205391629
喙,掾,0.7404724235792604
喙,噶,0.7262097880557765
喙,哘,0.7254905028986846
喙,嚾,0.7173717363243732
喙,猭,0.7160601164170596
喙,噲,0.7157745795403853
喙,啧,0.7147133198962323
