char1,char2,similarity
喜,喜,1.0
喜,専,0.8068149939921075
喜,妻,0.7695797418100668
喜,事,0.7694370783699588
喜,葛,0.7657051936941156
喜,蕃,0.75921436772935
喜,盲,0.7585403952525349
喜,萼,0.7499252827767035
喜,曹,0.749098542449821
喜,窘,0.7490316583659591
