char1,char2,similarity
喦,喦,1.0
喦,旵,0.7579720780047237
喦,邑,0.749083526187618
喦,峾,0.7480908995926082
喦,县,0.7400693554277138
喦,士,0.7365298346144464
喦,土,0.7343604849408928
喦,帠,0.7250183547354727
喦,圡,0.7249462042361455
喦,函,0.721269331484079
