char1,char2,similarity
喡,喡,1.0
喡,暐,0.8146181865936135
喡,湋,0.7810681480263275
喡,椲,0.7807656033109595
喡,暲,0.7806279005736623
喡,瞕,0.7739214870018718
喡,煒,0.7704220154154845
喡,障,0.762297799045409
喡,嗼,0.7602395759837032
喡,幃,0.7583859671730776
