char1,char2,similarity
喧,喧,1.0
喧,暄,0.8301739564092327
喧,睻,0.8281909512979235
喧,塇,0.7975935293621903
喧,瑄,0.7972696925897635
喧,縇,0.7790128654223673
喧,碹,0.7633683562779401
喧,渲,0.7606308151760085
喧,媗,0.7605617394750889
喧,煊,0.7530070262641705
