char1,char2,similarity
喥,喥,1.0
喥,嗻,0.7519502104253512
喥,喭,0.7437055698946473
喥,唳,0.7422127417011267
喥,唛,0.7367768585415368
喥,咦,0.7330936659212782
喥,嗚,0.7330848189861626
喥,呝,0.7209546042784301
喥,啶,0.719721881465821
喥,哼,0.7182730511968908
