char1,char2,similarity
喠,喠,1.0
喠,堹,0.7913045680121024
喠,喗,0.7873484359966922
喠,媑,0.7529517735605084
喠,喨,0.7523571749525407
喠,歱,0.7511956151591349
喠,畽,0.7489026734531468
喠,暭,0.7427945945418526
喠,踵,0.7390278390243792
喠,瞳,0.7385532186139532
