char1,char2,similarity
喭,喭,1.0
喭,喥,0.7437055698946473
喭,啼,0.7282215933728085
喭,喨,0.7269361846369484
喭,嗻,0.7243712374746868
喭,隡,0.722421971173759
喭,喑,0.7153716872269275
喭,唳,0.7112826256794669
喭,啛,0.7101833877295709
喭,哼,0.7099652981733687
