char1,char2,similarity
喯,喯,1.0
喯,吤,0.7636362547965335
喯,锛,0.7588296772168361
喯,捹,0.7552702922859551
喯,唊,0.7534402574879699
喯,阶,0.7464487454145176
喯,唵,0.7460250261492326
喯,咞,0.7451260408836294
喯,吩,0.7422312534131912
喯,渀,0.7408308710090306
