char1,char2,similarity
喺,喺,1.0
喺,哬,0.7356859827775591
喺,咻,0.734171393167389
喺,緐,0.7337427828264471
喺,咃,0.7319673764931905
喺,咿,0.7203366888632481
喺,緜,0.719541652039404
喺,喐,0.7108073507489175
喺,唥,0.7099559902044
喺,喻,0.7093270762347754
