char1,char2,similarity
営,営,1.0
営,蛍,0.7467697792985579
営,岧,0.738196544679953
営,棠,0.7340279178589468
営,具,0.7337711737490579
営,単,0.7316547900692151
営,砉,0.7302208510900604
営,喾,0.7282791133941622
営,常,0.7249577592957662
営,鸴,0.7247524667872592
