char1,char2,similarity
喷,喷,1.0
喷,唁,0.7524629824760174
喷,咕,0.751322112003578
喷,啛,0.7484655202330877
喷,啶,0.7473141612461047
喷,喑,0.7454651905491222
喷,嗅,0.7439694922424396
喷,唢,0.7420440358991511
喷,喳,0.7384088228240768
喷,啨,0.7370071803631086
