char1,char2,similarity
喼,喼,1.0
喼,隐,0.7845044903455001
喼,嗚,0.761179893264865
喼,稳,0.7432792797008039
喼,啅,0.7396730692419006
喼,唸,0.7370248732328554
喼,嗈,0.7336276802672375
喼,喤,0.7324958174167268
喼,唿,0.7321477297151853
喼,嗏,0.7289488854673553
