char1,char2,similarity
喻,喻,1.0
喻,睮,0.8017718153233963
喻,喩,0.7949918299786787
喻,输,0.7822319198225494
喻,隃,0.7805613832547441
喻,堬,0.7745398887703148
喻,榆,0.7703862635896858
喻,愉,0.7577976028032749
喻,媮,0.7356900293849539
喻,哺,0.7342334312240211
