char1,char2,similarity
喵,喵,1.0
喵,瞄,0.8082003735833135
喵,呻,0.7783195579148378
喵,唈,0.7714927528870863
喵,猫,0.7690365865097479
喵,渵,0.7666954465710548
喵,咭,0.7606679419949118
喵,描,0.7605142524664307
喵,呓,0.7549351574977531
喵,媌,0.7546717010154987
