char1,char2,similarity
嗄,嗄,1.0
嗄,嘎,0.7755166208052112
嗄,嚅,0.7589192932130395
嗄,曖,0.7500109476913643
嗄,哽,0.7496351014754399
嗄,嚯,0.7448077726231036
嗄,皧,0.7426444914404904
嗄,嗖,0.7422105230365861
嗄,瞜,0.7400750880357617
嗄,嘍,0.7371884979193845
