char1,char2,similarity
喿,喿,1.0
喿,渠,0.7956323275361072
喿,秉,0.7831772148808379
喿,枲,0.7817466739240851
喿,柴,0.7731837619680001
喿,栾,0.7625238567463963
喿,棸,0.7624258155327593
喿,栗,0.7601464976076476
喿,桨,0.7594228432667273
喿,枽,0.7566878351537364
