char1,char2,similarity
嗃,嗃,1.0
嗃,皜,0.8036229161707219
嗃,啧,0.7855844700969625
嗃,熇,0.7783018298923511
嗃,滈,0.7761629160546415
嗃,噧,0.7752536324768516
嗃,傐,0.7722548209564165
嗃,塙,0.7675254204447765
嗃,搞,0.7667641989024616
嗃,嗼,0.7657074052807662
