char1,char2,similarity
嗅,嗅,1.0
嗅,搝,0.7949605283497561
嗅,瞙,0.791673010486941
嗅,溴,0.7746056217476913
嗅,唛,0.7736567493705833
嗅,啤,0.7716659781831624
嗅,唤,0.7670082296923867
嗅,嗼,0.766422340212134
嗅,啧,0.7587684485145986
嗅,唉,0.7586353516524442
