char1,char2,similarity
嗍,嗍,1.0
嗍,喞,0.7063038399149117
嗍,哵,0.6989218865742214
嗍,啣,0.6958254062758011
嗍,唰,0.6937867664726836
嗍,唎,0.6890647495156017
嗍,嚬,0.685644754333221
嗍,嵨,0.6820377345052598
嗍,嵶,0.6818108327559556
嗍,巩,0.6800963369410945
