char1,char2,similarity
嗐,嗐,1.0
嗐,瞎,0.8141401980682303
嗐,噜,0.7638852471553103
嗐,嗿,0.7568302701165022
嗐,噠,0.751265389790806
嗐,嗙,0.7475683645148042
嗐,嚝,0.7453521999358744
嗐,喑,0.7431082818002764
嗐,辖,0.7425990282588909
嗐,唳,0.7407824403356547
