char1,char2,similarity
嗏,嗏,1.0
嗏,哚,0.7358160675259545
嗏,味,0.7338515576222663
嗏,喍,0.7292966952376213
嗏,喼,0.7289488854673553
嗏,唋,0.7275886131405895
嗏,唻,0.7267247195262658
嗏,嘩,0.7263700536761704
嗏,嗆,0.7216187575038734
嗏,嗒,0.7191741654434997
