char1,char2,similarity
嗊,嗊,1.0
嗊,隕,0.7734715088556513
嗊,熉,0.7640726724847559
嗊,塤,0.7500132236363103
嗊,蕦,0.7461662028668523
嗊,啽,0.7455259176514974
嗊,曋,0.7440763718408921
嗊,嘪,0.7439385067353267
嗊,嗔,0.7432830094326404
嗊,喓,0.7428281877962729
