char1,char2,similarity
嗗,嗗,1.0
嗗,傦,0.7938659305172528
嗗,愲,0.7912639155018552
嗗,嘕,0.7728621971061473
嗗,唷,0.7563497037967201
嗗,噆,0.7534356363938226
嗗,啃,0.749874641137223
嗗,呭,0.7446669568790004
嗗,嘪,0.7442755556051033
嗗,噖,0.743430075403817
