char1,char2,similarity
嗖,嗖,1.0
嗖,瞍,0.8252878713294174
嗖,搜,0.7946143421767813
嗖,獀,0.7906027081505733
嗖,喁,0.760015512508289
嗖,哽,0.7563893841437469
嗖,唛,0.7538456976239826
嗖,锼,0.7525940127306507
嗖,喔,0.7475433831659632
嗖,嗄,0.7422105230365861
