char1,char2,similarity
嗚,嗚,1.0
嗚,塢,0.7668025948531684
嗚,噅,0.7639232760876993
嗚,喼,0.761179893264865
嗚,溩,0.7572710262701335
嗚,瑦,0.7455249318774013
嗚,嗈,0.7450563261545675
嗚,鳴,0.7431444075207434
嗚,嘩,0.7429371305941539
嗚,喎,0.7418774762553927
