char1,char2,similarity
嗛,嗛,1.0
嗛,溓,0.7847318340206434
嗛,缣,0.7618526138224481
嗛,搛,0.7543551145562958
嗛,傔,0.7477607844436936
嗛,谦,0.7336210108833545
嗛,慊,0.7249889084106234
嗛,噍,0.7228470956769275
嗛,幉,0.7190776074889428
嗛,嘺,0.7183097644305076
