char1,char2,similarity
嗒,嗒,1.0
嗒,喑,0.7741977196616634
嗒,搭,0.7536714995614955
嗒,塔,0.7533862653408279
嗒,咚,0.7414009710285943
嗒,咑,0.7370182143811381
嗒,喵,0.7363134778206323
嗒,唁,0.7352571901832317
嗒,唔,0.7316071345199345
嗒,嗼,0.7277336875812936
