char1,char2,similarity
嗣,嗣,1.0
嗣,烔,0.7584659659820167
嗣,烱,0.7298507855109414
嗣,晍,0.7297588306517944
嗣,綢,0.722213121722578
嗣,垌,0.7182084860857672
嗣,硐,0.7160998092462132
嗣,眮,0.7130748888131018
嗣,絧,0.7116102492402996
嗣,峏,0.7102307671355705
