char1,char2,similarity
嗡,嗡,1.0
嗡,瞈,0.7819072221078256
嗡,滃,0.7754304203057946
嗡,暡,0.711622724234779
嗡,唧,0.7110496647453294
嗡,傟,0.7077129804933492
嗡,唷,0.7044845079899426
嗡,瞒,0.7044086297055895
嗡,嘻,0.7016613981057994
嗡,嗝,0.7005856745523178
