char1,char2,similarity
嗥,嗥,1.0
嗥,暤,0.8317608962002355
嗥,噑,0.7683251780214528
嗥,嗝,0.7555640408323745
嗥,嘻,0.7517104057018674
嗥,嗔,0.7504843227135353
嗥,哔,0.7435297565521184
嗥,哞,0.7431198299176021
嗥,嘷,0.7429318957343168
嗥,哗,0.7412278845984992
