char1,char2,similarity
嗤,嗤,1.0
嗤,滍,0.8170975380644193
嗤,哺,0.7709673991575061
嗤,嘳,0.746173814542006
嗤,啧,0.7411022919507236
嗤,唢,0.7391065595752903
嗤,噀,0.7364220893327497
嗤,暅,0.734182151440842
嗤,嘿,0.7338102771631476
嗤,暏,0.7305168070587402
