char1,char2,similarity
嗠,嗠,1.0
嗠,辂,0.7836961589636054
嗠,骆,0.7579814017066593
嗠,輅,0.7516886018114192
嗠,蛒,0.7493243265816358
嗠,略,0.73453514718448
嗠,絡,0.7327687098589795
嗠,路,0.7308827478991472
嗠,賂,0.727442927735823
嗠,臵,0.7256700777853992
