char1,char2,similarity
嗩,嗩,1.0
嗩,溑,0.8061216890740405
嗩,咦,0.7823094377167709
嗩,啅,0.7738233987607316
嗩,唺,0.750431881880899
嗩,喤,0.7427768474229546
嗩,唝,0.7426001228635922
嗩,湞,0.7418259351792021
嗩,唳,0.7368940134327512
嗩,啸,0.7365121309240661
