char1,char2,similarity
嗭,嗭,1.0
嗭,品,0.7480449041839458
嗭,亮,0.7288989862467652
嗭,卨,0.7234702517410229
嗭,長,0.7216205574829094
嗭,斍,0.7215908506185369
嗭,崑,0.7210359764497473
嗭,亨,0.7173234615289256
嗭,蓖,0.7165004804985325
嗭,晶,0.71508245791353
