char1,char2,similarity
嗬,嗬,1.0
嗬,嘥,0.7472927838380024
嗬,嚽,0.7434620904964054
嗬,唷,0.7429830558345185
嗬,喈,0.7369432175250655
嗬,嗙,0.7333387867264358
嗬,嚵,0.7329100550468034
嗬,噂,0.731547655673289
嗬,嘪,0.7315062603729312
嗬,嚌,0.728024908754392
