char1,char2,similarity
嗫,嗫,1.0
嗫,慑,0.7449518149266827
嗫,滠,0.7403021667958299
嗫,嗄,0.72645673243058
嗫,摄,0.7249681599001649
嗫,咣,0.7224614878328884
嗫,啺,0.7204113657503652
嗫,唚,0.719545590511922
嗫,暥,0.7193602788255328
嗫,咦,0.7184392152648749
