char1,char2,similarity
嗦,嗦,1.0
嗦,嗉,0.7649028223215764
嗦,嘹,0.7594034542726703
嗦,噫,0.7487130050770782
嗦,溹,0.7444272572374978
嗦,噹,0.7304353902418654
嗦,嚓,0.7293324991263066
嗦,噑,0.7286586646044151
嗦,嘻,0.7262704554929534
嗦,嗔,0.7232028877869131
