char1,char2,similarity
嗴,嗴,1.0
嗴,唴,0.7797136619239063
嗴,溬,0.7542806538745553
嗴,暛,0.7467932630985045
嗴,嗟,0.745719876178935
嗴,啴,0.7449250932978275
嗴,獇,0.7390719629557021
嗴,嗙,0.7357500413813497
嗴,喋,0.7217987832895861
嗴,嗒,0.7202245168043495
