char1,char2,similarity
嗱,嗱,1.0
嗱,嘷,0.7905063085228475
嗱,噏,0.7864822640115893
嗱,嘾,0.7840214751883247
嗱,嚤,0.7700688399012233
嗱,嚏,0.7477767213121856
嗱,嗶,0.7465893951870743
嗱,嚖,0.7458611321804329
嗱,嘹,0.7452670461446772
嗱,噜,0.7440767283086207
