char1,char2,similarity
嗸,嗸,1.0
嗸,唘,0.7794563356256927
嗸,嫯,0.7617126770211287
嗸,聱,0.7477597443862363
嗸,暓,0.7466333369299578
嗸,啓,0.7447540829511031
嗸,咨,0.7431673661027521
嗸,赘,0.7411798952091276
嗸,啔,0.7403981539739879
嗸,魯,0.7396250652897663
