char1,char2,similarity
嗲,嗲,1.0
嗲,嘐,0.7248594525849056
嗲,嘇,0.7174529276847456
嗲,唦,0.7130122825746606
嗲,唧,0.7100166251780642
嗲,嘤,0.7075451983316431
嗲,嘭,0.7070732826057112
嗲,嘴,0.7058759660710346
嗲,嘈,0.704025803657536
嗲,噪,0.7023779105893261
