char1,char2,similarity
嗵,嗵,1.0
嗵,嚃,0.7630782162872423
嗵,咂,0.7463679819146543
嗵,哬,0.7399602635579499
嗵,嚺,0.7322795026759357
嗵,嘚,0.7290398724913509
嗵,喱,0.7266689325318719
嗵,嗬,0.7231807558558716
嗵,嘬,0.7223296835252295
嗵,嗹,0.7210471159240244
