char1,char2,similarity
嘀,嘀,1.0
嘀,嗃,0.7626001980549341
嘀,唷,0.7600248000781091
嘀,墑,0.7472841691472707
嘀,晒,0.7469374139890811
嘀,嗝,0.740617040577803
嘀,瞌,0.738673970914108
嘀,瞒,0.7379591691497972
嘀,啕,0.7375675417225396
嘀,噣,0.7342305440632797
