char1,char2,similarity
嗼,嗼,1.0
嗼,暯,0.8264437427371
嗼,啑,0.7727993915729324
嗼,塻,0.7672884731525004
嗼,嗅,0.766422340212134
嗼,嗃,0.7657074052807662
嗼,噧,0.7624521612672542
嗼,啧,0.7617577050260396
嗼,喡,0.7602395759837032
嗼,唛,0.7579657047135863
