char1,char2,similarity
嘃,嘃,1.0
嘃,慵,0.7875939775383652
嘃,傭,0.7636131557525121
嘃,噡,0.7536686646909496
嘃,噥,0.7496421611463449
嘃,嘳,0.7476706826263411
嘃,嘖,0.7473072302048082
嘃,镛,0.7457718308693576
嘃,嘊,0.7396687727163935
嘃,噠,0.7365490462443002
