char1,char2,similarity
嘂,嘂,1.0
嘂,嚻,0.7328518703655762
嘂,駉,0.6998729287533739
嘂,睆,0.697608666788791
嘂,睲,0.6926791167953219
嘂,睎,0.691003489581625
嘂,吅,0.6902945916230816
嘂,駰,0.6900638214512513
嘂,鉬,0.6858220482748522
嘂,巸,0.6856104866465452
