char1,char2,similarity
嘁,嘁,1.0
嘁,喊,0.7866590475203229
嘁,喴,0.7582662872648838
嘁,墄,0.7506050794648118
嘁,慽,0.7471003879359162
嘁,傶,0.7387126729362765
嘁,蜮,0.7364014811651718
嘁,嘑,0.7328303579248121
嘁,峸,0.7241564168132051
嘁,噈,0.721625407792555
