char1,char2,similarity
嗽,嗽,1.0
嗽,噷,0.7501977028633832
嗽,漱,0.7490329227444609
嗽,潄,0.7386460037871744
嗽,嗷,0.7383400157943576
嗽,嘲,0.7336612298804289
嗽,嘋,0.733157731987563
嗽,敶,0.7148935896891644
嗽,畞,0.7097273896986913
嗽,鍁,0.7022455511913478
