char1,char2,similarity
嘈,嘈,1.0
嘈,傮,0.8267825507279251
嘈,槽,0.782011575724408
嘈,唷,0.7717507918585078
嘈,嚾,0.7665694354613981
嘈,漕,0.760817895397832
嘈,嗜,0.7599113899811516
嘈,啨,0.7464504433366063
嘈,啧,0.7414262258361581
嘈,噑,0.7407224962272205
