char1,char2,similarity
嘉,嘉,1.0
嘉,蛗,0.7528058125817304
嘉,軎,0.7525654906501698
嘉,蠃,0.7454337218528645
嘉,羸,0.7441916362988421
嘉,悥,0.7310184766715381
嘉,嬴,0.7304892224910913
嘉,靑,0.7270628627096111
嘉,离,0.7253306924634814
嘉,粤,0.7244034920932392
