char1,char2,similarity
嘅,嘅,1.0
嘅,摡,0.765034833231325
嘅,慨,0.7492526756863885
嘅,概,0.7422783010889172
嘅,嘢,0.7396567207609669
嘅,囈,0.7387233097654891
嘅,啊,0.7375536965188741
嘅,岴,0.7309315465032566
嘅,毗,0.7297799207117549
嘅,漑,0.7165368433915323
