char1,char2,similarity
嘆,嘆,1.0
嘆,暵,0.8045957842531279
嘆,傼,0.7681182087519361
嘆,嘪,0.7617856732724849
嘆,噢,0.7598746359607411
嘆,嗔,0.7586714373922806
嘆,漢,0.7519221126784759
嘆,嗘,0.7485585487005989
嘆,噂,0.7476261780466388
嘆,嘻,0.7353812681394074
