char1,char2,similarity
嘇,嘇,1.0
嘇,嘐,0.8170526239633729
嘇,噑,0.7244309393928768
嘇,傪,0.7217837444409231
嘇,嘜,0.7194311528271923
嘇,嗲,0.7174529276847456
嘇,嗐,0.7169727472967959
嘇,嗱,0.716754629830027
嘇,嗿,0.7164561713735674
嘇,嘷,0.7134615987816892
