char1,char2,similarity
嘌,嘌,1.0
嘌,僄,0.8123733077817754
嘌,慓,0.7701765540692549
嘌,徱,0.7614733328332459
嘌,缥,0.7578715876880026
嘌,嚓,0.7563799286400508
嘌,嘿,0.7488336302069416
嘌,骠,0.7444055228830988
嘌,噤,0.7416526113955766
嘌,瞟,0.7410138144652108
