char1,char2,similarity
嘐,嘐,1.0
嘐,嘇,0.8170526239633729
嘐,噿,0.7716180113150327
嘐,嘽,0.7670309297718843
嘐,漻,0.7665115161573963
嘐,憀,0.7620640477485856
嘐,嚁,0.7604543176521322
嘐,谬,0.7584716859146292
嘐,僇,0.7524211443206741
嘐,嘾,0.7424805380878595
