char1,char2,similarity
嘗,嘗,1.0
嘗,霅,0.7466236695062923
嘗,諐,0.7444979472368355
嘗,畺,0.7400261122417447
嘗,富,0.734212418677979
嘗,霞,0.7330160909437684
嘗,雽,0.7304120045979544
嘗,嚐,0.72978783199002
嘗,嶤,0.7272743365837135
嘗,畵,0.724466308827303
