char1,char2,similarity
嘕,嘕,1.0
嘕,嗗,0.7728621971061473
嘕,漹,0.754259749876301
嘕,傿,0.748919379459971
嘕,澙,0.7424685435436682
嘕,嘽,0.7381708154161346
嘕,喟,0.734819947784792
嘕,噍,0.7327825144391078
嘕,嗝,0.731817949738443
嘕,噣,0.7307302088076073
