char1,char2,similarity
嘑,嘑,1.0
嘑,嚧,0.7518726407542233
嘑,喴,0.7427354384104324
嘑,嚦,0.7377359908671447
嘑,嘁,0.7328303579248121
嘑,噓,0.731692702976833
嘑,喊,0.7316046078041487
嘑,滹,0.7301822642180559
嘑,嘽,0.726440033856842
嘑,嗱,0.7256673935219676
