char1,char2,similarity
嘖,嘖,1.0
嘖,嘳,0.8867485443936785
嘖,漬,0.8070115890515893
嘖,潰,0.8061835817136389
嘖,債,0.7988897525080475
嘖,瞶,0.7821323372032182
嘖,囋,0.7778071181106399
嘖,噴,0.7739121218214691
嘖,噜,0.7724959794330738
嘖,瞔,0.7707594198238397
