char1,char2,similarity
嘔,嘔,1.0
嘔,嗢,0.7726188647769044
嘔,漚,0.7631515038297505
嘔,噁,0.7614987628909033
嘔,塸,0.7614792356138269
嘔,傴,0.7599257342849459
嘔,噡,0.7561879983662463
嘔,嘓,0.7527031121814003
嘔,喹,0.7442407826353135
嘔,噬,0.7366452733987547
