char1,char2,similarity
嘒,嘒,1.0
嘒,暳,0.784902199658474
嘒,崉,0.7255644646288331
嘒,嗐,0.7245601344590195
嘒,暙,0.7235213054531926
嘒,舂,0.7189227756312162
嘒,亯,0.7188519423491819
嘒,槥,0.7181478385875403
嘒,噆,0.717587821235531
嘒,嘓,0.7146589702305872
