char1,char2,similarity
嘎,嘎,1.0
嘎,嗄,0.7755166208052112
嘎,唲,0.7465069981162996
嘎,嗅,0.7448043232196123
嘎,唚,0.7400821522635576
嘎,呲,0.7272527587522392
嘎,呪,0.725028853589838
嘎,唊,0.7235347463002971
嘎,唅,0.7234381919709559
嘎,唫,0.7227509343579658
