char1,char2,similarity
嘚,嘚,1.0
嘚,哬,0.7521478471571603
嘚,嘥,0.7418502491416268
嘚,噆,0.7376524890308362
嘚,嘽,0.7365189311025083
嘚,嗵,0.7290398724913509
嘚,嗋,0.7281307754097655
嘚,嘺,0.7262771706499801
嘚,咿,0.7213935686936714
嘚,嘕,0.7209066607932237
