char1,char2,similarity
嘝,嘝,1.0
嘝,槲,0.7398710519509353
嘝,犐,0.7221686649577457
嘝,唞,0.7160841582984171
嘝,嘢,0.7137141642574678
嘝,噤,0.7132641601549741
嘝,嘋,0.709286929294188
嘝,嚉,0.7090847768214448
嘝,嚖,0.7059056048136458
嘝,嚝,0.7057145612612187
