char1,char2,similarity
嘘,嘘,1.0
嘘,噓,0.8438803404423247
嘘,唬,0.7919282719947072
嘘,墟,0.7852932846978844
嘘,喔,0.7498210587874027
嘘,憈,0.7431374968414675
嘘,嗻,0.7339954978260204
嘘,嘯,0.7335163851563666
嘘,嚏,0.7257275312823506
嘘,喱,0.7204777939297857
