char1,char2,similarity
嘡,嘡,1.0
嘡,噇,0.7624698706965293
嘡,噛,0.7454749322382347
嘡,啃,0.7341553135226233
嘡,嗿,0.7303872474954868
嘡,嗈,0.728033097958339
嘡,瞠,0.7270295027094622
嘡,唾,0.7263066540178387
嘡,喹,0.7236048744076011
嘡,嘖,0.7214539140370827
