char1,char2,similarity
嘣,嘣,1.0
嘣,傰,0.7764005640876833
嘣,漰,0.7597752060520089
嘣,塴,0.7469726762470922
嘣,唖,0.7366107486781084
嘣,嘀,0.7306691627578632
嘣,呬,0.7267315203561125
嘣,噣,0.719735249340028
嘣,哨,0.7181390059139167
嘣,蹦,0.7160766810203938
