char1,char2,similarity
嘩,嘩,1.0
嘩,曄,0.7806405202820719
嘩,噿,0.7749322619313993
嘩,皣,0.772437560210162
嘩,墷,0.7653779869688699
嘩,嘽,0.7607560151844768
嘩,暪,0.7590954621291762
嘩,璍,0.7580319545582894
嘩,嗶,0.7546730893636574
嘩,澕,0.7545310794174308
