char1,char2,similarity
嘢,嘢,1.0
嘢,嘅,0.7396567207609669
嘢,嗗,0.7301162690529351
嘢,噚,0.7238788155217349
嘢,囕,0.7157963222419842
嘢,嘪,0.7147127673484375
嘢,嗕,0.7145345896812801
嘢,嘤,0.7139976352338122
嘢,嘝,0.7137141642574678
嘢,哘,0.7135531724447112
