char1,char2,similarity
嘦,嘦,1.0
嘦,訔,0.718866464546261
嘦,翣,0.7113653447939303
嘦,霊,0.7071182663777854
嘦,雽,0.7054717767690466
嘦,昪,0.7035722562733687
嘦,雭,0.7034184310117323
嘦,熏,0.7023205668988023
嘦,喬,0.7002681420409478
嘦,曷,0.7001122400808599
