char1,char2,similarity
嘳,嘳,1.0
嘳,嘖,0.8867485443936785
嘳,潰,0.8104724513379662
嘳,債,0.8015505737361064
嘳,漬,0.7933743490699308
嘳,囋,0.787873205174644
嘳,瞶,0.7794710721085618
嘳,僓,0.7730070756812866
嘳,噜,0.7726603144665677
嘳,嗿,0.7672333959935831
