char1,char2,similarity
嘱,嘱,1.0
嘱,瞩,0.8007823583787125
嘱,嗁,0.773073281413378
嘱,嗕,0.7419136913230234
嘱,噚,0.7268167746061029
嘱,嘬,0.7189690817169677
嘱,帞,0.7179575783001934
嘱,囑,0.7167506174019864
嘱,噳,0.714434962909208
嘱,帩,0.7142529752521071
