char1,char2,similarity
嘯,嘯,1.0
嘯,嚏,0.7666348257118382
嘯,噡,0.7611959322377227
嘯,嘷,0.7553624841531953
嘯,嘖,0.7551026265892616
嘯,嘨,0.7485126775118857
嘯,潚,0.7484497213828412
嘯,噥,0.747479920670298
嘯,嗶,0.7452349037483147
嘯,嘍,0.7373004348820604
