char1,char2,similarity
嘲,嘲,1.0
嘲,嘞,0.7587395073599565
嘲,岄,0.7386707961247329
嘲,嗽,0.7336612298804289
嘲,啊,0.7335451870480559
嘲,啷,0.7247807548346094
嘲,帼,0.7239543765736048
嘲,嘟,0.7234609254302398
嘲,喃,0.723300075252689
嘲,哟,0.7216921542077914
