char1,char2,similarity
嘬,嘬,1.0
嘬,撮,0.7601541828224019
嘬,噚,0.7565513978744108
嘬,嚗,0.7314210726547411
嘬,曔,0.7280706305588134
嘬,嚝,0.7252985291695988
嘬,噏,0.724639003918332
嘬,嚘,0.7233789885864942
嘬,嗵,0.7223296835252295
嘬,嗢,0.720836980099101
