char1,char2,similarity
嘵,嘵,1.0
嘵,皢,0.782624487678894
嘵,僥,0.7678721737413338
嘵,徺,0.7672414507705876
嘵,墝,0.7559219286720759
嘵,噹,0.7506842585876099
嘵,喨,0.7362665840126797
嘵,噎,0.7335264818664365
嘵,嶢,0.732797233363052
嘵,嗹,0.7303805548943719
