char1,char2,similarity
嘰,嘰,1.0
嘰,噒,0.7314055732005009
嘰,嗐,0.7244497294613927
嘰,呶,0.7143631597936121
嘰,喹,0.7134141016993728
嘰,嗿,0.7130986536962404
嘰,嘳,0.7119573177498216
嘰,嘜,0.711778465203361
嘰,噠,0.7088652531847337
嘰,嗤,0.7080234943561908
