char1,char2,similarity
嘴,嘴,1.0
嘴,嘳,0.7289916463973569
嘴,嘖,0.7287252326161804
嘴,嘾,0.7249219872928102
嘴,噇,0.722360334799719
嘴,嗱,0.7199447162881883
嘴,噜,0.7176822132562478
嘴,唥,0.7174502126949363
嘴,噏,0.7153886913604403
嘴,嘹,0.7153672000328531
