char1,char2,similarity
嘿,嘿,1.0
嘿,哽,0.7659244195403934
嘿,嘌,0.7488336302069416
嘿,嚯,0.7480649626187076
嘿,嗎,0.7456145535975566
嘿,喁,0.7394380558761758
嘿,嚅,0.7382643097117845
嘿,噚,0.7379845578861636
嘿,潶,0.7346167394436194
嘿,嗤,0.7338102771631476
