char1,char2,similarity
嘷,嘷,1.0
嘷,嗱,0.7905063085228475
嘷,噇,0.7799104070646887
嘷,曍,0.7764801668017539
嘷,嗶,0.7687049874812489
嘷,嘾,0.7652029854686523
嘷,皥,0.764106939642952
嘷,嘨,0.7610698155788411
嘷,噑,0.7606788735937294
嘷,暭,0.7606381766440145
