char1,char2,similarity
嘾,嘾,1.0
嘾,嗱,0.7840214751883247
嘾,嘽,0.7760400659683877
嘾,噿,0.7749089141585961
嘾,嗶,0.7682698662149745
嘾,嘷,0.7652029854686523
嘾,嘳,0.7517254956818666
嘾,嘐,0.7424805380878595
嘾,瞫,0.7369938669306864
嘾,嘌,0.7333085029978661
