char1,char2,similarity
嘸,嘸,1.0
嘸,瞴,0.7834881059239227
嘸,潕,0.7661843917090537
嘸,嘫,0.7496168603523684
嘸,噠,0.7334686304711932
嘸,噍,0.7313043325245413
嘸,憮,0.7310661646221757
嘸,曣,0.7269012450484826
嘸,呶,0.7225227096270606
嘸,嗹,0.7224775691638802
