char1,char2,similarity
嘻,嘻,1.0
嘻,暿,0.8705188362466358
嘻,嗔,0.7881803300628791
嘻,噶,0.7677142575036352
嘻,嬉,0.7634662141243648
嘻,僖,0.7629025386679555
嘻,熺,0.7603872844133432
嘻,瞦,0.7561820663693855
嘻,嗥,0.7517104057018674
嘻,咿,0.7410459792461379
