char1,char2,similarity
嘶,嘶,1.0
嘶,撕,0.7848179284092793
嘶,凘,0.7398042436509749
嘶,噺,0.7174592813067865
嘶,畸,0.7146206427710341
嘶,畔,0.7131822786670408
嘶,啷,0.7042000292773016
嘶,畮,0.7035007003002479
嘶,嗬,0.7019652354679379
嘶,嘲,0.6988758640607335
