char1,char2,similarity
嘼,嘼,1.0
嘼,蕾,0.746007904394441
嘼,詈,0.7431598305627737
嘼,罼,0.7355148864647367
嘼,罯,0.7354622738169224
嘼,雩,0.731329208217647
嘼,冉,0.7283586064299797
嘼,罜,0.7273870035999507
嘼,讆,0.7267074516112392
嘼,責,0.7209931297289426
