char1,char2,similarity
噁,噁,1.0
噁,嗢,0.7616379215683582
噁,嘔,0.7614987628909033
噁,嗯,0.7532429245895461
噁,僫,0.732564258414916
噁,嗈,0.7235615854835162
噁,隐,0.7170912342520914
噁,噠,0.7159795780866015
噁,噚,0.7155258293313085
噁,嘃,0.7146325521780243
