char1,char2,similarity
噃,噃,1.0
噃,皤,0.7806364917315378
噃,僠,0.7706521113783387
噃,潘,0.7664941340038015
噃,璠,0.7559818927577753
噃,播,0.751222980258845
噃,憣,0.7507606168649334
噃,喈,0.7499252703167018
噃,嘺,0.7358802570322716
噃,嘳,0.7357575612290426
