char1,char2,similarity
噅,噅,1.0
噅,潙,0.7912757932970015
噅,嗚,0.7639232760876993
噅,嗘,0.7418928379339015
噅,僞,0.7318322078982611
噅,嗋,0.7229914237978663
噅,嘺,0.7219177958766086
噅,哟,0.7159538324951978
噅,嘽,0.7144835156258594
噅,噃,0.7139585360666891
