char1,char2,similarity
噂,噂,1.0
噂,澊,0.7944204429566942
噂,僔,0.7760057729665698
噂,墫,0.7727928001938581
噂,嘽,0.7555567780498216
噂,壿,0.750405161735207
噂,嘆,0.7476261780466388
噂,噚,0.7414057566596733
噂,樽,0.7383953208506584
噂,嚐,0.7358536000265531
