char1,char2,similarity
噆,噆,1.0
噆,嗗,0.7534356363938226
噆,潛,0.7390727566512403
噆,嘚,0.7376524890308362
噆,噹,0.7284392746984667
噆,嘪,0.7264169009421705
噆,嘠,0.7193151717084559
噆,嗢,0.7189431458094306
噆,囕,0.7185403574792457
噆,嘒,0.717587821235531
