char1,char2,similarity
噓,噓,1.0
噓,嘘,0.8438803404423247
噓,墟,0.7976160435071311
噓,唬,0.794777248959193
噓,嘊,0.7503693969235973
噓,噡,0.7357944279404297
噓,喔,0.7353355381155132
噓,喱,0.7336271337864477
噓,嘑,0.731692702976833
噓,憈,0.7308594426345552
