char1,char2,similarity
噌,噌,1.0
噌,憎,0.7966143109217287
噌,増,0.7748067445096171
噌,璔,0.7737198703790092
噌,喒,0.7676735421788221
噌,唁,0.7564967112584595
噌,熷,0.7547171476885287
噌,潧,0.7543308749566614
噌,增,0.7522603817561302
噌,唶,0.7450541321117221
