char1,char2,similarity
噏,噏,1.0
噏,嗱,0.7864822640115893
噏,潝,0.767459001505558
噏,嗿,0.7531062089405047
噏,噙,0.7467132971480913
噏,噜,0.7456756889513643
噏,嗢,0.741975939444961
噏,嚝,0.738083011040831
噏,嚏,0.7353436653359059
噏,嗐,0.7344088294013342
