char1,char2,similarity
噐,噐,1.0
噐,嵓,0.7355448479933343
噐,黒,0.7286957943633122
噐,圉,0.7281195753211981
噐,罴,0.7197350794961591
噐,閺,0.7137391829497179
噐,閇,0.7135057320720114
噐,闂,0.7098331375743973
噐,閁,0.7089134715145234
噐,閿,0.7080785250670933
