char1,char2,similarity
噕,噕,1.0
噕,爳,0.8077016534853869
噕,呄,0.7294721973087346
噕,肖,0.7181102889862674
噕,含,0.7174124458441683
噕,鳧,0.7171169096920317
噕,覓,0.7166844540908262
噕,稥,0.7165531152160205
噕,薈,0.7154241780098973
噕,咎,0.7145613451652146
