char1,char2,similarity
噗,噗,1.0
噗,瞨,0.8470337435581259
噗,墣,0.7475719244625043
噗,嗘,0.7441632022651099
噗,璞,0.7364764726635212
噗,撲,0.7358522817941142
噗,镤,0.7356919900754394
噗,僕,0.734795594504133
噗,唛,0.730580930563508
噗,咦,0.7296482855328461
