char1,char2,similarity
噘,噘,1.0
噘,獗,0.8083228864152829
噘,嚦,0.7400818077172275
噘,镢,0.7372333868246019
噘,囑,0.7215173834548798
噘,嗕,0.7169495493734428
噘,噱,0.7065824595166676
噘,嚈,0.7048536577450282
噘,嚪,0.6986028770683299
噘,囔,0.698544721546307
