char1,char2,similarity
噛,噛,1.0
噛,嚙,0.7836374087907987
噛,啸,0.7583552780832507
噛,嘡,0.7454749322382347
噛,唨,0.7454367390410123
噛,噞,0.7409806791995369
噛,噇,0.7374131449798488
噛,嘯,0.7356870728835645
噛,嚆,0.7302089341567098
噛,嗐,0.726557723392232
