char1,char2,similarity
噜,噜,1.0
噜,嚕,0.799421056723821
噜,噾,0.7976609150871681
噜,澛,0.7812339870836041
噜,橹,0.7768008052721129
噜,嘳,0.7726603144665677
噜,嘖,0.7724959794330738
噜,嗐,0.7638852471553103
噜,撸,0.759952287483304
噜,噲,0.7540151468093795
