char1,char2,similarity
噚,噚,1.0
噚,憳,0.7612901244175199
噚,嘬,0.7565513978744108
噚,樳,0.7491836977186825
噚,嚗,0.7476026608311024
噚,璕,0.7435534214384443
噚,蟳,0.7421104097955113
噚,噂,0.7414057566596733
噚,嘿,0.7379845578861636
噚,噀,0.7374306775342813
