char1,char2,similarity
噔,噔,1.0
噔,燈,0.7690890698367425
噔,僜,0.7648968974407857
噔,橙,0.7417469346976089
噔,撜,0.737878862236235
噔,璒,0.7365755816768834
噔,嗗,0.7331675880735951
噔,瞪,0.7314092957016474
噔,曀,0.7230046415380055
噔,喠,0.7222081661093704
