char1,char2,similarity
噞,噞,1.0
噞,澰,0.7900868762700803
噞,憸,0.7641385836640209
噞,噴,0.7508004497468439
噞,噛,0.7409806791995369
噞,儉,0.7386015366907402
噞,喻,0.7333212547318655
噞,噭,0.7317490428627579
噞,喩,0.7300302919057806
噞,瞼,0.7287477022091498
