char1,char2,similarity
噢,噢,1.0
噢,懊,0.7770016075482462
噢,擙,0.7685381893900602
噢,嗘,0.7677218228240003
噢,嘆,0.7598746359607411
噢,啧,0.7526121041003053
噢,嗪,0.7507939064265684
噢,喹,0.7386550033112403
噢,暯,0.7380698498641423
噢,澳,0.7369156761608187
