char1,char2,similarity
噠,噠,1.0
噠,嗐,0.751265389790806
噠,澾,0.742584561043713
噠,嚿,0.7419783784546855
噠,嗹,0.7416892250837143
噠,嘃,0.7365490462443002
噠,嚺,0.7361382023369758
噠,嘸,0.7334686304711932
噠,嗢,0.7287503927294151
噠,噢,0.7262672574150089
