char1,char2,similarity
噡,噡,1.0
噡,儋,0.8078053943392232
噡,擔,0.7824303274800772
噡,噥,0.7691847733351906
噡,檐,0.768221851719704
噡,嘯,0.7611959322377227
噡,嘔,0.7561879983662463
噡,嘳,0.7546620487268031
噡,嘃,0.7536686646909496
噡,瞻,0.7523480991235021
