char1,char2,similarity
噦,噦,1.0
噦,濊,0.7749347034573705
噦,噓,0.7246164376419365
噦,嚰,0.7202024262202716
噦,啧,0.7189342390686269
噦,嘵,0.7153532809446849
噦,噴,0.7152737668568411
噦,曉,0.7149359601649469
噦,唬,0.709464613872082
噦,喊,0.709024745894176
