char1,char2,similarity
噟,噟,1.0
噟,廑,0.7868153931427211
噟,廧,0.757917488983681
噟,卼,0.7450724540266049
噟,廎,0.7443619544858365
噟,庿,0.744208123271637
噟,廝,0.7441569573012349
噟,廔,0.7419365934516938
噟,腐,0.7418861346629556
噟,麼,0.7408667920990997
