char1,char2,similarity
噥,噥,1.0
噥,濃,0.7889224368477324
噥,噡,0.7691847733351906
噥,嚷,0.763594324019863
噥,嘃,0.7496421611463449
噥,嘯,0.747479920670298
噥,嚝,0.7434709244226978
噥,嘖,0.7408806357218568
噥,嘳,0.7367090851560224
噥,壤,0.7274986472046109
