char1,char2,similarity
噣,噣,1.0
噣,濁,0.7958622932930542
噣,獨,0.769790724454752
噣,燭,0.7696120979511867
噣,噊,0.7642567567857421
噣,擉,0.7488603372080221
噣,曎,0.7473333215637169
噣,哟,0.7442865856744229
噣,嘀,0.7342305440632797
噣,咧,0.7333475979914852
