char1,char2,similarity
噯,噯,1.0
噯,僾,0.7998592001948123
噯,皧,0.7927293609161713
噯,瞹,0.7811700147768454
噯,嗳,0.7686485370882062
噯,曖,0.76567109009818
噯,懓,0.7427123105959212
噯,噴,0.7354878511172965
噯,嗘,0.733672435289021
噯,嗄,0.7296848835636723
