char1,char2,similarity
器,器,1.0
器,咢,0.7159512575490963
器,毘,0.7133079284982133
器,展,0.7117997731421504
器,岧,0.710018724608745
器,惥,0.7074928594119871
器,罭,0.7055672072321275
器,舀,0.6991288116700037
器,琵,0.6972520335822084
器,罠,0.6971389201354085
