char1,char2,similarity
噰,噰,1.0
噰,澭,0.7991627561293436
噰,嗉,0.7503848607362607
噰,嘹,0.7285005847343444
噰,唌,0.7280026980351294
噰,嗃,0.7245199172092511
噰,瘫,0.7235736471890363
噰,臃,0.7219040310894662
噰,嗤,0.7204230090168928
噰,嚓,0.7198830592620301
