char1,char2,similarity
噱,噱,1.0
噱,澽,0.7954003486429426
噱,璩,0.7577116575868795
噱,噳,0.7575596095300585
噱,嚧,0.7414725136560127
噱,壉,0.7220402560050405
噱,嘑,0.7217362654835034
噱,懅,0.7188936715938881
噱,囑,0.712692377806309
噱,嘁,0.712592152746272
