char1,char2,similarity
噫,噫,1.0
噫,嘹,0.7744212519236322
噫,啧,0.7583536359575189
噫,噴,0.7525024417577808
噫,嗦,0.7487130050770782
噫,瞕,0.7485463912726644
噫,嚏,0.7464211609293488
噫,暸,0.7461521028800083
噫,啍,0.745065490267756
噫,嗔,0.7428938374486171
