char1,char2,similarity
噬,噬,1.0
噬,喹,0.7696295001488169
噬,嘔,0.7366452733987547
噬,噇,0.7285916070785401
噬,嗢,0.7249184895961225
噬,咝,0.7203645936049337
噬,嘨,0.7188246332433879
噬,唾,0.7184734460176059
噬,嚏,0.7183051902832441
噬,嗪,0.7163729952703735
