char1,char2,similarity
噮,噮,1.0
噮,澴,0.7920076598363414
噮,嘪,0.7719787524466716
噮,懁,0.7492484632004476
噮,噀,0.7376752469329311
噮,囋,0.7313000645305695
噮,儇,0.7273281451958911
噮,囁,0.7265010920617387
噮,嗗,0.7200669602700339
噮,缳,0.7198091437541627
