char1,char2,similarity
噩,噩,1.0
噩,冨,0.7504312561855001
噩,墨,0.7472833836528284
噩,胃,0.7449301826716994
噩,置,0.7402387518312954
噩,弡,0.7381285987958278
噩,乬,0.7293598521520365
噩,壼,0.7287229830589893
噩,墼,0.7284516951892641
噩,坙,0.7274433552588359
