char1,char2,similarity
噶,噶,1.0
噶,嗔,0.7766313241165202
噶,嘻,0.7677142575036352
噶,臈,0.7591365926456649
噶,擖,0.7568516304688738
噶,噎,0.7474702970063276
噶,嚾,0.7466172426640353
噶,啨,0.7347237657206801
噶,嘆,0.7331888487866655
噶,嘈,0.7319189468751651
