char1,char2,similarity
噵,噵,1.0
噵,檀,0.7301449129100189
噵,襢,0.7256504767796769
噵,蓸,0.7172765882971506
噵,軎,0.7166915802233099
噵,峇,0.7154968671310273
噵,儃,0.7142594974229023
噵,擅,0.7120266475567186
噵,窖,0.7110307014535122
噵,害,0.706379406229099
