char1,char2,similarity
噳,噳,1.0
噳,澞,0.8059054005552303
噳,嚧,0.778488341813587
噳,曥,0.766559333296801
噳,噱,0.7575596095300585
噳,嗕,0.7503026473529071
噳,濾,0.7371594498637173
噳,囑,0.7335885177787587
噳,獹,0.7314370050175651
噳,爐,0.7313199318852746
