char1,char2,similarity
噷,噷,1.0
噷,嚨,0.7641780465113313
噷,嗽,0.7501977028633832
噷,嚫,0.7307430104214161
噷,曒,0.7284361333339764
噷,噋,0.7224571067713259
噷,囃,0.7187854760543345
噷,噭,0.7181296406984864
噷,嘋,0.7156326055200659
噷,嚬,0.7134303426649703
