char1,char2,similarity
噲,噲,1.0
噲,噾,0.7773033855305463
噲,懀,0.7638318441576906
噲,噙,0.7608883106134497
噲,噜,0.7540151468093795
噲,澮,0.7510937571920452
噲,嗿,0.7501224088307427
噲,禬,0.7497694437504372
噲,燴,0.7424875971810634
噲,噇,0.7400653790794839
