char1,char2,similarity
噼,噼,1.0
噼,壀,0.7971405305577626
噼,擗,0.7372453655521721
噼,澼,0.7322145324448032
噼,僻,0.7304866702751773
噼,啲,0.7138020814345667
噼,嘛,0.6975168424542453
噼,嗕,0.6965967080055873
噼,辨,0.696388270099024
噼,嗵,0.692973846223084
