char1,char2,similarity
嚄,嚄,1.0
嚄,嚿,0.7788706374162697
嚄,矆,0.76735122577723
嚄,濩,0.7598529450125744
嚄,嘆,0.7292899292385254
嚄,嬳,0.7264679185963924
嚄,擭,0.7234278495877138
嚄,嚋,0.7189905431148671
嚄,嚜,0.7178252202276068
嚄,噂,0.7166336498826471
