char1,char2,similarity
嚀,嚀,1.0
嚀,濘,0.8270784171932101
嚀,矃,0.8002801039446595
嚀,懧,0.7693769785547846
嚀,獰,0.7635879583002371
嚀,檸,0.7599353548769278
嚀,嘽,0.7504529805297933
嚀,嘜,0.7388689675252251
嚀,嘻,0.7388257710588567
嚀,噑,0.7343338830348115
