char1,char2,similarity
嚁,嚁,1.0
嚁,嚾,0.7624529980716779
嚁,嘐,0.7604543176521322
嚁,噿,0.7512297690611585
嚁,曤,0.7419665383270538
嚁,嚜,0.7351487175254704
嚁,嚯,0.724678448056346
嚁,嚃,0.7236973172339013
嚁,嚨,0.7232944183134934
嚁,燿,0.7182320602260949
