char1,char2,similarity
嚂,嚂,1.0
嚂,嚍,0.7609643790797913
嚂,濫,0.7486873193653839
嚂,嚼,0.7408413055113449
嚂,嗢,0.7382575872917478
嚂,岨,0.7279026073568325
嚂,嚆,0.7185662541003952
嚂,嚜,0.7177204849336799
嚂,嚵,0.7169995167817156
嚂,嚨,0.7141044957932298
