char1,char2,similarity
嚌,嚌,1.0
嚌,儕,0.8096141674989987
嚌,懠,0.8017373068965916
嚌,擠,0.7473722930796005
嚌,嚍,0.7370419737222541
嚌,唷,0.7333008448459841
嚌,噎,0.7310025245126854
嚌,嘈,0.7297415895970515
嚌,嗬,0.728024908754392
嚌,隮,0.7263695937057508
