char1,char2,similarity
嚊,嚊,1.0
嚊,嚵,0.7666120244371356
嚊,嚘,0.7516628008344678
嚊,襣,0.7471306688018046
嚊,嚽,0.7372109156603208
嚊,噂,0.7305688573367465
嚊,嘪,0.7283461229122482
嚊,嚼,0.7259836151193345
嚊,噢,0.7239614918480048
嚊,噴,0.7186818535275509
