char1,char2,similarity
嚏,嚏,1.0
嚏,噴,0.7682002636823512
嚏,嘯,0.7666348257118382
嚏,嘍,0.7642156543582578
嚏,懥,0.7573281628428745
嚏,嘖,0.7544711495476297
嚏,嗱,0.7477767213121856
嚏,噫,0.7464211609293488
嚏,嘳,0.7425895030000681
嚏,噡,0.7398705976412605
