char1,char2,similarity
嚎,嚎,1.0
嚎,濠,0.814590600551318
嚎,壕,0.7619340724943315
嚎,嚋,0.7430815262257982
嚎,嘹,0.7086184152708799
嚎,嚰,0.7042428993986043
嚎,嘢,0.7034789020159236
嚎,噱,0.7022229182418191
嚎,嶾,0.7007820025561202
嚎,噑,0.7004435949129174
