char1,char2,similarity
嚈,嚈,1.0
嚈,擫,0.7479715704314615
嚈,嶥,0.7278147721056859
嚈,嚱,0.7266944016532783
嚈,噸,0.7235661329885523
嚈,囐,0.7227617618350033
嚈,嚁,0.707887704318229
嚈,懨,0.7073159510719896
嚈,噘,0.7048536577450282
嚈,嚸,0.70482886377187
