char1,char2,similarity
嚋,嚋,1.0
嚋,璹,0.8141579966982652
嚋,壔,0.7967268908189018
嚋,擣,0.7960799750914964
嚋,隯,0.7845777469567139
嚋,濤,0.7650363649889593
嚋,嚆,0.7615450546406001
嚋,嶹,0.7511268831349723
嚋,嚎,0.7430815262257982
嚋,檮,0.7411269854640328
