char1,char2,similarity
嚖,嚖,1.0
嚖,嚆,0.7550585147504907
嚖,嗱,0.7458611321804329
嚖,噻,0.7366869764347267
嚖,懳,0.7316278491313489
嚖,嚙,0.7279874952396246
嚖,澺,0.7269804873714435
嚖,嚝,0.7198340450867935
嚖,噡,0.716184415131917
嚖,嚏,0.7139400348199326
