char1,char2,similarity
嚞,嚞,1.0
嚞,舙,0.7562778239788969
嚞,專,0.7551485294284608
嚞,雥,0.7437954028539737
嚞,書,0.7302491166457692
嚞,稁,0.7286940695483491
嚞,赢,0.7277871660835048
嚞,驘,0.7272835977820846
嚞,鸁,0.7262042441575203
嚞,軣,0.7261438766516988
