char1,char2,similarity
嚠,嚠,1.0
嚠,瀏,0.7606760276510323
嚠,懰,0.7406470064137077
嚠,嚪,0.7233308121478523
嚠,嬼,0.7138969957069294
嚠,嚸,0.7133690250597078
嚠,唰,0.7070079611830951
嚠,嗰,0.7016454088636239
嚠,嘓,0.699978729870857
嚠,嗮,0.6968265457668968
