char1,char2,similarity
嚟,嚟,1.0
嚟,噤,0.7359024141122161
嚟,噖,0.7260520949965253
嚟,嚗,0.7132051113265024
嚟,嚓,0.7065790503268993
嚟,嚀,0.705488315920423
嚟,曔,0.7035070614462445
嚟,嘢,0.7022654784547235
嚟,噄,0.7020367912248014
嚟,嘬,0.6995209526491379
