char1,char2,similarity
嚡,嚡,1.0
嚡,囃,0.7137415836614229
嚡,囀,0.7107242430462075
嚡,嘥,0.7104984466179108
嚡,嚸,0.7028564299654725
嚡,噷,0.6992298510800264
嚡,嚫,0.6965510856229435
嚡,呌,0.6952032150521755
嚡,畍,0.6941579990575136
嚡,唶,0.6940106567569413
