char1,char2,similarity
嚣,嚣,1.0
嚣,昬,0.7177821670408939
嚣,雸,0.7167513811678015
嚣,嘼,0.7159990082173923
嚣,蕾,0.7147018883478479
嚣,雷,0.7135635835101795
嚣,善,0.708396308127588
嚣,崑,0.7073428050882715
嚣,晷,0.7054736656322056
嚣,責,0.7043827487854885
