char1,char2,similarity
嚫,嚫,1.0
嚫,瀙,0.8577747112951899
嚫,噺,0.7677576229138916
嚫,櫬,0.7397866228702477
嚫,噷,0.7307430104214161
嚫,儬,0.7267710283132158
嚫,噸,0.7252758790848238
嚫,囃,0.7251746745245724
嚫,嚬,0.710569349082011
嚫,槻,0.7083058475504794
