char1,char2,similarity
嚩,嚩,1.0
嚩,噝,0.7148878042239952
嚩,噸,0.7115623297045593
嚩,囀,0.702329709812272
嚩,嚫,0.695063998305407
嚩,嚼,0.6919860335179191
嚩,噺,0.6842440894749371
嚩,噼,0.6834879770497585
嚩,嘚,0.6782494911729684
嚩,啉,0.6780416151962437
