char1,char2,similarity
嚬,嚬,1.0
嚬,噸,0.7500252423863524
嚬,嚨,0.725022920423965
嚬,噤,0.7204129076267485
嚬,嚄,0.7163843094970375
嚬,噷,0.7134303426649703
嚬,嚤,0.7132639771676988
嚬,纈,0.7118288042336308
嚬,嚫,0.710569349082011
嚬,襭,0.7100258902266158
