char1,char2,similarity
嚲,嚲,1.0
嚲,亸,0.7428575864427877
嚲,繟,0.7422304974756045
嚲,殫,0.7407521058334268
嚲,襌,0.737895725315909
嚲,樿,0.7306246356682052
嚲,貚,0.7288165979908219
嚲,篺,0.7201157026381255
嚲,禪,0.7140133042736923
嚲,禈,0.7066613507255112
