char1,char2,similarity
嚳,嚳,1.0
嚳,雤,0.8435168949133128
嚳,澩,0.7430243360393497
嚳,瞀,0.7333863119800182
嚳,嶨,0.7296014873928419
嚳,督,0.7264611956701617
嚳,瞥,0.7262604559726884
嚳,學,0.7246759816342475
嚳,嶜,0.7198281424326628
嚳,髺,0.719705989090875
