char1,char2,similarity
嚷,嚷,1.0
嚷,壤,0.8230573159563132
嚷,攘,0.8121253076305397
嚷,噥,0.763594324019863
嚷,獽,0.7633660111766413
嚷,忀,0.7526976425854462
嚷,嘖,0.7483659440869055
嚷,懹,0.747845898870794
嚷,儴,0.7393608576758052
嚷,癏,0.7388476914610983
