char1,char2,similarity
嚶,嚶,1.0
嚶,嘤,0.811395467566625
嚶,瀴,0.8050920985744883
嚶,嘙,0.7515371866367653
嚶,孆,0.7457862355325657
嚶,嚪,0.7419433504201695
嚶,嘠,0.7334529284605417
嚶,攖,0.7292156363417642
嚶,撄,0.7207231672047871
嚶,嘪,0.7196904053633273
