char1,char2,similarity
嚼,嚼,1.0
嚼,灂,0.7871735351594915
嚼,嚂,0.7408413055113449
嚼,爝,0.7302889077846596
嚼,嚊,0.7259836151193345
嚼,嚘,0.7219130739538915
嚼,嚋,0.7217203555420563
嚼,嚨,0.7142727848786532
嚼,崎,0.7094325490585103
嚼,嚵,0.7086659967761954
