char1,char2,similarity
嚻,嚻,1.0
嚻,嘂,0.7328518703655762
嚻,唧,0.7156710458805419
嚻,啒,0.6983471809440794
嚻,骊,0.6943145553899313
嚻,弼,0.6909138385374812
嚻,皕,0.689865859084455
嚻,吅,0.6878483833958132
嚻,喔,0.6854733971833568
嚻,鼦,0.6834040288627815
