char1,char2,similarity
囀,囀,1.0
囀,噸,0.7437097824952104
囀,哬,0.7137855569510845
囀,嚡,0.7107242430462075
囀,嘚,0.7050651733307308
囀,嚩,0.702329709812272
囀,嚹,0.7003246213320259
囀,嚫,0.7000668655975449
囀,哺,0.6933087075413173
囀,喈,0.691135002610164
