char1,char2,similarity
嚿,嚿,1.0
嚿,嚄,0.7788706374162697
嚿,囆,0.7500948902342455
嚿,欍,0.7474804467265117
嚿,噠,0.7419783784546855
嚿,囋,0.7338732701975306
嚿,嘆,0.7336680922624763
嚿,噙,0.7292069763245598
嚿,矆,0.726987753763074
嚿,囓,0.7255455632734612
