char1,char2,similarity
嚺,嚺,1.0
嚺,嚃,0.7847204806994531
嚺,噠,0.7361382023369758
嚺,嗵,0.7322795026759357
嚺,唌,0.7126207561110545
嚺,噓,0.7118361875084047
嚺,噢,0.7098038036398417
嚺,噡,0.7087626274639187
嚺,嗹,0.7087431653132948
嚺,嗰,0.7079953510139844
