char1,char2,similarity
嚾,嚾,1.0
嚾,孉,0.7797805641426493
嚾,嘈,0.7665694354613981
嚾,嚁,0.7624529980716779
嚾,噹,0.7548817891407004
嚾,灈,0.7467326567676758
嚾,噶,0.7466172426640353
嚾,嗜,0.7461808700690962
嚾,嗹,0.7458081659922201
嚾,嗃,0.7425439798455756
