char1,char2,similarity
嚸,嚸,1.0
嚸,囐,0.7227745574281842
嚸,嚠,0.7133690250597078
嚸,喖,0.7132844184842111
嚸,嚱,0.7067349846597473
嚸,檆,0.7054069942339366
嚸,嚈,0.70482886377187
嚸,嚡,0.7028564299654725
嚸,嗮,0.6970993721363125
嚸,岾,0.6891960592141924
