char1,char2,similarity
囁,囁,1.0
囁,灄,0.8094668398044546
囁,攝,0.7727157615053437
囁,懾,0.75411892216909
囁,噮,0.7265010920617387
囁,嘆,0.7199575566886119
囁,嘪,0.7182700254281573
囁,嘠,0.7179907421818214
囁,喖,0.7140142567332219
囁,襵,0.713182062654559
