char1,char2,similarity
囂,囂,1.0
囂,霌,0.7108567310441575
囂,闒,0.7082947470148853
囂,闠,0.7038865129616799
囂,闤,0.7034158045836953
囂,霣,0.7032461189552602
囂,霓,0.70246870072685
囂,鷪,0.698050271958725
囂,蠺,0.696921085708918
囂,氱,0.6964842852329497
