char1,char2,similarity
囈,囈,1.0
囈,嚽,0.7462920474727771
囈,嘅,0.7387233097654891
囈,嘔,0.7255303790534612
囈,囆,0.7236356410383867
囈,嘐,0.7147861125867138
囈,噁,0.7107794805625084
囈,嘕,0.7054250959309358
囈,嚐,0.7052057585951252
囈,嘙,0.7033863578284424
