char1,char2,similarity
囅,囅,1.0
囅,鞰,0.6960431749710628
囅,輠,0.6895127457922704
囅,翈,0.6822329768413713
囅,帆,0.6815973520327483
囅,鞵,0.6789037007094738
囅,嗁,0.6785616040327941
囅,裐,0.6782091960584221
囅,豱,0.6781421401157073
囅,辴,0.675802377891659
