char1,char2,similarity
囋,囋,1.0
囋,儹,0.789958256413739
囋,嘳,0.787873205174644
囋,嘖,0.7778071181106399
囋,嗿,0.7685410540799265
囋,濽,0.7479352475489468
囋,囕,0.7452050709447609
囋,儧,0.7403499929338657
囋,灒,0.7372374799338486
囋,嚿,0.7338732701975306
