char1,char2,similarity
囆,囆,1.0
囆,嚿,0.7500948902342455
囆,嘠,0.7272890235900427
囆,嗂,0.7262837706725593
囆,嘓,0.725490066311507
囆,囈,0.7236356410383867
囆,嗿,0.7225069250445142
囆,嘺,0.7220749462900964
囆,嗢,0.7204886942819275
囆,嘔,0.7184531552648555
