char1,char2,similarity
囐,囐,1.0
囐,嚸,0.7227745574281842
囐,嚈,0.7227617618350033
囐,嚱,0.7128767834031238
囐,嗽,0.694326904100965
囐,嚡,0.6923978637476803
囐,噷,0.6859063553285121
囐,嚆,0.685755285435511
囐,囃,0.6855481967884755
囐,谳,0.6831353316729103
