char1,char2,similarity
囏,囏,1.0
囏,囍,0.8051533761053062
囏,饎,0.7205548773761771
囏,艱,0.7154238359321842
囏,繥,0.7139053684370859
囏,嬉,0.699719313654179
囏,嘻,0.6984067418680516
囏,觐,0.6955069414735147
囏,僖,0.6945416103258744
囏,羛,0.6919761485168427
