char1,char2,similarity
囓,囓,1.0
囓,嘳,0.7262624118926959
囓,嚿,0.7255455632734612
囓,嘔,0.7246007576270982
囓,噙,0.7202670710556203
囓,噻,0.7190127509561282
囓,哂,0.713581135073182
囓,嘐,0.7122752369544131
囓,嘽,0.7097826182848381
囓,嘖,0.7097385198588178
