char1,char2,similarity
囍,囍,1.0
囍,囏,0.8051533761053062
囍,嚭,0.7915641910311022
囍,繥,0.7280161814418331
囍,壼,0.7228583661062763
囍,歖,0.7167189045521849
囍,噽,0.7164359997995928
囍,喜,0.7158384161639965
囍,饎,0.7138453660942581
囍,悫,0.7094142641858039
