char1,char2,similarity
囒,囒,1.0
囒,嚪,0.7369671011335222
囒,嚆,0.7327608278257844
囒,灡,0.7262351255597698
囒,噧,0.7257382455812683
囒,嗰,0.7243765728739473
囒,啲,0.7195474281023749
囒,嘓,0.7145558149523976
囒,噓,0.7132756482859244
囒,糷,0.7107593767891437
