char1,char2,similarity
囑,囑,1.0
囑,灟,0.737592524370664
囑,噳,0.7335885177787587
囑,嗕,0.7289588200028918
囑,嘤,0.7227959903634085
囑,噘,0.7215173834548798
囑,嘓,0.720480882941672
囑,囉,0.7194823729695294
囑,嚯,0.7191024394087715
囑,嚪,0.7182676991210397
