char1,char2,similarity
囎,囎,1.0
囎,崳,0.7064098433418837
囎,嶒,0.695343372823806
囎,嵢,0.6937101611179287
囎,嶹,0.6935145644156364
囎,疅,0.6911170079756253
囎,嶓,0.6908803185042123
囎,暆,0.6876303898698273
囎,嵣,0.686240047189323
囎,畻,0.6844302287342824
