char1,char2,similarity
囔,囔,1.0
囔,灢,0.7887986671042098
囔,攮,0.7682939796409327
囔,儾,0.7264402791222913
囔,嚵,0.716937529037328
囔,馕,0.7142292050862018
囔,嚘,0.71342807342276
囔,嗳,0.7132454476768709
囔,嘬,0.7131608134249939
囔,欜,0.7111957581366336
