char1,char2,similarity
囝,囝,1.0
囝,圁,0.8416336445138803
囝,囯,0.8327137934829629
囝,图,0.8294027684912273
囝,国,0.8293336314997527
囝,囨,0.8286041237955788
囝,园,0.8270572057131674
囝,围,0.8270057360891295
囝,囩,0.8265439772439804
囝,囶,0.8249368066639171
