char1,char2,similarity
四,四,1.0
四,凹,0.8385415995031823
四,回,0.8181998054949666
四,凵,0.802582238081417
四,冃,0.7944753722625668
四,门,0.7940084926360795
四,囬,0.7923539055581782
四,囚,0.7842214658553993
四,田,0.7836064769721818
四,山,0.7832096332675655
