char1,char2,similarity
囙,囙,1.0
囙,団,0.8951154272603363
囙,囦,0.8708464981959939
囙,囜,0.8567411802702426
囙,固,0.8427316985684022
囙,圁,0.8427083429507682
囙,囥,0.8396536529000975
囙,囹,0.8391286763194863
囙,囗,0.8372977041252595
囙,图,0.8351252530584494
