char1,char2,similarity
囘,囘,1.0
囘,间,0.8516968567724961
囘,门,0.826381952634258
囘,闰,0.825485300514507
囘,同,0.8194384008833421
囘,问,0.8022847444564448
囘,闸,0.8003222846874278
囘,闪,0.7889036072693063
囘,冋,0.7865481074094385
囘,闷,0.7856492747606451
