char1,char2,similarity
囧,囧,1.0
囧,囶,0.8725070754575859
囧,固,0.8542610811104583
囧,囹,0.8458860864372242
囧,囲,0.8450966216413345
囧,団,0.8403791594273136
囧,囨,0.8365192380889609
囧,囮,0.8271750080627122
囧,囙,0.826826178663855
囧,囥,0.824157921449126
