char1,char2,similarity
囥,囥,1.0
囥,団,0.8592336781813604
囥,圀,0.8472425487027276
囥,囜,0.8408908363083969
囥,园,0.8402038093124131
囥,囙,0.8396536529000975
囥,図,0.8381120026486979
囥,囵,0.8341765058348611
囥,囦,0.8298554621525877
囥,囶,0.8291858648281932
