char1,char2,similarity
囡,囡,1.0
囡,因,0.867697856951827
囡,囬,0.854215228766813
囡,困,0.8515095345015655
囡,囚,0.8394822257888185
囡,囜,0.8324055349678404
囡,团,0.8243505118092193
囡,囙,0.811261990745188
囡,団,0.8108613453877961
囡,囗,0.8071065520244838
