char1,char2,similarity
囨,囨,1.0
囨,囯,0.8511489683478612
囨,囦,0.8435843382969956
囨,囸,0.8392299029707199
囨,囧,0.8365192380889609
囨,囙,0.8349256643775445
囨,団,0.8340555201364718
囨,囹,0.828966326615227
囨,囝,0.8286041237955788
囨,囥,0.8264630543966994
