char1,char2,similarity
囫,囫,1.0
囫,囧,0.821023993772548
囫,囯,0.8124015461046927
囫,囮,0.8099200187911062
囫,囸,0.8091144436368294
囫,囨,0.80895834004835
囫,囲,0.8050284020571616
囫,囶,0.8012074575290262
囫,围,0.80035515618731
囫,圌,0.7994178950427556
