char1,char2,similarity
囲,囲,1.0
囲,団,0.8598183063761206
囲,囧,0.8450966216413345
囲,囶,0.8419660969945353
囲,囮,0.831992120495098
囲,囙,0.830578259012961
囲,囥,0.8279485560598365
囲,固,0.8233851523793432
囲,囹,0.8230197916854615
囲,囵,0.8220054453019199
