char1,char2,similarity
囱,囱,1.0
囱,囟,0.8242119530944215
囱,曰,0.7957961992138729
囱,囪,0.7831623795258157
囱,臼,0.7771180874217238
囱,甶,0.7670841936091162
囱,肉,0.7630758432446882
囱,卤,0.7592475731517524
囱,山,0.7576695624883069
囱,甴,0.7570163433284158
