char1,char2,similarity
囬,囬,1.0
囬,囡,0.854215228766813
囬,囚,0.8321443927488303
囬,囗,0.8302020596237428
囬,囙,0.8286003392294644
囬,因,0.82856714725461
囬,困,0.8234088981869653
囬,团,0.818969489069772
囬,団,0.8162561876208381
囬,囝,0.8140899730499387
