char1,char2,similarity
囪,囪,1.0
囪,囟,0.8008239353324491
囪,囱,0.7831623795258157
囪,曰,0.7509521395600435
囪,内,0.7369842558766753
囪,圅,0.7360889576313626
囪,肉,0.735241348083591
囪,甶,0.7348501572621224
囪,臼,0.7341623762694653
囪,圆,0.7334854526251318
