char1,char2,similarity
囶,囶,1.0
囶,囧,0.8725070754575859
囶,囯,0.8542055331633024
囶,団,0.8477070439443884
囶,固,0.8452460099519868
囶,囲,0.8419660969945353
囶,囸,0.8413551434955933
囶,囹,0.8409302430585716
囶,囵,0.8380536165875715
囶,囦,0.8351675918699207
