char1,char2,similarity
囻,囻,1.0
囻,囶,0.8308419485614161
囻,圂,0.8267258387336426
囻,図,0.8246689511842253
囻,固,0.8238133570068863
囻,囼,0.8226587783171987
囻,圉,0.8223565724741249
囻,囷,0.8206560334079325
囻,囲,0.8185607190270145
囻,囧,0.8178621042979779
