char1,char2,similarity
囸,囸,1.0
囸,囯,0.9210923225297636
囸,囶,0.8413551434955933
囸,囨,0.8392299029707199
囸,囮,0.837544379779676
囸,国,0.8289495836152422
囸,囷,0.8126760858482434
囸,囝,0.8119320279587368
囸,囧,0.8092758692592262
囸,囫,0.8091144436368294
