char1,char2,similarity
囼,囼,1.0
囼,囵,0.8610975672092759
囼,固,0.8526297911891493
囼,圀,0.84243199120752
囼,囷,0.8363656659956151
囼,囹,0.8358829835396359
囼,圁,0.8293719293786751
囼,囿,0.8255076390783613
囼,囻,0.8226587783171987
囼,団,0.8216552007125689
