char1,char2,similarity
围,围,1.0
围,囤,0.8416883719536832
围,囝,0.8270057360891295
围,因,0.8223793615560235
围,囨,0.8218338068120934
围,园,0.8104329761378577
围,国,0.8056841807321126
围,囩,0.80336616223147
围,囚,0.8023804700927543
围,困,0.8010263170426422
