char1,char2,similarity
国,国,1.0
国,囩,0.8841880897071756
国,囯,0.8504055594483682
国,囝,0.8293336314997527
国,囸,0.8289495836152422
国,圁,0.8280232154700001
国,囨,0.8255261046147422
国,图,0.8213668463463814
国,圆,0.819123305297259
国,圉,0.8164512573401674
