char1,char2,similarity
圄,圄,1.0
圄,圁,0.8439061772423936
圄,圐,0.8375138270543748
圄,囙,0.8217819069050664
圄,圆,0.8147025516359482
圄,団,0.8126956026297317
圄,圔,0.8049900324838523
圄,固,0.8042183395552466
圄,囿,0.8027357422226838
圄,囝,0.8015806508651059
