char1,char2,similarity
圅,圅,1.0
圅,団,0.7859317957924133
圅,囹,0.7696804762979406
圅,甬,0.7657739185726588
圅,函,0.7645130988061379
圅,圉,0.7631473910779838
圅,困,0.7620802906558188
圅,团,0.7620412151897891
圅,固,0.7593897634922617
圅,两,0.7592107434873786
