char1,char2,similarity
圃,圃,1.0
圃,囿,0.8237426406290281
圃,囻,0.8156791070212734
圃,圁,0.8147753845499506
圃,圈,0.8130442248950864
圃,圉,0.8118453391175265
圃,囷,0.8067232243179067
圃,囼,0.8064083700033575
圃,図,0.8029646732252643
圃,囨,0.8017850562154912
