char1,char2,similarity
圇,圇,1.0
圇,圔,0.8536302101808035
圇,囹,0.8369689466742743
圇,圗,0.8256907715133802
圇,囶,0.8171462084381232
圇,圁,0.8159451703413048
圇,圏,0.8123540963983626
圇,圐,0.8109662145464056
圇,圎,0.8102897611419982
圇,圖,0.8053929552629612
