char1,char2,similarity
圂,圂,1.0
圂,囷,0.84309558554607
圂,囻,0.8267258387336426
圂,囨,0.8260757596115271
圂,囹,0.8181531483667936
圂,囶,0.8160157476170954
圂,囿,0.8148566051424547
圂,圀,0.8127154813639558
圂,囯,0.8125617244877418
圂,囧,0.8108292476927622
