char1,char2,similarity
圑,圑,1.0
圑,園,0.8248556756569594
圑,圛,0.816905935007564
圑,圍,0.8066785258314806
圑,圖,0.8011311311377517
圑,圐,0.800386395469383
圑,圔,0.7994599432316432
圑,圊,0.7984509820043378
圑,圃,0.7958427953041896
圑,圏,0.7950616757563356
