char1,char2,similarity
圌,圌,1.0
圌,囥,0.8133307555005411
圌,圂,0.8103753976138991
圌,國,0.8062772877421287
圌,囲,0.8050593371461308
圌,圀,0.8038219373665519
圌,囷,0.8007495150907784
圌,囨,0.8005013728762309
圌,囫,0.7994178950427556
圌,圖,0.7975087485376016
