char1,char2,similarity
圎,圎,1.0
圎,圓,0.8642204913672166
圎,圗,0.8386715508870057
圎,圔,0.8261332650490265
圎,圆,0.822996301670201
圎,園,0.8204209295674307
圎,圚,0.8173949884556964
圎,圖,0.8150933563236509
圎,圐,0.8132882793924203
圎,圜,0.8110829596643501
