char1,char2,similarity
圊,圊,1.0
圊,圍,0.8255868192342982
圊,圓,0.8235345243978581
圊,圖,0.82093233898214
圊,圚,0.8178973868811574
圊,國,0.8063744057411181
圊,圛,0.8016026644681843
圊,圐,0.7993575082643527
圊,圑,0.7984509820043378
圊,囻,0.7904993239688048
