char1,char2,similarity
圐,圐,1.0
圐,圄,0.8375138270543748
圐,圔,0.8299939351665715
圐,圛,0.8187175973228322
圐,圎,0.8132882793924203
圐,圇,0.8109662145464056
圐,園,0.8090351645224134
圐,圕,0.8041793352983134
圐,圍,0.802700671758898
圐,囲,0.801593420552468
