char1,char2,similarity
圚,圚,1.0
圚,圕,0.8433534379327109
圚,圓,0.8366771784648365
圚,圗,0.8267506891459242
圚,圊,0.8178973868811574
圚,圎,0.8173949884556964
圚,園,0.8164250465305525
圚,圏,0.814241357048877
圚,圖,0.807401698755402
圚,圉,0.797304480128243
