char1,char2,similarity
圕,圕,1.0
圕,圚,0.8433534379327109
圕,圆,0.8165104893036282
圕,圏,0.8155672735915893
圕,圎,0.81064788906175
圕,圐,0.8041793352983134
圕,園,0.7981936528665879
圕,團,0.7969247257461255
圕,圉,0.7968665843138766
圕,圍,0.7923026818515827
