char1,char2,similarity
圓,圓,1.0
圓,圎,0.8642204913672166
圓,圖,0.8517321675849507
圓,圚,0.8366771784648365
圓,圗,0.8355535709604506
圓,國,0.8273187682698265
圓,圊,0.8235345243978581
圓,圛,0.803331055317311
圓,圔,0.7961617610790105
圓,圑,0.7947324691517973
