char1,char2,similarity
圖,圖,1.0
圖,圗,0.8727751338150984
圖,圓,0.8517321675849507
圖,圛,0.8333484328494889
圖,圊,0.82093233898214
圖,圎,0.8150933563236509
圖,圔,0.8077654469783914
圖,圚,0.807401698755402
圖,圇,0.8053929552629612
圖,圍,0.8031586127682784
