char1,char2,similarity
圝,圝,1.0
圝,圙,0.7811574101163341
圝,圑,0.7807710825525165
圝,圊,0.7761222917642512
圝,圓,0.7754846149520397
圝,圚,0.770832532339487
圝,圔,0.7675475722192405
圝,圛,0.7669035302294409
圝,圖,0.7657027310097905
圝,圏,0.762797980936518
