char1,char2,similarity
圣,圣,1.0
圣,子,0.7850407453588049
圣,呈,0.7831808481671778
圣,壬,0.7762009234899945
圣,至,0.7757920783460328
圣,玊,0.7737532421778767
圣,干,0.7733345533311653
圣,玉,0.7692531970449971
圣,丕,0.768592466204171
圣,圶,0.7677513535527031
