char1,char2,similarity
圤,圤,1.0
圤,讣,0.8073211296542767
圤,卟,0.8018468437066393
圤,圦,0.8016065226600373
圤,圷,0.7963682032442236
圤,扑,0.7959781035514512
圤,圢,0.7943588508344837
圤,玌,0.7826634222774648
圤,仩,0.7824194432743823
圤,丶,0.7797273941459983
