char1,char2,similarity
圢,圢,1.0
圢,帄,0.8374726094634054
圢,打,0.8349470162508675
圢,饤,0.832054072287425
圢,圲,0.8177326145728027
圢,朾,0.8099732046779221
圢,忊,0.8078048621270311
圢,灯,0.8070080033711813
圢,订,0.7977198598083346
圢,钉,0.7976528486112475
