char1,char2,similarity
圠,圠,1.0
圠,扎,0.8408280501728917
圠,乣,0.8271530337234538
圠,讣,0.825145328171113
圠,儿,0.8230775812560015
圠,乢,0.8223161890065857
圠,圵,0.8211572154241769
圠,札,0.8119597436753185
圠,圫,0.8109485911556794
圠,让,0.8081324657426571
