char1,char2,similarity
圧,圧,1.0
圧,厂,0.8344484322892103
圧,庄,0.8083745538444477
圧,厅,0.8007873268843702
圧,匚,0.7974827988826158
圧,仄,0.7969272629486452
圧,厌,0.7919543280285944
圧,厄,0.7916706112466579
圧,冮,0.7900573336746034
圧,疋,0.7828581713179591
