char1,char2,similarity
在,在,1.0
在,住,0.7754948832863616
在,芢,0.7699485530438621
在,三,0.7671574801961626
在,往,0.7626329334033976
在,杠,0.7602083086910615
在,注,0.7593130696241185
在,芒,0.7540777916646871
在,仕,0.753050289939314
在,丆,0.7530105184019159
