char1,char2,similarity
圮,圮,1.0
圮,圯,0.8259824493177916
圮,记,0.8199268206785322
圮,玘,0.7938692700021452
圮,忋,0.7924490060895394
圮,圫,0.7848901890767144
圮,坵,0.7816118553319277
圮,尸,0.7815266749476729
圮,屺,0.7747413610368239
圮,坉,0.7695885684457535
