char1,char2,similarity
圯,圯,1.0
圯,忋,0.8364572835136601
圯,圮,0.8259824493177916
圯,记,0.8239679068089516
圯,坵,0.8125385360594184
圯,垉,0.7950140908772823
圯,圹,0.7893225529737714
圯,坥,0.7882401119877623
圯,坛,0.7843468573856254
圯,坈,0.7806681776151564
