char1,char2,similarity
圭,圭,1.0
圭,宔,0.8419416253810971
圭,全,0.8245013872561484
圭,盅,0.8234109245923427
圭,士,0.8218148528649337
圭,坐,0.8143736188344086
圭,尘,0.8072517641845656
圭,丰,0.8028967522257289
圭,十,0.7951191337375858
圭,土,0.7917394835341609
