char1,char2,similarity
圷,圷,1.0
圷,怀,0.8078775402019542
圷,圤,0.7963682032442236
圷,环,0.7951519323546375
圷,斤,0.7945118419079304
圷,圢,0.7940784460836263
圷,汗,0.7914906397906702
圷,仟,0.7895305357398615
圷,丬,0.7878595350709109
圷,圵,0.7877716439204439
