char1,char2,similarity
圸,圸,1.0
圸,灿,0.8424937529118063
圸,垱,0.7950728427313333
圸,垍,0.7920494809512046
圸,垖,0.788584295523647
圸,铀,0.7882917993977532
圸,址,0.7880861977492797
圸,均,0.78278708782584
圸,圴,0.7763262355207358
圸,妯,0.7751399970263361
