char1,char2,similarity
坁,坁,1.0
坁,垊,0.8203195125169936
坁,扺,0.8167109128082989
坁,忯,0.8145359464503041
坁,怟,0.7888323191559007
坁,抵,0.7878114910822679
坁,垠,0.784775428735176
坁,祇,0.7839813163024422
坁,堒,0.7829219938287273
坁,垷,0.7811301907316396
