char1,char2,similarity
圿,圿,1.0
圿,坅,0.824213258860905
圿,坽,0.8122873760124719
圿,坋,0.8087513114594809
圿,忦,0.8052338571708227
圿,紒,0.8000488785441869
圿,坹,0.7873850555143388
圿,垪,0.7864769375041628
圿,坄,0.785004767275264
圿,扴,0.783436538522054
