char1,char2,similarity
坆,坆,1.0
坆,攻,0.8165911386446457
坆,忟,0.8097952820293471
坆,坟,0.8044618934343823
坆,呚,0.8022120997527757
坆,旼,0.7894276788073185
坆,坺,0.783489586188509
坆,坱,0.776065794947667
坆,收,0.7731872561382952
坆,圿,0.7724519766259095
