char1,char2,similarity
坅,坅,1.0
坅,坽,0.8536678033280486
坅,圿,0.824213258860905
坅,扲,0.822437282934175
坅,汵,0.8131708123202827
坅,岒,0.8118264153644715
坅,枔,0.805456434818007
坅,垥,0.7959761637901356
坅,坾,0.7921932227015512
坅,坮,0.7887227627810742
