char1,char2,similarity
坉,坉,1.0
坉,垞,0.8179207095217107
坉,炖,0.8037209054644655
坉,忳,0.8015825519121529
坉,旽,0.7985893226825868
坉,扽,0.7974941919729546
坉,玮,0.7861877174440937
坉,純,0.7833887021231907
坉,地,0.7832919470580285
坉,砘,0.7831344768418484
