char1,char2,similarity
坐,坐,1.0
坐,坕,0.8331597371377066
坐,圭,0.8143736188344086
坐,坣,0.8017524060278967
坐,尘,0.8012812269382588
坐,宔,0.78398228973617
坐,全,0.7791460766763159
坐,士,0.7762164387505218
坐,土,0.7750534975737874
坐,坙,0.7680111366469363
