char1,char2,similarity
坒,坒,1.0
坒,圭,0.7822937034992398
坒,宔,0.7745167666542202
坒,圼,0.7672270973957557
坒,毕,0.7601872110763408
坒,全,0.7599753949826975
坒,坐,0.7505499331920772
坒,罡,0.7474201942250986
坒,峜,0.7467487352147155
坒,至,0.7452469587157491
