char1,char2,similarity
坎,坎,1.0
坎,忺,0.8231191953591342
坎,块,0.8214836202917487
坎,吹,0.7839030403571027
坎,坱,0.7834846497396559
坎,坹,0.7695581351460604
坎,坆,0.7689632385271811
坎,佒,0.7677811394816252
坎,坟,0.7615690824489489
坎,坑,0.7600545719819759
