char1,char2,similarity
坕,坕,1.0
坕,坐,0.8331597371377066
坕,里,0.7920494722717927
坕,尘,0.784042176072734
坕,圭,0.7839408835353866
坕,坣,0.7718139262345386
坕,呈,0.7695121770857667
坕,土,0.7685150981330653
坕,坙,0.7671550590852497
坕,圣,0.7669563348821958
