char1,char2,similarity
坠,坠,1.0
坠,坚,0.7805840036895311
坠,埅,0.761638415657097
坠,匚,0.761544776116746
坠,些,0.7586748757568871
坠,垔,0.7566979918594416
坠,堊,0.7476361126008797
坠,荃,0.7447994383586563
坠,呈,0.743590300967077
坠,亝,0.7430605845237673
