char1,char2,similarity
坝,坝,1.0
坝,圳,0.8056931404823144
坝,坱,0.7946823750741289
坝,埮,0.792409081707732
坝,垁,0.7763768566673201
坝,垻,0.7741295748697722
坝,狈,0.7714616755017613
坝,埉,0.7671844881719752
坝,顼,0.766700448409377
坝,梖,0.7622126332998219
