char1,char2,similarity
坛,坛,1.0
坛,坵,0.7957681404262534
坛,忶,0.7911977294337076
坛,圯,0.7843468573856254
坛,忋,0.7742633916262995
坛,忪,0.7662406698352672
坛,岆,0.7661917544608128
坛,抎,0.7634523834409686
坛,垱,0.7621950681004078
坛,枟,0.7618015412779414
