char1,char2,similarity
坟,坟,1.0
坟,坑,0.8132803498177196
坟,忟,0.8124417236123674
坟,坆,0.8044618934343823
坟,呅,0.7999349018617744
坟,玟,0.7948370181345928
坟,纹,0.7855124164114138
坟,旼,0.784778967635657
坟,攻,0.7797385491281335
坟,抆,0.7741053694596512
