char1,char2,similarity
坡,坡,1.0
坡,怶,0.8182449030703497
坡,玻,0.7976428334736715
坡,佊,0.7655877316984896
坡,诐,0.7610361883613377
坡,彼,0.7561231378868446
坡,披,0.7520177647956203
坡,肢,0.7465775391953541
坡,坤,0.7462770717301506
坡,埈,0.745596647695958
