char1,char2,similarity
坜,坜,1.0
坜,垢,0.785208992466429
坜,沥,0.7636563554984738
坜,堳,0.7491022205454864
坜,场,0.74490853698739
坜,惘,0.7441193945107663
坜,圳,0.7388518007810503
坜,诟,0.7386907429328483
坜,坰,0.7357815435242967
坜,堣,0.7341452805831684
