char1,char2,similarity
坙,坙,1.0
坙,圼,0.8380464469073109
坙,巠,0.7932351787097823
坙,圭,0.7726830153920992
坙,坐,0.7680111366469363
坙,坕,0.7671550590852497
坙,坣,0.7641556566216902
坙,罡,0.7632768662871604
坙,尘,0.7593243487768995
坙,垔,0.7475524820704734
