char1,char2,similarity
坫,坫,1.0
坫,拈,0.8020064479812682
坫,玷,0.796618617648149
坫,怙,0.7876318976292408
坫,坮,0.7841388831536522
坫,枮,0.7786366907658129
坫,垰,0.7768080401557815
坫,诂,0.775309001655321
坫,沽,0.7710881513299882
坫,怗,0.7701751470482201
