char1,char2,similarity
坢,坢,1.0
坢,埣,0.8224254906977398
坢,垱,0.8123463895888628
坢,秚,0.7991757953720845
坢,坾,0.7905437250339303
坢,坅,0.7867034748790386
坢,柈,0.7862724637204186
坢,埗,0.7858133450561974
坢,垟,0.7778819208067664
坢,姅,0.7767058434236356
