char1,char2,similarity
坣,坣,1.0
坣,尘,0.8227025737886731
坣,坐,0.8017524060278967
坣,孟,0.7789667002528954
坣,圭,0.7741522127538017
坣,坕,0.7718139262345386
坣,全,0.7686790202259133
坣,坙,0.7641556566216902
坣,丨,0.7551259863197918
坣,圶,0.7515247532287063
