char1,char2,similarity
坨,坨,1.0
坨,岮,0.7893562775567892
坨,垞,0.7876886522326326
坨,拕,0.7806616742812348
坨,圪,0.77493404196353
坨,坑,0.7728378489434826
坨,坸,0.77110038198153
坨,沱,0.7688298923500868
坨,紽,0.7622903859784501
坨,圯,0.75981811305439
