char1,char2,similarity
坧,坧,1.0
坧,拓,0.8115138908358782
坧,坏,0.782787526533351
坧,柘,0.7785926476666859
坧,妬,0.7768654415546117
坧,炻,0.7706662389703347
坧,坫,0.7557285200481177
坧,坝,0.7495008805055641
坧,坛,0.7465958417717562
坧,坺,0.7454057242416251
