char1,char2,similarity
坦,坦,1.0
坦,垤,0.7782395700915191
坦,呾,0.7755617274725489
坦,垣,0.7725517655799259
坦,塏,0.7716371156056896
坦,圯,0.7624845152158796
坦,塭,0.760190173638414
坦,埕,0.7584818580804699
坦,上,0.7584596185833395
坦,坘,0.7540337638008215
