char1,char2,similarity
坤,坤,1.0
坤,垿,0.791732067420455
坤,圳,0.7802918269860293
坤,坢,0.7738796853670393
坤,呻,0.7724952605878842
坤,坻,0.7700430697690773
坤,埣,0.7648969543017028
坤,呷,0.7634561198435365
坤,仲,0.7610687919059007
坤,坪,0.7592277220945282
