char1,char2,similarity
坱,坱,1.0
坱,岟,0.82314703154751
坱,秧,0.8034252245281324
坱,炴,0.7955966102098522
坱,埉,0.7951148934929908
坱,坝,0.7946823750741289
坱,柍,0.786871571277424
坱,坎,0.7834846497396559
坱,怏,0.7831073340609787
坱,垁,0.7814101182708938
