char1,char2,similarity
坭,坭,1.0
坭,坂,0.7962149875682436
坭,伲,0.795935197545918
坭,抳,0.771263947105909
坭,泥,0.770196937907212
坭,呢,0.7655963869304699
坭,扼,0.7600929565585798
坭,埚,0.7507595480347108
坭,柅,0.750485319321079
坭,栀,0.748250993200716
