char1,char2,similarity
坮,坮,1.0
坮,怡,0.8010837959040066
坮,坽,0.7982779704759728
坮,抬,0.7931971166622502
坮,坅,0.7887227627810742
坮,眙,0.7886645719383144
坮,炲,0.7841917023258153
坮,坫,0.7841388831536522
坮,始,0.7717279547052064
坮,饴,0.7716808742121346
