char1,char2,similarity
坳,坳,1.0
坳,怮,0.7728961082122733
坳,眑,0.7516567348363374
坳,拗,0.7473111901821284
坳,泑,0.7349810964853495
坳,恸,0.7338201282535676
坳,呦,0.7250530004692043
坳,垘,0.7235424960593054
坳,墒,0.7180917190493332
坳,狕,0.7179383559730133
