char1,char2,similarity
坰,坰,1.0
坰,垌,0.8521334307748061
坰,埛,0.8386178252272084
坰,垇,0.8345632833091202
坰,堌,0.8177149004557023
坰,炯,0.8114512101959904
坰,诇,0.7966648094248848
坰,挏,0.7894395141935123
坰,场,0.7831731072099639
坰,调,0.7827018219697047
