char1,char2,similarity
坯,坯,1.0
坯,伾,0.8396357590884704
坯,诬,0.7794423566264416
坯,伓,0.7747390621676575
坯,怌,0.7729724129668468
坯,垣,0.7702529377076812
坯,让,0.7670846782950963
坯,汪,0.7661767007988447
坯,岯,0.7657054790629637
坯,俓,0.7596893548529244
