char1,char2,similarity
坵,坵,1.0
坵,拞,0.8166707554559717
坵,圯,0.8125385360594184
坵,岴,0.7994336490678134
坵,坛,0.7957681404262534
坵,垃,0.7864608709736656
坵,坘,0.7855022685507868
坵,圮,0.7816118553319277
坵,坥,0.7812366004125476
坵,忋,0.7810467583738053
