char1,char2,similarity
坼,坼,1.0
坼,圻,0.8015738559498081
坼,诉,0.7959989379000504
坼,圹,0.7749156454944607
坼,坁,0.769535856062001
坼,堓,0.7670637448052235
坼,讥,0.7654033846053168
坼,坃,0.7651210048052637
坼,坈,0.7628219153391634
坼,坰,0.7604374374661574
