char1,char2,similarity
坾,坾,1.0
坾,柠,0.8153009033557357
坾,拧,0.81343033698676
坾,垨,0.7966591211544907
坾,坅,0.7921932227015512
坾,垀,0.7919253018828858
坾,坢,0.7905437250339303
坾,垰,0.7887963737916804
坾,圹,0.7827575661314463
坾,圴,0.7808987945092222
