char1,char2,similarity
坷,坷,1.0
坷,珂,0.8255632431923661
坷,抲,0.781706707653765
坷,呵,0.7787887562878161
坷,诃,0.7773030848045093
坷,河,0.7750610638988079
坷,用,0.7700873177584354
坷,坿,0.7661850021522016
坷,垤,0.7560274017761547
坷,坦,0.7521365050383966
