char1,char2,similarity
坽,坽,1.0
坽,坅,0.8536678033280486
坽,圿,0.8122873760124719
坽,坮,0.7982779704759728
坽,拎,0.7843055061502651
坽,玲,0.781355783943779
坽,竛,0.7808980742824476
坽,炩,0.7803697757128655
坽,袊,0.7794957351781638
坽,岭,0.7793482014974589
