char1,char2,similarity
坹,坹,1.0
坹,岤,0.8183430638148338
坹,坑,0.8052305825053587
坹,垨,0.7924238175989795
坹,圿,0.7873850555143388
坹,垵,0.7872647804498193
坹,垬,0.7803027392421868
坹,炕,0.7774693130851127
坹,圹,0.777172251863604
坹,柼,0.7743298137994821
