char1,char2,similarity
坻,坻,1.0
坻,怟,0.7955931313278652
坻,诋,0.7934017241836664
坻,泜,0.7870429925889579
坻,呧,0.7704514887944086
坻,坤,0.7700430697690773
坻,圩,0.7561021452957961
坻,瓜,0.7532951571748387
坻,坁,0.7482120924457006
坻,耴,0.7455172342806105
