char1,char2,similarity
坶,坶,1.0
坶,栂,0.8190493639668572
坶,坍,0.7854815473225584
坶,埠,0.7683867970782208
坶,坿,0.7655313291739169
坶,墤,0.7640018450404905
坶,姆,0.7631397591164706
坶,圩,0.7606920087814059
坶,呣,0.7528322866944624
坶,埼,0.7527858223143847
