char1,char2,similarity
垁,垁,1.0
垁,埉,0.8198697042692361
垁,怢,0.797055458008842
垁,坱,0.7814101182708938
垁,垊,0.7809209756674761
垁,坝,0.7763768566673201
垁,圹,0.7716996549843678
垁,岟,0.7639687483494992
垁,圪,0.7624853906415907
垁,坟,0.7622274904692359
