char1,char2,similarity
垈,垈,1.0
垈,垡,0.8357359474169146
垈,坴,0.7491963908731466
垈,堥,0.7483256641023144
垈,室,0.7458808534485984
垈,堏,0.7431996263425125
垈,荎,0.7424221849424697
垈,垄,0.7417754469552231
垈,型,0.741712026466144
垈,莝,0.7414543195545709
