char1,char2,similarity
垄,垄,1.0
垄,室,0.767819398781034
垄,芏,0.7571885971274007
垄,些,0.7550085965356856
垄,峑,0.7535547409184381
垄,杢,0.7485029217919674
垄,埀,0.7475420743557689
垄,星,0.7453077315825691
垄,堏,0.7420113391859071
垄,垈,0.7417754469552231
