char1,char2,similarity
垇,垇,1.0
垇,堌,0.8388177696579199
垇,坰,0.8345632833091202
垇,埛,0.8123442240338904
垇,垌,0.792070692832663
垇,炯,0.7919593603288682
垇,埇,0.7842317029383788
垇,塯,0.7690424066374623
垇,椚,0.7673106861380968
垇,怬,0.7667183461786093
