char1,char2,similarity
垃,垃,1.0
垃,坵,0.7864608709736656
垃,柆,0.7818091642998072
垃,坥,0.7617176220763607
垃,址,0.7607693654006122
垃,讨,0.7604216659096078
垃,拉,0.7566310612739838
垃,圵,0.754542852379924
垃,辶,0.7539715095963063
垃,坘,0.751516747743905
