char1,char2,similarity
垒,垒,1.0
垒,亝,0.763905701049929
垒,堊,0.7568589799620856
垒,堅,0.7476984245348347
垒,坴,0.743536796148991
垒,塈,0.7412717708542209
垒,埅,0.7395120630702915
垒,垦,0.735997646154772
垒,埿,0.7351064289650968
垒,玺,0.7339550012957129
