char1,char2,similarity
垐,垐,1.0
垐,莝,0.7681946490192155
垐,型,0.751606453474682
垐,堥,0.7508219074376377
垐,亝,0.7490094467481491
垐,盜,0.7489115931010348
垐,垫,0.7477396529001116
垐,坚,0.7475611832105797
垐,荃,0.744502390696748
垐,玺,0.741494989673954
