char1,char2,similarity
垍,垍,1.0
垍,垖,0.8131573292611193
垍,圸,0.7920494809512046
垍,圹,0.7685723079232624
垍,恄,0.7659766914328063
垍,桘,0.7657696898793248
垍,垉,0.7655042465556732
垍,垱,0.7574648410806354
垍,培,0.7572200760819969
垍,垥,0.7570553766699669
