char1,char2,similarity
型,型,1.0
型,埾,0.7537331445449981
型,垐,0.751606453474682
型,塋,0.74699068467694
型,垈,0.741712026466144
型,堥,0.7381513847984815
型,坴,0.7374977586398471
型,坚,0.7357487594764905
型,垽,0.733152036434139
型,垩,0.7316313743148289
