char1,char2,similarity
垜,垜,1.0
垜,堔,0.8153378437571693
垜,堁,0.7916797761090831
垜,堜,0.7732304997324617
垜,埬,0.7714887430548745
垜,桗,0.7675715570311589
垜,塖,0.7641417105076131
垜,壊,0.7518710623981978
垜,垠,0.7516220476372593
垜,塛,0.7505076432023767
