char1,char2,similarity
垕,垕,1.0
垕,屋,0.7810378613091562
垕,垦,0.7789889971221082
垕,巵,0.7771316809465167
垕,屈,0.7682489960411362
垕,貭,0.7559923810254536
垕,星,0.7512358316597634
垕,岸,0.7495527613422439
垕,逜,0.749469011406217
垕,尾,0.7478018011538551
