char1,char2,similarity
垝,垝,1.0
垝,恑,0.8025667689197256
垝,埌,0.77736032835778
垝,塊,0.7705047367165363
垝,诡,0.7573296806920083
垝,坼,0.7544796895120989
垝,栀,0.754038692052637
垝,埆,0.7520083186107346
垝,峗,0.7501884901181838
垝,桅,0.7483509733969337
