char1,char2,similarity
垧,垧,1.0
垧,堈,0.8036010247773788
垧,坸,0.8018569987774488
垧,珦,0.7970764367415536
垧,恦,0.7897023421816307
垧,埛,0.7891399907691161
垧,垌,0.7677778770364933
垧,泂,0.7624471088188364
垧,垇,0.7583786362237968
垧,坑,0.7563107902750564
