char1,char2,similarity
垟,垟,1.0
垟,垺,0.8221010777653384
垟,玤,0.8015775280577658
垟,坢,0.7778819208067664
垟,珜,0.7760955179203504
垟,圩,0.7727024517846823
垟,圲,0.770983259606548
垟,哶,0.7668945549400968
垟,垶,0.7634290329843488
垟,妦,0.7628021795706666
