char1,char2,similarity
垤,垤,1.0
垤,绖,0.7904009620070618
垤,铚,0.7857390869385501
垤,埕,0.7847727466308079
垤,坦,0.7782395700915191
垤,堙,0.7773795980435736
垤,桎,0.7719915791238153
垤,堽,0.7711242577183202
垤,咥,0.7699282854126698
垤,峌,0.7683966265308712
