char1,char2,similarity
垦,垦,1.0
垦,星,0.798985256540886
垦,垕,0.7789889971221082
垦,恳,0.7739069284497819
垦,堊,0.7686935503977949
垦,昱,0.7612102707681287
垦,唇,0.7586078562827734
垦,昰,0.7515396105021966
垦,堅,0.749537637565892
垦,堡,0.7464826050325652
