char1,char2,similarity
垡,垡,1.0
垡,垈,0.8357359474169146
垡,堡,0.7615930058612519
垡,室,0.7459043507031502
垡,坴,0.7361450109486413
垡,垄,0.7348885896180751
垡,堊,0.7343533835688398
垡,垐,0.7325745239078901
垡,堥,0.7322172211897011
垡,堏,0.7314107231544763
