char1,char2,similarity
垩,垩,1.0
垩,垔,0.8026490038089125
垩,恶,0.7811295901192985
垩,塋,0.774425223578601
垩,子,0.7672604082599278
垩,呈,0.7668248691992463
垩,里,0.7560553277415146
垩,坖,0.7547485679255781
垩,坚,0.7534977011680581
垩,埜,0.7526943465626352
