char1,char2,similarity
垬,垬,1.0
垬,拱,0.8173186425899926
垬,哄,0.7836311131156775
垬,坹,0.7803027392421868
垬,烘,0.7769265702889353
垬,珙,0.7669924752307739
垬,垻,0.7559320398889949
垬,垪,0.750352756275116
垬,娂,0.750157581695715
垬,栱,0.7481542541601742
