char1,char2,similarity
垪,垪,1.0
垪,拼,0.8207387045924265
垪,皏,0.8016042696547522
垪,恲,0.8013237865846591
垪,饼,0.7971093686567542
垪,圿,0.7864769375041628
垪,坋,0.7860079467133007
垪,洴,0.781913318200028
垪,埓,0.7699623702491053
垪,栟,0.767779981374905
