char1,char2,similarity
垱,垱,1.0
垱,坢,0.8123463895888628
垱,圸,0.7950728427313333
垱,垙,0.7643420846291732
垱,坛,0.7621950681004078
垱,埗,0.7616631978690868
垱,圹,0.7612273750114322
垱,坝,0.7578106659393544
垱,恄,0.7574977484417253
垱,垍,0.7574648410806354
