char1,char2,similarity
垨,垨,1.0
垨,垵,0.8038835193291909
垨,坾,0.7966591211544907
垨,坹,0.7924238175989795
垨,圹,0.7835890669851373
垨,狩,0.7780690632711377
垨,垰,0.7736025755167522
垨,坅,0.7724953666280283
垨,圿,0.7687951441853814
垨,拧,0.767409696337236
