char1,char2,similarity
垭,垭,1.0
垭,垣,0.7843319844068709
垭,坦,0.7501052734182939
垭,壒,0.7495796159301658
垭,埡,0.7484967700545108
垭,塏,0.7463630217475511
垭,坯,0.7457051678583322
垭,堙,0.7433705325611546
垭,壇,0.7400459011238903
垭,圧,0.7400389755893764
