char1,char2,similarity
垳,垳,1.0
垳,坿,0.8001357413540737
垳,绗,0.7822761663881217
垳,哘,0.7719694566176097
垳,珩,0.7701722977226003
垳,坍,0.7680986474694145
垳,堵,0.7677978784557015
垳,塎,0.7595382601520888
垳,塉,0.7580995529167237
垳,裄,0.755383875648432
