char1,char2,similarity
垸,垸,1.0
垸,琓,0.8161728394700634
垸,浣,0.7872914411752545
垸,捖,0.7768934832012354
垸,俒,0.7690651097585782
垸,晥,0.7622894821812157
垸,琷,0.7605394507528798
垸,垷,0.7561669246137347
垸,塃,0.7541347560027107
垸,坑,0.7521688375697296
