char1,char2,similarity
垴,垴,1.0
垴,恼,0.8000960030415257
垴,埳,0.761778797176384
垴,脑,0.7584517373509616
垴,垱,0.7567439922264521
垴,垨,0.7539756505042382
垴,垲,0.7519056519902109
垴,圹,0.7505113489785362
垴,描,0.7492160625504667
垴,垇,0.7461320963516519
