char1,char2,similarity
垵,垵,1.0
垵,垨,0.8038835193291909
垵,按,0.7963361231002267
垵,咹,0.7941899830525956
垵,坹,0.7872647804498193
垵,埈,0.7865202728353424
垵,峖,0.7783305068400491
垵,侒,0.7730186236212102
垵,垓,0.7640400896123144
垵,姲,0.7614718456389457
