char1,char2,similarity
垹,垹,1.0
垹,绑,0.7806069817282295
垹,梆,0.7361406151904538
垹,堆,0.7351615099507663
垹,埱,0.7325611124960004
垹,垯,0.7303417986104931
垹,榔,0.726345130469242
垹,冉,0.7237594804373797
垹,坲,0.7200285683198897
垹,綁,0.7184453400078329
