char1,char2,similarity
垷,垷,1.0
垷,悓,0.8268614721301853
垷,堒,0.8076345491044694
垷,現,0.7962371156641921
垷,坃,0.7951659041204994
垷,塭,0.794175669217207
垷,挸,0.7933431486424387
垷,梘,0.7872104209309728
垷,垠,0.785225191232148
垷,坁,0.7811301907316396
