char1,char2,similarity
埄,埄,1.0
埄,烽,0.8109452849816426
埄,墇,0.8019847754397628
埄,琒,0.7972667797151735
埄,捀,0.7971664314648585
埄,桻,0.7724110150364147
埄,锋,0.7715547661093695
埄,堚,0.7621505096265028
埄,垾,0.7610217673405621
埄,浲,0.7575657224825164
