char1,char2,similarity
垽,垽,1.0
垽,埑,0.7844210324076618
垽,垂,0.7682875171125424
垽,壆,0.7444426875714084
垽,垔,0.7407652262554832
垽,塈,0.7340771410222725
垽,型,0.733152036434139
垽,匞,0.7329206664740927
垽,主,0.7321632573008884
垽,垐,0.7310094350899418
