char1,char2,similarity
埅,埅,1.0
埅,堏,0.7835746063099577
埅,堃,0.7653387975091842
埅,坠,0.761638415657097
埅,堲,0.7557478078100722
埅,坴,0.745056469010576
埅,墬,0.740371783316947
埅,荎,0.7397728676508132
埅,垒,0.7395120630702915
埅,琞,0.7330235044852909
