char1,char2,similarity
埀,埀,1.0
埀,琞,0.7644535204003
埀,堅,0.7548317596059336
埀,垄,0.7475420743557689
埀,垦,0.7454306653973636
埀,堊,0.7383389170296993
埀,埿,0.7380271832533918
埀,垈,0.7347562168036302
埀,室,0.7314303404119677
埀,星,0.730082977175465
