char1,char2,similarity
埋,埋,1.0
埋,哩,0.8371683210532045
埋,理,0.8198075220234459
埋,垣,0.8032188854888245
埋,堙,0.7743721434474794
埋,堭,0.7539448394649388
埋,埵,0.7525064850183852
埋,悝,0.7510278936642133
埋,坦,0.7498440981586089
埋,堽,0.748196697358155
