char1,char2,similarity
埌,埌,1.0
埌,垊,0.7816419960068701
埌,垝,0.77736032835778
埌,悢,0.7759902375514787
埌,塩,0.7669667167772075
埌,堒,0.7659005802973016
埌,埴,0.7658048009137637
埌,哴,0.7623055439112078
埌,埪,0.7580047956774895
埌,堖,0.7537408172634535
