char1,char2,similarity
埏,埏,1.0
埏,挻,0.8016873528267912
埏,狿,0.7711006390775533
埏,娫,0.7440966166147507
埏,埂,0.7418323257266717
埏,唌,0.7403477822912271
埏,侹,0.7368428437791882
埏,堐,0.7290512805391728
埏,脠,0.7285901117698856
埏,填,0.7268251361699625
