char1,char2,similarity
埈,埈,1.0
埈,悛,0.78958252756355
埈,垵,0.7865202728353424
埈,埐,0.7832831494775672
埈,坄,0.7817800121561492
埈,埮,0.7602812250576436
埈,堫,0.75823366205206
埈,晙,0.7551055262042944
埈,堎,0.7530718564860143
埈,坹,0.7495294035812228
