char1,char2,similarity
埇,埇,1.0
埇,悀,0.8023147339970987
埇,堌,0.7950677186455853
埇,堛,0.7897711456801535
埇,埆,0.7882936898747336
埇,埛,0.7857781416652411
埇,垇,0.7842317029383788
埇,坰,0.7803191554043613
埇,垊,0.77957230444088
埇,誦,0.772785100622558
