char1,char2,similarity
埓,埓,1.0
埓,埒,0.7975659104035302
埓,堮,0.7754714811875719
埓,垪,0.7699623702491053
埓,垺,0.7546247530795085
埓,埁,0.7513649278173162
埓,坘,0.750840000604504
埓,圻,0.7471592664223838
埓,垟,0.7438437545222721
埓,圯,0.7411704921338488
