char1,char2,similarity
埗,埗,1.0
埗,徏,0.7958933386730948
埗,圹,0.7909608401159021
埗,捗,0.7901379141387128
埗,坢,0.7858133450561974
埗,坅,0.7632458580618992
埗,垱,0.7616631978690868
埗,场,0.7601666698448375
埗,垑,0.7544676699934492
埗,圸,0.7518565179463108
