char1,char2,similarity
埙,埙,1.0
埙,埚,0.7922680182779255
埙,损,0.7919216589653756
埙,垻,0.7863587264898767
埙,垠,0.7829381866960698
埙,埧,0.7696324525295412
埙,惯,0.7535044663950758
埙,塓,0.7528234616638382
埙,坝,0.7525766557126901
埙,埍,0.7503732781233698
