char1,char2,similarity
埔,埔,1.0
埔,诮,0.78578068004656
埔,浦,0.7656958930056613
埔,埇,0.7604770474116935
埔,埆,0.7586431477427205
埔,消,0.7546659074041088
埔,俏,0.7544761777957548
埔,埫,0.7542009522148317
埔,捅,0.7526261172678734
埔,悑,0.7523888525935024
