char1,char2,similarity
埚,埚,1.0
埚,堝,0.7966948989387229
埚,垌,0.794224105029506
埚,埙,0.7922680182779255
埚,挏,0.7669966603790241
埚,挶,0.762240619450245
埚,埍,0.7606999275843465
埚,埛,0.7587039332278627
埚,坰,0.7584633012983136
埚,垻,0.7554443942678487
