char1,char2,similarity
埜,埜,1.0
埜,椘,0.7563753248562333
埜,堏,0.7534851620392904
埜,垩,0.7526943465626352
埜,坚,0.7492153321997009
埜,塋,0.7469807914480673
埜,垫,0.7463553504781456
埜,坴,0.7410862704307112
埜,堃,0.7404923723751635
埜,榃,0.7403877248259798
