char1,char2,similarity
埢,埢,1.0
埢,堘,0.8196969773811267
埢,绻,0.7831660467745073
埢,婘,0.7727369749598441
埢,啳,0.7706500020171864
埢,锩,0.7648644772721912
埢,惓,0.7590843736521505
埢,棬,0.7521997196300415
埢,綣,0.7514521692788309
埢,捲,0.7440594531781818
