char1,char2,similarity
域,域,1.0
域,城,0.8158243621127403
域,臧,0.7648399832426861
域,械,0.7476995800623049
域,诫,0.7405007298763373
域,诚,0.7404871282382609
域,埘,0.7402501422266966
域,珬,0.7398150879383237
域,喊,0.7394743429736003
域,威,0.7336643324695566
