char1,char2,similarity
埣,埣,1.0
埣,垶,0.8353202650802087
埣,坢,0.8224254906977398
埣,崪,0.7827741634858094
埣,椊,0.7760384943375612
埣,坏,0.7748942061774168
埣,坤,0.7648969543017028
埣,墇,0.7643096653663626
埣,埼,0.7632784498923099
埣,塐,0.7556322211339591
