char1,char2,similarity
埠,埠,1.0
埠,悼,0.7960234172402622
埠,棹,0.7867346622017193
埠,淖,0.7857915282802926
埠,掉,0.7840263270100869
埠,坏,0.7785753955091571
埠,悍,0.7767328712884878
埠,埼,0.7743533586671961
埠,坶,0.7683867970782208
埠,埬,0.7681200645382107
