char1,char2,similarity
埭,埭,1.0
埭,埲,0.7339275002479144
埭,凍,0.725788784216693
埭,湶,0.7231373633470162
埭,境,0.7221666550672389
埭,原,0.721622650545935
埭,埠,0.7190536443697502
埭,瑔,0.7188189097644674
埭,坩,0.7179012519269558
埭,漆,0.716325447237294
