char1,char2,similarity
埧,埧,1.0
埧,垾,0.8070165492267987
埧,塓,0.8003192410084448
埧,犋,0.7937049452687732
埧,惧,0.7902880436802024
埧,堤,0.7879652220651231
埧,埍,0.7873594601243862
埧,垻,0.782672054038729
埧,墕,0.771335237741935
埧,堧,0.7701490661849982
