char1,char2,similarity
埤,埤,1.0
埤,禆,0.7797442483417258
埤,裨,0.770741444330451
埤,捭,0.7700618674245402
埤,琕,0.7628568440907784
埤,啤,0.7624816431504136
埤,椑,0.7619780140112963
埤,陴,0.7602196507192134
埤,婢,0.7570251200730171
埤,猈,0.7553480607779252
