char1,char2,similarity
埦,埦,1.0
埦,捥,0.7946843241845902
埦,啘,0.7851072812972164
埦,焥,0.7809564655645768
埦,堄,0.7723348190346314
埦,埞,0.7712870585788864
埦,垙,0.76768984590005
埦,豌,0.763178876848887
埦,坈,0.7628912841590555
埦,碗,0.7595113478672818
