char1,char2,similarity
埪,埪,1.0
埪,椌,0.7747392884280402
埪,埡,0.772567565277123
埪,垉,0.7619460592614803
埪,埴,0.7593682095917287
埪,埌,0.7580047956774895
埪,坨,0.755084788045321
埪,堽,0.7541278275878409
埪,垥,0.7531019150072877
埪,圪,0.7519340551921665
