char1,char2,similarity
執,執,1.0
執,埶,0.783043479118894
執,軌,0.7730497473105961
執,軓,0.7483831984719351
執,倝,0.7443801072893808
執,孰,0.7422710242627689
執,紈,0.7367216105155422
執,軋,0.7322989275711582
執,軚,0.7296767766631733
執,軑,0.7220832131213444
