char1,char2,similarity
埳,埳,1.0
埳,惂,0.8309648155636682
埳,淊,0.7965684620048956
埳,掐,0.7923438350193251
埳,诌,0.7788801781877764
埳,焰,0.7784620228013844
埳,馅,0.7665676574619453
埳,坰,0.7653298640635324
埳,垴,0.761778797176384
埳,塪,0.757061966637367
