char1,char2,similarity
埵,埵,1.0
埵,堙,0.7721840691720967
埵,堹,0.770475087118051
埵,垤,0.7655853171093707
埵,捶,0.7552208117809164
埵,堽,0.7547222090055768
埵,棰,0.7526170995355216
埵,埋,0.7525064850183852
埵,堘,0.7520127152662751
埵,垾,0.7511185216506218
