char1,char2,similarity
埾,埾,1.0
埾,堊,0.7775821705535595
埾,罜,0.7581380219553236
埾,堅,0.7571186184568721
埾,堥,0.7539892523358986
埾,型,0.7537331445449981
埾,壆,0.7481618976098483
埾,垐,0.740277842997818
埾,坠,0.7357781756407581
埾,塈,0.7354085364886681
