char1,char2,similarity
埿,埿,1.0
埿,塣,0.7445622957913817
埿,堊,0.7394568060444238
埿,堻,0.7383530339020057
埿,埀,0.7380271832533918
埿,垦,0.7355225565737582
埿,垒,0.7351064289650968
埿,堅,0.7346481461771094
埿,堲,0.7334599248214504
埿,瑬,0.7317881974644944
