char1,char2,similarity
堀,堀,1.0
堀,掘,0.7929036171239633
堀,塬,0.7550114804459981
堀,啒,0.7463698443358658
堀,塀,0.7311713854249405
堀,墺,0.728342749044032
堀,垌,0.7260699750767972
堀,塥,0.7230874269373909
堀,壩,0.721318069468209
堀,塜,0.7205730642522242
