char1,char2,similarity
基,基,1.0
基,塞,0.7745496721901381
基,茥,0.7595869821154045
基,菳,0.7525342273970186
基,荃,0.7514466199725202
基,堇,0.7420491679830644
基,莝,0.7296723788365849
基,革,0.724917794812302
基,菤,0.7192563068091791
基,莶,0.7183497329228861
