char1,char2,similarity
埼,埼,1.0
埼,崎,0.7802420693076504
埼,埠,0.7743533586671961
埼,坽,0.7686927056318783
埼,陭,0.7675063277961878
埼,埣,0.7632784498923099
埼,墇,0.7628801382997485
埼,埥,0.7624464122601009
埼,婍,0.7611006139039603
埼,塉,0.7541809912010677
