char1,char2,similarity
堅,堅,1.0
堅,堊,0.7880465002121039
堅,琞,0.7642502652018736
堅,塈,0.7607863917720328
堅,埾,0.7571186184568721
堅,埀,0.7548317596059336
堅,塑,0.7509453004741333
堅,堲,0.7498009487376766
堅,垦,0.749537637565892
堅,垒,0.7476984245348347
