char1,char2,similarity
堈,堈,1.0
堈,埛,0.8051089958419668
堈,垧,0.8036010247773788
堈,泂,0.7723175902301063
堈,塯,0.7678324693532056
堈,埇,0.7678188827296236
堈,悃,0.7647572482246153
堈,犅,0.7599274589436318
堈,掆,0.7586814548190731
堈,垾,0.758138808786676
