char1,char2,similarity
堋,堋,1.0
堋,掤,0.8195368315240309
堋,绷,0.8166566838675523
堋,倗,0.8037921074287041
堋,棚,0.7558888136809725
堋,樃,0.7347727079275939
堋,壛,0.7308287212551656
堋,挧,0.7249311372811431
堋,憫,0.7196659765054273
堋,洏,0.7172580017553252
