char1,char2,similarity
堇,堇,1.0
堇,菫,0.8636266311558457
堇,葟,0.8058393780338731
堇,蒕,0.7875475919745001
堇,童,0.7859876843179101
堇,重,0.7693406214250139
堇,篁,0.7569526801911205
堇,茥,0.7485044400941645
堇,葨,0.748252992301697
堇,莮,0.746809174038187
