char1,char2,similarity
堂,堂,1.0
堂,罝,0.771747928206312
堂,窒,0.7668136040987636
堂,党,0.7581442940587068
堂,肻,0.7543772709421114
堂,塗,0.753960014843688
堂,重,0.749829430396247
堂,笪,0.7384409687900134
堂,罣,0.7374343456121356
堂,尝,0.7322463727462122
