char1,char2,similarity
堆,堆,1.0
堆,惟,0.8461037309713335
堆,推,0.8122652373634826
堆,琟,0.812019743058516
堆,锥,0.7982249630008973
堆,雉,0.797688485565083
堆,睢,0.7815004776385285
堆,维,0.7740557546656437
堆,唯,0.7730490257090611
堆,椎,0.7653912908070575
