char1,char2,similarity
堃,堃,1.0
堃,堏,0.8138233550985203
堃,埅,0.7653387975091842
堃,堑,0.7561798071271044
堃,皇,0.7465832812287927
堃,望,0.7451380469131572
堃,堼,0.742119051460261
堃,埜,0.7404923723751635
堃,垼,0.7390831188790322
堃,室,0.7381957171691474
