char1,char2,similarity
堒,堒,1.0
堒,琨,0.8286971937052255
堒,垷,0.8076345491044694
堒,惃,0.7938304510295296
堒,坁,0.7829219938287273
堒,現,0.7796584789008717
堒,塭,0.7794359882946431
堒,馄,0.778021737024568
堒,焜,0.7773651174474141
堒,绲,0.773014668712412
