char1,char2,similarity
堑,堑,1.0
堑,塹,0.7819911717133581
堑,堃,0.7561798071271044
堑,茥,0.7388025052378819
堑,椠,0.7370325389778734
堑,堏,0.7366186593655799
堑,墏,0.7299638873104723
堑,堲,0.729470716935676
堑,荲,0.7283398690358109
堑,皇,0.7260227789179313
