char1,char2,similarity
堔,堔,1.0
堔,垜,0.8153378437571693
堔,琛,0.8092178363355867
堔,埰,0.8042239912157728
堔,堁,0.79075299362939
堔,垾,0.7748824681185381
堔,埬,0.7613616887898031
堔,堈,0.7523267236972347
堔,採,0.7517849697324765
堔,堤,0.7513508787754857
