char1,char2,similarity
堍,堍,1.0
堍,挽,0.7615029974002356
堍,浼,0.7593447290098109
堍,垸,0.7506016500224162
堍,琷,0.7495280235636554
堍,晚,0.7448293635831987
堍,俛,0.7442700129451932
堍,诡,0.7422624069518782
堍,垢,0.7414832704869976
堍,睌,0.7411620010681003
