char1,char2,similarity
堕,堕,1.0
堕,墮,0.751487678092581
堕,茥,0.7490506648080825
堕,塦,0.7412858952412392
堕,墜,0.7394098668972886
堕,壁,0.730919741510372
堕,塗,0.7276163017164684
堕,塹,0.7221353041961043
堕,墪,0.7210025056273028
堕,壨,0.7197805546279227
