char1,char2,similarity
堙,堙,1.0
堙,垤,0.7773795980435736
堙,埋,0.7743721434474794
堙,埵,0.7721840691720967
堙,塸,0.7661376106038121
堙,壇,0.7602135793058902
堙,诓,0.7579075785188865
堙,湮,0.7529773957460484
堙,埡,0.7501675254031455
堙,墥,0.7487843965112352
