char1,char2,similarity
堗,堗,1.0
堗,埮,0.7793578934354148
堗,埉,0.7791518382605986
堗,坟,0.7563118361404003
堗,埃,0.7562616106322176
堗,峓,0.7537661835516404
堗,埞,0.7494053533750246
堗,堉,0.7450617056937886
堗,垁,0.7442193223167369
堗,埌,0.7424870515785612
