char1,char2,similarity
堚,堚,1.0
堚,揮,0.783576108766275
堚,惲,0.7818618095649166
堚,禈,0.7735952358988449
堚,墿,0.7724689260437102
堚,墂,0.7694724599528485
堚,墰,0.7680779696289027
堚,睴,0.7670075011755858
堚,媈,0.7640293874611054
堚,墇,0.762261766643933
