char1,char2,similarity
堖,堖,1.0
堖,瑙,0.7944030486067317
堖,惱,0.7943947998057946
堖,碯,0.7925586882711722
堖,垇,0.7612799193220013
堖,堌,0.7569434173155015
堖,埌,0.7537408172634535
堖,埛,0.7533680933127498
堖,堛,0.7511688676206049
堖,匘,0.7499712904553848
