char1,char2,similarity
堜,堜,1.0
堜,埬,0.8173825463673492
堜,涷,0.8107539016122983
堜,徚,0.7919984045685572
堜,谏,0.7773053215952203
堜,垜,0.7732304997324617
堜,洓,0.7727377165231428
堜,湅,0.7703574293948579
堜,瑓,0.7686701344516722
堜,倲,0.7671332454295253
