char1,char2,similarity
堛,堛,1.0
堛,垾,0.8110694946553075
堛,琩,0.7964954465025251
堛,埇,0.7897711456801535
堛,堤,0.7841845666663253
堛,璢,0.7835696837075965
堛,埍,0.7760439182258871
堛,埧,0.766467750875137
堛,坰,0.756452635329565
堛,偪,0.7556472496999523
