char1,char2,similarity
堝,堝,1.0
堝,埚,0.7966948989387229
堝,塥,0.7874960095783823
堝,堣,0.77354928142769
堝,垻,0.7564383942426822
堝,塢,0.7551234994370473
堝,垠,0.7541373168891103
堝,塙,0.7527375380150974
堝,圳,0.7475934350101737
堝,埫,0.7461979983008293
