char1,char2,similarity
堘,堘,1.0
堘,埢,0.8196969773811267
堘,堭,0.7920864854951593
堘,畻,0.7732221612974468
堘,埵,0.7520127152662751
堘,惓,0.7440211734637658
堘,塍,0.7437643329611284
堘,堾,0.7427099450488364
堘,堙,0.7371834181558877
堘,坵,0.7366929028848038
