char1,char2,similarity
堥,堥,1.0
堥,愗,0.7745901899394214
堥,壆,0.7616401418078301
堥,堊,0.7612264719064702
堥,埾,0.7539892523358986
堥,垐,0.7508219074376377
堥,垈,0.7483256641023144
堥,堅,0.7459754018858539
堥,坠,0.742895808203865
堥,型,0.7381513847984815
