char1,char2,similarity
堣,堣,1.0
堣,渪,0.793260254071964
堣,堝,0.77354928142769
堣,湡,0.7735340029925563
堣,惈,0.7690551692224757
堣,偶,0.7674128299682892
堣,垠,0.7605557622128996
堣,堺,0.7589179618434608
堣,坪,0.7571509619290848
堣,喁,0.7532747830671618
