char1,char2,similarity
堫,堫,1.0
堫,埐,0.7844515707609037
堫,惾,0.7736898111589945
堫,堎,0.7637462362468458
堫,埈,0.75823366205206
堫,垵,0.7499781287373715
堫,堧,0.746422922220685
堫,塩,0.7381726729460247
堫,嵕,0.737736331473277
堫,溭,0.7360904612625528
