char1,char2,similarity
堬,堬,1.0
堬,输,0.7876721461290196
堬,喻,0.7745398887703148
堬,媮,0.7743176328599131
堬,埨,0.7640203008992001
堬,隃,0.7553153255829774
堬,榆,0.7546953108440098
堬,婾,0.7517658137799269
堬,墻,0.745673478088373
堬,愉,0.7441490707870244
