char1,char2,similarity
堳,堳,1.0
堳,瑂,0.8209042854050419
堳,调,0.7650201731974234
堳,镅,0.7605295153233906
堳,楣,0.7520264632933173
堳,坜,0.7491022205454864
堳,绸,0.7475113978815431
堳,琚,0.7420544378389388
堳,悁,0.7418173853623886
堳,塭,0.7415080445954352
