char1,char2,similarity
堮,堮,1.0
堮,埓,0.7754714811875719
堮,堁,0.7631584300923661
堮,埍,0.7585865713082024
堮,愕,0.7566151610799797
堮,锷,0.756567982068654
堮,堒,0.7528843348476844
堮,腭,0.7516861223534161
堮,悍,0.74971706315451
堮,垟,0.7478595081371701
