char1,char2,similarity
堭,堭,1.0
堭,煌,0.8277606832787037
堭,惶,0.8030943978024442
堭,揘,0.7931127354888178
堭,喤,0.7927234846072034
堭,堘,0.7920864854951593
堭,湟,0.7897064103343376
堭,悼,0.7889884667486833
堭,媓,0.7878048170519405
堭,隍,0.7877815524389243
