char1,char2,similarity
堰,堰,1.0
堰,偃,0.7803189009074241
堰,墹,0.7307061505096607
堰,壥,0.7211593989517553
堰,壃,0.7175182688384103
堰,厚,0.714392376243684
堰,迴,0.7141809158520686
堰,悘,0.7133102302965293
堰,漚,0.7100344842854298
堰,壛,0.7090178111581945
