char1,char2,similarity
堷,堷,1.0
堷,愔,0.8289998467825443
堷,揞,0.8156507928863693
堷,喑,0.8041616670706737
堷,堵,0.7864581234524797
堷,谙,0.7838107143810765
堷,垥,0.7819144571282537
堷,堾,0.7818617388840402
堷,惜,0.7717589272496144
堷,偣,0.7691383826656778
