char1,char2,similarity
堽,堽,1.0
堽,埕,0.7868821487643426
堽,垤,0.7711242577183202
堽,埡,0.7689590917094155
堽,悜,0.7592246569982841
堽,埵,0.7547222090055768
堽,埪,0.7541278275878409
堽,珵,0.7514137957018969
堽,埩,0.7509938294751888
堽,坘,0.7503264431357912
