char1,char2,similarity
堸,堸,1.0
堸,煈,0.7964986402957969
堸,珮,0.7712210413894771
堸,猦,0.7690673170564712
堸,珟,0.7528589479027553
堸,偑,0.7414426692304431
堸,楓,0.7383867325647832
堸,墌,0.7319435882946871
堸,堐,0.7318201131748556
堸,壚,0.7317423565586988
