char1,char2,similarity
場,場,1.0
場,暘,0.7954120093769915
場,埐,0.7823949897652498
場,煬,0.7762829925037776
場,蝪,0.7735612081258256
場,湯,0.7613515416214063
場,糃,0.7567080949384116
場,禓,0.7546148349495009
場,崵,0.7522048174625081
場,堨,0.7401176960725384
