char1,char2,similarity
堵,堵,1.0
堵,啫,0.7890967649449386
堵,堷,0.7864581234524797
堵,琽,0.7827296709399482
堵,偖,0.7723739550484967
堵,楮,0.77138374814707
堵,垳,0.7677978784557015
堵,堾,0.7608019257504054
堵,堦,0.7600437291899663
堵,墡,0.7586166485944862
