char1,char2,similarity
堺,堺,1.0
堺,垻,0.7813653452336585
堺,堁,0.7735498306865703
堺,垪,0.7633577453570095
堺,堣,0.7589179618434608
堺,埧,0.7581040862915607
堺,坑,0.7551160622929723
堺,垠,0.7543018941274835
堺,圿,0.7538276090990345
堺,坹,0.7524495342907945
