char1,char2,similarity
塀,塀,1.0
塀,摒,0.8161273439124195
塀,堧,0.7493592088528613
塀,偋,0.7376777054646719
塀,垻,0.7371359020742326
塀,埧,0.73689531630014
塀,垠,0.7365562108715332
塀,墠,0.7321819963543241
塀,堀,0.7311713854249405
塀,圩,0.7308842870375655
