char1,char2,similarity
塃,塃,1.0
塃,慌,0.7823898180839202
塃,墐,0.764137633452644
塃,圻,0.7558899054717072
塃,埖,0.7546499449149373
塃,垸,0.7541347560027107
塃,埆,0.750507909754319
塃,堷,0.7416017338968555
塃,垣,0.7340369671541447
塃,壒,0.7326609952250922
