char1,char2,similarity
塆,塆,1.0
塆,堉,0.75860015738966
塆,埥,0.7558254846085118
塆,堶,0.7504453088790908
塆,垇,0.7455924934907032
塆,垨,0.7454935409478458
塆,埨,0.7452634648533688
塆,堾,0.7448073851717858
塆,埼,0.7411677749727343
塆,填,0.7392249122522304
