char1,char2,similarity
塁,塁,1.0
塁,壘,0.7639400380154644
塁,琧,0.7577838837271649
塁,墅,0.7531679172558059
塁,愚,0.7526187984480522
塁,塣,0.7489711305093095
塁,畳,0.7478260009828713
塁,塟,0.744996925929738
塁,星,0.7443791068317128
塁,昺,0.7433878306372788
