char1,char2,similarity
塍,塍,1.0
塍,膣,0.7865045645927309
塍,膛,0.7846400323629215
塍,脻,0.763389704400062
塍,腠,0.7611441878010368
塍,腃,0.7507962539034277
塍,膧,0.7439955161617393
塍,畻,0.7438915578153285
塍,堘,0.7437643329611284
塍,腄,0.7421390129199793
