char1,char2,similarity
塑,塑,1.0
塑,愬,0.7557808939671545
塑,堅,0.7509453004741333
塑,垄,0.7322340053872988
塑,室,0.732197399419436
塑,塈,0.7294276949168687
塑,埀,0.727786341938121
塑,堏,0.7268450348342569
塑,塹,0.7239596821238229
塑,垒,0.7232975416324791
