char1,char2,similarity
塊,塊,1.0
塊,垝,0.7705047367165363
塊,垷,0.7558079764092398
塊,魂,0.7554581357385307
塊,坥,0.752912909150919
塊,埌,0.7484690491282571
塊,切,0.7475299119810581
塊,塩,0.7468320963177393
塊,坈,0.7430016306755193
塊,埩,0.7422417835090573
