char1,char2,similarity
塈,塈,1.0
塈,堅,0.7607863917720328
塈,堊,0.7574867035764092
塈,坖,0.7472719807787755
塈,垒,0.7412717708542209
塈,匞,0.7370929852223587
塈,坚,0.7363234648977462
塈,埾,0.7354085364886681
塈,罜,0.7347116945410639
塈,垽,0.7340771410222725
