char1,char2,similarity
塗,塗,1.0
塗,堻,0.7653593727631296
塗,塰,0.763071659850671
塗,堡,0.7602569523627712
塗,堂,0.753960014843688
塗,塣,0.7482901659606759
塗,窒,0.7437628860733644
塗,望,0.7388759403409711
塗,墪,0.7346564885665484
塗,笪,0.7340785135420265
