char1,char2,similarity
塕,塕,1.0
塕,慃,0.8193865298148513
塕,傟,0.7553490369997831
塕,堨,0.7456703138278293
塕,螉,0.7444511849482592
塕,埨,0.7409499596969272
塕,壋,0.7373062999789719
塕,塩,0.7289995920096537
塕,墖,0.724055571785055
塕,垴,0.7238151522559313
