char1,char2,similarity
塛,塛,1.0
塛,瑮,0.7988443269983319
塛,慄,0.7851803839210852
塛,墚,0.7709458406524037
塛,坪,0.7531160814189257
塛,垜,0.7505076432023767
塛,壊,0.7455259223558541
塛,傈,0.7444527927636676
塛,墠,0.7429661423881683
塛,揼,0.7391544004016563
