char1,char2,similarity
塘,塘,1.0
塘,搪,0.7828019195911732
塘,傏,0.7640370004048624
塘,墌,0.7589202197965718
塘,瑭,0.7516883108455492
塘,塶,0.7352588578841103
塘,壞,0.7341547896962484
塘,塙,0.7340376297273927
塘,堜,0.7328163029777839
塘,堐,0.7307563957872851
