char1,char2,similarity
塤,塤,1.0
塤,愪,0.7995816825274418
塤,愩,0.7966253756752703
塤,縜,0.7914523658787187
塤,熉,0.7855034548143607
塤,隕,0.7617671359152447
塤,坝,0.7614348594741975
塤,溳,0.7561308575769115
塤,坆,0.7555151356098344
塤,嗊,0.7500132236363103
