char1,char2,similarity
塟,塟,1.0
塟,荲,0.786281862147325
塟,童,0.7543218172666651
塟,筀,0.7520712451042939
塟,萱,0.749611329796466
塟,塁,0.744996925929738
塟,荵,0.7437550702580118
塟,喧,0.7355721115071259
塟,窒,0.7348645942972738
塟,耊,0.7344042163888637
