char1,char2,similarity
塞,塞,1.0
塞,寋,0.7825713470450812
塞,寒,0.7745837520780201
塞,基,0.7745496721901381
塞,墓,0.7588586283396026
塞,車,0.7360295751047895
塞,茥,0.7351787101541026
塞,寄,0.7292736247013705
塞,童,0.7287717879645313
塞,害,0.727595011749258
