char1,char2,similarity
塜,塜,1.0
塜,塚,0.7575159269772973
塜,堟,0.7565346033512389
塜,墂,0.7560706901953599
塜,堚,0.7540895445489278
塜,墿,0.7531478644655213
塜,垾,0.7447723222537446
塜,壖,0.7350685555816705
塜,埥,0.7346048978049522
塜,墕,0.7339185301135899
