char1,char2,similarity
塧,塧,1.0
塧,壏,0.7791406196360474
塧,搤,0.7708935450229527
塧,嗌,0.7569372169545545
塧,塩,0.7521110613894406
塧,壒,0.7498997671589386
塧,塭,0.7489008308189957
塧,隘,0.7464091048307993
塧,壗,0.7454702729435473
塧,墐,0.7437242223915094
