char1,char2,similarity
塬,塬,1.0
塬,傆,0.7798139919142798
塬,堀,0.7550114804459981
塬,掘,0.7542290715212983
塬,摁,0.7435962643599503
塬,捱,0.7402664230524134
塬,獂,0.7398878524927746
塬,揗,0.7376164577611062
塬,謜,0.7333443558427178
塬,嫄,0.7303881480052148
