char1,char2,similarity
塭,塭,1.0
塭,愠,0.8178596205533848
塭,揾,0.7977792341711709
塭,垷,0.794175669217207
塭,堒,0.7794359882946431
塭,瑥,0.7710662944911889
塭,惴,0.7660562659027556
塭,壗,0.7629295356803358
塭,垻,0.7624089391638702
塭,坦,0.760190173638414
