char1,char2,similarity
塯,塯,1.0
塯,榴,0.8006481947666517
塯,馏,0.7966179957743751
塯,熘,0.788869302605278
塯,镏,0.7860778085510972
塯,堦,0.7852390289060845
塯,瑠,0.7814744485508479
塯,埍,0.7705760741563182
塯,垇,0.7690424066374623
塯,媹,0.768387726686445
