char1,char2,similarity
塩,塩,1.0
塩,墭,0.7745730808698765
塩,埴,0.7745207325324321
塩,埌,0.7669667167772075
塩,壏,0.7528265256576085
塩,塧,0.7521110613894406
塩,垣,0.7502825378561224
塩,墲,0.7488187262729638
塩,埪,0.7477514496700695
塩,垝,0.7475315436433156
