char1,char2,similarity
塴,塴,1.0
塴,嘣,0.7469726762470922
塴,塶,0.744901114665571
塴,傰,0.7447290591520808
塴,漰,0.7335059981721299
塴,墑,0.729761473175333
塴,堐,0.721717196589961
塴,塳,0.7208351866547299
塴,墠,0.7193776808463646
塴,埔,0.7175134924655218
