char1,char2,similarity
塵,塵,1.0
塵,廌,0.7817910019088471
塵,扈,0.7681662295045755
塵,麃,0.7581840155760197
塵,麂,0.7474056945661902
塵,廜,0.7449660083508308
塵,廙,0.7438616984755814
塵,赓,0.7371474516641221
塵,壼,0.7331720352442945
塵,黁,0.7280393588402166
