char1,char2,similarity
塱,塱,1.0
塱,罣,0.7531976010562732
塱,壟,0.7523112049515654
塱,墊,0.7498528933456761
塱,重,0.7483794971201122
塱,菫,0.7384837730653084
塱,童,0.7368948463961772
塱,塰,0.736744895013551
塱,墬,0.7353956468681979
塱,壅,0.7350655975864591
