char1,char2,similarity
塶,塶,1.0
塶,摝,0.7711665772394348
塶,壞,0.7497777777070003
塶,塴,0.744901114665571
塶,塘,0.7352588578841103
塶,堍,0.7239147304856759
塶,壚,0.7225262811691152
塶,垭,0.7212451079397346
塶,墑,0.7197606506367922
塶,埝,0.7172964660210863
