char1,char2,similarity
塳,塳,1.0
塳,熢,0.7850630292397697
塳,摓,0.7699031688651732
塳,塠,0.760036099332208
塳,缝,0.7555467411291112
塳,漨,0.7478317066528167
塳,墶,0.7414510698557265
塳,壗,0.7360693354578274
塳,瓋,0.7318662746349592
塳,垭,0.7245458592208204
