char1,char2,similarity
塽,塽,1.0
塽,慡,0.794348309870892
塽,漺,0.7889873403914497
塽,傸,0.7627214344184573
塽,坎,0.7426686807103248
塽,塙,0.7333923463647002
塽,墺,0.7333401663890673
塽,愥,0.7294132274847567
塽,挗,0.7272551412670794
塽,埦,0.7262313782467998
