char1,char2,similarity
境,境,1.0
境,滰,0.7627574086808018
境,摬,0.7386044267994
境,墥,0.732096129892764
境,墇,0.7319442275414426
境,壕,0.7243239486801691
境,塘,0.723580134526844
境,璋,0.7234127685990955
境,塿,0.7232070190784
境,獍,0.7224819609942571
