char1,char2,similarity
塺,塺,1.0
塺,麽,0.7583853093626298
塺,庻,0.7544751666540397
塺,庴,0.7504690413531904
塺,庯,0.7488918807378648
塺,歷,0.7483413348940849
塺,緳,0.7458382004188713
塺,庹,0.7446788590313326
塺,庁,0.7417098199418268
塺,廕,0.7394571074449975
