char1,char2,similarity
塾,塾,1.0
塾,墪,0.8124405190284761
塾,墊,0.7988481022595811
塾,堻,0.7380566346864439
塾,塹,0.7354458256254907
塾,墬,0.7311987586367268
塾,塦,0.7277904950959024
塾,堃,0.7257536740214547
塾,荲,0.7256612952172972
塾,壑,0.7254355749181323
