char1,char2,similarity
墈,墈,1.0
墈,慟,0.7125327905165095
墈,墘,0.6962813872215916
墈,働,0.6955117209359554
墈,耻,0.6938935548324673
墈,肳,0.6900298636742476
墈,塮,0.6894358836420845
墈,磡,0.689413911788544
墈,嘞,0.6876004157856652
墈,墒,0.6850145945610437
