char1,char2,similarity
墅,墅,1.0
墅,塣,0.7620352748752357
墅,壂,0.7569016631676618
墅,琧,0.7558769883846616
墅,聖,0.7538044149558719
墅,塁,0.7531679172558059
墅,堲,0.7481580200961738
墅,望,0.7424750591939677
墅,壨,0.7417859045395973
墅,罣,0.737897018751835
