char1,char2,similarity
墌,墌,1.0
墌,摭,0.778700539664244
墌,熫,0.7658572839368691
墌,嗻,0.7613880982927848
墌,塘,0.7589202197965718
墌,堜,0.7358025340687426
墌,埦,0.7336779547552715
墌,堸,0.7319435882946871
墌,塙,0.7305603309711237
墌,壙,0.7288584930142826
