char1,char2,similarity
墍,墍,1.0
墍,皇,0.752120547364965
墍,塹,0.7494546840317751
墍,墪,0.7406231487806735
墍,壨,0.7388311586731339
墍,垄,0.7316998741850158
墍,塺,0.7286478953913096
墍,壍,0.727576946119033
墍,冝,0.725841475878852
墍,塾,0.7215455986211756
