char1,char2,similarity
墇,墇,1.0
墇,墥,0.8454207528798754
墇,嫜,0.8073382419484934
墇,埄,0.8019847754397628
墇,幛,0.7918256124052703
墇,慞,0.7910434338327472
墇,暲,0.786979605244997
墇,璋,0.7697247707044979
墇,障,0.7675330198409721
墇,埣,0.7643096653663626
