char1,char2,similarity
墄,墄,1.0
墄,慽,0.7812416143652818
墄,槭,0.7786339390647673
墄,嘁,0.7506050794648118
墄,摵,0.7468487569753788
墄,堿,0.738421044844302
墄,傶,0.7274233838741843
墄,諴,0.7190505870343039
墄,墛,0.7185261568999768
墄,輱,0.7103541139703484
