char1,char2,similarity
墊,墊,1.0
墊,塾,0.7988481022595811
墊,墪,0.7915186280119026
墊,堼,0.7622508505649229
墊,慹,0.7589285209634397
墊,塱,0.7498528933456761
墊,塹,0.7458475960430988
墊,盩,0.739691303027758
墊,荲,0.7362621782053975
墊,筀,0.7289180156773999
