char1,char2,similarity
増,増,1.0
増,增,0.8188600122731434
増,璔,0.791217059752738
増,憎,0.781302989880957
増,噌,0.7748067445096171
増,僧,0.7660211247054509
増,潧,0.7539986580967988
増,堉,0.753572813221554
増,墖,0.7468437348630307
増,堦,0.7394936216814454
