char1,char2,similarity
墑,墑,1.0
墑,谪,0.8129458726266142
墑,墙,0.7792016242309966
墑,塷,0.7719222708134759
墑,摘,0.7716551434964799
墑,墒,0.7681017599797094
墑,墹,0.7665717570334007
墑,塙,0.7619703391886706
墑,墝,0.7591567488321926
墑,滴,0.7540857325321028
