char1,char2,similarity
墓,墓,1.0
墓,幕,0.7943358965580771
墓,暮,0.7675328814380233
墓,塞,0.7588586283396026
墓,鲁,0.7517046566434947
墓,羸,0.7513860051064488
墓,蛗,0.7394106085593805
墓,蠃,0.7378980639605222
墓,悥,0.7319440677352199
墓,葈,0.73018320942835
