char1,char2,similarity
墎,墎,1.0
墎,漷,0.7925676249531022
墎,瑘,0.736478705940818
墎,郰,0.7137368221352804
墎,铘,0.7133891736988447
墎,綁,0.7132917683650127
墎,埱,0.7119359340782454
墎,潡,0.7091916282843854
墎,垹,0.7080367006886166
墎,嫏,0.7069893026767269
