char1,char2,similarity
墒,墒,1.0
墒,滳,0.8244302714500077
墒,谪,0.7765134798068957
墒,墑,0.7681017599797094
墒,摘,0.7361828651723942
墒,滴,0.7324623257815467
墒,倘,0.7294469777899035
墒,墹,0.7270480684925498
墒,痌,0.7236890165630375
墒,墙,0.7202415826289675
