char1,char2,similarity
墏,墏,1.0
墏,塦,0.7607077804386442
墏,堻,0.7462610588082914
墏,堲,0.7380217975071666
墏,壁,0.7305815834578782
墏,堑,0.7299638873104723
墏,墾,0.7295167048307946
墏,罣,0.7263715754886768
墏,堃,0.7263158703067861
墏,曌,0.726054066946867
