char1,char2,similarity
墛,墛,1.0
墛,塮,0.7297186899303612
墛,墄,0.7185261568999768
墛,壢,0.7075438888574197
墛,壥,0.7074973860127696
墛,谢,0.7062504716774727
墛,墉,0.7056188015475299
墛,鲥,0.7034591390823648
墛,墽,0.6996561375849815
墛,樹,0.6993786306743562
