char1,char2,similarity
增,增,1.0
增,増,0.8188600122731434
增,憎,0.813924845204243
增,潧,0.7735667316271877
增,熷,0.7718838102948707
增,堉,0.761993213441808
增,噌,0.7522603817561302
增,谓,0.7484786182737624
增,璔,0.7473677379573253
增,缯,0.7468372770676746
