char1,char2,similarity
墫,墫,1.0
墫,僔,0.8155016300395929
墫,壿,0.805938731758769
墫,澊,0.8056514050855049
墫,撙,0.7830381979389146
墫,樽,0.7776348908585741
墫,噂,0.7727928001938581
墫,愽,0.7554151560544581
墫,壎,0.7411190199719695
墫,埤,0.7407798359047711
