char1,char2,similarity
墤,墤,1.0
墤,憒,0.8480401242186707
墤,璝,0.8095309126689203
墤,隤,0.8029609389136824
墤,皟,0.7961662475339889
墤,嬇,0.7929110689979164
墤,慣,0.7857038659878016
墤,僓,0.7792334641318522
墤,摜,0.7733474750636294
墤,塿,0.7724277488242386
