char1,char2,similarity
墢,墢,1.0
墢,墱,0.7246378754582735
墢,塅,0.7208813331399124
墢,塻,0.7200936152302659
墢,墆,0.7193644027111128
墢,墋,0.7160876034849222
墢,撥,0.7123813907466638
墢,潑,0.7099458260858167
墢,墿,0.7054607886488897
墢,埱,0.7052072447232919
