char1,char2,similarity
墥,墥,1.0
墥,墇,0.8454207528798754
墥,墐,0.8099418592310971
墥,燑,0.795804892541901
墥,徸,0.7896661562696676
墥,噇,0.7867113347222786
墥,橦,0.7706278719964392
墥,壇,0.7701850782550693
墥,垤,0.7628462706469453
墥,瞳,0.7624779982072849
