char1,char2,similarity
墩,墩,1.0
墩,噋,0.7533225969383717
墩,墽,0.7532204272502828
墩,敒,0.7418158171989561
墩,撴,0.7386827807972525
墩,潄,0.7366239827555041
墩,僌,0.7347059989376497
墩,徵,0.733190559680124
墩,礅,0.727013199620614
墩,漵,0.7265379861064047
