char1,char2,similarity
墬,墬,1.0
墬,塦,0.7597260156700621
墬,埅,0.740371783316947
墬,壟,0.7397639844749789
墬,坚,0.7391362853598364
墬,塱,0.7353956468681979
墬,塣,0.7339453144159861
墬,堲,0.7331796324060234
墬,璧,0.7323381391611797
墬,墮,0.7313352355414723
