char1,char2,similarity
墰,墰,1.0
墰,燂,0.8377737089368412
墰,镡,0.8063485505594156
墰,譚,0.7843802643097837
墰,禫,0.780974875747341
墰,憛,0.7802155059339073
墰,蟫,0.7793326958106623
墰,撢,0.7778930310405937
墰,堚,0.7680779696289027
墰,墿,0.7679624861251036
