char1,char2,similarity
墯,墯,1.0
墯,墮,0.7713208521433583
墯,壟,0.7404061401126922
墯,撞,0.739741949655828
墯,塰,0.7345467213584198
墯,塱,0.7280308690105062
墯,塗,0.7275748468510073
墯,鱼,0.725879185619323
墯,璗,0.7253244534945921
墯,荲,0.7224616853620013
