char1,char2,similarity
墮,墮,1.0
墮,墯,0.7713208521433583
墮,塦,0.7570054076655328
墮,堕,0.751487678092581
墮,壟,0.7375878964767839
墮,區,0.7324569505741579
墮,罣,0.7319229022040536
墮,墬,0.7313352355414723
墮,壍,0.7281511217597636
墮,墪,0.7250382524604252
