char1,char2,similarity
墭,墭,1.0
墭,塩,0.7745730808698765
墭,壏,0.7563875991045381
墭,埴,0.7491150973635315
墭,壃,0.7387046151214756
墭,塧,0.7380509977740194
墭,壒,0.7333422790517582
墭,壗,0.7298451289622304
墭,墐,0.7256722325869601
墭,埪,0.7236414985576813
