char1,char2,similarity
墿,墿,1.0
墿,嶧,0.8144354226338432
墿,懌,0.8098871859132191
墿,譯,0.8011038919010212
墿,擇,0.7921577141823493
墿,曎,0.7899240575861375
墿,墠,0.7872205698861299
墿,礋,0.7794158711381265
墿,堚,0.7724689260437102
墿,墰,0.7679624861251036
