char1,char2,similarity
墶,墶,1.0
墶,撻,0.7439229495337208
墶,塳,0.7414510698557265
墶,湕,0.7397111536262618
墶,健,0.7360892601577457
墶,堐,0.7359886119932348
墶,壿,0.726068491229837
墶,垯,0.7250298484123252
墶,塠,0.7249542886539675
墶,燵,0.7248164595710226
