char1,char2,similarity
墻,墻,1.0
墻,懎,0.8065569581798128
墻,濇,0.7827952390554298
墻,墙,0.7614403379940565
墻,塷,0.7590915982151849
墻,堬,0.745673478088373
墻,塯,0.7453627943213996
墻,堦,0.7445024743541064
墻,壒,0.7394288349607059
墻,牆,0.7388203943450897
