char1,char2,similarity
墾,墾,1.0
墾,望,0.7593219419882706
墾,懇,0.7522245817696962
墾,塣,0.7467167205660182
墾,罣,0.7455505332083526
墾,垼,0.7423026775763235
墾,塦,0.736768764499303
墾,壂,0.7362236186510648
墾,墏,0.7295167048307946
墾,墪,0.7288219195541819
