char1,char2,similarity
墸,墸,1.0
墸,擆,0.7968139436011467
墸,墷,0.775518266558606
墸,躇,0.745767087934008
墸,撦,0.7437893071906373
墸,塆,0.7292501520790671
墸,鐯,0.7272368044520404
墸,坏,0.7241081242125027
墸,垳,0.7211202309409809
墸,壒,0.7195991466335037
