char1,char2,similarity
墽,墽,1.0
墽,缴,0.7761903489997579
墽,獥,0.775367586186887
墽,曒,0.7715152862244163
墽,璬,0.7713708803963137
墽,憿,0.7684000875382861
墽,噭,0.7631728782948414
墽,墩,0.7532204272502828
墽,檄,0.7516938896174489
墽,撽,0.7512282242889757
