char1,char2,similarity
壅,壅,1.0
壅,菫,0.7500288379836125
壅,重,0.7350702507904378
壅,塱,0.7350655975864591
壅,曺,0.7335279301135424
壅,童,0.7305126575482801
壅,事,0.7274551909516507
壅,亶,0.7271028517105929
壅,塟,0.7270027197750061
壅,壑,0.7268494603035073
