char1,char2,similarity
壆,壆,1.0
壆,呈,0.7679357822417557
壆,昰,0.7657998279425233
壆,堊,0.7636468558705355
壆,堥,0.7616401418078301
壆,里,0.7590577519533046
壆,垂,0.7525850299852503
壆,壬,0.7515811324184485
壆,埾,0.7481618976098483
壆,垔,0.7475834674869685
