char1,char2,similarity
壁,壁,1.0
壁,憵,0.7546185306702806
壁,茥,0.751559622747454
壁,堃,0.7352897167831108
壁,堅,0.7311712672873227
壁,堕,0.730919741510372
壁,墏,0.7305815834578782
壁,塦,0.7284954585084522
壁,璧,0.7263500025507007
壁,坚,0.724894631904328
