char1,char2,similarity
壂,壂,1.0
壂,罣,0.7630862335510958
壂,墅,0.7569016631676618
壂,聖,0.749092121159382
壂,堲,0.7421562640539024
壂,壍,0.7418781891360942
壂,墪,0.740142173744686
壂,琧,0.7388479823855962
壂,塣,0.7383398570060292
壂,墼,0.7367860115601937
