char1,char2,similarity
壄,壄,1.0
壄,垼,0.7364754690012272
壄,堂,0.7225126961342002
壄,堻,0.7218143090138793
壄,堲,0.7202807660175827
壄,懋,0.7199051087202524
壄,塁,0.7186817693838174
壄,墬,0.7181306401036647
壄,壐,0.7180769075955181
壄,塣,0.7166311849518376
