char1,char2,similarity
壐,壐,1.0
壐,望,0.7453814323704195
壐,堲,0.7386584927271941
壐,罣,0.7373531045132021
壐,垦,0.7357615945087452
壐,罝,0.7349074969324398
壐,塗,0.7324664372404891
壐,堂,0.7292001012609378
壐,墨,0.728371675683154
壐,星,0.7253845043261332
