char1,char2,similarity
壑,壑,1.0
壑,重,0.7433150798314446
壑,菫,0.7414347141818732
壑,墼,0.7368313951353921
壑,葟,0.7274485954037458
壑,壅,0.7268494603035073
壑,童,0.7260520692136911
壑,塾,0.7254355749181323
壑,圶,0.7183161868351343
壑,墪,0.7126936278895378
