char1,char2,similarity
壖,壖,1.0
壖,墵,0.8457859962060785
壖,瓀,0.8105942906184967
壖,嬬,0.806136848482631
壖,檽,0.7976055514366274
壖,懦,0.7962060652527431
壖,墧,0.7741137562401031
壖,獳,0.7633356658939178
壖,隭,0.7624343954276868
壖,襦,0.7623711287316044
