char1,char2,similarity
壔,壔,1.0
壔,璹,0.8438731437546322
壔,擣,0.8384153511973349
壔,隯,0.7982605015131101
壔,嚋,0.7967268908189018
壔,檮,0.7960015120419348
壔,濤,0.7866371337658157
壔,懤,0.7864271867887057
壔,嶹,0.7683239229995624
壔,嬦,0.740729735779363
