char1,char2,similarity
壙,壙,1.0
壙,儣,0.8017237374359224
壙,爌,0.7993464256209625
壙,懭,0.7721598961280248
壙,墳,0.7530142248114262
壙,擴,0.7524312567477667
壙,墤,0.7517155024135986
壙,僨,0.7438251059086641
壙,壌,0.7424555781429579
壙,壊,0.7357109037959447
