char1,char2,similarity
壕,壕,1.0
壕,濠,0.7845847732462343
壕,嚎,0.7619340724943315
壕,儫,0.7613770116465752
壕,譹,0.7344282017161728
壕,境,0.7243239486801691
壕,壤,0.7184827099861046
壕,蕁,0.709811524241641
壕,塿,0.7091680008811916
壕,墉,0.7089857292726864
