char1,char2,similarity
壗,壗,1.0
壗,燼,0.829088925821683
壗,壒,0.7912115382739766
壗,璶,0.7709335137641705
壗,壏,0.7698784921961845
壗,壇,0.765892555878616
壗,塭,0.7629295356803358
壗,儘,0.758120946338594
壗,瓂,0.7577291376719301
壗,嬧,0.7566639099354553
