char1,char2,similarity
壦,壦,1.0
壦,巏,0.782550810607908
壦,爟,0.7552120238795579
壦,孉,0.7493032383055668
壦,權,0.7423981006736229
壦,懽,0.7300978290967826
壦,堶,0.7232220601574864
壦,垖,0.7230435718409363
壦,坘,0.7230068781701274
壦,灈,0.7226438948664006
