char1,char2,similarity
壠,壠,1.0
壠,嚨,0.817102996589361
壠,徿,0.7788843519032689
壠,曨,0.7564320472410627
壠,瀧,0.7501667028312061
壠,攏,0.7437209777578088
壠,儱,0.7390300075398268
壠,隴,0.7247662862872783
壠,瓏,0.71067754005609
壠,腈,0.7105920068335997
