char1,char2,similarity
壩,壩,1.0
壩,塌,0.7268139011102467
壩,堀,0.721318069468209
壩,欛,0.7204078869372391
壩,堨,0.7198101382936749
壩,塥,0.7192170431838747
壩,壎,0.7146197494544535
壩,墵,0.7144635300972113
壩,墹,0.7081373218474557
壩,壖,0.703685627444905
