char1,char2,similarity
壯,壯,1.0
壯,兙,0.7699895864723468
壯,肚,0.7664817187956113
壯,钍,0.763402759591387
壯,肛,0.7620756650434195
壯,旪,0.7544569512379837
壯,尩,0.7496033782943805
壯,冫,0.7467796436921982
壯,灶,0.7449461448030423
壯,厃,0.7410125613904254
