char1,char2,similarity
壪,壪,1.0
壪,灣,0.7982307018154141
壪,境,0.7107710370135337
壪,墷,0.7014683481951258
壪,壝,0.697856655861868
壪,墇,0.6916655811542701
壪,灤,0.6912178205429077
壪,壥,0.6894756753123761
壪,垮,0.6884330484944404
壪,凊,0.686065541224459
