char1,char2,similarity
壬,壬,1.0
壬,王,0.8891902332190328
壬,玊,0.8563125596786854
壬,玉,0.8518979744048512
壬,干,0.8464209796094706
壬,工,0.8455692029793165
壬,三,0.8292243831012569
壬,正,0.826755261389369
壬,丨,0.8232228806652121
壬,千,0.8224542944887526
