char1,char2,similarity
壮,壮,1.0
壮,廿,0.7918920107725007
壮,杜,0.7917108611879837
壮,牡,0.7895519499656136
壮,吐,0.7787667131180237
壮,乚,0.7769267511945246
壮,状,0.7755829436932161
壮,牜,0.7719210880891026
壮,叶,0.7702246093233613
壮,妆,0.7685143200177994
