char1,char2,similarity
壺,壺,1.0
壺,壷,0.8206594431448498
壺,壸,0.8046109366603417
壺,壴,0.7860443553727444
壺,壹,0.7710910595170031
壺,壼,0.7618474647183121
壺,亯,0.7417695910867363
壺,轰,0.7415918284054124
壺,車,0.7397907309774707
壺,亖,0.737668111847237
