char1,char2,similarity
壵,壵,1.0
壵,直,0.7711639431076321
壵,宝,0.7656091225755002
壵,点,0.7653275946564633
壵,且,0.7650184423821864
壵,查,0.7634298192493049
壵,盎,0.7632009780773593
壵,苴,0.7626602630327073
壵,克,0.7612300461655127
壵,壶,0.7581260557517099
