char1,char2,similarity
壸,壸,1.0
壸,壷,0.8391428649934051
壸,壺,0.8046109366603417
壸,壼,0.7799364287071634
壸,壹,0.7791510819292495
壸,素,0.7637235086987086
壸,壴,0.7608338118292979
壸,眚,0.7600436798974078
壸,疌,0.75836120418807
壸,胄,0.7552488776531563
