char1,char2,similarity
壾,壾,1.0
壾,臦,0.7624892472272667
壾,齟,0.7427381099622321
壾,鼔,0.7319992949630756
壾,蚷,0.7263311737352504
壾,戺,0.724462088541125
壾,歫,0.7181817640442536
壾,飷,0.716075425217185
壾,皿,0.7160063513766566
壾,皷,0.7150966562517076
