char1,char2,similarity
夅,夅,1.0
夅,夈,0.7829039947960484
夅,夆,0.7750211022819724
夅,爷,0.7481865911292426
夅,手,0.7325917476571076
夅,予,0.7319627635304393
夅,十,0.7285664643796538
夅,亍,0.723911266008278
夅,子,0.7236490523140199
夅,彔,0.7235870880483701
