char1,char2,similarity
壿,壿,1.0
壿,墫,0.805938731758769
壿,樽,0.7867051537590202
壿,撙,0.7609938605296208
壿,噂,0.750405161735207
壿,澊,0.7419750593369563
壿,墡,0.7374001730834077
壿,壞,0.7369216231223967
壿,僔,0.7325442385507659
壿,燇,0.7288714612415504
