char1,char2,similarity
夂,夂,1.0
夂,夊,0.842432841130069
夂,欠,0.7982103987070152
夂,又,0.7842925028146365
夂,仧,0.7818646526249703
夂,矢,0.7809285396088606
夂,攵,0.7803315657558632
夂,义,0.77184241930672
夂,久,0.7713035404830854
夂,乀,0.7708481526980517
