char1,char2,similarity
夈,夈,1.0
夈,夅,0.7829039947960484
夈,粲,0.7804628841181646
夈,夆,0.7780263067057873
夈,桌,0.7490594988934319
夈,粜,0.7434652056033145
夈,柔,0.7427340437793779
夈,臬,0.7420376501240925
夈,柴,0.7400819084139996
夈,粟,0.7316498036281146
