char1,char2,similarity
备,备,1.0
备,务,0.7805538958488659
备,音,0.7726747445887834
备,畨,0.7719705911051705
备,昚,0.7646198293589931
备,多,0.7635522798666576
备,昋,0.7591272916642393
备,条,0.7583629963284753
备,智,0.7557455724636891
备,畚,0.7534923050224233
