char1,char2,similarity
変,変,1.0
変,奕,0.7651356138075421
変,变,0.7641767592274823
変,叓,0.7631170674315461
変,夌,0.7607085747394321
変,麦,0.7511003386666351
変,亪,0.7470519740676339
変,叏,0.7338933300898086
変,赍,0.7332633286598795
変,亚,0.7324317557407506
