char1,char2,similarity
夌,夌,1.0
夌,麦,0.7618631800530554
夌,変,0.7607085747394321
夌,叓,0.7441180427026887
夌,夋,0.7345952190345135
夌,叏,0.7343043051225971
夌,攴,0.7335403984919764
夌,爻,0.7311492357754017
夌,害,0.7258167442838794
夌,萒,0.7248351868653075
