char1,char2,similarity
夎,夎,1.0
夎,夑,0.7683517811279853
夎,畟,0.7433305330770262
夎,叏,0.7353815395040691
夎,雯,0.7342304974959124
夎,赏,0.7319145716915714
夎,羙,0.7274437708064168
夎,壳,0.7246224462697469
夎,乡,0.7241088145670956
夎,羞,0.7210738877306612
