char1,char2,similarity
夐,夐,1.0
夐,藑,0.7263030047287438
夐,匱,0.712667667136562
夐,薹,0.7105980666550115
夐,室,0.7096159654539522
夐,苴,0.7081719460601387
夐,膏,0.7018285409086241
夐,籚,0.6970748046076034
夐,篗,0.6964124103936815
夐,芭,0.6961620320117747
