char1,char2,similarity
夗,夗,1.0
夗,夘,0.783746716016452
夗,尢,0.7623649407623229
夗,兕,0.7536413002558771
夗,兇,0.7491655817619818
夗,兄,0.7490447927967814
夗,戺,0.7477017571889191
夗,化,0.743287997160334
夗,刀,0.7408730821465286
夗,兀,0.7376213988812588
