char1,char2,similarity
夒,夒,1.0
夒,夓,0.8048345335172298
夒,婯,0.7116432411243345
夒,雯,0.7112783199320043
夒,夏,0.7096758827689472
夒,媭,0.7090534305606132
夒,婜,0.7060527738757507
夒,戞,0.7054570425879313
夒,媐,0.7036043831694984
夒,畟,0.7026753472605977
