char1,char2,similarity
夙,夙,1.0
夙,凰,0.7521182387009555
夙,屗,0.7361200048770177
夙,風,0.735868250787373
夙,风,0.7358530437003156
夙,屄,0.7302508330943616
夙,鼠,0.7262748699303299
夙,尻,0.7252062357053961
夙,屛,0.7246148079540022
夙,靥,0.7207691383716006
