char1,char2,similarity
夓,夓,1.0
夓,夒,0.8048345335172298
夓,嫛,0.7295925484695013
夓,娿,0.7167845969569094
夓,媐,0.7138500543297862
夓,媭,0.710497445999678
夓,耍,0.7071392187916514
夓,曼,0.7069520271918657
夓,雯,0.7067301570163608
夓,圕,0.7064140660092862
