char1,char2,similarity
夑,夑,1.0
夑,夎,0.7683517811279853
夑,爕,0.7283378997697317
夑,变,0.7269570734001519
夑,麦,0.7211810401927955
夑,畟,0.7181213105106292
夑,變,0.7164553318513956
夑,叓,0.7088376276927826
夑,樊,0.7070917348495213
夑,叜,0.7028941762296221
