char1,char2,similarity
夢,夢,1.0
夢,亭,0.7700874542848285
夢,葿,0.7576256336873857
夢,莮,0.7411665989131209
夢,蒏,0.740097056730166
夢,菫,0.7383685380660345
夢,莧,0.7378947335603397
夢,蔑,0.7376406656167648
夢,菎,0.7365805457589474
夢,莠,0.7340101102744486
