char1,char2,similarity
夣,夣,1.0
夣,婁,0.7396450117378057
夣,蓼,0.7265091604218054
夣,薯,0.724579830608651
夣,薼,0.7158571014986135
夣,罥,0.7124959249802343
夣,暮,0.7105058283252079
夣,夢,0.7104359595218036
夣,蕩,0.7078156750709241
夣,書,0.707391837444834
