char1,char2,similarity
夞,夞,1.0
夞,兺,0.7610669347622929
夞,唜,0.7337337193537679
夞,臫,0.731432518920698
夞,乨,0.7276704736467919
夞,唟,0.7242975183331424
夞,能,0.7124324517501198
夞,乱,0.7117317426177948
夞,昆,0.7112434775566674
夞,筅,0.7110944287616676
