char1,char2,similarity
夠,夠,1.0
夠,夡,0.7769714614163755
夠,鮈,0.7435093310466249
夠,鈎,0.7325162398038928
夠,鉤,0.7271103344765364
夠,翑,0.7207785189271319
夠,軥,0.720115513451859
夠,恦,0.7192223503670616
夠,韵,0.7169720233376905
夠,銁,0.7167204938238559
