char1,char2,similarity
夝,夝,1.0
夝,殅,0.7709334062572867
夝,舛,0.7503671318631375
夝,甡,0.748466346715685
夝,処,0.7449499892465402
夝,貹,0.7433616792172084
夝,姓,0.7395187412859189
夝,鉎,0.7368259588715589
夝,沚,0.7364939798904767
夝,軴,0.7360447192326539
