char1,char2,similarity
大,大,1.0
大,犬,0.8750870122278271
大,人,0.86917260448767
大,太,0.8567382557334658
大,火,0.8548674461555361
大,六,0.8175415627657107
大,天,0.8118553555177115
大,为,0.8105446218778105
大,丶,0.8058595344779943
大,丨,0.8011210025901037
