char1,char2,similarity
太,太,1.0
太,人,0.8691874781784273
太,大,0.8567382557334658
太,犬,0.829593211527609
太,火,0.8057251719081462
太,尢,0.7930856800928282
太,丶,0.7896584094897235
太,丨,0.7875021288172095
太,为,0.7859537342353683
太,入,0.7817388192155128
