char1,char2,similarity
夤,夤,1.0
夤,賫,0.8035377359444006
夤,賷,0.7661001832694229
夤,蒷,0.7597548941285492
夤,賛,0.7586544275201005
夤,簧,0.7564533327754144
夤,賞,0.7471719387276526
夤,賌,0.735856233243502
夤,賚,0.7293291237526365
夤,鲁,0.7289377046364034
