char1,char2,similarity
天,天,1.0
天,灭,0.8237192923171512
天,夭,0.8170702337799024
天,火,0.8129011436162089
天,大,0.8118553555177115
天,人,0.8104102705628011
天,犬,0.7983582813443083
天,旡,0.7947923726491716
天,亓,0.7920726474153522
天,无,0.7890250609412175
