char1,char2,similarity
夦,夦,1.0
夦,够,0.7386485797760908
夦,夥,0.729366486658315
夦,黟,0.7208067661857596
夦,誃,0.7146338414650141
夦,跢,0.7138451945964548
夦,戡,0.7077511014856644
夦,尠,0.7065524554902435
夦,勘,0.7048942508272497
夦,鉹,0.6955086246467219
