char1,char2,similarity
夭,夭,1.0
夭,仧,0.8552537417348506
夭,天,0.8170702337799024
夭,十,0.8044203839870603
夭,无,0.8039041877251103
夭,乏,0.8017342357758108
夭,于,0.7930622935436312
夭,氏,0.7917882628090985
夭,乆,0.7883825395430378
夭,人,0.7856618781013431
