char1,char2,similarity
夬,夬,1.0
夬,宊,0.8484855458043724
夬,矢,0.8206981659497767
夬,夫,0.8135552058555462
夬,央,0.8020060624355717
夬,仧,0.8018174687476461
夬,夊,0.7993362549419318
夬,夨,0.7990568933425376
夬,失,0.7963939268055334
夬,夹,0.7893103226773034
