char1,char2,similarity
夳,夳,1.0
夳,空,0.8082795215944308
夳,杏,0.800716186426236
夳,杢,0.7984453258439695
夳,三,0.7786920077711259
夳,兰,0.7735453539376695
夳,呇,0.7684327988967613
夳,五,0.761937389589667
夳,盇,0.7609820620271788
夳,圶,0.7606764018602022
