char1,char2,similarity
夵,夵,1.0
夵,夲,0.8515500229265721
夵,个,0.7674078771937429
夵,尗,0.7670442911137013
夵,芐,0.7638515275790889
夵,夼,0.7632439578663595
夵,夰,0.7625107214983041
夵,氷,0.7578491011259441
夵,卆,0.7529851781921983
夵,艼,0.7503129668085158
