char1,char2,similarity
失,失,1.0
失,夫,0.8643709504656036
失,夨,0.8563747340673387
失,央,0.8187442979644056
失,关,0.8003058558667001
失,夬,0.7963939268055334
失,矢,0.7960377434818575
失,欠,0.7935860809092249
失,夹,0.7916263245823238
失,栄,0.7875623690767474
