char1,char2,similarity
夻,夻,1.0
夻,夺,0.80804014273383
夻,夯,0.8074342752575263
夻,杳,0.7995660455722476
夻,杏,0.797486041180222
夻,奋,0.792943447214825
夻,舌,0.7741404321087775
夻,夼,0.7662361879525332
夻,否,0.7628316405607366
夻,仒,0.7606423051687813
