char1,char2,similarity
夾,夾,1.0
夾,夹,0.7853583316548746
夾,宊,0.7832083215782717
夾,央,0.780810578426137
夾,夫,0.7785693188225894
夾,夬,0.7782428159714062
夾,仧,0.7680110618694385
夾,失,0.7655771530828641
夾,夭,0.7653063211983284
夾,矢,0.7651239765284691
