char1,char2,similarity
夺,夺,1.0
夺,夻,0.80804014273383
夺,寺,0.768418583504646
夺,夯,0.7627221734244898
夺,弁,0.7581477718525046
夺,守,0.757972841772451
夺,今,0.7578684250213845
夺,穷,0.7576609022443992
夺,夼,0.7571016838188086
夺,夲,0.7560951042805779
