char1,char2,similarity
夽,夽,1.0
夽,会,0.7865402356676647
夽,兗,0.7591017336448133
夽,奆,0.7495633492094269
夽,芙,0.7480831128401184
夽,套,0.7463267338078584
夽,芸,0.7413961897342469
夽,窅,0.7408609583831008
夽,音,0.7388917770680773
夽,奅,0.7382189883315222
