char1,char2,similarity
夸,夸,1.0
夸,旁,0.7796295205190857
夸,奔,0.7792571346479403
夸,耷,0.7690834051061568
夸,夰,0.7615161281092261
夸,穼,0.7607620345766632
夸,昔,0.7561261099250427
夸,审,0.7518345945383507
夸,苛,0.7475659740616003
夸,隺,0.7462443463876316
