char1,char2,similarity
奃,奃,1.0
奃,奅,0.750959652274143
奃,含,0.7436974619708455
奃,奕,0.7434850070807171
奃,壴,0.7431331025989674
奃,苠,0.7349303711855876
奃,苵,0.7326787242312849
奃,寃,0.7311210730485495
奃,兗,0.7200382548677494
奃,菟,0.7182491537835112
