char1,char2,similarity
奅,奅,1.0
奅,命,0.7540346520611204
奅,奃,0.750959652274143
奅,窌,0.7398985240174322
奅,夽,0.7382189883315222
奅,窗,0.7355245979422561
奅,穹,0.7225560526535235
奅,兖,0.7213321378389848
奅,贲,0.7210538650123193
奅,卌,0.7204178929192998
