char1,char2,similarity
奄,奄,1.0
奄,奎,0.8000832360706243
奄,查,0.7979720933780967
奄,奁,0.7735344798665141
奄,奋,0.767697087291596
奄,屯,0.752612184081945
奄,奆,0.7484860468444993
奄,杏,0.7475756420539471
奄,夯,0.7455196689626854
奄,杢,0.7454809567804072
