char1,char2,similarity
奇,奇,1.0
奇,肓,0.7672713629506984
奇,肯,0.7661619304762236
奇,咅,0.759383771323075
奇,玡,0.7490488536291668
奇,東,0.7423950726689045
奇,亪,0.7399807988722565
奇,合,0.7398147208322519
奇,罒,0.7383263455234568
奇,窅,0.7380860147363063
