char1,char2,similarity
奋,奋,1.0
奋,杳,0.8345584245147897
奋,夻,0.792943447214825
奋,言,0.785959782019515
奋,夼,0.7800616299835974
奋,奁,0.7716939426975418
奋,奄,0.767697087291596
奋,辛,0.7659622813206403
奋,夯,0.7526012582641405
奋,苦,0.7503140255435778
