char1,char2,similarity
奊,奊,1.0
奊,奧,0.7833507309781318
奊,奌,0.7715199857988762
奊,莫,0.7471466360201715
奊,軣,0.7368576192228504
奊,吴,0.7333937493770865
奊,臭,0.7328666453579571
奊,梟,0.7326001078571006
奊,灻,0.7302273138704426
奊,稁,0.7286038131223526
