char1,char2,similarity
奆,奆,1.0
奆,査,0.8040578330125469
奆,宣,0.7925978209549294
奆,宵,0.7856560158190035
奆,夿,0.7840724287432264
奆,窐,0.783921991234097
奆,窇,0.7699306811065443
奆,育,0.7673337702496802
奆,仺,0.7624793526008822
奆,咅,0.7586899105159784
