char1,char2,similarity
奂,奂,1.0
奂,负,0.7904312900155547
奂,灸,0.7736543641645416
奂,免,0.7726831590420951
奂,荚,0.7638378051198278
奂,贞,0.7624651450918298
奂,英,0.7623173224721965
奂,芙,0.7602960810428013
奂,芺,0.7522961042066373
奂,苵,0.7518872007173177
