char1,char2,similarity
契,契,1.0
契,葖,0.7552834069303911
契,洯,0.7509168459646344
契,奐,0.7487468478055676
契,吴,0.7433059202144755
契,奕,0.741500464626322
契,萸,0.7389859554832168
契,巭,0.7350077452182732
契,穾,0.7348916300097509
契,栔,0.7308817580614353
