char1,char2,similarity
奕,奕,1.0
奕,猆,0.7928432830316542
奕,奜,0.7902302155136623
奕,吴,0.7745638508441708
奕,変,0.7651356138075421
奕,矣,0.7630333877683646
奕,奐,0.7577454010522661
奕,奖,0.7576278732502506
奕,耎,0.7541193951400122
奕,亪,0.7496430105368287
