char1,char2,similarity
奏,奏,1.0
奏,泰,0.7852074930095094
奏,舂,0.7711780047580303
奏,贳,0.7703507978960559
奏,贵,0.7616790181073574
奏,责,0.760706043449021
奏,赍,0.7592260776220074
奏,葵,0.751260507909015
奏,素,0.7457350100831385
奏,高,0.7446844459318362
