char1,char2,similarity
奐,奐,1.0
奐,吴,0.7961587831112777
奐,烉,0.7737683591257776
奐,矣,0.7579423116470134
奐,奕,0.7577454010522661
奐,奧,0.754195129429402
奐,契,0.7487468478055676
奐,葖,0.7484026857014509
奐,萸,0.7457487364518637
奐,臬,0.7449135257008143
