char1,char2,similarity
奌,奌,1.0
奌,贞,0.7752747612067963
奌,奊,0.7715199857988762
奌,吏,0.7677887821922016
奌,卖,0.7652356030864512
奌,莡,0.7644571654178559
奌,奧,0.7640285338145124
奌,皃,0.7564763367371325
奌,萸,0.7547207927007982
奌,巭,0.7513070207658545
