char1,char2,similarity
奍,奍,1.0
奍,岕,0.7828041689756783
奍,劵,0.7656500578595706
奍,界,0.753384922729759
奍,巻,0.7492582143585219
奍,卉,0.7427370093442163
奍,芥,0.7344230650970035
奍,計,0.7291739229427485
奍,廿,0.7291706406746068
奍,寺,0.7290334390936757
