char1,char2,similarity
套,套,1.0
套,营,0.7555931651793865
套,夽,0.7463267338078584
套,李,0.7445694724244082
套,啻,0.7419943470998542
套,仓,0.7378097960130157
套,奔,0.7372411153576514
套,畗,0.7356705110866417
套,莙,0.7334974998036967
套,宭,0.7334931187235931
