char1,char2,similarity
奖,奖,1.0
奖,桨,0.8108079825271106
奖,美,0.7636457447503117
奖,猆,0.7615111372514393
奖,浆,0.7584467771823408
奖,奕,0.7576278732502506
奖,穾,0.7520932394645443
奖,吴,0.7510980299332566
奖,矣,0.7493044855804741
奖,萸,0.7487796936562593
