char1,char2,similarity
奟,奟,1.0
奟,奛,0.7594885814522805
奟,奝,0.7529576858304998
奟,奩,0.7444340680467565
奟,奒,0.7410782341331934
奟,奤,0.7315876641035192
奟,斨,0.7181042716612795
奟,酉,0.7174009184848177
奟,窟,0.7163493234011105
奟,奓,0.7145494745866332
