char1,char2,similarity
奙,奙,1.0
奙,罨,0.7455333032331083
奙,拳,0.7372604780475749
奙,畚,0.7296318985284796
奙,叁,0.7250203395434588
奙,眷,0.7230783643739405
奙,青,0.7194161914488807
奙,峚,0.71759706894326
奙,秦,0.7133666505705343
奙,亀,0.7117827928484978
