char1,char2,similarity
奜,奜,1.0
奜,婓,0.7951258110491995
奜,奕,0.7902302155136623
奜,猆,0.7897509555126412
奜,耎,0.764760302320541
奜,矣,0.7628656730258919
奜,斐,0.758482704602046
奜,吴,0.7582580094053312
奜,奘,0.7476947233164956
奜,竎,0.7422441854221982
