char1,char2,similarity
奞,奞,1.0
奞,雀,0.7562907275453055
奞,雈,0.7340892882987253
奞,奒,0.7322860335446252
奞,蓿,0.727450743913151
奞,奛,0.7262838955077645
奞,崔,0.7258877680283207
奞,萑,0.7240073780936668
奞,奓,0.721219199814802
奞,番,0.7200667232200567
