char1,char2,similarity
奢,奢,1.0
奢,著,0.8018953522457418
奢,箸,0.7544392670514775
奢,盲,0.7375647027457718
奢,管,0.732176331212162
奢,宥,0.7306293466271208
奢,曹,0.7291026691773844
奢,挛,0.7257862708647688
奢,庴,0.7255979695531591
奢,畜,0.7254013942231597
