char1,char2,similarity
奤,奤,1.0
奤,奛,0.7437478790486428
奤,啚,0.7409917687428924
奤,亮,0.7354161832119466
奤,蒏,0.7353948716327593
奤,烹,0.7325683320522911
奤,奟,0.7315876641035192
奤,脔,0.7300792535171783
奤,富,0.7285270604748949
奤,窜,0.7270570329780673
