char1,char2,similarity
奦,奦,1.0
奦,熃,0.7418697173180844
奦,菐,0.7292904479966077
奦,業,0.7262695187885055
奦,臭,0.7222401991294634
奦,奨,0.7175842792215031
奦,樊,0.7163452863377655
奦,翜,0.7050950841927438
奦,奥,0.7048405593077889
奦,奊,0.7019950631803027
