char1,char2,similarity
奰,奰,1.0
奰,狊,0.7691525262489219
奰,昊,0.7630733189934706
奰,奌,0.7280908940141035
奰,罬,0.7280051980814405
奰,具,0.7248594136665737
奰,彚,0.7248197319121995
奰,奱,0.7247762568639317
奰,灵,0.7242369325414416
奰,罠,0.7223660713096919
