char1,char2,similarity
奭,奭,1.0
奭,爽,0.7766261641377892
奭,夾,0.7620058759589943
奭,実,0.7455768741516253
奭,失,0.7452040443272502
奭,栾,0.7420853373621042
奭,仌,0.742059538235993
奭,夫,0.7410633896984082
奭,寊,0.7397571517835043
奭,芵,0.738928521954481
