char1,char2,similarity
奬,奬,1.0
奬,獎,0.7636863379053361
奬,槳,0.7379346812608237
奬,奨,0.7290086012184224
奬,奥,0.7093062909693463
奬,寏,0.7071845307555028
奬,贤,0.7070236818605188
奬,樊,0.7030615085435441
奬,莫,0.7023648147830015
奬,焤,0.7001247886519213
