char1,char2,similarity
奯,奯,1.0
奯,薉,0.7345558614151555
奯,歲,0.708592186090111
奯,亴,0.7060567039926905
奯,賁,0.7032494443890586
奯,畫,0.7006598987152325
奯,詈,0.6937291022799773
奯,畣,0.6925088866870612
奯,蕆,0.6907545017783319
奯,嵗,0.6890947639720075
