char1,char2,similarity
奱,奱,1.0
奱,欒,0.7879655397249701
奱,奌,0.7396804170522222
奱,卛,0.738378529189942
奱,奧,0.7318614918716337
奱,奰,0.7247762568639317
奱,孌,0.7230263971782819
奱,奊,0.7224813968765846
奱,奐,0.709271138159329
奱,梟,0.7035781791495659
