char1,char2,similarity
女,女,1.0
女,亡,0.7853757802129941
女,丷,0.7756881229522073
女,乀,0.7716459212708834
女,尢,0.7699450454443206
女,丶,0.7682821852890044
女,太,0.7672250545638126
女,艹,0.7628002575775866
女,二,0.7591321670739524
女,九,0.7576074085152089
