char1,char2,similarity
奷,奷,1.0
奷,奵,0.8087044108595306
奷,奸,0.802118541887833
奷,歼,0.7950339559477447
奷,姃,0.7934029766944807
奷,衦,0.7913540055218732
奷,圲,0.7909024697250998
奷,好,0.7906930283835647
奷,矸,0.7865881011881302
奷,妤,0.7849858206418586
