char1,char2,similarity
奵,奵,1.0
奵,奷,0.8087044108595306
奵,万,0.7980919240967536
奵,好,0.7917655179993912
奵,盯,0.7705194307339241
奵,灯,0.7672828931893461
奵,奴,0.7659618738383611
奵,奺,0.7646365034578269
奵,钉,0.7631310725565515
奵,釘,0.7623209787221379
