char1,char2,similarity
奶,奶,1.0
奶,妈,0.7941282600790753
奶,妒,0.7693696098438971
奶,屷,0.7676423985084171
奶,妫,0.7638599609213488
奶,妍,0.7610442025413794
奶,扔,0.7588953970403091
奶,妩,0.7529079630039843
奶,妁,0.7425740553564213
奶,妨,0.7414295800877759
