char1,char2,similarity
奴,奴,1.0
奴,奺,0.7678270553410386
奴,奵,0.7659618738383611
奴,奻,0.7630901845905984
奴,訍,0.7581536310712006
奴,妇,0.7575093694116408
奴,妞,0.7561160708368838
奴,奼,0.7479239738700952
奴,钗,0.7477762257743776
奴,妲,0.7464015567723898
