char1,char2,similarity
妀,妀,1.0
妀,妆,0.7649600043646807
妀,汝,0.7504265741432228
妀,籹,0.7501619149206797
妀,肗,0.7384641818543812
妀,奻,0.7325728588843713
妀,攺,0.7302849467480483
妀,妝,0.7294281551305147
妀,政,0.7287071737532637
妀,改,0.7278649387852422
