char1,char2,similarity
奾,奾,1.0
奾,姃,0.7906165936110027
奾,妯,0.7879953563742403
奾,妲,0.7846599000377213
奾,妑,0.7789335547902791
奾,姓,0.7751945997484551
奾,姑,0.7745373866589254
奾,妵,0.7739295703544803
奾,妣,0.7728823983600003
奾,妊,0.7704344727804956
