char1,char2,similarity
妅,妅,1.0
妅,奸,0.8318158413304195
妅,妃,0.8268972335849317
妅,妊,0.8206967870501356
妅,丌,0.7888098166438301
妅,肛,0.7819843735559368
妅,好,0.7745448132298491
妅,姃,0.7737643716816731
妅,姊,0.773507524835361
妅,扛,0.7706035611455684
