char1,char2,similarity
如,如,1.0
如,妇,0.7756972392754441
如,加,0.7756444578450766
如,夘,0.7497295257425403
如,朻,0.7466384188526083
如,柞,0.744805563010095
如,扎,0.7427404528458278
如,外,0.74270770786928
如,知,0.741361569372031
如,杓,0.7407740448178515
