char1,char2,similarity
妎,妎,1.0
妎,妌,0.8049395718846022
妎,吤,0.7983276070385554
妎,扴,0.7898276902928519
妎,妋,0.7880357305686572
妎,妔,0.787886508222951
妎,砎,0.7818303791435837
妎,姶,0.7799166882190608
妎,妏,0.7761751432858672
妎,姈,0.7699657779527476
