char1,char2,similarity
妊,妊,1.0
妊,奸,0.8518976173623507
妊,妅,0.8206967870501356
妊,奼,0.8005053695834671
妊,妞,0.7959572234087368
妊,姃,0.7869632286452317
妊,姊,0.7863802019474161
妊,扦,0.7836188126635212
妊,妃,0.7811908809863258
妊,姓,0.7769806043752775
