char1,char2,similarity
妕,妕,1.0
妕,钟,0.8210110425276133
妕,妽,0.814056385149158
妕,柛,0.808813912877868
妕,妠,0.8029047645684114
妕,姅,0.7982215906959063
妕,姉,0.7973153778041275
妕,妯,0.7966454834801768
妕,肿,0.7951381163269712
妕,妦,0.781423900234856
