char1,char2,similarity
妔,妔,1.0
妔,妏,0.8115754065139809
妔,妋,0.8079944918956323
妔,妎,0.787886508222951
妔,妌,0.7873779485881124
妔,粇,0.7794820089368987
妔,妧,0.7772306142965855
妔,妡,0.7760468772899538
妔,妉,0.7759105563176227
妔,姯,0.7756882475239598
