char1,char2,similarity
妖,妖,1.0
妖,枖,0.8057082238096573
妖,妩,0.7997494028341668
妖,岆,0.7917719280848967
妖,饫,0.790596780829087
妖,殀,0.7882685728574077
妖,妋,0.7859481864736243
妖,妘,0.7809115128239579
妖,妬,0.7574972785436215
妖,妊,0.7569490448893095
