char1,char2,similarity
妗,妗,1.0
妗,枔,0.7956226974628591
妗,衿,0.7937858397194247
妗,肣,0.7930586904113286
妗,蚙,0.7907410964708671
妗,妁,0.7823447649649832
妗,扲,0.7757266514733167
妗,岒,0.7749597684437103
妗,紟,0.7736268399953451
妗,鈐,0.7666180036196619
