char1,char2,similarity
妘,妘,1.0
妘,妐,0.8017986790334388
妘,纭,0.7827781199230647
妘,妖,0.7809115128239579
妘,姖,0.7785921046499147
妘,紜,0.7785253867021403
妘,姫,0.7747238142968579
妘,枟,0.7730829741458689
妘,姾,0.7707855806884227
妘,姂,0.7690317995975665
