char1,char2,similarity
妙,妙,1.0
妙,竗,0.8234343769979817
妙,纱,0.8005182748617289
妙,钞,0.7906794676139778
妙,杪,0.7837886283100611
妙,妽,0.7739268232774721
妙,秒,0.7713652166200846
妙,妷,0.7694308755097718
妙,姈,0.7655096213944236
妙,砂,0.7614717136544682
