char1,char2,similarity
妛,妛,1.0
妛,妟,0.8209630797342292
妛,旻,0.779900231991386
妛,妄,0.761125566541961
妛,旹,0.756229792393628
妛,娄,0.7552445053660182
妛,峚,0.750028477781236
妛,荌,0.747728255323176
妛,芰,0.7410680226745873
妛,炭,0.7387835827470461
