char1,char2,similarity
妠,妠,1.0
妠,姠,0.8161958584757734
妠,妕,0.8029047645684114
妠,枘,0.7963677511698362
妠,钠,0.789135326852272
妠,妉,0.7872898822718833
妠,姢,0.7783907733393131
妠,姁,0.7711168571781298
妠,妽,0.7668570711275071
妠,妺,0.7643032956018542
