char1,char2,similarity
妥,妥,1.0
妥,寽,0.7350086745760407
妥,妟,0.7321274113450004
妥,夨,0.7178077118946623
妥,呆,0.7163687770793182
妥,丟,0.7149910035936536
妥,一,0.7140289141041173
妥,昃,0.7127897308869448
妥,爭,0.7125764476959772
妥,呂,0.7114287265806531
