char1,char2,similarity
妞,妞,1.0
妞,妬,0.8176996576266647
妞,姐,0.8123386854820144
妞,妃,0.8001256319060452
妞,妊,0.7959572234087368
妞,妲,0.7956432226122667
妞,杻,0.7922427532190903
妞,妪,0.7821257499612422
妞,妩,0.7791269384088326
妞,钮,0.7737784081020196
