char1,char2,similarity
妬,妬,1.0
妬,妞,0.8176996576266647
妬,炻,0.8129212235286677
妬,妃,0.7920278228280668
妬,柘,0.7818538054584716
妬,坧,0.7768654415546117
妬,奸,0.7725021684881732
妬,妊,0.7669088054121661
妬,妩,0.7652085603510694
妬,拓,0.7603132742284733
