char1,char2,similarity
妮,妮,1.0
妮,妑,0.7779067426432039
妮,姐,0.7748600979256135
妮,姓,0.7738002463244098
妮,妪,0.77181816024776
妮,娌,0.7693516126453736
妮,妤,0.7666262877287512
妮,妣,0.7598125439895177
妮,胒,0.7592011129904619
妮,妲,0.7589665936903087
