char1,char2,similarity
妧,妧,1.0
妧,岏,0.7997061654155199
妧,忨,0.7880808846244451
妧,姯,0.7853936444561131
妧,妩,0.7830198841343076
妧,妔,0.7772306142965855
妧,姺,0.7661268896589297
妧,蚖,0.7647601057516872
妧,妑,0.7634112350486766
妧,妡,0.7631564799665125
