char1,char2,similarity
妫,妫,1.0
妫,奶,0.7638599609213488
妫,妁,0.7607548446541136
妫,妜,0.759255011567503
妫,扐,0.7586165174750734
妫,妈,0.754810768638015
妫,妩,0.7482239565474371
妫,姺,0.7440607866939076
妫,奾,0.7419146316750418
妫,娩,0.7360713041725959
