char1,char2,similarity
妯,妯,1.0
妯,柚,0.824557493040341
妯,铀,0.8086334984385539
妯,娋,0.8058058016500539
妯,妕,0.7966454834801768
妯,姓,0.7924838671755758
妯,奾,0.7879953563742403
妯,抽,0.7789171530983331
妯,娼,0.7774390053948949
妯,圸,0.7751399970263361
