char1,char2,similarity
妪,妪,1.0
妪,妣,0.8081638379069239
妪,姐,0.7874555826115996
妪,妞,0.7821257499612422
妪,妩,0.7723775441819483
妪,妮,0.77181816024776
妪,妊,0.7690754563570589
妪,枢,0.7687725908439345
妪,娌,0.7636072726209794
妪,姒,0.7629016876779411
