char1,char2,similarity
妭,妭,1.0
妭,钹,0.7890146575216299
妭,柭,0.7865823078285537
妭,祓,0.7628350207827707
妭,妔,0.7612719320708149
妭,妏,0.7523045089990436
妭,姲,0.7522789267762562
妭,姢,0.7431911217099347
妭,妰,0.7408329283144495
妭,妧,0.7407961030680276
