char1,char2,similarity
妨,妨,1.0
妨,纺,0.8159577614251179
妨,肪,0.7962372790608608
妨,昉,0.7941943872457861
妨,妦,0.7859706808090424
妨,姺,0.7691257353028271
妨,姉,0.766041896284454
妨,娡,0.7649026520363268
妨,妹,0.7636160864467734
妨,妶,0.7631559526934887
