char1,char2,similarity
妰,妰,1.0
妰,妦,0.7974876475889472
妰,胙,0.7900369869440486
妰,詐,0.7849153889227227
妰,妽,0.7847270252781628
妰,妳,0.777707676727916
妰,姁,0.7765571179804016
妰,妚,0.7714767295989431
妰,怍,0.7703764590837667
妰,祚,0.7687337289863893
