char1,char2,similarity
妶,妶,1.0
妶,姂,0.787551729885459
妶,絃,0.7786668075981851
妶,妵,0.7688853469259611
妶,妨,0.7631559526934887
妶,奾,0.759162583961773
妶,妜,0.7584481084973624
妶,姃,0.7583878269433391
妶,奻,0.7574320088284258
妶,奺,0.7558792710004395
