char1,char2,similarity
妵,妵,1.0
妵,姓,0.8100187473111203
妵,姑,0.7898632372377599
妵,紸,0.7772636910586048
妵,奷,0.7772504936369685
妵,柱,0.777080507155364
妵,奾,0.7739295703544803
妵,好,0.7733956183670905
妵,奺,0.7693710520728522
妵,妶,0.7688853469259611
