char1,char2,similarity
妳,妳,1.0
妳,姉,0.78330165860511
妳,妦,0.7790978526489466
妳,妰,0.777707676727916
妳,妽,0.7775898809423762
妳,姰,0.7728528691455451
妳,姁,0.7720625967130706
妳,姩,0.7705325082233797
妳,妸,0.7644790170474478
妳,姈,0.757532636808277
