char1,char2,similarity
姀,姀,1.0
姀,妚,0.7743641499821272
姀,妺,0.7694507530562482
姀,訸,0.7638925698411387
姀,柇,0.7580240552929732
姀,娨,0.753719481777853
姀,姅,0.7508858534311665
姀,妕,0.749535319538552
姀,姡,0.7493776699263409
姀,妡,0.7445372986668879
