char1,char2,similarity
姃,姃,1.0
姃,姂,0.8050074621894437
姃,妲,0.7967644627002446
姃,妑,0.7963860377611265
姃,奷,0.7934029766944807
姃,奾,0.7906165936110027
姃,妊,0.7869632286452317
姃,姐,0.784732362271641
姃,钲,0.7842737305452548
姃,妃,0.7838191899650387
