char1,char2,similarity
妻,妻,1.0
妻,専,0.775592434763115
妻,宴,0.7704041088453482
妻,喜,0.7695797418100668
妻,蒌,0.7525687931616174
妻,巣,0.7409628034193536
妻,萎,0.7408322621862582
妻,菨,0.7389957166570104
妻,事,0.7386874164041167
妻,葽,0.7383539333965004
