char1,char2,similarity
姂,姂,1.0
姂,姃,0.8050074621894437
姂,妶,0.787551729885459
姂,奼,0.7784019947081726
姂,妊,0.7753042934689703
姂,妤,0.7730758845232836
姂,妘,0.7690317995975665
姂,奷,0.7687564848241218
姂,姫,0.7684160475044914
姂,妲,0.7674879706331178
