char1,char2,similarity
姈,姈,1.0
姈,姶,0.8124444313681416
姈,竛,0.7952185780944274
姈,姱,0.78602988155274
姈,姾,0.7737106171926795
姈,姰,0.7707250884010204
姈,妦,0.7703564164202386
姈,蛉,0.7703193630566265
姈,妎,0.7699657779527476
姈,妽,0.7674126674778798
