char1,char2,similarity
姄,姄,1.0
姄,珉,0.7944332502489766
姄,氓,0.7908482414373736
姄,姢,0.7585320599453259
姄,妱,0.7497035856309576
姄,娦,0.7494816602237985
姄,姛,0.7454842272556204
姄,岷,0.7452061233146138
姄,婫,0.7448458047804885
姄,姤,0.7438314986981285
