char1,char2,similarity
姊,姊,1.0
姊,柹,0.8245565940811365
姊,奸,0.8043068750575498
姊,妊,0.7863802019474161
姊,妅,0.773507524835361
姊,妯,0.7703160231273131
姊,妣,0.7659043598219436
姊,姉,0.7628262291752987
姊,奾,0.761864793027869
姊,胏,0.7600632239465301
