char1,char2,similarity
姍,姍,1.0
姍,姛,0.8140931021716358
姍,姠,0.766055013219973
姍,婟,0.7591756012151166
姍,姺,0.757106893095574
姍,姰,0.7555634637185917
姍,妷,0.7467977204550869
姍,妸,0.7427654065960636
姍,妱,0.7427380897423056
姍,姁,0.739095076185809
