char1,char2,similarity
姉,姉,1.0
姉,妦,0.8646854599064852
姉,妽,0.8365546366185109
姉,妕,0.7973153778041275
姉,姞,0.790261828808311
姉,姌,0.7835614617511425
姉,妳,0.78330165860511
姉,姎,0.7787625502423243
姉,姰,0.7755755027745881
姉,姅,0.7755112143517682
