char1,char2,similarity
姆,姆,1.0
姆,呣,0.7732270696465188
姆,坶,0.7631397591164706
姆,栂,0.7584189994911881
姆,拇,0.7524873063582022
姆,媜,0.7497001224972809
姆,婥,0.7486759111210528
姆,嫂,0.7401256413384681
姆,妨,0.7400293716339387
姆,妕,0.7381101427262929
