char1,char2,similarity
姐,姐,1.0
姐,妲,0.8382793870211279
姐,妞,0.8123386854820144
姐,妪,0.7874555826115996
姐,妃,0.787423280891213
姐,姃,0.784732362271641
姐,妮,0.7748600979256135
姐,奾,0.7677523607679961
姐,妊,0.7650831652813177
姐,妑,0.7650547612280508
