char1,char2,similarity
姒,姒,1.0
姒,妪,0.7629016876779411
姒,妣,0.7543414957831518
姒,妯,0.7468216944879617
姒,姐,0.7449272763932498
姒,姻,0.7436781265352387
姒,娌,0.7422585590063652
姒,娼,0.7421333549505791
姒,拟,0.7410651590528936
姒,妐,0.7390304903349395
