char1,char2,similarity
姖,姖,1.0
姖,姫,0.8444555724904763
姖,妑,0.8010489157988759
姖,妲,0.7964722238314114
姖,姌,0.7799452109137412
姖,妘,0.7785921046499147
姖,詎,0.7770541502256101
姖,柜,0.7749960897500259
姖,姪,0.774873192478141
姖,姮,0.7687050105053898
