char1,char2,similarity
姓,姓,1.0
姓,妵,0.8100187473111203
姓,妯,0.7924838671755758
姓,狌,0.7811193968497782
姓,柱,0.7792147040572145
姓,殅,0.7771813757882716
姓,妊,0.7769806043752775
姓,奾,0.7751945997484551
姓,妮,0.7738002463244098
姓,娩,0.7683688638919095
