char1,char2,similarity
姝,姝,1.0
姝,咮,0.8045055480097807
姝,殊,0.8029102536860122
姝,妹,0.7935210841963465
姝,株,0.7887744723575814
姝,珠,0.77617451289164
姝,妋,0.7712608665527741
姝,婡,0.7681988282651315
姝,妺,0.7665573800498131
姝,婐,0.7628610291501156
