char1,char2,similarity
姜,姜,1.0
姜,美,0.7912807445749585
姜,嫯,0.7632594519605213
姜,荽,0.7628967857216841
姜,羙,0.7608577532075602
姜,婺,0.758310259894674
姜,晏,0.7565524247743873
姜,菨,0.7420716305118839
姜,兼,0.7395309466138437
姜,帛,0.7370042239816745
