char1,char2,similarity
姘,姘,1.0
姘,妌,0.7909966694717707
姘,洴,0.7830417851521375
姘,拼,0.7757429255002383
姘,恲,0.7715622795978326
姘,妍,0.7708231659466955
姘,阱,0.7613163002518422
姘,饼,0.7606262398898296
姘,妔,0.7574304701098711
姘,娂,0.7565631637768326
