char1,char2,similarity
姟,姟,1.0
姟,骇,0.7735379768165134
姟,峐,0.7735171836945337
姟,胲,0.7732227777545828
姟,婠,0.7722622464940706
姟,核,0.7677951296369144
姟,娮,0.7676089815394088
姟,該,0.7612225617312186
姟,姞,0.7603995156999268
姟,絯,0.7585366047268873
