char1,char2,similarity
姩,姩,1.0
姩,妦,0.8196024982001673
姩,姰,0.8146749603865838
姩,姁,0.7968340979435522
姩,姅,0.7913831044316372
姩,脌,0.7883010688905961
姩,妽,0.7752276096490566
姩,姉,0.7725807179547189
姩,妳,0.7705325082233797
姩,妰,0.7636437098186523
