char1,char2,similarity
姪,姪,1.0
姪,姾,0.8233350947745859
姪,姅,0.7933426812157199
姪,祬,0.7795470945484289
姪,姫,0.7772631937813662
姪,姖,0.774873192478141
姪,娃,0.7658416578563124
姪,妐,0.7637283007954387
姪,娪,0.7599995793871481
姪,妱,0.7573675441849503
