char1,char2,similarity
姦,姦,1.0
姦,荴,0.712424010313408
姦,万,0.7078936296834771
姦,宲,0.706056604348021
姦,齐,0.7036070278780454
姦,苵,0.7026345981603
姦,壴,0.7002856857131502
姦,荓,0.6991585095237017
姦,寀,0.6973741619257023
姦,畜,0.6965823588481026
