char1,char2,similarity
姧,姧,1.0
姧,釪,0.7591396535207365
姧,飦,0.7582254680180923
姧,釬,0.7540942195757386
姧,軒,0.749408359063097
姧,虷,0.7482795396214125
姧,幵,0.7405375907589195
姧,轩,0.7346593539172457
姧,虰,0.7337392452463577
姧,豻,0.7316040156603524
