char1,char2,similarity
姢,姢,1.0
姢,媜,0.7943563950383664
姢,妠,0.7783907733393131
姢,姁,0.775062770719452
姢,婥,0.7700343633318073
姢,娢,0.7646294750043462
姢,妱,0.7615310613359262
姢,姞,0.7602958853495442
姢,妔,0.7602209148264517
姢,姠,0.7590957272229808
