char1,char2,similarity
姵,姵,1.0
姵,媀,0.7633591890263429
姵,颯,0.7628475198067387
姵,娍,0.7551493621432779
姵,諷,0.742446799780788
姵,媷,0.739996063377123
姵,娽,0.7355654641824112
姵,媈,0.7309463045282031
姵,嬪,0.7304955215487712
姵,媊,0.7297050651104111
