char1,char2,similarity
姴,姴,1.0
姴,裂,0.7715030528156861
姴,妿,0.7691329740950685
姴,要,0.7446406001922927
姴,娎,0.7425100432141253
姴,銐,0.7284618541982394
姴,耍,0.7278740976493653
姴,媝,0.7263006845128553
姴,姕,0.7261608836353285
姴,婯,0.7208261385301716
