char1,char2,similarity
姯,姯,1.0
姯,垙,0.8252185116778816
姯,妧,0.7853936444561131
姯,妉,0.7835583816096792
姯,妔,0.7756882475239598
姯,妩,0.7723621344910676
姯,硄,0.7696499252697124
姯,娔,0.7660266890104668
姯,桄,0.7657131709209016
姯,妋,0.7652504457849693
