char1,char2,similarity
姲,姲,1.0
姲,娞,0.7801882306086475
姲,妋,0.7725227794904955
姲,垵,0.7614718456389457
姲,峖,0.758235649873715
姲,妭,0.7522789267762562
姲,妔,0.7522633410551307
姲,媞,0.7497235361651694
姲,妎,0.7485323797630864
姲,娢,0.743644549889598
