char1,char2,similarity
姬,姬,1.0
姬,娅,0.7712543184093078
姬,娌,0.756137464901222
姬,媪,0.7545982488996965
姬,媼,0.7469922039003133
姬,婫,0.7463984112179579
姬,姙,0.745226410524221
姬,婭,0.7447034792478012
姬,娃,0.7432638665180243
姬,怇,0.7424859523945151
