char1,char2,similarity
姼,姼,1.0
姼,拸,0.8069347229034991
姼,栘,0.7792289869430062
姼,蛥,0.7786004536156306
姼,袳,0.7778310334733712
姼,移,0.7703757217060203
姼,恀,0.7558594897730684
姼,誃,0.7526805567078803
姼,妜,0.7498077148806556
姼,跢,0.7497753218065994
