char1,char2,similarity
姾,姾,1.0
姾,姪,0.8233350947745859
姾,铨,0.797218070934432
姾,娃,0.7907680276238911
姾,姶,0.7818398587459073
姾,妕,0.7790973788808051
姾,姅,0.7749550727748172
姾,姈,0.7737106171926795
姾,姫,0.7715455023732035
姾,妘,0.7707855806884227
