char1,char2,similarity
姺,姺,1.0
姺,娧,0.8149634187127728
姺,妷,0.8098761593029988
姺,姎,0.7872337280247892
姺,铣,0.7713412686919675
姺,妋,0.7709748076844927
姺,妨,0.7691257353028271
姺,妔,0.7679597714699651
姺,妧,0.7661268896589297
姺,妑,0.7611038853287496
