char1,char2,similarity
姻,姻,1.0
姻,娼,0.7833650233317215
姻,裀,0.7793203347103262
姻,棝,0.766660133140595
姻,妯,0.7544360360025796
姻,铟,0.7516403892880943
姻,娌,0.7504849584434589
姻,姛,0.7488849719319629
姻,娅,0.7478832826378775
姻,姠,0.7478711564919236
