char1,char2,similarity
姹,姹,1.0
姹,挓,0.7837952258270142
姹,垞,0.7563142924989854
姹,詫,0.7540661668109785
姹,妹,0.7428348801578658
姹,姾,0.7407790058853155
姹,烢,0.7390590310558428
姹,娉,0.7390536711810622
姹,姥,0.7372955528805252
姹,扽,0.7362732338137453
