char1,char2,similarity
姷,姷,1.0
姷,蛕,0.7919082468895319
姷,姰,0.7802882699190279
姷,铕,0.7778010506488082
姷,姳,0.765689405771193
姷,栯,0.7533221454015685
姷,娚,0.747320849999423
姷,姌,0.7445091061800057
姷,姁,0.7418898335176287
姷,娘,0.7399458083270589
