char1,char2,similarity
姿,姿,1.0
姿,资,0.7835406707147625
姿,娑,0.7722275632576348
姿,娶,0.7627147518395136
姿,委,0.7601681114704526
姿,娈,0.7595464362146774
姿,婜,0.736264701291306
姿,婱,0.7336428459781895
姿,娤,0.7318352083105207
姿,耍,0.7286385034285068
