char1,char2,similarity
娆,娆,1.0
娆,铙,0.7802619258207448
娆,姚,0.7708383361059411
娆,骁,0.767945254898107
娆,饶,0.7638160478546827
娆,桡,0.7543519919935673
娆,娂,0.7492806134308787
娆,娣,0.7472996017097363
娆,绕,0.7404847340808212
娆,晓,0.739063574237078
