char1,char2,similarity
娀,娀,1.0
娀,娍,0.7722980671003368
娀,媫,0.7557884534316476
娀,婈,0.744408617161519
娀,媞,0.7421735273230602
娀,絨,0.7416689109709229
娀,娕,0.7409016047116022
娀,媴,0.738226380061663
娀,婋,0.7380534859265083
娀,娽,0.7365767466540101
