char1,char2,similarity
娅,娅,1.0
娅,桠,0.797151541086422
娅,婭,0.7789218338478544
娅,椏,0.7730181154763583
娅,姬,0.7712543184093078
娅,娌,0.7693583159760515
娅,娠,0.7637428239511406
娅,妍,0.7623346610487527
娅,妞,0.7609538190822017
娅,铔,0.7570911068057392
