char1,char2,similarity
娄,娄,1.0
娄,委,0.7790069135166213
娄,妛,0.7552445053660182
娄,姇,0.7448092323779215
娄,要,0.7431126249857852
娄,妴,0.7347841598075512
娄,类,0.7325660489087764
娄,荌,0.7285809355245255
娄,妿,0.7265178614949551
娄,娎,0.7244417217014532
