char1,char2,similarity
娑,娑,1.0
娑,桬,0.7843792490172145
娑,姿,0.7722275632576348
娑,委,0.7714953612594196
娑,娈,0.7553086408196047
娑,娶,0.7430946310020505
娑,乷,0.7382771297516099
娑,耍,0.7360308175013018
娑,婜,0.7306029300591482
娑,婆,0.723618665567726
