char1,char2,similarity
娏,娏,1.0
娏,娖,0.7410372919515142
娏,娀,0.7362707569974826
娏,硥,0.73263352143952
娏,婙,0.7320782258474156
娏,娽,0.7261496193159847
娏,婋,0.7232086396247215
娏,娸,0.7199163567552757
娏,媽,0.7198876514769362
娏,婐,0.7195985365026024
