char1,char2,similarity
娓,娓,1.0
娓,梶,0.7897024020110681
娓,娠,0.7749871376860736
娓,婤,0.7690290976747126
娓,嫄,0.7678496137270779
娓,媽,0.7651289952238558
娓,婏,0.7444240412122859
娓,婥,0.7438121117320017
娓,媓,0.7436399334088675
娓,嫂,0.7424353207194959
