char1,char2,similarity
娒,娒,1.0
娒,烸,0.7837111600206862
娒,婍,0.7677546844111733
娒,晦,0.7640383578692176
娒,梅,0.746843396004364
娒,媠,0.7369859175254597
娒,媫,0.7342663904942599
娒,挴,0.7312522607939862
娒,珻,0.7310005332300276
娒,媤,0.7257220008529764
