char1,char2,similarity
娍,娍,1.0
娍,娀,0.7722980671003368
娍,婋,0.7652514145009482
娍,媙,0.7604159122906541
娍,誠,0.7559311224808164
娍,姵,0.7551493621432779
娍,臹,0.7501886085519238
娍,媨,0.7367299271902318
娍,媉,0.7347311695848884
娍,铖,0.7343040260402445
