char1,char2,similarity
娛,娛,1.0
娛,娯,0.7776831086975129
娛,婬,0.7563878915412452
娛,婗,0.7489510464935447
娛,嫫,0.7465089777579027
娛,媄,0.7450886784729253
娛,嬩,0.7449107793283993
娛,姽,0.7445015982390595
娛,媼,0.7432473484503657
娛,婮,0.7424269130389591
