char1,char2,similarity
娚,娚,1.0
娚,妷,0.7479829986549267
娚,姷,0.747320849999423
娚,姌,0.7415315615265087
娚,姎,0.7403603631240374
娚,甥,0.7319035194722875
娚,妙,0.7300350680761274
娚,娟,0.7258305272564379
娚,姍,0.72534995534257
娚,妽,0.7253420138290083
