char1,char2,similarity
娕,娕,1.0
娕,婡,0.7970988800886706
娕,婐,0.7880862941514117
娕,媡,0.7857830982944151
娕,梀,0.7848660603620488
娕,娻,0.7825138124981962
娕,疎,0.7711877626391761
娕,殐,0.7697023951788664
娕,娔,0.7654304290488051
娕,媂,0.7615616272407417
