char1,char2,similarity
娘,娘,1.0
娘,琅,0.7810211274916361
娘,姌,0.7703197945210727
娘,烺,0.7673315229194873
娘,斏,0.7633716421831371
娘,粮,0.7596623618188739
娘,娋,0.7589078641220142
娘,稂,0.7564947883334516
娘,妲,0.7559747103200504
娘,誏,0.754748822133396
