char1,char2,similarity
娔,娔,1.0
娔,殑,0.7958122058056032
娔,姯,0.7660266890104668
娔,娕,0.7654304290488051
娔,婗,0.7593873541101873
娔,唍,0.7558677107475599
娔,皖,0.7547745919415992
娔,烷,0.7515026311253297
娔,嫎,0.7513341359968512
娔,妧,0.7495792727247895
