char1,char2,similarity
娤,娤,1.0
娤,婯,0.7694186698241482
娤,婱,0.7501160076685821
娤,嫈,0.7435349709382519
娤,奘,0.7431827834745864
娤,焋,0.7355724880937835
娤,媭,0.734547851443429
娤,姿,0.7318352083105207
娤,婓,0.7262402357298277
娤,婜,0.7246898232263816
