char1,char2,similarity
娞,娞,1.0
娞,姲,0.7801882306086475
娞,媞,0.7399502764847347
娞,婇,0.7392505377462619
娞,婈,0.7288562635411266
娞,娀,0.7284951876396316
娞,嫍,0.7269478412418429
娞,娐,0.7239058398490541
娞,嫪,0.723085186146811
娞,娝,0.7229568787384012
