char1,char2,similarity
娧,娧,1.0
娧,姺,0.8149634187127728
娧,綐,0.8012700538212048
娧,脱,0.7971103350264505
娧,裞,0.781810052232355
娧,鋭,0.7762594971748122
娧,棁,0.7756898964866014
娧,娊,0.7737186907329525
娧,妑,0.7732736822382087
娧,姎,0.7707292819581344
