char1,char2,similarity
娢,娢,1.0
娢,娝,0.7682937242359845
娢,姢,0.7646294750043462
娢,姞,0.7590457587950036
娢,焓,0.7554353516301507
娢,妎,0.754588402229133
娢,妺,0.7506076563697274
娢,妔,0.749943076885772
娢,婾,0.7469042227202968
娢,琀,0.7467844216207099
