char1,char2,similarity
娫,娫,1.0
娫,娗,0.8280870371072726
娫,挻,0.7475296314758091
娫,埏,0.7440966166147507
娫,脡,0.7328281104045308
娫,侹,0.7300025926753629
娫,涏,0.7284597170364919
娫,脠,0.7250762907896441
娫,唌,0.7206842282178763
娫,嫼,0.7181152184223282
