char1,char2,similarity
娬,娬,1.0
娬,斌,0.8176832396997102
娬,珷,0.7962188244437144
娬,碔,0.7592089141967073
娬,媙,0.7536940905970806
娬,娵,0.7471692606241958
娬,嬂,0.7370929812658612
娬,孅,0.7365623724269263
娬,陚,0.7319123883210911
娬,婻,0.7297409341487335
