char1,char2,similarity
娱,娱,1.0
娱,娯,0.7902471224336806
娱,悮,0.7631609681683164
娱,媚,0.7611312093292274
娱,娲,0.7520405561235661
娱,娪,0.7505807164190065
娱,棂,0.7496578685273518
娱,娭,0.748491676914289
娱,妖,0.7460790345543407
娱,祦,0.7443168444002822
