char1,char2,similarity
娪,娪,1.0
娪,婄,0.7937893389505574
娪,妱,0.788843058027562
娪,姡,0.7803851288227244
娪,姞,0.7745016783408873
娪,姪,0.7599995793871481
娪,姏,0.7581069563420054
娪,妐,0.7552319907313061
娪,始,0.7547215108556152
娪,晤,0.7540677838787035
