char1,char2,similarity
娯,娯,1.0
娯,娱,0.7902471224336806
娯,娛,0.7776831086975129
娯,娭,0.7704952571101752
娯,娦,0.7692906509469399
娯,婮,0.7664129472314983
娯,妋,0.7656007716345968
娯,婰,0.7601672207691811
娯,婙,0.7487580713294709
娯,妎,0.7475255369575929
