char1,char2,similarity
娶,娶,1.0
娶,婜,0.7808971427736914
娶,姿,0.7627147518395136
娶,婯,0.7619135996619274
娶,娑,0.7430946310020505
娶,婱,0.7372910152684826
娶,委,0.7371888172933081
娶,娈,0.7359859146290195
娶,耍,0.7302497325482171
娶,要,0.7272182191895198
