char1,char2,similarity
娻,娻,1.0
娻,媡,0.8132532439473664
娻,姨,0.797358099683043
娻,埬,0.7841356801137151
娻,涷,0.7827688161708176
娻,娕,0.7825138124981962
娻,媓,0.7772836762701046
娻,陳,0.7771849173444434
娻,婐,0.7759518192504773
娻,棟,0.7684679757757364
