char1,char2,similarity
娲,娲,1.0
娲,娌,0.7730456940142584
娲,脶,0.7591169064634439
娲,祸,0.7540777864201211
娲,娱,0.7520405561235661
娲,媪,0.7447566140402396
娲,娼,0.7418030819573199
娲,婟,0.738846164829748
娲,姘,0.7382039804033661
娲,娟,0.7366609851155603
