char1,char2,similarity
娸,娸,1.0
娸,棋,0.7870434604533164
娸,綨,0.7741196113228818
娸,琪,0.7706825564804026
娸,嫔,0.769722325454898
娸,褀,0.7663344686005947
娸,帺,0.7662630937071743
娸,婠,0.7654046946917867
娸,媅,0.7640352298977455
娸,掑,0.7582493788828044
