char1,char2,similarity
娳,娳,1.0
娳,脷,0.7516122579047048
娳,猁,0.7441449595974033
娳,悧,0.739782499492697
娳,婀,0.7284909136203908
娳,剤,0.7284152392702481
娳,嬹,0.7273687795626811
娳,唎,0.7254090200666478
娳,梸,0.7247280671761789
娳,嫺,0.7245133703799685
