char1,char2,similarity
娾,娾,1.0
娾,嫄,0.7896556650719512
娾,婮,0.7720907998867709
娾,婤,0.7632535678649798
娾,娠,0.7468943920703236
娾,媔,0.7450319190876702
娾,婗,0.74023789171483
娾,睚,0.7363344382306779
娾,娝,0.7343732082369072
娾,媉,0.7343353789195406
