char1,char2,similarity
娼,娼,1.0
娼,裮,0.7926023094065187
娼,姻,0.7833650233317215
娼,妯,0.7774390053948949
娼,娋,0.7721630531851211
娼,娌,0.7715119345802002
娼,誯,0.7623057190552086
娼,楅,0.7596026850457946
娼,媪,0.7584094323027681
娼,娟,0.7573255313992708
