char1,char2,similarity
婅,婅,1.0
婅,掬,0.7524139943051239
婅,媊,0.7504057165771195
婅,婨,0.7485027194487625
婅,嬆,0.7466015430046719
婅,婢,0.7442371197511459
婅,姁,0.7441248202842649
婅,婤,0.7428204489144181
婅,嫅,0.7407315050985623
婅,妠,0.7403916405659009
