char1,char2,similarity
婁,婁,1.0
婁,專,0.7701342156506759
婁,窭,0.766783782077114
婁,崣,0.7625526089065479
婁,書,0.7551835056002638
婁,篓,0.7416899031015778
婁,夣,0.7396450117378057
婁,貴,0.7363217736319667
婁,嵔,0.7281212436995984
婁,舅,0.7264796400142077
