char1,char2,similarity
婄,婄,1.0
婄,焙,0.814714213172849
婄,娮,0.8130310472069134
婄,娪,0.7937893389505574
婄,姞,0.7858744872457273
婄,陪,0.7811405007441267
婄,婠,0.7789887330601091
婄,掊,0.7742440731663145
婄,殕,0.773945985797749
婄,婼,0.7715293865842928
