char1,char2,similarity
婆,婆,1.0
婆,菨,0.7953590362078286
婆,婺,0.7373655103730985
婆,嫯,0.7348960357025289
婆,孌,0.7281808308199506
婆,婴,0.7277638143435207
婆,妻,0.7239860199246646
婆,娑,0.723618665567726
婆,嬰,0.7207846296198276
婆,姿,0.7191854990601474
