char1,char2,similarity
婊,婊,1.0
婊,姝,0.7546252351071664
婊,裱,0.7500083799360767
婊,嫔,0.7479684385753461
婊,婕,0.7433399568412934
婊,妋,0.7424872998723092
婊,婄,0.733746708772755
婊,姨,0.7319253351080386
婊,婧,0.7269167753327815
婊,娮,0.7266007793509246
