char1,char2,similarity
婉,婉,1.0
婉,啘,0.7842886931481653
婉,琬,0.7737522414060375
婉,捥,0.7666462580628916
婉,晼,0.7588305870325803
婉,惋,0.7562728814232618
婉,豌,0.7543529502042842
婉,嫁,0.7476820781529923
婉,埦,0.7419121418060426
婉,焥,0.7412298034151655
