char1,char2,similarity
婈,婈,1.0
婈,碐,0.7861845382475413
婈,嫃,0.7638812837147889
婈,睖,0.7542010923384813
婈,婍,0.7518495710915307
婈,媏,0.7515186350225685
婈,嬇,0.7484862771196804
婈,娀,0.744408617161519
婈,嬡,0.7434124612380466
婈,媍,0.7431063467342844
