char1,char2,similarity
婏,婏,1.0
婏,姽,0.7571138401539681
婏,娩,0.7515461733514189
婏,姮,0.751498124651203
婏,媿,0.7462544565865856
婏,嫤,0.7461570292391674
婏,娓,0.7444240412122859
婏,妉,0.7407366658648575
婏,姚,0.7370422237280534
婏,妋,0.7362354291708195
