char1,char2,similarity
婍,婍,1.0
婍,嫎,0.7688719361840419
婍,娒,0.7677546844111733
婍,陭,0.7650207054965102
婍,埼,0.7611006139039603
婍,媠,0.7605329904378009
婍,婈,0.7518495710915307
婍,婧,0.7510918014470439
婍,猗,0.7508759807025617
婍,娽,0.7495764186146345
