char1,char2,similarity
婇,婇,1.0
婇,啋,0.7814085591695742
婇,嫍,0.7712124998488292
婇,婡,0.7700173265044906
婇,睬,0.7660377306061316
婇,埰,0.7633403069379735
婇,娽,0.763261687765623
婇,婐,0.7563402299809262
婇,採,0.7518347086675701
婇,娨,0.7453238616953308
