char1,char2,similarity
婌,婌,1.0
婌,埱,0.7894259015707705
婌,椒,0.7593625960146178
婌,嫰,0.7407094035554316
婌,娵,0.739408104829354
婌,嬂,0.7372497823565723
婌,嫩,0.7352058010235846
婌,諔,0.7332104936494495
婌,媺,0.731752463072597
婌,娰,0.7241749383964641
