char1,char2,similarity
婖,婖,1.0
婖,娽,0.744505424981923
婖,媤,0.741180229500576
婖,媮,0.7379858854484442
婖,媃,0.7366353093334801
婖,媆,0.7346756509209904
婖,舔,0.7340695900997248
婖,婈,0.7338588904790221
婖,嫇,0.7337631435125656
婖,媴,0.733665830951002
