char1,char2,similarity
婑,婑,1.0
婑,婹,0.8075667215677517
婑,矮,0.7428965407299833
婑,媧,0.7413158073713815
婑,褛,0.7382134582429929
婑,涹,0.7381849033366599
婑,嫚,0.7374817362584128
婑,媏,0.7341066476693988
婑,娀,0.7271873373277009
婑,嵝,0.7263966889882277
