char1,char2,similarity
婗,婗,1.0
婗,棿,0.7670691696310438
婗,嫄,0.766371946288524
婗,睨,0.765390800938742
婗,蜺,0.7640731755595279
婗,婫,0.7640724758917707
婗,姯,0.7605777227773566
婗,堄,0.7598748476284198
婗,娔,0.7593873541101873
婗,媤,0.7585923500415271
