char1,char2,similarity
婘,婘,1.0
婘,埢,0.7727369749598441
婘,绻,0.7638378888970377
婘,啳,0.7624993395984003
婘,媧,0.7557229801718287
婘,婥,0.744610186449323
婘,锩,0.7431190697463128
婘,綣,0.7426287718777875
婘,婼,0.7394342986745024
婘,媏,0.7368595994172082
