char1,char2,similarity
婒,婒,1.0
婒,掞,0.7744366439026296
婒,娭,0.7707179686487898
婒,腅,0.7644986929585389
婒,锬,0.7602156058540983
婒,緂,0.7578087840292758
婒,裧,0.7526852137990574
婒,媜,0.7523888860458244
婒,婝,0.7512730236991106
婒,姟,0.7464443860746613
