char1,char2,similarity
婓,婓,1.0
婓,奜,0.7951258110491995
婓,嫈,0.7572651839113075
婓,斐,0.7504442567045538
婓,荽,0.7472275484777152
婓,媐,0.7312159623287089
婓,棐,0.7306358608401365
婓,娤,0.7262402357298277
婓,姿,0.7252320943126503
婓,猆,0.7240829182686044
