char1,char2,similarity
婕,婕,1.0
婕,婧,0.8023923227877846
婕,脻,0.796968928729509
婕,捷,0.7693930764582046
婕,娻,0.7638895978914886
婕,姨,0.7565192517539636
婕,崨,0.7515115783080037
婕,婷,0.75017591004278
婕,媫,0.7498171180470709
婕,媳,0.7481467708232643
