char1,char2,similarity
婜,婜,1.0
婜,婯,0.7921084922338995
婜,娶,0.7808971427736914
婜,婱,0.7609416781788912
婜,媝,0.7568635079939903
婜,蜸,0.7426093933614816
婜,委,0.7413283378649298
婜,娈,0.738522337343374
婜,媭,0.7376021680571901
婜,姿,0.736264701291306
