char1,char2,similarity
婝,婝,1.0
婝,婃,0.7914448470590851
婝,锭,0.779006006652661
婝,腚,0.777987609459034
婝,婞,0.7751119613065713
婝,婠,0.7700977496445033
婝,椗,0.7651174399432624
婝,媗,0.7607290312608002
婝,绽,0.7590527323320925
婝,娖,0.7566857913781828
