char1,char2,similarity
婦,婦,1.0
婦,婸,0.7779626905185804
婦,婙,0.7706583111843812
婦,婄,0.7639425204246618
婦,婂,0.7600516014613354
婦,娮,0.7566902117307642
婦,媞,0.7562662672075122
婦,妺,0.7540969515600783
婦,娝,0.7533124927734958
婦,掃,0.748971053732018
