char1,char2,similarity
婩,婩,1.0
婩,娨,0.7718546523720426
婩,婨,0.7658657651631074
婩,婔,0.7424084291268566
婩,娕,0.7398288142890889
婩,堓,0.7385710993599335
婩,婋,0.7374394311239151
婩,婤,0.7366110930192058
婩,媸,0.736253785529715
婩,婢,0.7340516165517812
