char1,char2,similarity
婫,婫,1.0
婫,锟,0.7677642546635471
婫,婗,0.7640724758917707
婫,娖,0.7638630117062254
婫,媽,0.7632059586901551
婫,媦,0.7592836309872761
婫,焜,0.7591669198538509
婫,裩,0.7583340752899828
婫,娨,0.7580994374904835
婫,婮,0.7578254404852129
