char1,char2,similarity
婨,婨,1.0
婨,碖,0.7826482608202819
婨,崘,0.7752183992496178
婨,陯,0.7674881695165937
婨,婩,0.7658657651631074
婨,妠,0.7605766619773305
婨,蜦,0.7531424239447536
婨,婫,0.7521473508813598
婨,婅,0.7485027194487625
婨,媏,0.7475880632567055
