char1,char2,similarity
婥,婥,1.0
婥,媜,0.8225307318520065
婥,掉,0.8015282174607572
婥,焯,0.7997170029639186
婥,棹,0.7975924629894066
婥,竨,0.7954338265456701
婥,婞,0.788118562443369
婥,妕,0.7753634581424178
婥,姢,0.7700343633318073
婥,悼,0.7693343877183401
