char1,char2,similarity
婧,婧,1.0
婧,靖,0.8273474832994309
婧,婕,0.8023923227877846
婧,棈,0.7863770834947845
婧,婷,0.7843541503717101
婧,媾,0.7823332396292234
婧,锖,0.778260250723649
婧,皘,0.769625773701902
婧,婿,0.7677739814387881
婧,清,0.7616041321858469
