char1,char2,similarity
婱,婱,1.0
婱,婜,0.7609416781788912
婱,婯,0.7524669909119236
婱,媐,0.7514384726009157
婱,娤,0.7501160076685821
婱,娿,0.7491335249037745
婱,嫈,0.7407867005089559
婱,娶,0.7372910152684826
婱,姿,0.7336428459781895
婱,媭,0.7331717036386052
