char1,char2,similarity
婹,婹,1.0
婹,婑,0.8075667215677517
婹,喓,0.7956524661606665
婹,媆,0.754725182544864
婹,偠,0.746567086990058
婹,婰,0.7460147102971998
婹,婣,0.7453319391557881
婹,媏,0.7442342958973261
婹,楆,0.7440600175671572
婹,腰,0.7385367760521039
