char1,char2,similarity
婿,婿,1.0
婿,媦,0.788291439115875
婿,揟,0.7837663687597061
婿,婧,0.7677739814387881
婿,蝑,0.7670376124179256
婿,嫣,0.7534993132114316
婿,諝,0.7475220089779143
婿,媠,0.7469320253253686
婿,靖,0.7444155766309777
婿,嫚,0.7396939521094922
