char1,char2,similarity
媁,媁,1.0
媁,瑋,0.8073291953445
媁,暐,0.7825504143539109
媁,徫,0.7795740486223242
媁,媂,0.7695410231739536
媁,愇,0.7674289127924778
媁,諱,0.7653480001539469
媁,喡,0.7583276034167933
媁,嫽,0.7560690045689357
媁,嬅,0.7550004816139074
