char1,char2,similarity
婾,婾,1.0
婾,媮,0.790418522425897
婾,嬐,0.7827574208992155
婾,婣,0.7549459130836568
婾,媏,0.7530217363698621
婾,堬,0.7517658137799269
婾,娢,0.7469042227202968
婾,婰,0.739601997619606
婾,婨,0.7360882455739584
婾,婅,0.7354446182585064
