char1,char2,similarity
婽,婽,1.0
婽,椵,0.8012172587594872
婽,暇,0.7700071599145868
婽,瑕,0.7621540361980009
婽,縀,0.7617821928423083
婽,嫟,0.7534520621510111
婽,嫕,0.7513385185674357
婽,嬩,0.746622248249487
婽,煅,0.7463988215982844
婽,猳,0.7425841105033155
