char1,char2,similarity
婻,婻,1.0
婻,揇,0.7990677445173117
婻,媡,0.7945169681248473
婻,嬙,0.7771292983866822
婻,楠,0.7599749403615713
婻,媓,0.7471140306431097
婻,嫺,0.7440299174195802
婻,嬭,0.7433279332597439
婻,嫁,0.742149970077085
婻,媹,0.7419915624735536
