char1,char2,similarity
媉,媉,1.0
媉,腛,0.7827311746512967
媉,婤,0.7653863560893578
媉,嫄,0.7608950856968366
媉,幄,0.7554925911486609
媉,婋,0.7506734165581148
媉,媆,0.7496953574896819
媉,媽,0.7467692717442316
媉,媤,0.7463756801675703
媉,嫗,0.7445958291266092
