char1,char2,similarity
媇,媇,1.0
媇,娽,0.7826884390801636
媇,婃,0.7781764265799295
媇,婂,0.775759997892842
媇,媂,0.7672452644372951
媇,婛,0.7529775108285118
媇,婍,0.746014416893161
媇,婥,0.7458400472312002
媇,婐,0.7420033269625116
媇,嫸,0.7359229438653369
