char1,char2,similarity
媅,媅,1.0
媅,煁,0.815946950592509
媅,椹,0.7769433128791751
媅,揕,0.7658290085730031
媅,娸,0.7640352298977455
媅,婼,0.7495400052460648
媅,媗,0.7477878942273738
媅,啿,0.7420427513749916
媅,媼,0.7373634692675314
媅,嵁,0.7339767609415858
