char1,char2,similarity
媏,媏,1.0
媏,椯,0.7888729503235724
媏,婣,0.7852447156639875
媏,婤,0.7657522676183874
媏,婮,0.7577627082200236
媏,腨,0.7551032564353505
媏,媪,0.7544718148897362
媏,端,0.7530720885061122
媏,婾,0.7530217363698621
媏,媼,0.7520392915347137
