char1,char2,similarity
媐,媐,1.0
媐,嫛,0.77280073564985
媐,娿,0.7648353467450701
媐,耍,0.758388503400839
媐,媭,0.7572729831089303
媐,婱,0.7514384726009157
媐,婴,0.7392655247182011
媐,巺,0.7348894650246991
媐,婜,0.7315111756135909
媐,婓,0.7312159623287089
