char1,char2,similarity
媑,媑,1.0
媑,腫,0.7908433949784787
媑,煄,0.7821861685639719
媑,緟,0.7801551107546997
媑,歱,0.7789223076253814
媑,锺,0.7709471001868512
媑,堹,0.7709143764778814
媑,踵,0.7597243817228195
媑,揰,0.7531227647928235
媑,喠,0.7529517735605084
