char1,char2,similarity
媕,媕,1.0
媕,啽,0.7930951999712543
媕,嬒,0.7641681283385211
媕,揜,0.752245074725671
媕,嬈,0.7489149275723843
媕,嬆,0.7472155955961681
媕,媴,0.7439830423829632
媕,嫀,0.7435294079546851
媕,嫇,0.7415623523241345
媕,娔,0.7377980494517695
