char1,char2,similarity
媒,媒,1.0
媒,煤,0.7857999539835528
媒,湈,0.7403618786636526
媒,娻,0.7355173199674503
媒,楳,0.7328264377991129
媒,娠,0.7315346184258611
媒,妖,0.7244307801655416
媒,娯,0.7218728945839753
媒,媟,0.720028970347789
媒,婐,0.7191860960909094
