char1,char2,similarity
媘,媘,1.0
媘,湝,0.7896185562714587
媘,堦,0.7868106696753249
媘,階,0.7784632163292668
媘,媹,0.7651972575600378
媘,嬏,0.7597357271467291
媘,喈,0.7590773460509493
媘,嬙,0.7565439588063009
媘,揩,0.755386649564828
媘,瑎,0.750787767177517
