char1,char2,similarity
媞,媞,1.0
媞,娖,0.7651395016563031
媞,嫚,0.7567407714787968
媞,婦,0.7562662672075122
媞,煶,0.7519128379323149
媞,姲,0.7497235361651694
媞,婗,0.7483208039360925
媞,褆,0.7457032974806984
媞,嫶,0.745123962913478
媞,提,0.7446909881513315
