char1,char2,similarity
媛,媛,1.0
媛,锾,0.7652608058785113
媛,嫒,0.7644718577497966
媛,褑,0.7518784062537878
媛,嫚,0.746262055305093
媛,蝯,0.7444161486253684
媛,娊,0.7436245534787111
媛,楥,0.7410644554453701
媛,媞,0.7328233676900403
媛,娌,0.7322792979026037
