char1,char2,similarity
媟,媟,1.0
媟,牒,0.7738383893493056
媟,煠,0.7738197969385243
媟,惵,0.7624864856410385
媟,蹀,0.7597545894036931
媟,媣,0.7592116516098502
媟,楪,0.7517837623777859
媟,嬠,0.7515292144695093
媟,媡,0.7481710663533223
媟,嬫,0.7466961737962889
