char1,char2,similarity
媜,媜,1.0
媜,婥,0.8225307318520065
媜,姢,0.7943563950383664
媜,嫂,0.7751716754103835
媜,妱,0.7673833861577618
媜,妕,0.7584503321118826
媜,姎,0.7562501687964867
媜,姶,0.75464004948805
媜,妘,0.7545153655416481
媜,姞,0.752779671298507
