char1,char2,similarity
媩,媩,1.0
媩,嫺,0.7454522683638365
媩,嬛,0.7371567016944784
媩,嫋,0.7317761029360716
媩,婸,0.7311980191074837
媩,孄,0.729058241103755
媩,媮,0.7269017665698613
媩,媯,0.7265155832511975
媩,婻,0.7258782751985161
媩,媤,0.7238810213080902
