char1,char2,similarity
媦,媦,1.0
媦,媠,0.8078517933530904
媦,婿,0.788291439115875
媦,嬋,0.7660553105115167
媦,緭,0.7655477986808271
媦,埥,0.7596127350935559
媦,婫,0.7592836309872761
媦,妠,0.7476335054324142
媦,娝,0.7462820471744047
媦,嫮,0.7458300442597722
