char1,char2,similarity
媤,媤,1.0
媤,禗,0.7638916723900859
媤,婗,0.7585923500415271
媤,嬦,0.7579109057022474
媤,媉,0.7463756801675703
媤,嫕,0.7436931489575914
媤,婖,0.741180229500576
媤,嫣,0.7398912927776735
媤,缌,0.738742323258609
媤,嬶,0.7384926208343623
