char1,char2,similarity
媥,媥,1.0
媥,编,0.8084595500327624
媥,骗,0.7630524022400397
媥,媄,0.748947851677659
媥,媍,0.7463399069624509
媥,媏,0.7457008630583015
媥,嫆,0.7430034605484517
媥,嬸,0.741993233626914
媥,婸,0.7378828629577407
媥,媮,0.7377740874743719
