char1,char2,similarity
媣,媣,1.0
媣,媡,0.7725638206483182
媣,嬠,0.7717271045259392
媣,媟,0.7592116516098502
媣,嫽,0.7453886082402077
媣,娻,0.735992630043628
媣,墚,0.7282494887941564
媣,娕,0.7275757141502324
媣,婻,0.7187021701575947
媣,媈,0.7137850551642038
