char1,char2,similarity
媢,媢,1.0
媢,瑁,0.777649862004775
媢,嬛,0.7603879311066801
媢,婸,0.7539472982860899
媢,嬋,0.7432372782478133
媢,媍,0.7400925545600444
媢,嬏,0.7399793909713964
媢,媷,0.7353635973439787
媢,媌,0.7351139800500947
媢,増,0.7338895795438324
