char1,char2,similarity
媰,媰,1.0
媰,煼,0.7934746862848675
媰,犓,0.7824444276865398
媰,縐,0.7725357810098904
媰,嫧,0.7433282917796298
媰,嬪,0.7407839483429693
媰,媥,0.7326924969941125
媰,謅,0.7323148634850652
媰,媦,0.7260315625776346
媰,婸,0.7254337400580692
