char1,char2,similarity
媶,媶,1.0
媶,縙,0.7757227296312484
媶,嬅,0.7722715266640949
媶,搑,0.7705573788590587
媶,嫆,0.7488580713888986
媶,媖,0.7459342984163553
媶,嫊,0.7405045998296679
媶,娸,0.7386287614364392
媶,榵,0.7343173406995793
媶,媈,0.7323929824825588
