char1,char2,similarity
媻,媻,1.0
媻,幋,0.7710320171651733
媻,褩,0.7670078891805998
媻,嫯,0.7668815888245882
媻,螌,0.7642479009973571
媻,婴,0.7589727813370265
媻,磐,0.7560962676971597
媻,婺,0.751455637252873
媻,姭,0.749033458793872
媻,晏,0.7413978246866865
