char1,char2,similarity
媺,媺,1.0
媺,嬍,0.8226822424348205
媺,嬓,0.7615320852852092
媺,娵,0.7514261877549188
媺,嫩,0.7501227003266395
媺,嬂,0.7451584724050543
媺,嫐,0.7448348454750088
媺,嫰,0.7357865994773073
媺,媙,0.7340302451560737
媺,婌,0.731752463072597
