char1,char2,similarity
媴,媴,1.0
媴,媫,0.776192431781254
媴,嫇,0.7616684113532696
媴,嫃,0.7615342583377183
媴,媁,0.7531812132202608
媴,嬢,0.7494208469460666
媴,嫝,0.7479105731609849
媴,媕,0.7439830423829632
媴,婈,0.7405094180630646
媴,娀,0.738226380061663
