char1,char2,similarity
媷,媷,1.0
媷,褥,0.7941622614623606
媷,搙,0.750322695745484
媷,姵,0.739996063377123
媷,媢,0.7353635973439787
媷,婸,0.7303595221009221
媷,嬛,0.7263862078407439
媷,嫭,0.7247567284322779
媷,嫮,0.7236302599173812
媷,缛,0.7231201432269555
