char1,char2,similarity
媽,媽,1.0
媽,媀,0.7953463592839725
媽,婐,0.7869982485725417
媽,婤,0.7851382408270785
媽,嫄,0.770544512970029
媽,娖,0.7679780680681693
媽,娽,0.7670228240715976
媽,娓,0.7651289952238558
媽,婫,0.7632059586901551
媽,媧,0.7559277096670312
