char1,char2,similarity
嫀,嫀,1.0
嫀,嫊,0.7531082316435446
嫀,媕,0.7435294079546851
嫀,嫽,0.7420343162950229
嫀,嬈,0.7406117486019975
嫀,嫴,0.7352506085125541
嫀,嬒,0.7345365779102524
嫀,媂,0.7304460050007684
嫀,嫃,0.7272566803302448
嫀,嫦,0.7270771545709379
