char1,char2,similarity
嫁,嫁,1.0
嫁,镓,0.7664611911822928
嫁,婉,0.7476820781529923
嫁,婻,0.742149970077085
嫁,嬙,0.7371597369765667
嫁,娻,0.7328342579109631
嫁,婢,0.7322869980793865
嫁,嫬,0.7264395536408754
嫁,媗,0.7260076880175146
嫁,嫔,0.7257154872366738
