char1,char2,similarity
嫇,嫇,1.0
嫇,嫃,0.7728775935545648
嫇,熐,0.7625513171981565
嫇,媴,0.7616684113532696
嫇,媫,0.7569244709250051
嫇,媆,0.7532349595546464
嫇,凕,0.7475631602881382
嫇,溟,0.7455983385073558
嫇,榠,0.7441447178336786
嫇,媕,0.7415623523241345
