char1,char2,similarity
媾,媾,1.0
媾,搆,0.8222870366947305
媾,婧,0.7823332396292234
媾,煹,0.7694750900607005
媾,嫤,0.7530754999238382
媾,嫜,0.7517345128115268
媾,構,0.748618770137254
媾,嬞,0.7418485259887765
媾,嫱,0.7395304489694113
媾,嬅,0.7324888552441652
