char1,char2,similarity
嫅,嫅,1.0
嫅,搓,0.7726019635514512
嫅,媿,0.7461485973547034
嫅,娸,0.7438482640514975
嫅,槎,0.7430830955882178
嫅,婅,0.7407315050985623
嫅,媞,0.739257619162938
嫅,媼,0.7354398310308666
嫅,嬅,0.7332537133297543
嫅,嫶,0.7306284520523287
