char1,char2,similarity
媿,媿,1.0
媿,瑰,0.7790510625769063
媿,槐,0.7669039039655038
媿,愧,0.759230413065274
媿,磈,0.7551844022017821
媿,媗,0.7492535511086748
媿,娻,0.7489113051444708
媿,婏,0.7462544565865856
媿,嫅,0.7461485973547034
媿,婗,0.7362436950548226
