char1,char2,similarity
嫃,嫃,1.0
嫃,瞋,0.7870289521932126
嫃,禛,0.7740655809994866
嫃,嫇,0.7728775935545648
嫃,嫥,0.7726127299822662
嫃,嫴,0.7663180490322974
嫃,婈,0.7638812837147889
嫃,缜,0.7618770504238389
嫃,媴,0.7615342583377183
嫃,媍,0.7604652855935496
