char1,char2,similarity
嫊,嫊,1.0
嫊,塐,0.7907432595754407
嫊,媂,0.7756118797312903
嫊,嫴,0.7625138586169682
嫊,嫽,0.7595026094083939
嫊,嫀,0.7531082316435446
嫊,媁,0.751931314811055
嫊,嬸,0.7506523577585213
嫊,嬅,0.7470098636806938
嫊,嫘,0.7436209582199659
