char1,char2,similarity
嫈,嫈,1.0
嫈,婓,0.7572651839113075
嫈,焭,0.7521712105100862
嫈,熒,0.7519748206387662
嫈,娤,0.7435349709382519
嫈,婱,0.7407867005089559
嫈,檾,0.7383847782556678
嫈,螢,0.7339260322984098
嫈,荽,0.7304677820184596
嫈,媭,0.7302499579945221
