char1,char2,similarity
嫋,嫋,1.0
嫋,搦,0.7665210753193047
嫋,嫺,0.759261767079275
嫋,愵,0.7506061343197491
嫋,姗,0.7430810313874959
嫋,婮,0.7426793894087136
嫋,媉,0.7376342652211879
嫋,婤,0.7350430805334809
嫋,嫻,0.7318322865865674
嫋,媩,0.7317761029360716
