char1,char2,similarity
嫉,嫉,1.0
嫉,螏,0.7227792971566885
嫉,愱,0.7219387622654191
嫉,疭,0.7091919833802722
嫉,嬿,0.7055637736213812
嫉,嬓,0.7055015425718153
嫉,嬷,0.7011500982058884
嫉,纵,0.6987143105130927
嫉,歛,0.6968539123006593
嫉,婀,0.6946671189399823
