char1,char2,similarity
嫎,嫎,1.0
嫎,塝,0.773155629430234
嫎,婍,0.7688719361840419
嫎,媂,0.7635226657524924
嫎,謗,0.76046216810003
嫎,縍,0.7540715565470345
嫎,娔,0.7513341359968512
嫎,螃,0.7511484475376501
嫎,搒,0.7418914052131238
嫎,嫃,0.7414879895555805
