char1,char2,similarity
嫘,嫘,1.0
嫘,缧,0.7868718889271821
嫘,摞,0.7701029633363161
嫘,嬠,0.7455086528049124
嫘,嫣,0.7449846797263155
嫘,嫊,0.7436209582199659
嫘,嫼,0.7289509224332165
嫘,婇,0.7218773397488609
嫘,骡,0.7188343662064723
嫘,嫦,0.7182168368453286
