char1,char2,similarity
嫚,嫚,1.0
嫚,嬡,0.7695667127756345
嫚,嫒,0.767631095838395
嫚,蟃,0.7655544369972533
嫚,媞,0.7567407714787968
嫚,媛,0.746262055305093
嫚,縵,0.7415415641707002
嫚,嬶,0.7411765478753632
嫚,婿,0.7396939521094922
嫚,嬽,0.7394796369596807
