char1,char2,similarity
嫓,嫓,1.0
嫓,婤,0.7427875680512344
嫓,媍,0.7404453590050325
嫓,嬽,0.7380065319186919
嫓,嫄,0.7371176048453117
嫓,媆,0.7361384845747697
嫓,媤,0.7359567332080471
嫓,嫇,0.7322370744537515
嫓,婽,0.7304651601595388
嫓,娾,0.7298821890928678
