char1,char2,similarity
嫛,嫛,1.0
嫛,媐,0.77280073564985
嫛,嫳,0.7720759785856148
嫛,娿,0.7569140752307151
嫛,翳,0.7492357396475476
嫛,媭,0.746458717586518
嫛,婺,0.7407607257673898
嫛,晏,0.7396380420739794
嫛,嫯,0.7325023791595692
嫛,夓,0.7295925484695013
