char1,char2,similarity
嫠,嫠,1.0
嫠,驁,0.7168470855617758
嫠,瘘,0.715574319788276
嫠,茩,0.7133200980333271
嫠,苇,0.7098456545350125
嫠,萸,0.7086202750121623
嫠,苐,0.7064444530934839
嫠,荟,0.7041430990831422
嫠,臬,0.7016188931873416
嫠,羍,0.6987230831311046
