char1,char2,similarity
嫝,嫝,1.0
嫝,嫞,0.7540024883351819
嫝,媴,0.7479105731609849
嫝,婍,0.7385324590504592
嫝,瞊,0.7332048002622438
嫝,糠,0.7312188553702
嫝,嬚,0.730797232277503
嫝,媫,0.730711536605605
嫝,嬤,0.7287371367530914
嫝,嫇,0.728615147755673
