char1,char2,similarity
嫯,嫯,1.0
嫯,嫳,0.8043086535327957
嫯,婺,0.7945809974118473
嫯,媻,0.7668815888245882
嫯,姜,0.7632594519605213
嫯,嗸,0.7617126770211287
嫯,婴,0.7565480510895519
嫯,菨,0.7487195766777628
嫯,姭,0.7416172506388938
嫯,嬃,0.7406960110225974
