char1,char2,similarity
嫪,嫪,1.0
嫪,璆,0.7885136541201716
嫪,樛,0.7714991051321566
嫪,缪,0.7706554109523659
嫪,繆,0.7700550418889016
嫪,嬋,0.7627786069940551
嫪,膠,0.7602451750359509
嫪,蟉,0.7550572514836102
嫪,镠,0.7531515056694167
嫪,熮,0.7490563556640185
