char1,char2,similarity
嫨,嫨,1.0
嫨,熯,0.7811272940422195
嫨,嬽,0.7600644945441107
嫨,嫃,0.7498345747230559
嫨,暵,0.741951237850108
嫨,嫹,0.7413629713825202
嫨,嫚,0.7386479630036966
嫨,嫥,0.7379618792194865
嫨,嬞,0.7371565864867852
嫨,嘆,0.7339614787286111
