char1,char2,similarity
嫧,嫧,1.0
嫧,嬇,0.8278939690647585
嫧,歵,0.8261409993984242
嫧,嬪,0.8158443793595037
嫧,殨,0.8049383723487957
嫧,橨,0.7766411866518913
嫧,皟,0.765819281329249
嫧,蹟,0.7657102839688119
嫧,鐀,0.7653595711390973
嫧,樍,0.7612322647598277
