char1,char2,similarity
嫸,嫸,1.0
嫸,膳,0.7753803179749766
嫸,橏,0.7713897894009419
嫸,嬸,0.7640301826057478
嫸,缮,0.7623096694816986
嫸,繕,0.7475791416093249
嫸,婼,0.7447382324727779
嫸,婧,0.7420531060456842
嫸,嬏,0.7393682909195967
嫸,嬉,0.7371972621089515
