char1,char2,similarity
嫵,嫵,1.0
嫵,膴,0.7719735263666248
嫵,璑,0.7713064997605188
嫵,墲,0.7620915878147986
嫵,橅,0.7506848447690728
嫵,嫶,0.7478040161820251
嫵,嫽,0.7445260001254663
嫵,撫,0.7249980390571481
嫵,憮,0.719512492339305
嫵,媖,0.7156921164196447
