char1,char2,similarity
嫰,嫰,1.0
嫰,嫩,0.8122995206324062
嫰,摗,0.7463665773730992
嫰,婌,0.7407094035554316
嫰,媺,0.7357865994773073
嫰,嬍,0.7165199004957479
嫰,嬂,0.7107136695093356
嫰,娵,0.7080947580027647
嫰,娰,0.7072128568602849
嫰,蠍,0.7001464505766597
