char1,char2,similarity
嫴,嫴,1.0
嫴,橭,0.7767667882664939
嫴,嫃,0.7663180490322974
嫴,嫊,0.7625138586169682
嫴,嬅,0.7511257961459349
嫴,婶,0.7466855241145157
嫴,媂,0.7444483524176455
嫴,嫀,0.7352506085125541
嫴,嫥,0.7348450200592427
嫴,嬕,0.7321315012155767
