char1,char2,similarity
嬁,嬁,1.0
嬁,嫽,0.7561937921222982
嬁,嫿,0.754085858031573
嬁,墱,0.7519023253648941
嬁,嬄,0.7413559803297827
嬁,婭,0.7382959732086699
嬁,瞪,0.7330010235216456
嬁,皚,0.731773997273033
嬁,璒,0.7316909022616332
嬁,竳,0.729635222696106
