char1,char2,similarity
嫻,嫻,1.0
嫻,嫺,0.8533220509050727
嫻,孄,0.7922422271451852
嫻,嬬,0.7375758965029547
嫻,燘,0.7367513953551372
嫻,燜,0.7363838133876037
嫻,孏,0.7359778438604714
嫻,撋,0.735837345536046
嫻,嬭,0.7353594997876999
嫻,婻,0.7324806338920944
