char1,char2,similarity
嬂,嬂,1.0
嬂,膱,0.781177274673484
嬂,職,0.7614596042422054
嬂,識,0.7517627575185112
嬂,媺,0.7451584724050543
嬂,幟,0.739200744152016
嬂,婌,0.7372497823565723
嬂,娬,0.7370929812658612
嬂,媙,0.7325351222833971
嬂,嬍,0.7313699746959893
