char1,char2,similarity
嬄,嬄,1.0
嬄,殪,0.7763753431652844
嬄,撎,0.7639229796308433
嬄,嬞,0.753591673842978
嬄,噎,0.7516097764460584
嬄,饐,0.7496405286937227
嬄,曀,0.7440343340971196
嬄,嬁,0.7413559803297827
嬄,嬧,0.7399527104535136
嬄,媗,0.7344912670762446
