char1,char2,similarity
嬉,嬉,1.0
嬉,繥,0.7642541684494277
嬉,嘻,0.7634662141243648
嬉,嫃,0.7602570774112853
嬉,熺,0.7561791962262852
嬉,譆,0.7425460649391882
嬉,媼,0.7423129578373477
嬉,媠,0.7410830630633822
嬉,嬸,0.7410531618488828
嬉,姬,0.7404432131083295
