char1,char2,similarity
嬋,嬋,1.0
嬋,嬅,0.7775612773150143
嬋,撣,0.7768700269167051
嬋,媦,0.7660553105115167
嬋,樿,0.7640756357261916
嬋,嫪,0.7627786069940551
嬋,襌,0.7562392277174804
嬋,墠,0.7543714350039444
嬋,嫮,0.7522829588324695
嬋,媈,0.748373985981799
