char1,char2,similarity
嬈,嬈,1.0
嬈,燒,0.8294693220863993
嬈,皢,0.798245359878865
嬈,墝,0.7898051499776193
嬈,隢,0.7845561565091013
嬈,徺,0.7683242176794814
嬈,嶢,0.7656750357956502
嬈,媆,0.7564916899045526
嬈,磽,0.7517359176478767
嬈,獟,0.7501176230305355
