char1,char2,similarity
嬇,嬇,1.0
嬇,嫧,0.8278939690647585
嬇,嬪,0.8076213752173119
嬇,墤,0.7929110689979164
嬇,嫮,0.7756558693945036
嬇,嬻,0.7750912787855433
嬇,隤,0.7739073114923537
嬇,媍,0.7725290139710418
嬇,憒,0.7706742990201715
嬇,皟,0.7700950597274836
