char1,char2,similarity
嬖,嬖,1.0
嬖,劈,0.7619318475238664
嬖,憵,0.7370844287986393
嬖,葽,0.715980190006478
嬖,壁,0.7115679022084281
嬖,寠,0.7050185434765205
嬖,璧,0.7012045079954137
嬖,糪,0.6979934600575901
嬖,櫱,0.6974624769925104
嬖,篓,0.6959537454086773
