char1,char2,similarity
嬐,嬐,1.0
嬐,臉,0.783654017184108
嬐,婾,0.7827574208992155
嬐,嶮,0.756501905068841
嬐,檢,0.747020907692137
嬐,娕,0.7448984332042741
嬐,襝,0.74301694763103
嬐,媮,0.7410653734754044
嬐,娢,0.7402938005444816
嬐,媡,0.7399223321120346
