char1,char2,similarity
嬓,嬓,1.0
嬓,嬍,0.8071516739782731
嬓,譤,0.7662808553405211
嬓,礉,0.7628290082557397
嬓,媺,0.7615320852852092
嬓,繳,0.746972611390212
嬓,皦,0.7447984505944586
嬓,燩,0.7428510239079854
嬓,憿,0.7378269972928334
嬓,躈,0.7233162069626258
