char1,char2,similarity
嬔,嬔,1.0
嬔,嬎,0.786496403129038
嬔,嫐,0.7010673227616787
嬔,嬿,0.6951780232208151
嬔,嫰,0.690311271061228
嬔,嬘,0.6901573641418585
嬔,娹,0.687982845838095
嬔,嫉,0.6874232193420141
嬔,嫙,0.6864350563845873
嬔,滱,0.6863645653449342
