char1,char2,similarity
嬏,嬏,1.0
嬏,皤,0.7807227971535827
嬏,繙,0.7643473077351389
嬏,膰,0.7635962773565792
嬏,媘,0.7597357271467291
嬏,磻,0.7595554585527469
嬏,嶓,0.7581312858501126
嬏,嫹,0.7575831666864469
嬏,橎,0.7468732158093108
嬏,媢,0.7399793909713964
