char1,char2,similarity
嬟,嬟,1.0
嬟,檥,0.7569436772521095
嬟,燨,0.7569269091910515
嬟,礒,0.7480006217785693
嬟,犠,0.7355209489142126
嬟,媖,0.7307770322477338
嬟,嬝,0.7304828298641526
嬟,轙,0.7289668933895542
嬟,嬳,0.7276847550047748
嬟,嬽,0.7239086218781371
