char1,char2,similarity
嬠,嬠,1.0
嬠,媣,0.7717271045259392
嬠,媃,0.7681519109228193
嬠,媡,0.7555039405240751
嬠,嬫,0.7536750010189425
嬠,媟,0.7515292144695093
嬠,嫘,0.7455086528049124
嬠,嫺,0.7420116688331733
嬠,燥,0.7412872275485491
嬠,懆,0.7325535100671212
