char1,char2,similarity
嬜,嬜,1.0
嬜,萎,0.7378785790383134
嬜,嬊,0.7150165640580582
嬜,蒌,0.7143003404433478
嬜,嬱,0.7140580371948463
嬜,蒆,0.71395028575551
嬜,葽,0.7124514588240873
嬜,宴,0.7060845076467465
嬜,婁,0.6991088881505788
嬜,婺,0.6963301769133697
