char1,char2,similarity
嬚,嬚,1.0
嬚,燫,0.7998668882315627
嬚,镰,0.7908189971634387
嬚,臁,0.7733746512674514
嬚,嬑,0.7577628103531046
嬚,嬩,0.7381108685819572
嬚,孋,0.7324646677573228
嬚,嫝,0.730797232277503
嬚,婰,0.7288463007934833
嬚,婽,0.7269859407328142
