char1,char2,similarity
嬥,嬥,1.0
嬥,燿,0.7630356369447968
嬥,櫂,0.7609378233718287
嬥,曜,0.7480282559166385
嬥,擢,0.7379779868114497
嬥,媢,0.7254152985197767
嬥,嫗,0.723072827928306
嬥,耀,0.7197426372054705
嬥,躣,0.7192137833309763
嬥,孉,0.7188857569253014
