char1,char2,similarity
嬦,嬦,1.0
嬦,檮,0.8100980800018661
嬦,隯,0.7818071013542367
嬦,禱,0.7809361031287423
嬦,懤,0.7769452420391874
嬦,燽,0.7724245187915112
嬦,嶹,0.7664295174494484
嬦,濤,0.7606106261349518
嬦,媤,0.7579109057022474
嬦,嬻,0.7495961146321316
