char1,char2,similarity
嬢,嬢,1.0
嬢,孃,0.7595172506705024
嬢,嬛,0.7564789804953256
嬢,媴,0.7494208469460666
嬢,嬝,0.7492042587629267
嬢,壌,0.7449591046355137
嬢,嬦,0.7422495861503584
嬢,嬤,0.7355567442263266
嬢,嬟,0.7230513821694246
嬢,嫃,0.7207471306653926
