char1,char2,similarity
嬧,嬧,1.0
嬧,壗,0.7566639099354553
嬧,嬙,0.7511429581843532
嬧,媼,0.7449234159335744
嬧,媓,0.7426844698210624
嬧,嬄,0.7399527104535136
嬧,璶,0.7376795764831193
嬧,孂,0.7366703588046363
嬧,嬸,0.7349380067489804
嬧,嬽,0.7297989399115593
