char1,char2,similarity
嬨,嬨,1.0
嬨,嫕,0.7555285164827579
嬨,礠,0.7442422512693639
嬨,婲,0.7425367829535023
嬨,媳,0.7377411145567244
嬨,嬺,0.7280909838862454
嬨,嬑,0.7155698309386713
嬨,嫅,0.7100094937818089
嬨,婼,0.7098763513650463
嬨,嫶,0.7082858285709984
