char1,char2,similarity
嬫,嬫,1.0
嬫,媃,0.7645420680937749
嬫,嬠,0.7536750010189425
嬫,媟,0.7466961737962889
嬫,嶸,0.7466938236409825
嬫,嬐,0.7389412184023976
嬫,媡,0.7346149462266531
嬫,蠑,0.7322167213973131
嬫,嫽,0.7320661612902448
嬫,爃,0.7304394312543733
