char1,char2,similarity
嬴,嬴,1.0
嬴,蠃,0.8361631427539217
嬴,羸,0.8284044614997997
嬴,赢,0.8072789650595881
嬴,驘,0.7560901941064736
嬴,嘉,0.7304892224910913
嬴,蛗,0.7257584332091771
嬴,臝,0.7232880406155274
嬴,瀛,0.7205644023095772
嬴,氬,0.7193664057985143
