char1,char2,similarity
嬳,嬳,1.0
嬳,擭,0.7846329908739494
嬳,矆,0.756777966295171
嬳,嬻,0.7498619145115542
嬳,欍,0.7397364827210269
嬳,鑊,0.7383280866255654
嬳,護,0.7339578353398287
嬳,嬽,0.7329555690537457
嬳,嬦,0.7306419811050127
嬳,嬟,0.7276847550047748
