char1,char2,similarity
嬰,嬰,1.0
嬰,婴,0.8141458603771722
嬰,嬃,0.7573507647239901
嬰,媻,0.7410414716118654
嬰,罌,0.7358051829059539
嬰,甖,0.7336463952176312
嬰,瞿,0.7293413627012238
嬰,婺,0.7277286156016974
嬰,孌,0.7252224163715358
嬰,嫯,0.723558091458447
