char1,char2,similarity
嬵,嬵,1.0
嬵,矊,0.7582823832186805
嬵,嫷,0.7238653108208623
嬵,嫙,0.707220305728237
嬵,婌,0.6999525527986358
嬵,娬,0.6958558899341956
嬵,孄,0.6914983937486439
嬵,嬭,0.6852819153922698
嬵,鹕,0.683687330078754
嬵,鸦,0.6806466525482564
