char1,char2,similarity
嬯,嬯,1.0
嬯,檯,0.8016979014472082
嬯,儓,0.7634320514100684
嬯,懛,0.7570124650817724
嬯,嬞,0.7461089426394679
嬯,嫿,0.740074786216802
嬯,媅,0.7283173142807936
嬯,娓,0.727178376640864
嬯,媼,0.7241712216144733
嬯,麆,0.7231459736856795
