char1,char2,similarity
嬱,嬱,1.0
嬱,晏,0.7366817422862372
嬱,萎,0.7185917974260098
嬱,嬊,0.7175729608104638
嬱,嬜,0.7140580371948463
嬱,宴,0.7117632536659995
嬱,葽,0.7116606957926185
嬱,婺,0.7052709964164774
嬱,蒌,0.7024858859040679
嬱,嬃,0.7021274928507719
