char1,char2,similarity
嬶,嬶,1.0
嬶,嬝,0.7748796549522984
嬶,嬺,0.744790119019453
嬶,媀,0.7436289036236002
嬶,嬇,0.7429478553107359
嬶,擤,0.7429231324155735
嬶,嫚,0.7411765478753632
嬶,媤,0.7384926208343623
嬶,婤,0.7376711553108273
嬶,嬪,0.7347650679523382
