char1,char2,similarity
嬿,嬿,1.0
嬿,臙,0.7517304242794873
嬿,孉,0.7291687737802959
嬿,讌,0.7158203703634148
嬿,嫵,0.7139454479714424
嬿,婉,0.7130137053526229
嬿,嫫,0.7059520513448017
嬿,嫉,0.7055637736213812
嬿,媖,0.7054600156516607
嬿,嬑,0.7028105900574875
