char1,char2,similarity
嬸,嬸,1.0
嬸,嫸,0.7640301826057478
嬸,嫆,0.7607964050646591
嬸,媂,0.7511096321622379
嬸,嫊,0.7506523577585213
嬸,婧,0.7493383282600649
嬸,靖,0.7443379628295435
嬸,婍,0.7425015116391199
嬸,媥,0.741993233626914
嬸,嬉,0.7410531618488828
