char1,char2,similarity
嬷,嬷,1.0
嬷,嬤,0.7361118786713421
嬷,嫲,0.7290320384691843
嬷,婉,0.723367933659334
嬷,嫁,0.7171411394446944
嬷,婻,0.7081529046444396
嬷,嫦,0.7079494425200565
嬷,婷,0.7073895190902395
嬷,媋,0.7032453994401947
嬷,孎,0.7029796870680577
