char1,char2,similarity
嬹,嬹,1.0
嬹,嬩,0.7730487902361596
嬹,嫺,0.7607378844429541
嬹,媆,0.7389331307757452
嬹,媃,0.737649666562848
嬹,婰,0.7359276185115311
嬹,嫋,0.7311513500556884
嬹,嫻,0.7278665528168354
嬹,嬈,0.7277310525072166
嬹,娳,0.7273687795626811
