char1,char2,similarity
嬻,嬻,1.0
嬻,嬇,0.7750912787855433
嬻,瓄,0.752563348468655
嬻,嬽,0.7515005510436366
嬻,嬳,0.7498619145115542
嬻,嬦,0.7495961146321316
嬻,櫝,0.7440697230032082
嬻,孃,0.7440103144634547
嬻,媔,0.7416312338057189
嬻,媆,0.740233184572315
