char1,char2,similarity
孇,孇,1.0
孇,欆,0.7730909079554925
孇,孆,0.7479022641822325
孇,孉,0.7110515328067275
孇,嫚,0.7033942887683886
孇,嬟,0.6953602773196215
孇,嬡,0.6906243750811417
孇,愯,0.6903104358353488
孇,孈,0.6900305602949504
孇,嬂,0.6887879266466843
