char1,char2,similarity
孂,孂,1.0
孂,媼,0.7421747323504535
孂,嬧,0.7366703588046363
孂,嬄,0.7312501430894504
孂,嬞,0.7225708943258033
孂,嬯,0.7216545948948785
孂,娓,0.7147650984290104
孂,嬳,0.7055801886417995
孂,姸,0.7041096870792208
孂,娠,0.7040315597655635
