char1,char2,similarity
孈,孈,1.0
孈,瓗,0.7545101968374884
孈,纗,0.7422100706317643
孈,欈,0.7309036799510027
孈,嬼,0.7208527717883311
孈,蠵,0.7179297634421102
孈,嬭,0.716392588051258
孈,孆,0.7126043373431341
孈,孉,0.7088539534701371
孈,娳,0.6992785243341391
