char1,char2,similarity
孉,孉,1.0
孉,爟,0.797109990691519
孉,嚾,0.7797805641426493
孉,獾,0.7636948356791278
孉,壦,0.7493032383055668
孉,爠,0.7492948480874633
孉,巏,0.7478320366109557
孉,讙,0.7395662034378897
孉,鑵,0.7319824056366764
孉,權,0.7310809526799055
