char1,char2,similarity
孓,孓,1.0
孓,了,0.8600980065660193
孓,子,0.8498043419129161
孓,丅,0.8468357133433383
孓,丁,0.8354597909884874
孓,丨,0.8226610065807819
孓,于,0.8206789751995661
孓,亅,0.8074868013967879
孓,孒,0.8024305866166225
孓,干,0.7995075821768022
