char1,char2,similarity
孌,孌,1.0
孌,欒,0.7866169936439242
孌,卛,0.7360853737348085
孌,婆,0.7281808308199506
孌,嬰,0.7252224163715358
孌,嫯,0.7252111530712287
孌,菨,0.7237089881475702
孌,奱,0.7230263971782819
孌,婴,0.722695298747549
孌,媻,0.7204460315535862
