char1,char2,similarity
孍,孍,1.0
孍,欕,0.7731639190032664
孍,壧,0.7679895742288151
孍,礹,0.7568200885897173
孍,孎,0.7202439559060992
孍,讝,0.7188033564715313
孍,巗,0.7131777921806185
孍,孊,0.7080133599066099
孍,姵,0.7078016835121836
孍,嬍,0.7066147473982338
