char1,char2,similarity
子,子,1.0
子,干,0.8895027762590747
子,千,0.8833361947451073
子,了,0.8776321700741214
子,孒,0.8532937954811127
子,于,0.8520173136255152
子,丁,0.8518989460834401
子,孓,0.8498043419129161
子,亠,0.844245579165356
子,丅,0.8437319742858509
