char1,char2,similarity
孑,孑,1.0
孑,了,0.8474361773470875
孑,子,0.8308734244254632
孑,干,0.8183836741945141
孑,丅,0.814370135582442
孑,亅,0.8101866726732055
孑,丁,0.8045499518194436
孑,孒,0.8020480861175109
孑,丨,0.7977952967292822
孑,亍,0.7961731502321103
