char1,char2,similarity
孒,孒,1.0
孒,予,0.8814456811486725
孒,了,0.864463679787905
孒,丨,0.8638766882396144
孒,十,0.8565036289126259
孒,亅,0.8539674052212493
孒,子,0.8532937954811127
孒,丅,0.850409750108331
孒,于,0.8477816047099319
孒,丁,0.8369299795717846
