char1,char2,similarity
孝,孝,1.0
孝,考,0.7998366510382589
孝,肀,0.7666495755900967
孝,皁,0.7447469057582818
孝,孪,0.7427221161650105
孝,窂,0.7400603227492587
孝,彳,0.736192335667716
孝,幸,0.7360551208005073
孝,壭,0.7348610549434826
孝,孑,0.7342211850663061
