char1,char2,similarity
孕,孕,1.0
孕,癷,0.7933727376685398
孕,尕,0.782078314531242
孕,早,0.7819009043235471
孕,学,0.7816271544471945
孕,予,0.7806588559496193
孕,毕,0.7695300906216361
孕,穻,0.7683371063533693
孕,孒,0.7633828332615451
孕,伞,0.7622580281165607
