char1,char2,similarity
孞,孞,1.0
孞,忎,0.8275350132265668
孞,思,0.7700288756357582
孞,怂,0.7620268540107438
孞,忑,0.7594225342464056
孞,忌,0.7539719383852537
孞,忠,0.751891853744851
孞,忈,0.7455420588952717
孞,亅,0.7452447027812127
孞,孟,0.7417467967157466
