char1,char2,similarity
孡,孡,1.0
孡,怡,0.7961413719160175
孡,诒,0.7840983600649765
孡,抬,0.7761177696525824
孡,饴,0.7724725340585264
孡,坮,0.7563099561163338
孡,眙,0.7538843459116052
孡,绐,0.7497483438772086
孡,枱,0.7483162113430937
孡,袷,0.7459034927649474
