char1,char2,similarity
孧,孧,1.0
孧,莩,0.7686812488271463
孧,車,0.7577613923637934
孧,卓,0.755805641439707
孧,萃,0.7463844647018729
孧,窣,0.7439524856288667
孧,罒,0.7339205985747614
孧,荦,0.7336992679616141
孧,幸,0.7304271189347367
孧,孯,0.729978058347373
