char1,char2,similarity
孤,孤,1.0
孤,弧,0.8028665634693265
孤,柧,0.7655684206456653
孤,孲,0.7645104085053184
孤,坬,0.733850517645449
孤,汎,0.7279615135034085
孤,抓,0.7257390765015352
孤,泒,0.7223588070185626
孤,巩,0.7194880924179882
孤,觅,0.7171137775012735
