char1,char2,similarity
孰,孰,1.0
孰,軌,0.7708015146742428
孰,敦,0.7490539966965957
孰,執,0.7422710242627689
孰,轨,0.7372629979076204
孰,髚,0.7362581925865954
孰,釻,0.7348979484514808
孰,軏,0.7348332341501674
孰,肒,0.7338072647226729
孰,朹,0.7324765406468874
