char1,char2,similarity
孯,孯,1.0
孯,军,0.7571891007082251
孯,孹,0.7562643362629418
孯,莩,0.7535474089794031
孯,學,0.7456023593103944
孯,丵,0.7451553605532286
孯,罦,0.7448727679898551
孯,孥,0.7443389589048865
孯,孠,0.7401845647414218
孯,緊,0.7358813283230257
