char1,char2,similarity
孩,孩,1.0
孩,核,0.7534965085997569
孩,按,0.7406769114660166
孩,该,0.7382624972766809
孩,抾,0.7350063502696513
孩,咳,0.730753539211686
孩,抗,0.7275854872321401
孩,垓,0.7274325844454412
孩,拄,0.7268618935012351
孩,拕,0.7249019783909354
