char1,char2,similarity
孭,孭,1.0
孭,于,0.7230960177452815
孭,阳,0.7230369828453703
孭,孒,0.7214014730538609
孭,根,0.7195712455892225
孭,预,0.7177874045797078
孭,钡,0.7172756526118504
孭,了,0.7169326060287542
孭,丅,0.71543982369153
孭,予,0.7148653638710144
