char1,char2,similarity
孱,孱,1.0
孱,屝,0.7571006410320876
孱,犀,0.7541560728030946
孱,厧,0.7465723251462485
孱,屄,0.7447115581353843
孱,履,0.735981790144788
孱,屡,0.7355636540714072
孱,屓,0.7329064753715865
孱,屟,0.7309231624259666
孱,螶,0.7298242415697159
