char1,char2,similarity
孪,孪,1.0
孪,茡,0.7928320347957802
孪,覀,0.7799591975894586
孪,孛,0.7760371647787649
孪,寜,0.7749498143526444
孪,弯,0.7661720123667304
孪,享,0.7608190552383446
孪,弈,0.7606839002097998
孪,苹,0.7600867982534344
孪,荢,0.7577058922674581
