char1,char2,similarity
孷,孷,1.0
孷,漦,0.7713129872311901
孷,厚,0.7478900223638307
孷,犛,0.7449765661814063
孷,孶,0.7303465312856599
孷,氂,0.716034904962031
孷,斄,0.7137785329006624
孷,剺,0.712669052367496
孷,塵,0.6983688915578307
孷,籅,0.6959941062151008
