char1,char2,similarity
孺,孺,1.0
孺,糯,0.7782564597616454
孺,襦,0.7734775764361452
孺,蠕,0.7646539465526196
孺,懦,0.7546165797654624
孺,譳,0.7447571491138669
孺,檽,0.7377049904116593
孺,壖,0.732132091082838
孺,嬬,0.7305121328792078
孺,燸,0.719533252026109
