char1,char2,similarity
孹,孹,1.0
孹,孯,0.7562643362629418
孹,孥,0.7528421822786523
孹,筟,0.7481503086950176
孹,學,0.7458753985336543
孹,罦,0.7454535637821458
孹,臂,0.7451753466175388
孹,斈,0.743527650198229
孹,幦,0.738138493092468
孹,孠,0.7288242960935117
