char1,char2,similarity
孵,孵,1.0
孵,妡,0.6893169338684357
孵,炘,0.687146245294906
孵,忻,0.6832286102058746
孵,唨,0.682954851481723
孵,卅,0.6804219526672352
孵,岴,0.679595423114559
孵,舛,0.6786976995967199
孵,月,0.6784751428243833
孵,听,0.6773265870096168
