char1,char2,similarity
宂,宂,1.0
宂,亢,0.823148434285155
宂,凣,0.8140573559553752
宂,宄,0.8031752188019098
宂,冗,0.8011856974285794
宂,凢,0.7991125859578588
宂,圥,0.795936433066146
宂,芃,0.7896894892288976
宂,尣,0.7821204716279889
宂,芁,0.7813026241725334
