char1,char2,similarity
孿,孿,1.0
孿,孶,0.7406031000480005
孿,灓,0.7396564274179879
孿,蠻,0.7368621762267876
孿,阜,0.729898604729395
孿,車,0.7239955182356907
孿,幸,0.7236419173514398
孿,挛,0.7192628529516989
孿,孧,0.7147291255017842
孿,筚,0.7145415223435044
