char1,char2,similarity
宅,宅,1.0
宅,韦,0.8001046595733208
宅,毛,0.7817549719302419
宅,屯,0.7754078084056738
宅,申,0.7683969381868969
宅,空,0.7669350817577039
宅,宇,0.7668965332320398
宅,定,0.7665852608113753
宅,丰,0.7626411024464964
宅,勹,0.759380329609089
