char1,char2,similarity
宊,宊,1.0
宊,夬,0.8484855458043724
宊,夫,0.7932208063115869
宊,夾,0.7832083215782717
宊,矢,0.7828450255214794
宊,芖,0.7780607446015415
宊,夨,0.7674392971443842
宊,苂,0.765491962505226
宊,宄,0.76405045706648
宊,失,0.7631882823034852
