char1,char2,similarity
宍,宍,1.0
宍,宋,0.8106478218477365
宍,宄,0.7850302452427795
宍,安,0.7826881088300369
宍,入,0.7817027952261463
宍,亠,0.7812735945375209
宍,宂,0.775674083415552
宍,宁,0.767331487469082
宍,丆,0.7653029831988503
宍,艽,0.7604447153099152
