char1,char2,similarity
宇,宇,1.0
宇,手,0.8387639242934481
宇,芋,0.8315948171347608
宇,字,0.8196934707650207
宇,仐,0.8026745578608949
宇,宗,0.8022145232585302
宇,宁,0.797959847235378
宇,丨,0.7961309411839441
宇,空,0.7923224412583346
宇,宎,0.7893959575132334
