char1,char2,similarity
宏,宏,1.0
宏,宔,0.7506544979221925
宏,五,0.7481389309525588
宏,宙,0.7454500636696716
宏,卡,0.7444028299842188
宏,圥,0.744104179425616
宏,十,0.7413913887521697
宏,圭,0.7404797204552469
宏,宕,0.7400096045889317
宏,宁,0.7394761832054795
