char1,char2,similarity
宆,宆,1.0
宆,肎,0.7904817637427548
宆,宮,0.7803670538845815
宆,声,0.7748470042755405
宆,可,0.7674274845558493
宆,爫,0.7614500190284231
宆,气,0.7612721421615479
宆,芌,0.759288663695735
宆,覀,0.7566958412801897
宆,艹,0.7557939340435631
