char1,char2,similarity
宎,宎,1.0
宎,芺,0.8303244058355799
宎,宇,0.7893959575132334
宎,宪,0.7815978228751552
宎,穷,0.7806578177052145
宎,克,0.7788735384966943
宎,贞,0.7787788136654574
宎,芙,0.7752533776696593
宎,旲,0.7648621470933322
宎,夷,0.7617079609532089
