char1,char2,similarity
完,完,1.0
完,皃,0.8103674740276913
完,芜,0.763790666860292
完,灮,0.7613531598461508
完,旁,0.7584816891939365
完,兀,0.7560524983426107
完,充,0.752283841624016
完,尢,0.748643214663429
完,叏,0.7485844424911642
完,元,0.7459771611492378
