char1,char2,similarity
宓,宓,1.0
宓,苾,0.8235706299605497
宓,宇,0.7382018188703218
宓,宛,0.7381990500509665
宓,丆,0.7316993447703783
宓,宍,0.7297465957128656
宓,宄,0.7283942259668377
宓,三,0.7267435333933628
宓,芯,0.7252707801175597
宓,囪,0.7247881818630515
