char1,char2,similarity
宒,宒,1.0
宒,官,0.7732899630203423
宒,芼,0.7676090478719604
宒,辛,0.7588287089973283
宒,皀,0.7579400797178514
宒,宔,0.7570690767149751
宒,寇,0.7500873088063967
宒,帘,0.7477158909777735
宒,牢,0.7475406126738963
宒,串,0.7470155615199966
