char1,char2,similarity
宐,宐,1.0
宐,互,0.7997727591115901
宐,宝,0.78718421640123
宐,圭,0.7778315090860808
宐,立,0.7775086626085989
宐,室,0.7761568065375225
宐,宂,0.7761335568336569
宐,宔,0.7667181865718447
宐,上,0.7656826330758064
宐,芷,0.7652343542960142
