char1,char2,similarity
宔,宔,1.0
宔,圭,0.8419416253810971
宔,宙,0.8056705418481788
宔,宁,0.8034294818243922
宔,全,0.7951238970098238
宔,圶,0.7923987856045012
宔,十,0.7888623765466862
宔,丰,0.7854824852322955
宔,坐,0.78398228973617
宔,牢,0.7821818842365222
