char1,char2,similarity
宙,宙,1.0
宙,苗,0.838004507401476
宙,苖,0.8333325376167423
宙,市,0.8080428508964138
宙,亩,0.8076995777349424
宙,宔,0.8056705418481788
宙,吉,0.793320971901575
宙,冉,0.7879060503568509
宙,吂,0.7827619832159847
宙,申,0.7819818869432376
