char1,char2,similarity
宑,宑,1.0
宑,弃,0.8089701731990588
宑,荓,0.7940527477117444
宑,竎,0.7851805489647294
宑,穿,0.7809575254925429
宑,笄,0.780083802714005
宑,罒,0.7510343152748026
宑,冖,0.7480447929432639
宑,弄,0.7478731774251987
宑,夰,0.7440550493853824
