char1,char2,similarity
宖,宖,1.0
宖,窄,0.7511809108372046
宖,言,0.7510751522507936
宖,苰,0.7452779205816028
宖,冖,0.7441541880239432
宖,官,0.7413482330213261
宖,牢,0.738254943113812
宖,彐,0.7325447279357261
宖,五,0.7314333030577731
宖,宫,0.7284128001279752
