char1,char2,similarity
宛,宛,1.0
宛,苑,0.784056825043375
宛,充,0.7725946320977017
宛,允,0.7629388181437083
宛,宪,0.7608762000265332
宛,宙,0.757589317638683
宛,克,0.7546519416549905
宛,宄,0.752152578713452
宛,尢,0.7509434679905957
宛,宔,0.7435426334264703
