char1,char2,similarity
宝,宝,1.0
宝,定,0.7952290782936818
宝,巿,0.7876283041807569
宝,宇,0.7873309531210458
宝,宐,0.78718421640123
宝,空,0.7804761186829576
宝,茔,0.780387677318504
宝,芑,0.7770063888608562
宝,走,0.7738010171116955
宝,亖,0.7717101432344817
