char1,char2,similarity
定,定,1.0
定,歨,0.8021911522482457
定,走,0.7961216961064798
定,宝,0.7952290782936818
定,甪,0.783464019448112
定,宂,0.7701764548900204
定,宅,0.7665852608113753
定,室,0.7650055605526874
定,宐,0.7623198092745286
定,宕,0.7594959135200078
