char1,char2,similarity
实,实,1.0
实,実,0.7490725214906155
实,宎,0.7435761309555547
实,亥,0.7430365156233788
实,奖,0.7419229067961901
实,英,0.7332872302262553
实,容,0.7332234187214741
实,奕,0.7328542043703453
实,姜,0.7325673454950827
实,安,0.7310593806495277
