char1,char2,similarity
宧,宧,1.0
宧,宦,0.8355307923966033
宧,茝,0.7845479952262271
宧,苣,0.7829157311912095
宧,宜,0.7717451867151256
宧,宣,0.7525177392354568
宧,莖,0.7501489153562346
宧,审,0.7455964951873236
宧,盍,0.7438484796596078
宧,窀,0.742168551508112
