char1,char2,similarity
宬,宬,1.0
宬,荿,0.760254171632895
宬,庋,0.7362262196053394
宬,茙,0.7357638647039744
宬,庁,0.7293749598286586
宬,厄,0.7290381690507003
宬,窚,0.7284656950855041
宬,広,0.7260701808583232
宬,厅,0.7207773107530832
宬,寊,0.7184467437208456
