char1,char2,similarity
宥,宥,1.0
宥,峟,0.7977020239354023
宥,肓,0.7775123116980448
宥,育,0.7679297212476804
宥,盲,0.7671650296524571
宥,背,0.7603414276071135
宥,贲,0.7488011715949054
宥,宵,0.7484278213129374
宥,旾,0.7403717321664828
宥,竜,0.7375341676270053
