char1,char2,similarity
宫,宫,1.0
宫,宮,0.7862163872003797
宫,官,0.7744829893451393
宫,言,0.7734763671292015
宫,窗,0.7629550792123906
宫,盍,0.7617786918343034
宫,苢,0.7581283709799189
宫,扂,0.7567191113955608
宫,苔,0.7563516655208413
宫,茗,0.754939777576159
