char1,char2,similarity
室,室,1.0
室,坴,0.7930693798924168
室,空,0.7929996983433996
室,苴,0.788357256908491
室,荎,0.7871806389103949
室,鱼,0.7779020300208492
室,宐,0.7761568065375225
室,垄,0.767819398781034
室,宝,0.7653930831678091
室,定,0.7650055605526874
