char1,char2,similarity
害,害,1.0
害,寄,0.7734743431558938
害,窖,0.7727488223662401
害,售,0.7654215902342185
害,音,0.7625064380593598
害,寒,0.7623536974781859
害,車,0.7597676080266025
害,訇,0.7537315783198587
害,客,0.7517839657065697
害,峇,0.7512558970351204
