char1,char2,similarity
宱,宱,1.0
宱,痄,0.7872453105911061
宱,痒,0.7675384675411349
宱,莋,0.7669378103208347
宱,疔,0.7487831027266065
宱,什,0.7446217656625665
宱,冖,0.7419486643382665
宱,存,0.7332889810616898
宱,萑,0.7309282132230774
宱,疖,0.7296933196740725
