char1,char2,similarity
宵,宵,1.0
宵,肓,0.8033610990841114
宵,莦,0.8025107879573357
宵,盲,0.7905222993343919
宵,奆,0.7856560158190035
宵,育,0.7833407703401188
宵,窅,0.7709035035705765
宵,筲,0.7695893500622689
宵,旾,0.7670802087881953
宵,肯,0.7653556230763278
