char1,char2,similarity
宰,宰,1.0
宰,幸,0.8335716445036805
宰,率,0.8112424026850685
宰,崒,0.7786138462057657
宰,車,0.7768478048056925
宰,审,0.7717607618410923
宰,串,0.7690234305626431
宰,苧,0.7687308308540014
宰,屮,0.7611779660376055
宰,丵,0.7594055501324296
