char1,char2,similarity
宿,宿,1.0
宿,亱,0.7752386062288266
宿,夜,0.764177186473431
宿,苮,0.7626146129505617
宿,疸,0.7552999454087781
宿,寉,0.7517887886057706
宿,徣,0.7505315327916067
宿,苢,0.7497095917012557
宿,萏,0.7408229577862804
宿,荷,0.7394498195557623
