char1,char2,similarity
容,容,1.0
容,帘,0.7630985415159615
容,言,0.7611613483457386
容,昔,0.7454172524936242
容,枩,0.7439274687856716
容,官,0.7406380431536537
容,宕,0.7401061339425359
容,穷,0.7337532503810278
容,窄,0.7335373022350486
容,杳,0.733250743329406
