char1,char2,similarity
寁,寁,1.0
寁,寊,0.773582636140788
寁,寔,0.7455483740415695
寁,寄,0.7414549985562637
寁,壴,0.7403817533304732
寁,蜜,0.7389493699103997
寁,害,0.7356389984600372
寁,宽,0.7325229477234066
寁,富,0.7317531752050737
寁,亶,0.730237214093581
