char1,char2,similarity
宺,宺,1.0
宺,宷,0.7837440688172235
宺,宲,0.7687165910510556
宺,亯,0.752505334851326
宺,寀,0.7522258022476861
宺,平,0.7442105476864395
宺,寔,0.7403743121077402
宺,畗,0.7368359276364429
宺,寘,0.7341833572307688
宺,亰,0.7337459899820956
