char1,char2,similarity
宽,宽,1.0
宽,寛,0.7647888546417093
宽,览,0.7591014715138379
宽,竞,0.757488016779463
宽,萖,0.755894306032256
宽,寃,0.7527774926867415
宽,宼,0.7523916811226431
宽,宆,0.7515933328794364
宽,苨,0.7515677280076285
宽,苋,0.7480451881893696
