char1,char2,similarity
宼,宼,1.0
宼,冠,0.7564031154086379
宼,冦,0.7526185765722033
宼,宽,0.7523916811226431
宼,亚,0.7444762026938971
宼,寇,0.7428109040497992
宼,鬾,0.7358330175123157
宼,苊,0.7268782497909602
宼,冮,0.7265139499648469
宼,苨,0.7249229503033976
