char1,char2,similarity
寂,寂,1.0
寂,菽,0.7602397098466117
寂,叙,0.7598044811989282
寂,宩,0.7206182714474793
寂,宫,0.7205474833866347
寂,审,0.7192039192767522
寂,臤,0.7189135858653279
寂,字,0.7183144765590044
寂,宿,0.7165995642959182
寂,敕,0.7162776553283606
