char1,char2,similarity
寃,寃,1.0
寃,菟,0.8497756671146368
寃,冤,0.7625388425891407
寃,宽,0.7527774926867415
寃,萖,0.7498640978201284
寃,竞,0.7453143989015582
寃,吴,0.7401651950555698
寃,莌,0.7398616125328134
寃,寛,0.7374305618960676
寃,奃,0.7311210730485495
