char1,char2,similarity
寈,寈,1.0
寈,寛,0.771351018052738
寈,青,0.7656626623167126
寈,詟,0.7631485858176269
寈,寬,0.7592401543219128
寈,篔,0.7587759365147716
寈,菁,0.755239954751834
寈,霅,0.7523296246593847
寈,蓇,0.7466275076376255
寈,膂,0.7426171506839249
