char1,char2,similarity
寊,寊,1.0
寊,資,0.7929563703209395
寊,賁,0.7840047988708039
寊,寁,0.773582636140788
寊,真,0.7702020034724881
寊,寞,0.7676176052694529
寊,嵩,0.7621564498304181
寊,责,0.7586842569530011
寊,寓,0.7541718064042052
寊,富,0.7538229342854803
