char1,char2,similarity
密,密,1.0
密,宻,0.757006060423524
密,峦,0.7529148052886705
密,窑,0.7462608518603181
密,嗇,0.7436252040459657
密,害,0.7359676294086118
密,帝,0.7300553801726551
密,仚,0.7272024454099141
密,宭,0.7239042545442698
密,苧,0.723360915950162
