char1,char2,similarity
寅,寅,1.0
寅,黄,0.8162915624989763
寅,負,0.7833561121495036
寅,宸,0.7808183611133604
寅,叀,0.7785253764874537
寅,畗,0.7740876458057839
寅,恵,0.7676315555474706
寅,宭,0.7593622479028328
寅,审,0.7592692980215475
寅,恴,0.7559152787032118
