char1,char2,similarity
富,富,1.0
富,畣,0.8445452626348299
富,菖,0.7750075027611573
富,葍,0.7730396092144184
富,宴,0.7646515376646932
富,隻,0.7615121504627164
富,蒥,0.7604301628667106
富,曺,0.7602289907817302
富,蒏,0.7593380867458053
富,龠,0.7586234443953763
