char1,char2,similarity
寍,寍,1.0
寍,盀,0.7602846233481297
寍,盅,0.7546949109901037
寍,蛊,0.7539928099148161
寍,盍,0.7532359722389252
寍,盙,0.7522495740446826
寍,盗,0.7459861168303813
寍,衁,0.7429270794277637
寍,盇,0.7384195808944386
寍,笽,0.7379154470938285
