char1,char2,similarity
寓,寓,1.0
寓,高,0.7920970617619028
寓,髙,0.7857302084830564
寓,萬,0.7747822161817063
寓,韋,0.7698925538140147
寓,窜,0.7583973069228583
寓,萭,0.7578293554731338
寓,冑,0.756517743655071
寓,宴,0.7556531478049178
寓,富,0.7554825727029546
