char1,char2,similarity
寐,寐,1.0
寐,寱,0.7505534712343148
寐,蔝,0.7448878403163198
寐,寎,0.7387406321716591
寐,寤,0.7302457845386857
寐,腺,0.7149008956061718
寐,棌,0.7137075414501415
寐,亓,0.7106017271031481
寐,娕,0.7104607758423543
寐,碂,0.7092061598872648
