char1,char2,similarity
寎,寎,1.0
寎,寱,0.7510947342095036
寎,扃,0.7444186193539439
寎,囘,0.7444008783359716
寎,扄,0.742585594828106
寎,寣,0.7415362333074118
寎,寐,0.7387406321716591
寎,寤,0.7225817279292158
寎,病,0.7207485660436332
寎,扂,0.716753152645593
