char1,char2,similarity
寘,寘,1.0
寘,寞,0.771581462528327
寘,真,0.7704216327645413
寘,萁,0.7460216271052613
寘,寪,0.7408432766552577
寘,寊,0.7359056835090754
寘,宺,0.7341833572307688
寘,寓,0.7321966177640264
寘,寚,0.7284828968335915
寘,賞,0.7268592612955376
