char1,char2,similarity
寙,寙,1.0
寙,蓏,0.7237048183652626
寙,窳,0.7222031901597824
寙,廐,0.719961288354176
寙,宲,0.716579344678147
寙,腐,0.7156242821393998
寙,廡,0.7133271873918791
寙,雇,0.7124191573970031
寙,扉,0.7081305706352569
寙,広,0.7074708632926106
