char1,char2,similarity
寝,寝,1.0
寝,寑,0.8217483619680325
寝,寖,0.8104518051220718
寝,葠,0.7588624534622989
寝,蓡,0.7307904251351613
寝,墓,0.7233489296363714
寝,寰,0.7228846931183126
寝,噜,0.7218869310682862
寝,袌,0.7210690691009436
寝,寢,0.7195393044634815
