char1,char2,similarity
寚,寚,1.0
寚,乶,0.7651095733868989
寚,畜,0.7600483455048167
寚,骞,0.7454624998887436
寚,宵,0.743866914328128
寚,肓,0.7420476628378037
寚,悹,0.7390397509986744
寚,弯,0.735515900016216
寚,壼,0.7334633618353147
寚,畲,0.7325126330835117
