char1,char2,similarity
寖,寖,1.0
寖,寑,0.8544307330816441
寖,寝,0.8104518051220718
寖,蓡,0.7678217186848213
寖,寪,0.7572501475956275
寖,葠,0.7522088758545623
寖,寕,0.7426421416610056
寖,寢,0.7345618001429559
寖,寰,0.7333986874979199
寖,憲,0.7297418247589372
