char1,char2,similarity
寗,寗,1.0
寗,甯,0.7418170211186869
寗,菺,0.7402831420533765
寗,窜,0.737198965994411
寗,窬,0.737061131375438
寗,脅,0.7323813858258292
寗,髯,0.7319214086183746
寗,章,0.7267661720124693
寗,齋,0.7243981704876388
寗,蕇,0.7219740825362384
