char1,char2,similarity
寥,寥,1.0
寥,蓼,0.7917639728253323
寥,蔘,0.7341801709153152
寥,搴,0.7265319909804572
寥,事,0.7223011169657486
寥,審,0.7205532155882739
寥,喜,0.7204351512919435
寥,赛,0.7191467697645507
寥,寰,0.7181823189093678
寥,袠,0.7154664486178686
