char1,char2,similarity
實,實,1.0
實,賣,0.8174424364976661
實,賓,0.7811915021483327
實,寶,0.7779791152396918
實,賌,0.7755568033992372
實,橐,0.7621803460520866
實,奮,0.7592529077248243
實,贒,0.7554429455100643
實,蕒,0.7530011968680946
實,薋,0.7515541110550921
