char1,char2,similarity
寡,寡,1.0
寡,惪,0.7838050284382778
寡,奪,0.7458765108148645
寡,責,0.7457747549974288
寡,窴,0.7310392662644127
寡,熹,0.7310219121948615
寡,乽,0.7306367041813719
寡,裏,0.7305768514797685
寡,蓴,0.7268010833448346
寡,募,0.7252652211697346
