char1,char2,similarity
寯,寯,1.0
寯,舊,0.784656651757263
寯,禽,0.7542767084819424
寯,窜,0.7430058736676803
寯,寪,0.7378002947178641
寯,雟,0.7369025695457007
寯,萬,0.7354627054061362
寯,寭,0.7280589134808277
寯,寕,0.726792511277189
寯,寓,0.7188518229642662
