char1,char2,similarity
寱,寱,1.0
寱,寣,0.7511753301495463
寱,寎,0.7510947342095036
寱,寐,0.7505534712343148
寱,寤,0.749905821436115
寱,齎,0.718291167401128
寱,窟,0.7147573861664898
寱,菺,0.7137010961570828
寱,噟,0.7118311641335863
寱,寷,0.7070145140335247
