char1,char2,similarity
寫,寫,1.0
寫,窝,0.7673745227718621
寫,蕮,0.7660166837711784
寫,宴,0.7657937341233088
寫,事,0.758470840026707
寫,寓,0.7444130412526879
寫,葛,0.7443533160870064
寫,桌,0.7434750113017675
寫,窜,0.742659211971535
寫,葍,0.7373971383066573
