char1,char2,similarity
寳,寳,1.0
寳,窴,0.7611108011724796
寳,鶿,0.7268057517100235
寳,貞,0.7256573709758767
寳,煑,0.7192004848258103
寳,責,0.7175805651283184
寳,憲,0.7158348786233093
寳,簣,0.7152747812376647
寳,賣,0.7143402081160244
寳,實,0.712588424284124
