char1,char2,similarity
寪,寪,1.0
寪,寖,0.7572501475956275
寪,寘,0.7408432766552577
寪,寯,0.7378002947178641
寪,寓,0.7354333016043465
寪,寰,0.7346041348230383
寪,寭,0.7271334141242969
寪,窜,0.7239431550513576
寪,憲,0.7226169292822346
寪,寗,0.7206688000833636
