char1,char2,similarity
导,导,1.0
导,寻,0.7951847724269144
导,异,0.7751620219112223
导,畀,0.7678866973851144
导,昗,0.7456431893246717
导,镸,0.7424013770404151
导,乛,0.7388845148501801
导,弄,0.7386697381400706
导,券,0.7362170979496762
导,早,0.7350454388195388
