char1,char2,similarity
寶,寶,1.0
寶,賓,0.8239302468295114
寶,賌,0.8068310752610843
寶,賷,0.7955990886230216
寶,費,0.7808909351785442
寶,實,0.7779791152396918
寶,蕒,0.77390467560904
寶,賣,0.7711059800366372
寶,賚,0.7613518237699869
寶,覽,0.7549864173048089
