char1,char2,similarity
寽,寽,1.0
寽,一,0.7711777506267442
寽,寸,0.7512775741205469
寽,戶,0.7507330205457502
寽,乎,0.7483397450188237
寽,爭,0.7447997733802317
寽,垀,0.7416545877611435
寽,丟,0.7410195627238616
寽,呯,0.7380042532195781
寽,耂,0.7379432067956762
