char1,char2,similarity
寻,寻,1.0
寻,杲,0.8217294001194357
寻,昗,0.8003426909196721
寻,旯,0.7985177324481899
寻,导,0.7951847724269144
寻,旲,0.7897747073491039
寻,旻,0.7699016377265664
寻,镸,0.7693675301510675
寻,昱,0.7693497659368606
寻,屖,0.7544889012385185
