char1,char2,similarity
寺,寺,1.0
寺,亏,0.7816016979131083
寺,卢,0.7749227609893645
寺,夺,0.768418583504646
寺,廿,0.7648226700301255
寺,冖,0.7640859264445568
寺,竒,0.7605712844917085
寺,卉,0.7587491175908733
寺,芽,0.7580031813875656
寺,芋,0.7560831911456918
