char1,char2,similarity
寵,寵,1.0
寵,寬,0.7397422280584102
寵,寈,0.7340493126552611
寵,蘢,0.730247344862284
寵,窟,0.7208504247810692
寵,扈,0.7206416315688562
寵,廑,0.7197565055393985
寵,寛,0.7190855452340474
寵,窤,0.7179228462760501
寵,寴,0.7156394885543746
