char1,char2,similarity
对,对,1.0
对,対,0.8150548873166443
对,吋,0.7978645264449824
对,时,0.7936311369475004
对,討,0.7875964566082744
对,肘,0.7794125949573718
对,纣,0.7697881461512975
对,村,0.7647690540263636
对,忖,0.7560825017787862
对,紂,0.7558987277767877
