char1,char2,similarity
将,将,1.0
将,特,0.7693665202125055
将,村,0.744858840717683
将,忄,0.7345751886305324
将,朽,0.7342801161282856
将,朼,0.7326987701993252
将,杅,0.7249588748365012
将,杄,0.7241917046196635
将,朴,0.7227892816328272
将,札,0.7210201080765621
