char1,char2,similarity
専,専,1.0
専,喜,0.8068149939921075
専,妻,0.775592434763115
専,事,0.7696532297064057
専,竎,0.757370833722913
専,寕,0.7568325154356789
専,尃,0.7538302579381388
専,乶,0.750159907664961
専,青,0.7450329901920731
専,壼,0.744728843626256
