char1,char2,similarity
対,対,1.0
対,对,0.8150548873166443
対,吋,0.7885691409931825
対,村,0.7706494680705582
対,討,0.7672831720807332
対,紂,0.7666701462147437
対,忖,0.759712295014351
対,讨,0.7577709627139388
対,肘,0.7527496009198957
対,爿,0.7520905022632589
