char1,char2,similarity
尅,尅,1.0
尅,剋,0.7823119047954998
尅,屗,0.7644175790893178
尅,爿,0.7284380496707717
尅,赦,0.7271397397003054
尅,月,0.721602308770169
尅,五,0.720402753119688
尅,尌,0.7200255238418305
尅,三,0.7198735718749699
尅,寇,0.7171956840907278
