char1,char2,similarity
寿,寿,1.0
寿,表,0.7935082648758995
寿,养,0.7599984686316216
寿,聿,0.7558294333338368
寿,号,0.750683855531273
寿,帛,0.7485098078496695
寿,产,0.7445100045489335
寿,咅,0.741906641173643
寿,夲,0.7416720129696346
寿,皂,0.7397930385189158
