char1,char2,similarity
尃,尃,1.0
尃,専,0.7538302579381388
尃,剪,0.7517018971927287
尃,尋,0.750127561945222
尃,喸,0.7483081223207153
尃,穽,0.7480328973544119
尃,弆,0.7441852806779876
尃,奔,0.7398324595029082
尃,卒,0.7375081637562964
尃,惠,0.7368559126520835
