char1,char2,similarity
尉,尉,1.0
尉,耐,0.7550203498988477
尉,厨,0.7485758375002057
尉,财,0.7216276884623639
尉,坿,0.7184376057530498
尉,叞,0.7144227117185505
尉,柑,0.7138357722610851
尉,屙,0.7074590777084466
尉,彫,0.7053661961616773
尉,肘,0.7047915422038736
