char1,char2,similarity
導,導,1.0
導,專,0.7352239587833247
導,辱,0.7281861091505232
導,粤,0.7141923181213269
導,岑,0.706025754951887
導,箅,0.7055069525269698
導,罕,0.7051689263750249
導,裛,0.7035034349352554
導,羊,0.6983147966860299
導,槀,0.6980783841756022
