char1,char2,similarity
小,小,1.0
小,丨,0.8823792091646242
小,亅,0.8577966386805654
小,十,0.849675471806005
小,丄,0.8262618000136475
小,丿,0.8246400340221542
小,个,0.8235101130137596
小,士,0.8191055008360628
小,巾,0.8186798127903081
小,丶,0.8174862177052042
