char1,char2,similarity
尚,尚,1.0
尚,尙,0.8571655755312182
尚,问,0.7749980619085384
尚,囘,0.7734475640001476
尚,岗,0.7732889099250517
尚,门,0.7728711851752049
尚,间,0.7691973840576446
尚,峝,0.7676071038814389
尚,咼,0.7539716583992377
尚,闰,0.7535689678639707
