char1,char2,similarity
尘,尘,1.0
尘,坣,0.8227025737886731
尘,圭,0.8072517641845656
尘,坐,0.8012812269382588
尘,丨,0.7949168686005065
尘,士,0.7871148484820911
尘,丄,0.7867098614695898
尘,土,0.784874110068469
尘,坕,0.784042176072734
尘,工,0.7818259386303258
