char1,char2,similarity
尙,尙,1.0
尙,尚,0.8571655755312182
尙,岗,0.791829209880933
尙,问,0.7862363409027773
尙,门,0.783591688965477
尙,闲,0.778102874535651
尙,间,0.772896638140521
尙,内,0.7672699378952101
尙,囘,0.7643116078464337
尙,冋,0.7620378384168721
