char1,char2,similarity
尣,尣,1.0
尣,兀,0.8499535938134622
尣,儿,0.822432146907601
尣,冗,0.8117952777126649
尣,凣,0.7894260567066117
尣,尤,0.7864588427642706
尣,几,0.7851312026895858
尣,元,0.782738035882172
尣,宂,0.7821204716279889
尣,九,0.7814591663053595
