char1,char2,similarity
尟,尟,1.0
尟,题,0.7483233526731145
尟,鶗,0.7396004381088654
尟,赻,0.7261621041811426
尟,題,0.7184885013033961
尟,韪,0.7183267067988606
尟,赸,0.7129272217712705
尟,逤,0.7124363833755465
尟,迯,0.708192017271397
尟,舥,0.7024835812627036
