char1,char2,similarity
尢,尢,1.0
尢,尤,0.8543722944421371
尢,允,0.8196556606870654
尢,亡,0.8059207996953913
尢,冘,0.7992233317757322
尢,人,0.7988128239849042
尢,之,0.7939528614167874
尢,太,0.7930856800928282
尢,丶,0.7928455490877019
尢,兄,0.7882269127497336
