char1,char2,similarity
尡,尡,1.0
尡,餛,0.7532844084133609
尡,焜,0.7195689516465801
尡,鲲,0.7156995462302582
尡,觊,0.7155786701752985
尡,尰,0.70702542382433
尡,尳,0.7068085529420697
尡,焳,0.7006921009902206
尡,裩,0.6981635888185237
尡,規,0.6959363657326192
