char1,char2,similarity
尞,尞,1.0
尞,夵,0.7502670754530959
尞,泰,0.747580062466768
尞,紊,0.7456416697352823
尞,夲,0.7370757767192158
尞,栾,0.7348187708934155
尞,夰,0.7345927152727338
尞,亭,0.733571015510068
尞,寓,0.7298583329089272
尞,夼,0.7296267465087283
