char1,char2,similarity
尮,尮,1.0
尮,尯,0.7902017981567768
尮,尥,0.7882853984474835
尮,尬,0.7783120388231322
尮,尪,0.7534308146208412
尮,尰,0.753218988554906
尮,尷,0.7510708771375336
尮,尵,0.7471513737553159
尮,旭,0.7445259657110226
尮,尲,0.7426392255138032
