char1,char2,similarity
尯,尯,1.0
尯,尮,0.7902017981567768
尯,尲,0.7870426234339262
尯,尵,0.7782172040675825
尯,尬,0.763195094532519
尯,尥,0.7600757599207545
尯,尷,0.7501552442073852
尯,鸠,0.7433764452237109
尯,尰,0.7400761216275182
尯,馗,0.7390054166016843
