char1,char2,similarity
尭,尭,1.0
尭,桒,0.7687734377614928
尭,兗,0.7635040134465063
尭,兖,0.7563230234431206
尭,笎,0.7531124550487335
尭,寺,0.7516854341227788
尭,芫,0.7507650881941046
尭,皃,0.7492480130661591
尭,元,0.7472478952263466
尭,杗,0.7460364476153596
