char1,char2,similarity
尪,尪,1.0
尪,尩,0.8376779042495771
尪,旭,0.7767323074122122
尪,尫,0.7668880292437498
尪,厄,0.7615534460307072
尪,奿,0.7547965925241248
尪,尮,0.7534308146208412
尪,尥,0.7526058648251336
尪,灶,0.7469159396611181
尪,炷,0.7460324343771922
