char1,char2,similarity
尨,尨,1.0
尨,亢,0.7476983778567332
尨,九,0.7437361060184261
尨,尣,0.7429501274075633
尨,方,0.7423316299450297
尨,乛,0.7392762671992529
尨,左,0.7329238381238308
尨,厷,0.7291419057029761
尨,凢,0.7265100383078069
尨,入,0.726383611846444
