char1,char2,similarity
尫,尫,1.0
尫,尩,0.7986794435763845
尫,尪,0.7668880292437498
尫,厄,0.7642361958973586
尫,卮,0.7582250029464958
尫,耵,0.7536389443887683
尫,凪,0.7498128287068749
尫,丮,0.7439972818136769
尫,严,0.7420403397298225
尫,泅,0.7404855198388136
