char1,char2,similarity
尩,尩,1.0
尩,尪,0.8376779042495771
尩,尫,0.7986794435763845
尩,壯,0.7496033782943805
尩,兙,0.7462445667399434
尩,尦,0.7462020604903048
尩,厄,0.7423463862518458
尩,反,0.7325510483011767
尩,尸,0.731774118893031
尩,兛,0.7281191236708511
