char1,char2,similarity
尬,尬,1.0
尬,尵,0.7837154835064353
尬,尮,0.7783120388231322
尬,尥,0.7776807291470357
尬,尳,0.7768828033507964
尬,畍,0.7638305250756502
尬,尯,0.763195094532519
尬,兘,0.7502112225598566
尬,扴,0.747173895703722
尬,兝,0.7440267346004488
