char1,char2,similarity
尴,尴,1.0
尴,趄,0.7156054751852438
尴,朓,0.6989481294512547
尴,觛,0.6976828925529057
尴,廆,0.6972845472800293
尴,廐,0.696548683358822
尴,虛,0.6956882236013034
尴,兤,0.6954396747957986
尴,屜,0.6951121066282685
尴,座,0.6948281741973337
