char1,char2,similarity
尳,尳,1.0
尳,尵,0.8242679732240262
尳,尰,0.8179755747215912
尳,尷,0.7841163673530939
尳,尬,0.7768828033507964
尳,尲,0.7427886709689902
尳,尮,0.729335889327081
尳,尥,0.7279118258080015
尳,尯,0.7258650236078283
尳,虒,0.7243745829256292
