char1,char2,similarity
尵,尵,1.0
尵,尳,0.8242679732240262
尵,尷,0.7985748223371996
尵,尰,0.7909930113690055
尵,尬,0.7837154835064353
尵,尯,0.7782172040675825
尵,馗,0.768417497131964
尵,尲,0.7559860274405432
尵,尥,0.7487271033042406
尵,尮,0.7471513737553159
