char1,char2,similarity
尰,尰,1.0
尰,尷,0.8200966094359229
尰,尳,0.8179755747215912
尰,尵,0.7909930113690055
尰,尮,0.753218988554906
尰,尯,0.7400761216275182
尰,馗,0.7370328045100931
尰,尬,0.7271194170745808
尰,尥,0.7254850294723293
尰,尲,0.7240451805127558
