char1,char2,similarity
就,就,1.0
就,魷,0.758512839230521
就,勍,0.7368698572572653
就,畒,0.7204447885873547
就,兢,0.7185481822501986
就,駀,0.7169005104899914
就,鈂,0.7163703220434625
就,鱿,0.7161339213354007
就,肬,0.7132520187338495
就,勅,0.7035762558051919
