char1,char2,similarity
尻,尻,1.0
尻,厉,0.8187842178007267
尻,屄,0.7505273178813894
尻,旵,0.7489752549071632
尻,戸,0.7470472373619427
尻,屉,0.7446779626718387
尻,昃,0.7443034593753012
尻,屎,0.7429363833359558
尻,屵,0.7425582266409326
尻,岊,0.7420921503774638
