char1,char2,similarity
局,局,1.0
局,凮,0.7780684035667395
局,周,0.7665391172459364
局,届,0.7570275495918358
局,貝,0.7531994829145952
局,凥,0.753019883332023
局,旵,0.7484475893769957
局,果,0.7477329341041375
局,舁,0.7456558171206423
局,层,0.745047134959275
