char1,char2,similarity
尼,尼,1.0
尼,氾,0.7806888386329183
尼,甩,0.7719069081211741
尼,尺,0.7718903219698903
尼,用,0.7701086243060292
尼,汜,0.7668040016923375
尼,爪,0.753369237523737
尼,足,0.751632038415208
尼,埕,0.7500792070492514
尼,尸,0.7487011202666968
