char1,char2,similarity
届,届,1.0
届,居,0.7982275602575861
届,辰,0.7678355664477631
届,屇,0.7660090760424536
届,厈,0.7643394876162547
届,杘,0.7637869002388491
届,周,0.7593828416846337
届,局,0.7570275495918358
届,眉,0.7526089535270076
届,乕,0.7515662104676468
