char1,char2,similarity
居,居,1.0
居,届,0.7982275602575861
居,圼,0.7851187982215942
居,压,0.7744964926458269
居,旵,0.7636613413303646
居,辰,0.7607969125949929
居,屈,0.7587766745912926
居,层,0.7587173171016979
居,乕,0.7577347289269829
居,屇,0.7540039120697165
