char1,char2,similarity
屉,屉,1.0
屉,尾,0.7867144587847156
屉,屜,0.7842021550027218
屉,屎,0.776437220955562
屉,屈,0.770952121872571
屉,屆,0.769158350087105
屉,巵,0.7679139525008363
屉,屋,0.7583013781671587
屉,屗,0.7572187914196876
屉,厇,0.7539755990346595
