char1,char2,similarity
屑,屑,1.0
屑,屇,0.7845367730825716
屑,屃,0.7698418170397104
屑,厎,0.7555841065825698
屑,屛,0.7544191565405615
屑,周,0.7514494902370797
屑,届,0.7504449225205791
屑,屍,0.744822192082768
屑,屠,0.7413010108571153
屑,凬,0.7393035127249585
