char1,char2,similarity
屓,屓,1.0
屓,屒,0.8366437310980063
屓,員,0.7965873597955032
屓,屟,0.7842130003186123
屓,屚,0.7722957422237546
屓,屄,0.7609519928926829
屓,屃,0.7564725096396707
屓,屏,0.753430281162592
屓,属,0.7517701954653249
屓,屌,0.7509606846990401
