char1,char2,similarity
屎,屎,1.0
屎,尾,0.777024040301365
屎,屉,0.776437220955562
屎,杘,0.7695756061642214
屎,厇,0.7548235563030233
屎,厈,0.7507583294177848
屎,居,0.7466046352287595
屎,尻,0.7429363833359558
屎,厪,0.742068680213707
屎,屋,0.7418727709771704
