char1,char2,similarity
屒,屒,1.0
屒,屓,0.8366437310980063
屒,屌,0.7861437756389308
屒,屖,0.7663594036231388
屒,屃,0.7652064463158947
屒,屟,0.7638507900971186
屒,屚,0.7604999974731235
屒,屍,0.7555068165414682
屒,員,0.7486016562021135
屒,屝,0.7466218047024412
