char1,char2,similarity
展,展,1.0
展,餍,0.7684699269126904
展,屜,0.761135918760437
展,屖,0.7592207253056849
展,屃,0.7586101168087486
展,屐,0.7570778838916218
展,屇,0.751110846027134
展,尾,0.7504976197497537
展,屍,0.7477036840791934
展,屄,0.7467192490560364
