char1,char2,similarity
屘,屘,1.0
屘,屗,0.8586152675688845
屘,覎,0.792364329194086
屘,屉,0.7430604653835483
屘,屐,0.7326131140176017
屘,耵,0.7320842670137954
屘,屜,0.722158744849694
屘,胝,0.720898264598719
屘,匨,0.7198207683512389
屘,镺,0.717810085329313
