char1,char2,similarity
屠,屠,1.0
屠,屌,0.7638831301476858
屠,屡,0.7473664577569425
屠,厜,0.7461132845673338
屠,屜,0.7455888790836381
屠,屆,0.7434628339867947
屠,屑,0.7413010108571153
屠,屟,0.7377784640270368
屠,厧,0.7366193783422034
屠,履,0.7366181302023201
