char1,char2,similarity
屚,屚,1.0
屚,屌,0.8078347138710011
屚,屓,0.7722957422237546
屚,屃,0.7631224693910772
屚,屒,0.7604999974731235
屚,厡,0.7599668074216943
屚,屟,0.7590997015932848
屚,屆,0.7521649620595869
屚,屍,0.7515771114887655
屚,畕,0.7506434328675138
