char1,char2,similarity
屜,屜,1.0
屜,屉,0.7842021550027218
屜,屐,0.7800956968120325
屜,屆,0.7717320245085978
屜,屙,0.7644037489211051
屜,屍,0.7623867437862468
屜,尾,0.7616022194559127
屜,展,0.761135918760437
屜,厪,0.75911705291001
屜,屛,0.7581583241751759
