char1,char2,similarity
屟,屟,1.0
屟,屓,0.7842130003186123
屟,屖,0.7763565483206941
屟,屌,0.7729322622642857
屟,屄,0.7715421047065052
屟,屃,0.7691876730126584
屟,屒,0.7638507900971186
屟,履,0.7616664210807952
屟,屚,0.7590997015932848
屟,屝,0.7548927228202994
