char1,char2,similarity
屙,屙,1.0
屙,厨,0.773713486373106
屙,屜,0.7644037489211051
屙,屍,0.7521138836992965
屙,胃,0.7456098074161652
屙,岗,0.7434253367854123
屙,屄,0.7352212703700945
屙,唇,0.7351223357627532
屙,罠,0.734445082787579
屙,斝,0.7285860804868407
