char1,char2,similarity
屛,屛,1.0
屛,屏,0.781465107240921
屛,屄,0.7781000917711872
屛,屆,0.7604687565636178
屛,屐,0.7588727747815158
屛,屇,0.75822004191834
屛,屜,0.7581583241751759
屛,厪,0.7563036934095193
屛,屑,0.7544191565405615
屛,厔,0.7497611445080102
