char1,char2,similarity
屢,屢,1.0
屢,屣,0.7675280143209291
屢,屩,0.7585148882574289
屢,屧,0.7553564712287856
屢,屬,0.7524848646920403
屢,屨,0.7504514137819027
屢,厬,0.7439885232284439
屢,屟,0.734488449488133
屢,屡,0.7338272706865591
屢,賡,0.7323329624861032
