char1,char2,similarity
屪,屪,1.0
屪,屫,0.7345795039438485
屪,屦,0.731842391284062
屪,屣,0.7274333305490831
屪,犀,0.7268949881151839
屪,屓,0.7238725459123453
屪,屬,0.7234950951078354
屪,屢,0.7229996993408929
屪,厥,0.7216964946046847
屪,巪,0.7184169506131056
