char1,char2,similarity
履,履,1.0
履,屦,0.7631597961354266
履,屟,0.7616664210807952
履,屡,0.744688278918588
履,屐,0.744273829544808
履,屠,0.7366181302023201
履,孱,0.735981790144788
履,屄,0.7344998971079107
履,厘,0.730845831452365
履,屚,0.7275396504012275
