char1,char2,similarity
屬,屬,1.0
屬,屢,0.7524848646920403
屬,屩,0.7437294862596884
屬,羼,0.7424496203262347
屬,屣,0.7353039257896398
屬,虜,0.7319209000259992
屬,厬,0.7314695198409767
屬,屪,0.7234950951078354
屬,屚,0.7198958132357685
屬,屧,0.7197400533983498
