char1,char2,similarity
山,山,1.0
山,凵,0.8683454239256164
山,丨,0.8349798055551159
山,由,0.8270576305535047
山,巾,0.8204840227548965
山,田,0.817562799128491
山,甴,0.8165022453691358
山,出,0.8154092302490781
山,凹,0.8144506128562773
山,凷,0.8131950259333478
