char1,char2,similarity
屲,屲,1.0
屲,丄,0.803222422361455
屲,山,0.7920141130361941
屲,丨,0.7835993029656347
屲,冚,0.7756579615574589
屲,卐,0.7734635529874264
屲,工,0.7729461067943911
屲,岀,0.7684338486290629
屲,亅,0.7643191611955776
屲,门,0.7609876339713706
