char1,char2,similarity
屷,屷,1.0
屷,岄,0.7993941901137378
屷,屻,0.7793266970218993
屷,岲,0.7682263048520904
屷,奶,0.7676423985084171
屷,岨,0.7663901316304846
屷,岴,0.7654050973187992
屷,扔,0.7510141013678039
屷,岶,0.7509887700077291
屷,幅,0.7464765916271018
