char1,char2,similarity
屺,屺,1.0
屺,圮,0.7747413610368239
屺,岵,0.7731672475699819
屺,蛆,0.7618366050169161
屺,玘,0.7546774840390953
屺,屹,0.7532232659670618
屺,岈,0.7500302163772484
屺,杞,0.7492226850492387
屺,帜,0.7475281707808513
屺,纪,0.7422628612275621
