char1,char2,similarity
屿,屿,1.0
屿,畇,0.7729931838337158
屿,帩,0.756136945161034
屿,帕,0.749808485599155
屿,屹,0.7495118708418679
屿,圴,0.7444493666173815
屿,喃,0.7442012918836263
屿,屷,0.7413997932749338
屿,岄,0.7410973468185563
屿,怍,0.7392675326825432
