char1,char2,similarity
屹,屹,1.0
屹,蛇,0.7754985497067183
屹,蚱,0.7585445565355431
屹,虼,0.7565960800658489
屹,亁,0.7549548462307373
屹,屺,0.7532232659670618
屹,屿,0.7495118708418679
屹,帆,0.7475779878940498
屹,蚐,0.7462523507386954
屹,岵,0.7444336037184888
