char1,char2,similarity
岇,岇,1.0
岇,屵,0.7634116202897587
岇,屴,0.751078508698109
岇,屶,0.7463409113096182
岇,宀,0.7456159697547932
岇,凵,0.7375286520020166
岇,岀,0.7328986442776313
岇,印,0.7324005965845155
岇,岿,0.7299677634825091
岇,皍,0.7296922692803336
