char1,char2,similarity
岉,岉,1.0
岉,圽,0.7989247515307435
岉,肳,0.7723615266866527
岉,昒,0.7624706464930123
岉,岒,0.7606687744743948
岉,岣,0.7574196945966828
岉,歾,0.7565973249873726
岉,峋,0.7562622369123925
岉,崯,0.7561875624107381
岉,崐,0.7561233093128312
