char1,char2,similarity
岃,岃,1.0
岃,屶,0.8479839047610388
岃,屵,0.7701680625834341
岃,耑,0.7631875061213061
岃,丿,0.7582313680264754
岃,屴,0.7494830641257345
岃,士,0.7446749280367002
岃,乛,0.7430519262109699
岃,貞,0.7425206859135445
岃,岜,0.7393125099534125
