char1,char2,similarity
岁,岁,1.0
岁,罗,0.7965984076772228
岁,芕,0.7673086932939523
岁,岦,0.764247654922575
岁,亅,0.7542052707738613
岁,扌,0.7521164710598207
岁,丨,0.7513802417466051
岁,宀,0.750960422810129
岁,冫,0.7505909023705386
岁,屴,0.7503028851660197
