char1,char2,similarity
岒,岒,1.0
岒,崄,0.814302691148717
岒,坅,0.8118264153644715
岒,枔,0.8104970375940039
岒,岭,0.8092590712310702
岒,崯,0.7977031920869794
岒,蚙,0.7934338412155268
岒,峆,0.7932554796323317
岒,峙,0.7913047026247572
岒,昑,0.789544588251181
