char1,char2,similarity
岑,岑,1.0
岑,岺,0.8298106406616426
岑,岕,0.8001883911022419
岑,芩,0.7880959013867989
岑,峑,0.7878044392158358
岑,峜,0.7702906099447961
岑,峇,0.7655581260364727
岑,丨,0.7596426904236344
岑,丰,0.759344288356389
岑,一,0.7575936566095809
