char1,char2,similarity
岓,岓,1.0
岓,圻,0.8140234363120966
岓,忻,0.7983675592763859
岓,听,0.7932879406364183
岓,妡,0.7905429392220594
岓,岏,0.7817811423121318
岓,炘,0.7793377448883287
岓,岴,0.7700634276877536
岓,屼,0.7642134684696054
岓,岬,0.7633517795605506
