char1,char2,similarity
岎,岎,1.0
岎,帉,0.8192497260686271
岎,蚡,0.7999159417389916
岎,昐,0.7932347893501989
岎,峅,0.7860546763201478
岎,岆,0.7595421331850409
岎,岓,0.7571555557749957
岎,峴,0.7565387475101261
岎,衯,0.7549962469339095
岎,崄,0.7542360420790623
