char1,char2,similarity
岌,岌,1.0
岌,芨,0.7914791531347118
岌,笈,0.7613442442696948
岌,岚,0.7364305389731145
岌,岢,0.7305271871754893
岌,支,0.7304609567282893
岌,攵,0.7280067916271218
岌,浸,0.724919653015357
岌,昰,0.7237212360781674
岌,蚩,0.7234870049376101
