char1,char2,similarity
岐,岐,1.0
岐,蚑,0.8135684738554636
岐,敁,0.8073013674542329
岐,衼,0.7853575018018684
岐,歧,0.7812799285269155
岐,攱,0.7687951204064757
岐,跂,0.7619326662284346
岐,诐,0.760755895248379
岐,披,0.7604751761778774
岐,屸,0.7566006744712879
