char1,char2,similarity
岍,岍,1.0
岍,冊,0.7515001040314964
岍,钘,0.7489948069025282
岍,鈃,0.7475627927090108
岍,岎,0.7463797304852134
岍,岄,0.7447684854290795
岍,枅,0.7443881504470684
岍,蚈,0.7418231719560935
岍,岐,0.7374855545056161
岍,蚜,0.7366809829778924
