char1,char2,similarity
岝,岝,1.0
岝,乛,0.7568212831385214
岝,韦,0.7485945275140701
岝,屶,0.7448875769386587
岝,节,0.7436741532678494
岝,丶,0.7425201128531763
岝,屵,0.7423675620725849
岝,歺,0.7422917783075569
岝,岿,0.7422442270631822
岝,苲,0.7395057104291999
