char1,char2,similarity
岘,岘,1.0
岘,觇,0.8350231927924229
岘,峴,0.7936166350590452
岘,蚬,0.7908969072345227
岘,现,0.7742872125894634
岘,幌,0.7717234189487859
岘,观,0.7649782435325844
岘,岲,0.7632800863096763
岘,崼,0.7632603693206168
岘,砚,0.7543902852964693
