char1,char2,similarity
岜,岜,1.0
岜,岂,0.8727882301288667
岜,笆,0.793953026326533
岜,邑,0.7795277899172628
岜,畄,0.7784876415662275
岜,申,0.7652560476113333
岜,巨,0.7614688819400994
岜,屵,0.7602623447538918
岜,亗,0.753157133171411
岜,士,0.7506819444491933
