char1,char2,similarity
岚,岚,1.0
岚,岢,0.7516616701491696
岚,凤,0.7480404441380377
岚,峎,0.7388521300744472
岚,鼠,0.7374346391679097
岚,岌,0.7364305389731145
岚,嵐,0.7355687205199425
岚,風,0.7343550710246504
岚,嵗,0.7325062454558369
岚,风,0.7311033078631818
