char1,char2,similarity
岞,岞,1.0
岞,祚,0.7993579905235048
岞,拃,0.7876844670402049
岞,峗,0.7742498339231167
岞,岯,0.7671289123513496
岞,峠,0.7622022646223655
岞,屽,0.7621072149103973
岞,柞,0.7610833511860576
岞,昨,0.7597317467406751
岞,妰,0.7555573140124612
