char1,char2,similarity
岦,岦,1.0
岦,笠,0.7868435802541025
岦,汖,0.7674997105516645
岦,岁,0.764247654922575
岦,立,0.7519199202373901
岦,壬,0.7500825487097302
岦,玊,0.7500128286514475
岦,丨,0.7442268678063095
岦,巴,0.7440074799316203
岦,豆,0.7417952939516683
