char1,char2,similarity
岣,岣,1.0
岣,峋,0.8260642175399795
岣,岶,0.7920508236014738
岣,怐,0.7630070856903204
岣,蚼,0.7580321402101838
岣,岉,0.7574196945966828
岣,蚫,0.7571991688315366
岣,岾,0.7548951135110876
岣,袧,0.7548478325424052
岣,峭,0.753001051412603
