char1,char2,similarity
岠,岠,1.0
岠,岨,0.8144367369839449
岠,昛,0.8138351007864988
岠,岬,0.7818862339169257
岠,峒,0.7696575213930387
岠,岷,0.7665513655694965
岠,崆,0.7651609612234754
岠,砸,0.7644874518691699
岠,屽,0.7622605369072446
岠,讵,0.7607768019507277
