char1,char2,similarity
岤,岤,1.0
岤,坹,0.8183430638148338
岤,峖,0.7662440835870372
岤,峧,0.7647768070688484
岤,屼,0.7610666467314942
岤,袕,0.7575177646310772
岤,岏,0.7569647710930456
岤,峔,0.7561852583462608
岤,抭,0.7560958577794651
岤,嶼,0.7546516820871342
