char1,char2,similarity
岫,岫,1.0
岫,紬,0.7872916961266768
岫,峒,0.7784372530043842
岫,岾,0.7740038125954032
岫,峋,0.7734720133935491
岫,岷,0.7697381497818614
岫,岶,0.761828315167261
岫,峤,0.757937955927864
岫,蚰,0.7555723618963804
岫,岹,0.7499973392902791
