char1,char2,similarity
岱,岱,1.0
岱,丗,0.7592128116865029
岱,岙,0.7534294125041429
岱,岳,0.7460003935975457
岱,缶,0.7457599054354835
岱,岔,0.7443742351884324
岱,伍,0.744102205458911
岱,仚,0.7405359100938835
岱,击,0.7403177722139788
岱,恾,0.7393747000166738
