char1,char2,similarity
岯,岯,1.0
岯,峘,0.8084463494618914
岯,呸,0.7892084948549849
岯,峌,0.7759401401768978
岯,屸,0.7673655315512713
岯,岞,0.7671289123513496
岯,坯,0.7657054790629637
岯,坏,0.7647692036746675
岯,崦,0.7617078262264139
岯,柸,0.7610853966496554
