char1,char2,similarity
岮,岮,1.0
岮,坨,0.7893562775567892
岮,拕,0.7735940800513302
岮,袉,0.7700285569995076
岮,峋,0.7673480250635722
岮,峆,0.7671694278709942
岮,紽,0.7659276679924985
岮,峅,0.7622065239107871
岮,砣,0.7615662123043367
岮,炨,0.7602002045406955
