char1,char2,similarity
岰,岰,1.0
岰,蚴,0.7849896604165395
岰,袎,0.782999535958094
岰,柪,0.773643093245294
岰,詏,0.7647443930959801
岰,蜐,0.7477072456092875
岰,峔,0.7466415623001261
岰,軪,0.7440363435708982
岰,岞,0.7311815605084439
岰,蝴,0.7279285808491923
