char1,char2,similarity
岭,岭,1.0
岭,岒,0.8092590712310702
岭,蛉,0.7941069004296116
岭,峙,0.7842347325407941
岭,聆,0.7830256191910018
岭,峰,0.7804437715825825
岭,蚙,0.7800892151540807
岭,坽,0.7793482014974589
岭,崄,0.77471646573159
岭,畍,0.7745234016248366
