char1,char2,similarity
岴,岴,1.0
岴,屸,0.8018152634438758
岴,岨,0.8003364952381956
岴,坵,0.7994336490678134
岴,岲,0.7719294483380187
岴,毗,0.7702795752262909
岴,岓,0.7700634276877536
岴,岻,0.7693917715832596
岴,岶,0.7672853376835134
岴,屷,0.7654050973187992
