char1,char2,similarity
岺,岺,1.0
岺,岑,0.8298106406616426
岺,峜,0.7901250707951774
岺,峇,0.7816850387035514
岺,峑,0.7688178648794496
岺,岕,0.7681088054829619
岺,芩,0.7679784192978248
岺,苓,0.7630044639999477
岺,一,0.7579862808423412
岺,丨,0.7558409784117875
