char1,char2,similarity
岵,岵,1.0
岵,蛄,0.8743585242504451
岵,軲,0.7980880029758943
岵,帖,0.7778751921844136
岵,屺,0.7731672475699819
岵,跍,0.7704652904450257
岵,秙,0.7627635334166233
岵,骷,0.7554958203294991
岵,蛀,0.7528121511023266
岵,祜,0.7513310938569396
