char1,char2,similarity
岶,岶,1.0
岶,岾,0.8554613210046416
岶,岣,0.7920508236014738
岶,袙,0.7906133774715757
岶,铂,0.7883844281635027
岶,砶,0.7863582540425976
岶,怕,0.7836531993667775
岶,峋,0.7835262716270147
岶,峭,0.7769182196607121
岶,岹,0.7744337902598597
