char1,char2,similarity
岳,岳,1.0
岳,丟,0.7750944535480859
岳,弖,0.7677900219117785
岳,乎,0.7669763783543093
岳,岙,0.7611451206800204
岳,丐,0.760080775054443
岳,一,0.7571060161337886
岳,呈,0.7545002174797161
岳,丢,0.7509346765924182
岳,壬,0.7505108673447742
