char1,char2,similarity
峁,峁,1.0
峁,岪,0.7787921903374435
峁,茆,0.7755212233470398
峁,内,0.747264918880383
峁,岗,0.7402169650882435
峁,卯,0.7380416911234299
峁,肉,0.7354486694863015
峁,卵,0.729770056687505
峁,丱,0.729011969523235
峁,弗,0.7282072069367217
