char1,char2,similarity
岿,岿,1.0
岿,屶,0.7506077501511054
岿,岝,0.7422442270631822
岿,亢,0.7389207103414006
岿,岇,0.7299677634825091
岿,峝,0.7254482828263736
岿,岃,0.7235766988246443
岿,弄,0.7232684535106668
岿,乛,0.7228099445474304
岿,挡,0.7226327851459701
