char1,char2,similarity
峀,峀,1.0
峀,由,0.7980441747704858
峀,屴,0.779286696578531
峀,山,0.7754115801422177
峀,甴,0.771979915130811
峀,击,0.749002487241135
峀,卐,0.7469145570191768
峀,冚,0.745537699720562
峀,囝,0.7405742529298942
峀,巾,0.7334476978625543
