char1,char2,similarity
峅,峅,1.0
峅,岎,0.7860546763201478
峅,峠,0.7760415237126362
峅,岼,0.773040052674587
峅,峆,0.7722093831928434
峅,峤,0.7677165639177314
峅,拚,0.7667658618394476
峅,峙,0.7623952880166208
峅,岮,0.7622065239107871
峅,崲,0.7574524297476589
