char1,char2,similarity
岼,岼,1.0
岼,屽,0.824486625979794
岼,蚲,0.818861328169661
岼,峠,0.7981183042301031
岼,岬,0.7978998950701272
岼,崞,0.7809147732062566
岼,峅,0.773040052674587
岼,岭,0.772404953896448
岼,峺,0.7695416611531497
岼,忤,0.7633494201810843
