char1,char2,similarity
峄,峄,1.0
峄,铎,0.7878775349748456
峄,绎,0.7426402843734898
峄,屸,0.7382413699186074
峄,帏,0.7365773058611476
峄,岼,0.7354294272343368
峄,峰,0.7313741271038411
峄,怿,0.7310967060281832
峄,岻,0.7306718127412781
峄,岭,0.7306541563856613
