char1,char2,similarity
峋,峋,1.0
峋,岣,0.8260642175399795
峋,岶,0.7835262716270147
峋,岫,0.7734720133935491
峋,岾,0.7713515938340405
峋,岮,0.7673480250635722
峋,岹,0.7654312135665384
峋,栒,0.7624332259886936
峋,峅,0.7563059935244414
峋,岉,0.7562622369123925
