char1,char2,similarity
峎,峎,1.0
峎,崀,0.7647327313524678
峎,嵬,0.7518125889380736
峎,赏,0.7459212393693045
峎,支,0.7451681048419695
峎,岚,0.7388521300744472
峎,氬,0.7354497767773209
峎,嵐,0.7353251349074167
峎,蛗,0.7319298013393184
峎,這,0.7294624758320936
