char1,char2,similarity
峈,峈,1.0
峈,峂,0.8375722363115782
峈,蛒,0.8061138009266322
峈,峆,0.7752417026510269
峈,赂,0.770586395886094
峈,峼,0.7608499703450957
峈,衉,0.7559362773912726
峈,臵,0.7544236931601663
峈,格,0.7522475486575101
峈,峅,0.7521776022794431
