char1,char2,similarity
峍,峍,1.0
峍,崞,0.8105768115533813
峍,峠,0.8040022952742608
峍,崲,0.7959780177425243
峍,峓,0.7949221781885756
峍,岒,0.7820388813049232
峍,崥,0.7706603355158494
峍,崹,0.769269856337092
峍,悼,0.765517224615324
峍,悍,0.7644746838509661
