char1,char2,similarity
峌,峌,1.0
峌,晊,0.8077462865172526
峌,铚,0.785485481566507
峌,岯,0.7759401401768978
峌,咥,0.7721194487080072
峌,峘,0.7710890260074937
峌,垤,0.7683966265308712
峌,崦,0.7550610311734731
峌,岠,0.7548937922833497
峌,祬,0.7499036954831814
