char1,char2,similarity
峘,峘,1.0
峘,岯,0.8084463494618914
峘,峌,0.7710890260074937
峘,姮,0.7640996920230645
峘,蟺,0.7637207070363045
峘,岠,0.7570344650802937
峘,垣,0.7569412679804517
峘,峬,0.7491740138878926
峘,嵯,0.7469545107990594
峘,絙,0.7438371150085208
