char1,char2,similarity
峑,峑,1.0
峑,峜,0.8053559122191029
峑,崟,0.8006642566033606
峑,峚,0.7954195264065151
峑,筌,0.7914222242593729
峑,岑,0.7878044392158358
峑,岕,0.7737831917850819
峑,峇,0.7717179889251738
峑,岺,0.7688178648794496
峑,玍,0.7583097831804871
