char1,char2,similarity
峒,峒,1.0
峒,姛,0.7962084724663008
峒,岹,0.7816091887010878
峒,岫,0.7784372530043842
峒,峤,0.7749165366212616
峒,岠,0.7696575213930387
峒,岷,0.7671205947868268
峒,嵧,0.7592575016326566
峒,峥,0.7545853462421594
峒,峋,0.7532818956931744
