char1,char2,similarity
峗,峗,1.0
峗,姽,0.7955240751313186
峗,峏,0.7884082050908642
峗,峣,0.7753673334993086
峗,岞,0.7742498339231167
峗,恑,0.7687127142353537
峗,脆,0.7604784659524498
峗,嵣,0.7589640787023191
峗,峫,0.7550946383760305
峗,跪,0.7534619671712383
