char1,char2,similarity
峖,峖,1.0
峖,峧,0.8224604084130486
峖,峐,0.7956708934712211
峖,铵,0.7837904071761674
峖,垵,0.7783305068400491
峖,崃,0.7718434113139809
峖,峠,0.7680863442478513
峖,岤,0.7662440835870372
峖,胺,0.7653364460277782
峖,岮,0.7598675785025146
