char1,char2,similarity
峚,峚,1.0
峚,峑,0.7954195264065151
峚,旹,0.7643846916643614
峚,峜,0.7577549720722849
峚,坴,0.7566236260576876
峚,崟,0.7559487473769327
峚,埊,0.7558601498154809
峚,盎,0.7547869107424353
峚,葢,0.7530415950944142
峚,妛,0.750028477781236
