char1,char2,similarity
峠,峠,1.0
峠,崃,0.8159437317315462
峠,峍,0.8040022952742608
峠,岼,0.7981183042301031
峠,裃,0.7855003872541647
峠,岒,0.7842309316005986
峠,峙,0.7837548537853571
峠,峬,0.7802901056796699
峠,崹,0.7775174118464863
峠,峧,0.7767970103426777
