char1,char2,similarity
峛,峛,1.0
峛,峝,0.7909303187443436
峛,峲,0.7786932404917681
峛,刿,0.7529142780735155
峛,岗,0.7371334181556451
峛,训,0.7326887427498977
峛,剆,0.7321532431149225
峛,嵓,0.7285967513813429
峛,罰,0.7285583701856796
峛,豈,0.7271019513779705
