char1,char2,similarity
峭,峭,1.0
峭,硝,0.7788832991713717
峭,岶,0.7769182196607121
峭,岣,0.753001051412603
峭,岾,0.7523437385142789
峭,峋,0.7497622909841756
峭,屻,0.7470101627373315
峭,岬,0.7404542903711876
峭,蛸,0.7390961967499109
峭,岫,0.7384148827855728
