char1,char2,similarity
峧,峧,1.0
峧,峖,0.8224604084130486
峧,晈,0.7892225234419421
峧,峐,0.7862896295485989
峧,姣,0.785616984287586
峧,校,0.7816785090753042
峧,铰,0.7804643405210197
峧,峠,0.7767970103426777
峧,嵖,0.7763990901311856
峧,皎,0.7737559683035458
