char1,char2,similarity
峬,峬,1.0
峬,铺,0.7888955049321981
峬,峠,0.7802901056796699
峬,脯,0.7684643606760228
峬,峧,0.7661359022082753
峬,崃,0.7622659028527025
峬,悑,0.7611687792003099
峬,辅,0.7610950947377073
峬,嵖,0.7503702191106453
峬,崡,0.7494103047501378
