char1,char2,similarity
峩,峩,1.0
峩,莪,0.7486144447400034
峩,嵗,0.726014507834791
峩,安,0.7166376093162702
峩,崋,0.715814077132005
峩,崖,0.7136233078148622
峩,峟,0.7117427484571955
峩,兂,0.7093841535139476
峩,嵔,0.7073938678118274
峩,岌,0.7057652433933514
