char1,char2,similarity
峨,峨,1.0
峨,蛾,0.7682285980095608
峨,岮,0.7441760222875876
峨,餓,0.741241909248023
峨,岒,0.7395352057921024
峨,峆,0.7366174795637891
峨,鋨,0.7353227138047148
峨,屼,0.7342955448820054
峨,峙,0.7339317431512176
峨,岭,0.7310788290045226
