char1,char2,similarity
島,島,1.0
島,農,0.7474128657683888
島,蛗,0.7471271684914981
島,鳪,0.7389140706538633
島,臯,0.7319889986627826
島,离,0.7316814003148399
島,弓,0.7297490392931965
島,粤,0.7291255501855145
島,鳭,0.7277903596371081
島,鴰,0.7252672606802999
