char1,char2,similarity
峰,峰,1.0
峰,蜂,0.8448368901070079
峰,锋,0.7937398370561208
峰,綘,0.7901615806621771
峰,岭,0.7804437715825825
峰,岼,0.7606727404646468
峰,捀,0.7594973189634404
峰,幃,0.758558676756315
峰,峙,0.7563958075766609
峰,鋒,0.7530543777899621
