char1,char2,similarity
峮,峮,1.0
峮,峿,0.7948322913779805
峮,峼,0.7735838263077897
峮,崐,0.7616864593033756
峮,岉,0.7503382857747013
峮,崸,0.7501948446564677
峮,峴,0.7460457046404357
峮,嵈,0.7447828917820837
峮,嶖,0.7442567831243638
峮,崌,0.7432602448219143
