char1,char2,similarity
峱,峱,1.0
峱,犴,0.7415594152341759
峱,狅,0.7292450134489166
峱,狠,0.724407302090378
峱,犯,0.7232776194335951
峱,狂,0.7203351277136977
峱,独,0.7091398525212148
峱,犿,0.7083804766592958
峱,晤,0.7077119145243276
峱,狼,0.706373641221381
