char1,char2,similarity
峵,峵,1.0
峵,嵣,0.7801010156310617
峵,崃,0.7707180197860728
峵,嵢,0.7683088442649136
峵,嶕,0.7682609598300901
峵,嶒,0.7676497413404588
峵,峧,0.7602748191571982
峵,岥,0.7514785366129129
峵,嶂,0.7496576842636237
峵,峖,0.7464338501646735
