char1,char2,similarity
峺,峺,1.0
峺,粳,0.7942601743016814
峺,岲,0.7840206401633477
峺,崐,0.7732122195647997
峺,崸,0.7729405036676515
峺,岼,0.7695416611531497
峺,峴,0.7605167664364313
峺,幊,0.7583099955324196
峺,嶑,0.7559905736972268
峺,岟,0.7536820862932532
