char1,char2,similarity
峽,峽,1.0
峽,峡,0.8293262339679659
峽,岟,0.8241397160968134
峽,崍,0.803855247207875
峽,裌,0.803695277162623
峽,埉,0.7937050242709495
峽,崃,0.790378464976726
峽,峓,0.7798429413211819
峽,岆,0.7774639915132858
峽,崠,0.7772540009720744
