char1,char2,similarity
崀,崀,1.0
崀,莨,0.776929633818822
崀,直,0.7713860843730472
崀,峎,0.7647327313524678
崀,茛,0.7534860112202122
崀,言,0.7503890064430236
崀,贞,0.7484375541873435
崀,峞,0.7477722976150362
崀,崽,0.7464197189891735
崀,巪,0.7452991479101
