char1,char2,similarity
峸,峸,1.0
峸,巁,0.7778017260457245
峸,絾,0.7747408291689154
峸,岥,0.7668888064472343
峸,臹,0.7638262968425598
峸,峴,0.7569626132360485
峸,嵣,0.7543043028190125
峸,誠,0.7529188709900524
峸,崛,0.7451667260774281
峸,岎,0.744385993998109
