char1,char2,similarity
峼,峼,1.0
峼,峿,0.8149654518498978
峼,屽,0.8047169796784966
峼,皓,0.7842775754900944
峼,聕,0.7788552448482639
峼,峮,0.7735838263077897
峼,峆,0.7716507221897002
峼,銡,0.7611774168693144
峼,锆,0.7609064298581181
峼,峈,0.7608499703450957
