char1,char2,similarity
崂,崂,1.0
崂,峠,0.7668767969702448
崂,峣,0.7595960297585985
崂,崻,0.7595075189808661
崂,峧,0.7576290436569993
崂,嶗,0.7553614558685936
崂,崹,0.7553101124313641
崂,耢,0.751444911936308
崂,崷,0.744800847216965
崂,嵁,0.7436665522807135
