char1,char2,similarity
崃,崃,1.0
崃,崍,0.8352160667911703
崃,峠,0.8159437317315462
崃,峽,0.790378464976726
崃,峖,0.7718434113139809
崃,峵,0.7707180197860728
崃,嵖,0.7704169634111354
崃,峧,0.7647371006897553
崃,峬,0.7622659028527025
崃,崥,0.7614036338147103
