char1,char2,similarity
崈,崈,1.0
崈,峹,0.758406615329624
崈,烹,0.7293564276195177
崈,亨,0.7265082227848958
崈,妻,0.7215853438955354
崈,寕,0.7182351257054186
崈,峚,0.7170759002313913
崈,窟,0.7166559300638027
崈,坴,0.7154110638250817
崈,冚,0.7149489486798951
