char1,char2,similarity
崇,崇,1.0
崇,票,0.7665949332171688
崇,禁,0.7519524326394763
崇,嵅,0.7498476826747723
崇,壵,0.7485563159094194
崇,累,0.7451426866249127
崇,粜,0.742900473579974
崇,巣,0.7417538031790836
崇,臬,0.741102032366981
崇,朿,0.7401457285449593
