char1,char2,similarity
崊,崊,1.0
崊,綝,0.7632150243874577
崊,帡,0.7527773738388048
崊,岉,0.7417739839986467
崊,嶠,0.7350621992180841
崊,岒,0.7295005422168578
崊,崤,0.7293839858254715
崊,蛢,0.7273953121794341
崊,峍,0.7260719121769339
崊,嶵,0.7257037275675238
