char1,char2,similarity
崄,崄,1.0
崄,崯,0.8220815392934887
崄,岒,0.814302691148717
崄,峆,0.8117819383836614
崄,帢,0.7934320641754712
崄,嵖,0.783548008393536
崄,崲,0.7812851929128639
崄,崎,0.7800555926741171
崄,岭,0.77471646573159
崄,崉,0.7685245024424263
