char1,char2,similarity
崋,崋,1.0
崋,畢,0.835601727342608
崋,聿,0.7688944706640816
崋,單,0.7642302412905736
崋,崖,0.7595591138657585
崋,草,0.7475032230172106
崋,宋,0.7395252007516193
崋,掌,0.7381408790016778
崋,翠,0.7353934727826088
崋,枽,0.7341216830073137
