char1,char2,similarity
崉,崉,1.0
崉,崠,0.7758576476052096
崉,帢,0.7745090043879074
崉,岒,0.7738732149688028
崉,崎,0.7735823079640307
崉,崄,0.7685245024424263
崉,峙,0.7621048958933373
崉,峆,0.7600340878166402
崉,岭,0.7583544432543933
崉,崍,0.7528832636210596
