char1,char2,similarity
崌,崌,1.0
崌,蜛,0.7863169214250136
崌,鋸,0.7797386560794277
崌,嵋,0.7652428104919641
崌,崛,0.7641906928545152
崌,崓,0.7517213241608844
崌,崰,0.7514425310670793
崌,裾,0.7506315881995373
崌,嵃,0.7484946952863532
崌,崅,0.7468375922752812
