char1,char2,similarity
崎,崎,1.0
崎,崠,0.782462808028639
崎,埼,0.7802420693076504
崎,崄,0.7800555926741171
崎,崉,0.7735823079640307
崎,崯,0.7722955278899726
崎,綺,0.7722679386139194
崎,嶛,0.771774595663943
崎,崨,0.7717379215558713
崎,崞,0.77034421549528
