char1,char2,similarity
崍,崍,1.0
崍,崃,0.8352160667911703
崍,峽,0.803855247207875
崍,崠,0.789373214020264
崍,誺,0.765574010462654
崍,峠,0.7643954320785104
崍,嶛,0.7614438813768506
崍,帓,0.7601220237059607
崍,崉,0.7528832636210596
崍,峡,0.7521733374803677
