char1,char2,similarity
崑,崑,1.0
崑,嵔,0.763580814321533
崑,冕,0.7630727936374267
崑,竟,0.7505409211149707
崑,嵐,0.7495276024872509
崑,覓,0.7473083098871675
崑,崫,0.7443002895694381
崑,臰,0.7438643758083414
崑,萞,0.7405107330146689
崑,盅,0.7386008979936386
