char1,char2,similarity
崞,崞,1.0
崞,蜳,0.8163137536952925
崞,峍,0.8105768115533813
崞,埻,0.8020574411627133
崞,嵉,0.7953090642093382
崞,蝏,0.7887646689705051
崞,崥,0.7824821904456738
崞,岼,0.7809147732062566
崞,屽,0.7808237962352127
崞,岒,0.775183742416057
