char1,char2,similarity
崙,崙,1.0
崙,菕,0.790646671297715
崙,峞,0.7299747842622918
崙,嵛,0.7284079911254145
崙,嶣,0.7273200089602206
崙,衁,0.7244913900634735
崙,克,0.7226693900957161
崙,佭,0.721968128825975
崙,嶲,0.7217562307182868
崙,畓,0.7175744804018134
