char1,char2,similarity
崟,崟,1.0
崟,峑,0.8006642566033606
崟,峇,0.7710295192235017
崟,銎,0.7599827141879034
崟,峚,0.7559487473769327
崟,岺,0.7484002590963053
崟,坴,0.747780321665905
崟,鉴,0.7469688204718012
崟,銮,0.7442914733400168
崟,峜,0.7439054021553045
