char1,char2,similarity
崗,崗,1.0
崗,閊,0.778942870447703
崗,閑,0.7680068856921228
崗,閜,0.7543566260454808
崗,閎,0.7541933995895517
崗,関,0.7510780341178718
崗,閏,0.7490835606652597
崗,閒,0.7489912639892431
崗,閚,0.7489444804803941
崗,間,0.7464010404489461
