char1,char2,similarity
崢,崢,1.0
崢,崪,0.7759506306981927
崢,峥,0.7745276699459498
崢,崥,0.7633334713174869
崢,峿,0.7611594421789633
崢,嵈,0.7610281004899067
崢,崼,0.7583222338164576
崢,崏,0.758123850602242
崢,嵄,0.7578683166832143
崢,崸,0.7516599880515314
