char1,char2,similarity
崡,崡,1.0
崡,峏,0.7703741582182972
崡,蜬,0.7666500263899965
崡,峢,0.7532970171488944
崡,崓,0.7527422167264438
崡,峬,0.7494103047501378
崡,嶇,0.7459167566856146
崡,嵋,0.741654896480004
崡,綑,0.7401071281869853
崡,崰,0.7386357291552301
