char1,char2,similarity
崨,崨,1.0
崨,蜨,0.8174174802736051
崨,崠,0.7804327976559855
崨,崚,0.7793715407394006
崨,嵮,0.77630917246013
崨,崎,0.7717379215558713
崨,峓,0.7667647777631237
崨,嶛,0.7662268808466832
崨,崄,0.7635153261794178
崨,崞,0.7576067881848275
