char1,char2,similarity
崦,崦,1.0
崦,裺,0.7973850424514775
崦,硽,0.7914486808356737
崦,掩,0.7713434951723952
崦,崳,0.7666417844367244
崦,岯,0.7617078262264139
崦,峌,0.7550610311734731
崦,峔,0.7543936392817304
崦,峆,0.7494058815150486
崦,晻,0.7492533310328477
