char1,char2,similarity
崠,崠,1.0
崠,岆,0.7989019839812619
崠,崲,0.7955128697169641
崠,嶛,0.7922449270693384
崠,崍,0.789373214020264
崠,崎,0.782462808028639
崠,崨,0.7804327976559855
崠,蝀,0.7795248473113531
崠,峓,0.7786790405177005
崠,峽,0.7772540009720744
