char1,char2,similarity
崲,崲,1.0
崲,锽,0.8002121645008716
崲,峍,0.7959780177425243
崲,崠,0.7955128697169641
崲,峓,0.7877706083338948
崲,崯,0.7865929050679751
崲,崄,0.7812851929128639
崲,鍠,0.7737227804026885
崲,螲,0.7726608115541663
崲,岒,0.772630389379782
