char1,char2,similarity
崳,崳,1.0
崳,蝓,0.8237272771359595
崳,崘,0.8009031810964305
崳,嵢,0.7826402497608331
崳,諭,0.7735014710302061
崳,褕,0.766940904888149
崳,崦,0.7666417844367244
崳,嶓,0.7660295119474817
崳,緰,0.7568627877175991
崳,崹,0.7564737862372989
