char1,char2,similarity
崱,崱,1.0
崱,萴,0.7711209174295097
崱,崮,0.7464679313943406
崱,则,0.7421057945590163
崱,刖,0.7414640180637789
崱,曰,0.740626823286736
崱,魝,0.7394791480092697
崱,鄖,0.7373765330098704
崱,内,0.7358808018784153
崱,嶎,0.734314676775974
