char1,char2,similarity
崬,崬,1.0
崬,菄,0.7996846484220315
崬,萰,0.7836004601925601
崬,粜,0.7630141139200866
崬,案,0.7478400097631379
崬,榮,0.7413864043639259
崬,罺,0.7394390403953568
崬,柬,0.7368432368055443
崬,枽,0.7362032267148886
崬,夹,0.735291545517094
