char1,char2,similarity
崽,崽,1.0
崽,葸,0.7660684657791839
崽,急,0.762793122944573
崽,恚,0.7610657091658295
崽,慁,0.7556482360681825
崽,忠,0.7499705854937404
崽,崀,0.7464197189891735
崽,堪,0.7430342319044967
崽,聿,0.7430278462696649
崽,夷,0.7416359421895588
