char1,char2,similarity
崹,崹,1.0
崹,崪,0.8162638912045042
崹,嵉,0.784578408086064
崹,峠,0.7775174118464863
崹,碲,0.7752338498265596
崹,楴,0.775118102184483
崹,崝,0.769410507029428
崹,峍,0.769269856337092
崹,嵃,0.7649672756865586
崹,褅,0.762468370896228
