char1,char2,similarity
崻,崻,1.0
崻,溡,0.7690127220903547
崻,崂,0.7595075189808661
崻,嶓,0.758494099096102
崻,崷,0.7550457210274724
崻,崹,0.7485478098001157
崻,嵴,0.747753774886546
崻,崳,0.7462305662001827
崻,嶙,0.7437846092455468
崻,嶹,0.7431520668418473
