char1,char2,similarity
崵,崵,1.0
崵,蝪,0.7719651172284595
崵,崝,0.7711932682059445
崵,嶍,0.7594853935909065
崵,嵑,0.7531394925545476
崵,暢,0.7523672296119605
崵,場,0.7522048174625081
崵,嵎,0.7514832966552678
崵,嵕,0.7514570879404251
崵,崰,0.7420660641990896
