char1,char2,similarity
崸,崸,1.0
崸,峴,0.7990700006305662
崸,暊,0.7917282178940492
崸,岟,0.7761721791756412
崸,崿,0.7756934378781942
崸,嵮,0.774816168984203
崸,峺,0.7729405036676515
崸,蝢,0.7712938462008303
崸,崐,0.7707455479528581
崸,埧,0.7653548055248124
