char1,char2,similarity
崴,崴,1.0
崴,嵐,0.7373655915331959
崴,葳,0.7333505029662388
崴,嵬,0.7282423935656903
崴,柬,0.7248755444110263
崴,崽,0.7223600287300842
崴,葴,0.7223484945689422
崴,吏,0.7211700544105629
崴,峎,0.7209959391121706
崴,嶎,0.7194673141202378
