char1,char2,similarity
嵁,嵁,1.0
嵁,崯,0.7647273049421923
嵁,嵖,0.7612571855246405
嵁,諶,0.7472341794734797
嵁,崂,0.7436665522807135
嵁,崷,0.7435098271370089
嵁,峼,0.7433476493025167
嵁,崜,0.7433390757391013
嵁,嵥,0.743303387836018
嵁,嶒,0.7411881944687843
