char1,char2,similarity
嵅,嵅,1.0
嵅,嵗,0.8041935359936723
嵅,崇,0.7498476826747723
嵅,岚,0.7210302877239171
嵅,崀,0.7184547936122746
嵅,峟,0.7181308992763534
嵅,嶡,0.7163608448138838
嵅,威,0.7162453908165783
嵅,耒,0.7151744675755406
嵅,崒,0.7145506378771731
