char1,char2,similarity
崾,崾,1.0
崾,嵝,0.7616160774947973
崾,嵺,0.7403703931596403
崾,嶀,0.7401030974257056
崾,蜲,0.736887814155493
崾,峖,0.735684601691881
崾,帹,0.735236417660187
崾,崵,0.734779091444326
崾,嵶,0.7313164470447394
崾,崷,0.7272574950317149
