char1,char2,similarity
嵂,嵂,1.0
嵂,俥,0.742175861940341
嵂,嶻,0.731204129685353
嵂,倢,0.7307590605739911
嵂,葎,0.7298555776202689
嵂,峕,0.7237452066120199
嵂,嵸,0.7186987538709253
嵂,仜,0.7164703760404302
嵂,喪,0.7162242387583019
嵂,仼,0.7113797321027104
