char1,char2,similarity
崿,崿,1.0
崿,崸,0.7756934378781942
崿,嵎,0.7661591643562682
崿,岼,0.7617395832618088
崿,峠,0.7607796186966874
崿,崐,0.7544787788378112
崿,崤,0.7542285332795036
崿,峴,0.7538157824700874
崿,諤,0.753355020418392
崿,嵭,0.7529593899223467
