char1,char2,similarity
嵆,嵆,1.0
嵆,岳,0.7337587087939164
嵆,嶨,0.7281744402258515
嵆,缶,0.7135786709548854
嵆,嵤,0.711173577605984
嵆,埜,0.7100009303663022
嵆,嶅,0.7095791708472703
嵆,芒,0.7078010718407114
嵆,峾,0.7064072901284802
嵆,嵍,0.7054624186160408
