char1,char2,similarity
嵍,嵍,1.0
嵍,暓,0.7360545584538892
嵍,嶨,0.7267505634074738
嵍,幣,0.719646609019056
嵍,婺,0.7167900276354492
嵍,岳,0.7164186244590914
嵍,乙,0.7146733045505277
嵍,壬,0.7130437426572085
嵍,王,0.7099471707528516
嵍,笁,0.709175445048969
