char1,char2,similarity
嵌,嵌,1.0
嵌,篏,0.7687815083924423
嵌,峎,0.7160784317069641
嵌,窽,0.7078807268154386
嵌,赱,0.7073715268262636
嵌,庀,0.7059920239728296
嵌,专,0.7056266631846009
嵌,口,0.704309101248743
嵌,峞,0.7041629799015477
嵌,仧,0.7026445469474167
