char1,char2,similarity
嵏,嵏,1.0
嵏,夏,0.755099140401912
嵏,叓,0.7218909559192873
嵏,芟,0.7203558287150372
嵏,复,0.7197853206769582
嵏,嶳,0.7175703224177207
嵏,曼,0.7166438693203174
嵏,娈,0.715832731924915
嵏,嵸,0.7126744499708544
嵏,嶻,0.7099566322669089
