char1,char2,similarity
嵉,嵉,1.0
嵉,嵪,0.8469853034907395
嵉,崪,0.8107093791803286
嵉,蝏,0.7955439540863802
嵉,崞,0.7953090642093382
嵉,崝,0.7919878296008924
嵉,崹,0.784578408086064
嵉,嵻,0.7814617238566594
嵉,嵭,0.7661704937453309
嵉,諪,0.7651009658087868
