char1,char2,similarity
嵊,嵊,1.0
嵊,塖,0.7908040540174154
嵊,棵,0.7358090730645679
嵊,惈,0.729966171919966
嵊,溗,0.7272743938943267
嵊,坪,0.7213966698341339
嵊,畽,0.7176859679065907
嵊,塛,0.7170141520460848
嵊,堁,0.7169456326171769
嵊,嵘,0.7117789880502587
