char1,char2,similarity
嵈,嵈,1.0
嵈,蝯,0.7908707350231254
嵈,嵄,0.7681964358123754
嵈,崢,0.7610281004899067
嵈,諼,0.7610163635009188
嵈,岅,0.7536283264119426
嵈,崼,0.7524182879537894
嵈,崏,0.7462906775030831
嵈,峿,0.7452275416639561
嵈,峮,0.7447828917820837
