char1,char2,similarity
嵑,嵑,1.0
嵑,崰,0.7908401033982062
嵑,嵎,0.7873612481034629
嵑,輵,0.7715822030219402
嵑,崅,0.7662305452466124
嵑,崼,0.7658647618070037
嵑,幆,0.7585331889159449
嵑,崓,0.7572671699404802
嵑,謁,0.7563188112351019
嵑,崵,0.7531394925545476
