char1,char2,similarity
嵓,嵓,1.0
嵓,棠,0.757977128627358
嵓,岧,0.7457613088569637
嵓,黒,0.7365749688497607
嵓,噐,0.7355448479933343
嵓,豈,0.7352019770825091
嵓,具,0.7322665909921834
嵓,岸,0.7294270969581049
嵓,峛,0.7285967513813429
嵓,岺,0.7232075793329654
