char1,char2,similarity
嵖,嵖,1.0
嵖,嵦,0.796440067000502
嵖,崄,0.783548008393536
嵖,峧,0.7763990901311856
嵖,崃,0.7704169634111354
嵖,崯,0.7687008108158746
嵖,峠,0.7675409778414185
嵖,嶙,0.7617047978477596
嵖,嵁,0.7612571855246405
嵖,峆,0.7578937514318187
