char1,char2,similarity
嵛,嵛,1.0
嵛,萮,0.7979012475816584
嵛,崶,0.7353944173008217
嵛,夻,0.733622382217275
嵛,崙,0.7284079911254145
嵛,甫,0.7261704594895246
嵛,嶶,0.7249825792071547
嵛,走,0.7222102676473022
嵛,灻,0.7214680208388735
嵛,嶎,0.7209399475492001
