char1,char2,similarity
嵒,嵒,1.0
嵒,黾,0.7414656749699122
嵒,夛,0.7401694347895739
嵒,玍,0.7332082541611264
嵒,昃,0.7248789800797831
嵒,堊,0.7209947679354524
嵒,門,0.7204614848846769
嵒,士,0.7199103756581671
嵒,一,0.7197177399568102
嵒,仝,0.719385551912008
