char1,char2,similarity
嵙,嵙,1.0
嵙,耓,0.7354994115621245
嵙,嵜,0.7268881447345481
嵙,呌,0.7251424115470539
嵙,嶈,0.7211336231848764
嵙,萪,0.716011632886911
嵙,斜,0.7088291986875193
嵙,冇,0.706926213116387
嵙,崶,0.7050268506700099
嵙,弭,0.7037030710480506
