char1,char2,similarity
嵗,嵗,1.0
嵗,嵅,0.8041935359936723
嵗,崩,0.7334971887927467
嵗,岚,0.7325062454558369
嵗,崀,0.7267792975253717
嵗,峩,0.726014507834791
嵗,岌,0.7171161186088687
嵗,嶡,0.7162187441096545
嵗,曳,0.715891880825388
嵗,峷,0.7137910479380678
