char1,char2,similarity
嵔,嵔,1.0
嵔,書,0.7709319731563701
嵔,崑,0.763580814321533
嵔,責,0.7560129039829113
嵔,冉,0.7523303874055268
嵔,篑,0.7454671068862776
嵔,貴,0.7398027419765602
嵔,葨,0.7384253772034467
嵔,舅,0.73569411274185
嵔,軣,0.7339763875755099
