char1,char2,similarity
嵘,嵘,1.0
嵘,嶟,0.7570574424522101
嵘,崹,0.7485946235801649
嵘,崦,0.7458901535972738
嵘,峬,0.7424085269024469
嵘,嵥,0.7406294457420979
嵘,崂,0.7364317955285514
嵘,嵰,0.7357656037255459
嵘,峢,0.7341773206326858
嵘,嶕,0.7319402264967912
