char1,char2,similarity
嵢,嵢,1.0
嵢,崳,0.7826402497608331
嵢,崘,0.7775476010890361
嵢,峵,0.7683088442649136
嵢,嵣,0.7607737180121962
嵢,嵲,0.7603897751069003
嵢,嶒,0.7601576183685776
嵢,嶓,0.7565189652555139
嵢,嵃,0.7539387857760231
嵢,嶱,0.7533076616846369
