char1,char2,similarity
嵡,嵡,1.0
嵡,蓊,0.7826038141972265
嵡,巂,0.7101609426305279
嵡,嵂,0.7022807375166042
嵡,翡,0.7017683678622901
嵡,濇,0.6981552182082722
嵡,嶎,0.6973639333365483
嵡,崙,0.6969732629676965
嵡,嵸,0.695889821686485
嵡,嶲,0.6952437484644008
