char1,char2,similarity
嵤,嵤,1.0
嵤,塋,0.7680493983449669
嵤,峦,0.7474082844060213
嵤,嶨,0.7400840643269101
嵤,子,0.7237994123805905
嵤,螢,0.7235573769920736
嵤,缶,0.7201671220795078
嵤,岳,0.7196316607800989
嵤,峃,0.7174551364975035
嵤,岊,0.7162127954928824
