char1,char2,similarity
嵝,嵝,1.0
嵝,褛,0.767084093612744
嵝,崾,0.7616160774947973
嵝,蜲,0.7568729424126284
嵝,嶙,0.7560913766138361
嵝,峖,0.7428582817524549
嵝,峣,0.7407950982057788
嵝,嵫,0.7343105516236152
嵝,峧,0.7323355211355658
嵝,嵴,0.7279239739462203
