char1,char2,similarity
嵥,嵥,1.0
嵥,嵲,0.7849304487632762
嵥,嶸,0.7738052532068578
嵥,幧,0.7618443752326127
嵥,榤,0.757232880306983
嵥,崪,0.75508805428205
嵥,峽,0.7549222208077971
嵥,嶛,0.7548054148644509
嵥,蝚,0.7526767055926492
嵥,崠,0.7522113684269375
