char1,char2,similarity
嵭,嵭,1.0
嵭,崝,0.768032395233556
嵭,嵉,0.7661704937453309
嵭,嵪,0.7634166195597911
嵭,螃,0.7630466359027412
嵭,嵃,0.7572431698476663
嵭,崿,0.7529593899223467
嵭,嶁,0.7447043324781117
嵭,崹,0.7444941291420364
嵭,嵣,0.7428485903227241
