char1,char2,similarity
嵩,嵩,1.0
嵩,蒿,0.8148184910441162
嵩,葶,0.7855137558536539
嵩,匐,0.7625212958893328
嵩,寊,0.7621564498304181
嵩,富,0.7557021920892373
嵩,篙,0.7542084647361298
嵩,真,0.754142913611148
嵩,寓,0.7427965331755567
嵩,靠,0.7387352636637138
