char1,char2,similarity
嵪,嵪,1.0
嵪,嵉,0.8469853034907395
嵪,崝,0.8024189668412198
嵪,嵎,0.7894576557359755
嵪,嵭,0.7634166195597911
嵪,嵃,0.7612584433777471
嵪,崪,0.7551873838604912
嵪,嵑,0.7521532606046688
嵪,崞,0.7493510882698388
嵪,崓,0.7492714987252541
