char1,char2,similarity
嵱,嵱,1.0
嵱,褣,0.7660443332240369
嵱,镕,0.7561173385937817
嵱,塎,0.7558775255481281
嵱,愹,0.7478783460015767
嵱,崝,0.745810953986928
嵱,瑢,0.7457292497812048
嵱,熔,0.7419872548122243
嵱,嶆,0.7378529103597392
嵱,崹,0.7372220804319125
