char1,char2,similarity
嵹,嵹,1.0
嵹,崫,0.7262773202631363
嵹,喪,0.7240169921489235
嵹,嵿,0.7202432246627326
嵹,楻,0.7163498558102187
嵹,嶺,0.7143031244055597
嵹,蔃,0.7104274161088194
嵹,巀,0.7086343111230463
嵹,嶳,0.7085633138506805
嵹,崽,0.7039990513965192
