char1,char2,similarity
嵶,嵶,1.0
嵶,糑,0.742739883876395
嵶,崌,0.7421873883008762
嵶,崛,0.7359764925840637
嵶,嵺,0.7321185276184385
嵶,崾,0.7313164470447394
嵶,崓,0.7302878731599489
嵶,嵋,0.7266434090308068
嵶,嶵,0.7244195869082752
嵶,峏,0.7233964714336367
