char1,char2,similarity
嵵,嵵,1.0
嵵,峟,0.7399647623223217
嵵,蒔,0.7170529904822666
嵵,崇,0.7165102732181426
嵵,嶭,0.7136928663978098
嵵,崱,0.70614190396784
嵵,崗,0.7044609464596769
嵵,崶,0.7029728716079399
嵵,蛶,0.7028471463354237
嵵,莳,0.7021376743711543
