char1,char2,similarity
嵸,嵸,1.0
嵸,嵂,0.7186987538709253
嵸,夜,0.7161039314300655
嵸,禔,0.7158594587615583
嵸,嵏,0.7126744499708544
嵸,蓯,0.7116669926753778
嵸,嶤,0.7088656199222751
嵸,亱,0.7083988800568563
嵸,嶻,0.705939073624732
嵸,咅,0.7050309374498731
