char1,char2,similarity
嵺,嵺,1.0
嵺,蟉,0.8024006423205688
嵺,謬,0.7913799849628592
嵺,轇,0.7524055450514995
嵺,磟,0.7498125005464907
嵺,賿,0.7497287855282991
嵺,崾,0.7403703931596403
嵺,嶀,0.7381866919121872
嵺,崏,0.735803659397027
嵺,嵶,0.7321185276184385
