char1,char2,similarity
嵻,嵻,1.0
嵻,鏮,0.8015029916126719
嵻,嵉,0.7814617238566594
嵻,崝,0.7808357520909462
嵻,嵼,0.7704149677494269
嵻,嵲,0.7681659204780839
嵻,崪,0.7498368832967471
嵻,崹,0.7488941398899734
嵻,嵪,0.7465709969436921
嵻,鱇,0.7419591307853106
