char1,char2,similarity
嶀,嶀,1.0
嶀,崝,0.7627956493369438
嶀,嶒,0.7597790877390934
嶀,嶆,0.7460943642758411
嶀,嵲,0.7431025381856604
嶀,嵻,0.7418723430474452
嶀,崵,0.7406421688889878
嶀,崾,0.7401030974257056
嶀,嵺,0.7381866919121872
嶀,嵥,0.7361092151723222
