char1,char2,similarity
嵽,嵽,1.0
嵽,螮,0.7796104239420802
嵽,嶓,0.743603840974588
嵽,嵴,0.741734429592614
嵽,崦,0.7391817269081915
嵽,嶸,0.738070349779905
嵽,嵰,0.7366682553942172
嵽,嵲,0.7346658485123446
嵽,嶆,0.7338885546567522
嵽,嵥,0.7333603663757323
