char1,char2,similarity
嵾,嵾,1.0
嵾,春,0.7212226063939906
嵾,曑,0.7156155967131008
嵾,篸,0.7147495033349144
嵾,栆,0.7145806723351236
嵾,舂,0.702024428372723
嵾,奉,0.7011014430218309
嵾,宻,0.7006352694127886
嵾,車,0.698709144429589
嵾,廖,0.6968202402095803
