char1,char2,similarity
嵼,嵼,1.0
嵼,嵻,0.7704149677494269
嵼,嵃,0.7658221111452475
嵼,嵲,0.7499405227998963
嵼,岏,0.7443320773469317
嵼,崹,0.7424636711985246
嵼,嵭,0.7374209637545743
嵼,嶬,0.7358485537025169
嵼,嶆,0.7281733313063985
嵼,嵉,0.7246405411795348
