char1,char2,similarity
嶍,嶍,1.0
嶍,嶒,0.7602222727394912
嶍,崵,0.7594853935909065
嶍,崷,0.749884895133542
嶍,嵧,0.744526951989299
嶍,崓,0.7409259631243652
嶍,嵢,0.7338453085509059
嶍,崹,0.7318015928139562
嶍,嵱,0.7311594527537668
嶍,峵,0.7306970859596604
