char1,char2,similarity
嶌,嶌,1.0
嶌,嶤,0.7330082645047964
嶌,哀,0.7246592529531702
嶌,駌,0.7203229292248451
嶌,量,0.7150382768077972
嶌,靁,0.7133043242599603
嶌,庢,0.7102954234019189
嶌,嶏,0.7092571363847151
嶌,尊,0.7086414367658389
嶌,戹,0.7067950320478793
