char1,char2,similarity
嶇,嶇,1.0
嶇,崡,0.7459167566856146
嶇,崕,0.7407921163844312
嶇,嵎,0.733944189035082
嶇,嶁,0.7292958688598659
嶇,峵,0.722043428432043
嶇,峏,0.7175776192791934
嶇,峌,0.7162215782326607
嶇,嵶,0.7161605647299054
嶇,膒,0.71546576176841
