char1,char2,similarity
嶆,嶆,1.0
嶆,螬,0.7987760075508836
嶆,崝,0.7926800076407351
嶆,鏪,0.755960902580348
嶆,嶱,0.7533238240856697
嶆,嶀,0.7460943642758411
嶆,糟,0.745233096677762
嶆,嶟,0.7445175893539729
嶆,巆,0.7444851257052805
嶆,嶒,0.7424890381003758
