char1,char2,similarity
嶉,嶉,1.0
嶉,嶊,0.8247757031603984
嶉,哊,0.7453072150110122
嶉,暗,0.7282217987172583
嶉,崒,0.7272102830335037
嶉,峷,0.7182551384224807
嶉,嵀,0.7166660186074061
嶉,蓶,0.716022429100463
嶉,磪,0.7117509756578362
嶉,卋,0.7070562799457203
