char1,char2,similarity
嶅,嶅,1.0
嶅,墪,0.7434555933059668
嶅,赘,0.729741579648648
嶅,巒,0.7122217886044587
嶅,憗,0.7120785827097296
嶅,幤,0.7103919876224349
嶅,嵆,0.7095791708472703
嶅,獒,0.7087714877889133
嶅,嵍,0.7082491871626784
嶅,嶨,0.7073961217529317
