char1,char2,similarity
嶄,嶄,1.0
嶄,蔪,0.7181849233705208
嶄,蓒,0.7043073302134718
嶄,嵙,0.7036035990769393
嶄,嵜,0.7034857036693428
嶄,嶈,0.7008809511143677
嶄,鞒,0.699829532215708
嶄,嶐,0.6979166630487406
嶄,巈,0.6977759583412013
嶄,鮩,0.6964317622255
