char1,char2,similarity
嶋,嶋,1.0
嶋,鴫,0.8488692515038674
嶋,鴭,0.8242334415992221
嶋,鴨,0.8185111800954589
嶋,鴙,0.8098063119673803
嶋,鳷,0.809271952704095
嶋,鳴,0.8018528528089527
嶋,鴋,0.7978484387173232
嶋,鳰,0.796697024194997
嶋,鴎,0.794220241920441
