char1,char2,similarity
嶏,嶏,1.0
嶏,嶤,0.7344576363048855
嶏,衁,0.7107509790017728
嶏,嵿,0.7106510066143676
嶏,庑,0.7106501318933159
嶏,夁,0.7101360371447643
嶏,嶐,0.7093708380403064
嶏,嶌,0.7092571363847151
嶏,正,0.7083670556176638
嶏,嶳,0.7078408247983184
