char1,char2,similarity
嶔,嶔,1.0
嶔,嵚,0.7797538833183744
嶔,嶺,0.7477495895704954
嶔,崇,0.7251702836262545
嶔,歏,0.7244458304286052
嶔,峯,0.7227547548648469
嶔,崁,0.7173689428107891
嶔,嶶,0.7155019880125101
嶔,欺,0.7121029450975351
嶔,嵅,0.7115875026633207
