char1,char2,similarity
嶐,嶐,1.0
嶐,巋,0.7122939054961501
嶐,嶏,0.7093708380403064
嶐,嶤,0.7057562059266015
嶐,巐,0.7014266970305407
嶐,嵸,0.6982816343406846
嶐,嶄,0.6979166630487406
嶐,巃,0.6943645444746906
嶐,巂,0.6936160517352142
嶐,恵,0.6929055605874261
