char1,char2,similarity
嶖,嶖,1.0
嶖,嶿,0.7627296404405253
嶖,嶋,0.7573223658880276
嶖,嵣,0.7507494239348184
嶖,崲,0.7502144698857086
嶖,岟,0.7471014468354342
嶖,岮,0.7461333654115945
嶖,峮,0.7442567831243638
嶖,屼,0.7433332900226252
嶖,峗,0.7431895851528081
