char1,char2,similarity
嶟,嶟,1.0
嶟,嶱,0.7905017921236478
嶟,嵘,0.7570574424522101
嶟,嶆,0.7445175893539729
嶟,嵰,0.7424586359634773
嶟,崦,0.7398831866775128
嶟,嶫,0.732011941248001
嶟,嵴,0.7316698107869669
嶟,嶹,0.731666310633784
嶟,嵃,0.7297237710314806
