char1,char2,similarity
嶝,嶝,1.0
嶝,璒,0.793565210851946
嶝,瞪,0.7300879128954856
嶝,墱,0.7267907421440182
嶝,磴,0.7254543233821696
嶝,橙,0.7230898592253441
嶝,皚,0.7228985125099578
嶝,嬁,0.7208894125515755
嶝,嵷,0.719956109932503
嶝,證,0.7094510408835174
