char1,char2,similarity
嶛,嶛,1.0
嶛,蟟,0.8355008608225153
嶛,轑,0.7925268404168642
嶛,崠,0.7922449270693384
嶛,鐐,0.7862946819199527
嶛,璙,0.7820785568063928
嶛,繚,0.7818957498671143
嶛,崞,0.7739272208082342
嶛,崎,0.771774595663943
嶛,峽,0.7710980784040655
