char1,char2,similarity
嶘,嶘,1.0
嶘,嵀,0.6937573394081267
嶘,粗,0.690356261146638
嶘,嵚,0.6878360895402393
嶘,嶤,0.6874409620887695
嶘,音,0.6869932319828439
嶘,崧,0.6858845495161203
嶘,良,0.6855360447321752
嶘,嵂,0.6847786416947119
嶘,崺,0.6845349821250999
