char1,char2,similarity
嶧,嶧,1.0
嶧,擇,0.8147336270323379
嶧,墿,0.8144354226338432
嶧,懌,0.7900480584539958
嶧,蠌,0.7796348760709023
嶧,譯,0.7791541775209971
嶧,蟫,0.7679560299481966
嶧,嬕,0.7611883554678476
嶧,堚,0.7563721686457024
嶧,襗,0.749954990116529
