char1,char2,similarity
嶪,嶪,1.0
嶪,羮,0.7378983694029032
嶪,彚,0.725040727712923
嶪,串,0.7183912010578203
嶪,烡,0.7116078030242018
嶪,稾,0.7115353358545354
嶪,崒,0.706612230410123
嶪,嶤,0.7043068234376965
嶪,夷,0.6997808300975907
嶪,岸,0.6995531897141637
