char1,char2,similarity
嶨,嶨,1.0
嶨,燢,0.7846624322292409
嶨,礐,0.7669342821814474
嶨,澩,0.7639395203407551
嶨,旵,0.7547521776997141
嶨,予,0.7456133405155647
嶨,學,0.743924927388241
嶨,孒,0.7419961578055881
嶨,士,0.7406683441811707
嶨,嵤,0.7400840643269101
