char1,char2,similarity
嶣,嶣,1.0
嶣,蕉,0.7710483334396135
嶣,崙,0.7273200089602206
嶣,峞,0.7232568337791351
嶣,卢,0.7213488973827115
嶣,祟,0.7211308515467958
嶣,克,0.7190485780698099
嶣,霓,0.716991365642805
嶣,蔒,0.7104692055249174
嶣,兽,0.7098369499602757
