char1,char2,similarity
嶲,嶲,1.0
嶲,巂,0.8101473467825945
嶲,嶤,0.7284390924740657
嶲,懛,0.724775137493199
嶲,崙,0.7217562307182868
嶲,儓,0.7168564790362917
嶲,羃,0.7147206559718997
嶲,儔,0.7146109940974121
嶲,鬵,0.7109657289310454
嶲,臽,0.7102383285736521
