char1,char2,similarity
嶭,嶭,1.0
嶭,薛,0.7851007409652494
嶭,库,0.723568785059214
嶭,緈,0.7193209567065196
嶭,巋,0.7172612756932648
嶭,嵵,0.7136928663978098
嶭,嵚,0.7093887189213455
嶭,寺,0.7085464408723657
嶭,榟,0.7069990309987544
嶭,育,0.7053134455129171
