char1,char2,similarity
嶰,嶰,1.0
嶰,蠏,0.8320613044977037
嶰,檞,0.8088821506498765
嶰,懈,0.7419619391309343
嶰,繲,0.7327818931956582
嶰,巇,0.7090511224794908
嶰,巘,0.6983070286358516
嶰,巙,0.6931145710657437
嶰,螹,0.6930148826797409
嶰,巄,0.6850809455612162
