char1,char2,similarity
嶺,嶺,1.0
嶺,嶔,0.7477495895704954
嶺,嵿,0.7442582293334994
嶺,巃,0.7247151252354747
嶺,巔,0.7147559744268963
嶺,嵹,0.7143031244055597
嶺,奈,0.7126658014690531
嶺,鏆,0.7124679181646814
嶺,櫎,0.7122295968608561
嶺,峯,0.7102731164706086
