char1,char2,similarity
嶶,嶶,1.0
嶶,嵛,0.7249825792071547
嶶,巀,0.7196355957702317
嶶,嶔,0.7155019880125101
嶶,崀,0.7107262814557211
嶶,崑,0.7100647404784716
嶶,薇,0.7090813449325434
嶶,做,0.7013781319100133
嶶,微,0.6996273920636595
嶶,崬,0.6995094451356635
