char1,char2,similarity
嶼,嶼,1.0
嶼,嶸,0.7692423980827802
嶼,岟,0.7630821604680063
嶼,珼,0.7580083018765967
嶼,岤,0.7546516820871342
嶼,峓,0.7525588754686257
嶼,嬩,0.7522880763133251
嶼,峽,0.7502529175725594
嶼,巑,0.7431860951287876
嶼,巁,0.7405318450005628
