char1,char2,similarity
嶾,嶾,1.0
嶾,嶹,0.7606175704432523
嶾,峔,0.7373509642849125
嶾,崕,0.7346570645388663
嶾,幰,0.732814997146738
嶾,巆,0.7307685539700325
嶾,峓,0.7294409535579461
嶾,崃,0.729414638462963
嶾,壃,0.7290090696977387
嶾,蟵,0.7285820114882646
