char1,char2,similarity
嶹,嶹,1.0
嶹,燽,0.8280041900306766
嶹,禱,0.7953601866438363
嶹,幬,0.7941713695127817
嶹,檮,0.7889965534137457
嶹,懤,0.7719382128894509
嶹,壔,0.7683239229995624
嶹,嬦,0.7664295174494484
嶹,嶾,0.7606175704432523
嶹,嶱,0.7596969489495224
