char1,char2,similarity
嶽,嶽,1.0
嶽,崀,0.7315554208140423
嶽,巚,0.707405945806698
嶽,嶔,0.7061214325878546
嶽,克,0.7044994090509944
嶽,峞,0.7034042222558253
嶽,嶣,0.6990568681237354
嶽,崇,0.6979819800168217
嶽,崙,0.6954943311332786
嶽,嵅,0.6948693162899113
