char1,char2,similarity
巀,巀,1.0
巀,嶻,0.754984844666003
巀,崀,0.7235117519385948
巀,嶶,0.7196355957702317
巀,嶯,0.7103988912799444
巀,嵹,0.7086343111230463
巀,嵛,0.706552422229634
巀,崫,0.7022662603519654
巀,嵗,0.7018383036364293
巀,崑,0.7004951342746852
