char1,char2,similarity
巈,巈,1.0
巈,森,0.7043922041576193
巈,嶄,0.6977759583412013
巈,鮞,0.6943802113160271
巈,庑,0.6902186122078181
巈,溂,0.6899135340200011
巈,羇,0.6877334856393909
巈,育,0.6841974150613821
巈,峟,0.6832957806747305
巈,嵜,0.6816926667094316
