char1,char2,similarity
巆,巆,1.0
巆,嶸,0.7581175897020048
巆,嶛,0.7531885744660043
巆,崝,0.7476450672052648
巆,嶆,0.7444851257052805
巆,嶵,0.7428822434109738
巆,巕,0.7343895327602954
巆,嶾,0.7307685539700325
巆,嶿,0.7300173963048044
巆,螼,0.7294834638168232
