char1,char2,similarity
巁,巁,1.0
巁,蠣,0.7784445196982485
巁,峸,0.7778017260457245
巁,嶩,0.7664379215899382
巁,鱱,0.7509910055930239
巁,嶫,0.7449951685645048
巁,崛,0.7438891852693615
巁,崕,0.7433333909838662
巁,嶼,0.7405318450005628
巁,嶿,0.740202073531496
