char1,char2,similarity
巅,巅,1.0
巅,巔,0.8135643017109375
巅,巓,0.7269620646718808
巅,龜,0.7161733067315336
巅,朚,0.7135112022453985
巅,嵿,0.7069880515638499
巅,崫,0.7016126655183489
巅,嶡,0.6982873212123417
巅,庮,0.6970745549907412
巅,魽,0.6955495142656287
