char1,char2,similarity
巂,巂,1.0
巂,嶲,0.8101473467825945
巂,舊,0.7303707614136309
巂,暠,0.7229243053039491
巂,寯,0.7160922303777011
巂,嶯,0.7115479183145728
巂,嵡,0.7101609426305279
巂,遵,0.7099910548631212
巂,輋,0.7055794344621579
巂,巋,0.7050583589959286
