char1,char2,similarity
巒,巒,1.0
巒,轡,0.7459448818822942
巒,嵒,0.7132484856974868
巒,嶅,0.7122217886044587
巒,壬,0.706471686753785
巒,戀,0.7060800371627882
巒,矕,0.6992451398350129
巒,崈,0.6982382862856032
巒,峃,0.6960325291113516
巒,孌,0.6935569467795333
