char1,char2,similarity
巎,巎,1.0
巎,巙,0.7663147567059297
巎,巊,0.7455447019005699
巎,巉,0.7253908947762843
巎,巇,0.7213787227566928
巎,愞,0.7076058307921808
巎,巗,0.7022036378512029
巎,撄,0.7015877707860769
巎,懛,0.7011938127095358
巎,唚,0.6963820707487381
