char1,char2,similarity
巐,巐,1.0
巐,巋,0.7254349943453836
巐,巃,0.71881886804369
巐,巔,0.704275776868903
巐,藃,0.7040560945539474
巐,嶐,0.7014266970305407
巐,崫,0.6908862813848148
巐,嘗,0.6876117240535877
巐,嶣,0.6867143561032643
巐,嵙,0.6864786832312865
