char1,char2,similarity
巔,巔,1.0
巔,巅,0.8135643017109375
巔,巓,0.7691758537500057
巔,嵿,0.7472931365205358
巔,巃,0.7168262247974946
巔,嶺,0.7147559744268963
巔,嶳,0.7066685908559255
巔,巐,0.704275776868903
巔,崫,0.7013907228144762
巔,嶻,0.6992602594783002
