char1,char2,similarity
巙,巙,1.0
巙,巎,0.7663147567059297
巙,巏,0.7253623770845334
巙,巉,0.7251556430814665
巙,巊,0.7146399362592819
巙,巇,0.7129312362634875
巙,犪,0.7027016787796537
巙,嶢,0.699710153075186
巙,嶰,0.6931145710657437
巙,嶬,0.6921422795379016
