char1,char2,similarity
巜,巜,1.0
巜,亻,0.8003624170298258
巜,乁,0.799872027183936
巜,丶,0.7985182735152961
巜,乚,0.796592906289692
巜,久,0.7909307941697356
巜,一,0.7827180010339924
巜,丩,0.7792334862687662
巜,讠,0.7770854435302031
巜,乛,0.7758943814707268
