char1,char2,similarity
巢,巢,1.0
巢,員,0.7789641028030462
巢,葈,0.7453707982068408
巢,晜,0.7425969328188998
巢,筫,0.7408628524773125
巢,筽,0.7367539410896129
巢,貢,0.7314188770189595
巢,買,0.7260332621753987
巢,筧,0.7222108564304066
巢,窠,0.7206402661525094
