char1,char2,similarity
左,左,1.0
左,玍,0.7831917756293343
左,友,0.7784717883045458
左,右,0.7765680064913164
左,厷,0.7765285183217829
左,乛,0.7755771315939732
左,广,0.7713228806108798
左,东,0.7697764335742772
左,户,0.7692425988422863
左,丶,0.7683715385424118
