char1,char2,similarity
巭,巭,1.0
巭,奌,0.7513070207658545
巭,契,0.7350077452182732
巭,葖,0.7310529897713497
巭,美,0.7309732610915032
巭,狊,0.730707740739174
巭,萸,0.728860604293758
巭,穾,0.7279428013220675
巭,葨,0.7218279391079477
巭,奰,0.7211596499067607
