char1,char2,similarity
差,差,1.0
差,羗,0.7680233235996854
差,咢,0.7513159566158714
差,甼,0.7428884885268708
差,堊,0.7389830953165769
差,恙,0.7296357089343585
差,昰,0.7287181203245088
差,羌,0.7231177211170513
差,室,0.7229189982487677
差,盖,0.7219691405382095
