char1,char2,similarity
巩,巩,1.0
巩,讥,0.7858869312862684
巩,玑,0.7807150805370141
巩,仉,0.7723507063813975
巩,汎,0.7695149432293519
巩,忛,0.7588460574271017
巩,沂,0.7554012287717057
巩,仇,0.7504694904582115
巩,可,0.7497264673067395
巩,叽,0.7482955464221368
