char1,char2,similarity
巪,巪,1.0
巪,帚,0.777447037761166
巪,晑,0.7696699140203501
巪,甲,0.7567177176493171
巪,冐,0.7526961443040613
巪,閂,0.7505025164254063
巪,崀,0.7452991479101
巪,冩,0.7447415396355554
巪,昺,0.744341241295204
巪,昊,0.7426196846109118
