char1,char2,similarity
巬,巬,1.0
巬,吴,0.7875820677013861
巬,矣,0.7596693633088306
巬,昊,0.7511547871405964
巬,実,0.7453326263327844
巬,奘,0.7452268308760224
巬,翜,0.7447029387457652
巬,奕,0.7437282452322262
巬,耎,0.7432873601103394
巬,枽,0.7348916955955718
