char1,char2,similarity
巯,巯,1.0
巯,疏,0.7644027599439017
巯,鋶,0.7486544999697907
巯,茿,0.7465815378811608
巯,硫,0.7450252367203568
巯,巰,0.7341415818282389
巯,裗,0.7142242860509515
巯,莍,0.7054467008033681
巯,锍,0.7040326242799597
巯,缭,0.7036265436783443
