char1,char2,similarity
巷,巷,1.0
巷,苴,0.7442220210273777
巷,恭,0.7439769759001431
巷,苍,0.7388252115528324
巷,坴,0.7347775592573524
巷,室,0.7318289612051889
巷,有,0.7295498618492279
巷,叁,0.7278894884909843
巷,恙,0.7250837958399081
巷,畚,0.7248312327797207
