char1,char2,similarity
巺,巺,1.0
巺,栗,0.7818828403128848
巺,琹,0.735251836560751
巺,媐,0.7348894650246991
巺,輿,0.7316935084166827
巺,柴,0.7287194716704015
巺,柒,0.7275737363988386
巺,吳,0.7265313713114558
巺,弄,0.7246410991595676
巺,珡,0.7229046765684449
