char1,char2,similarity
巶,巶,1.0
巶,卲,0.7723540690787799
巶,巸,0.7625970304656096
巶,圧,0.7353706707918786
巶,闭,0.730644004984598
巶,戺,0.7290748236003772
巶,紀,0.7276774240452236
巶,匚,0.726130084428013
巶,乨,0.7233781638949874
巶,臦,0.722861041705018
