char1,char2,similarity
巴,巴,1.0
巴,已,0.8526471560685664
巴,巳,0.8480077891226783
巴,匸,0.8158477253001828
巴,己,0.8147939389409863
巴,玉,0.7969430222864602
巴,巨,0.7903326359015643
巴,壬,0.7898905289656236
巴,玊,0.7826066318456841
巴,王,0.7810834515583076
