char1,char2,similarity
巸,巸,1.0
巸,巶,0.7625970304656096
巸,匝,0.7451902576156262
巸,盶,0.7412322029124712
巸,卬,0.7304357944493575
巸,匚,0.7265870875598037
巸,紀,0.726120599369621
巸,鱾,0.7257348651555741
巸,巼,0.7241822357081178
巸,郒,0.723820609702708
