char1,char2,similarity
巻,巻,1.0
巻,奍,0.7492582143585219
巻,峑,0.7344012918987465
巻,劵,0.731189127041704
巻,坴,0.7221894518544312
巻,帣,0.7207121101383833
巻,雫,0.7203142302751965
巻,崟,0.7187827264058182
巻,甞,0.7168634602571511
巻,叁,0.7165380491566734
