char1,char2,similarity
巵,巵,1.0
巵,屈,0.7965863962160178
巵,垕,0.7771316809465167
巵,貭,0.7707755299593531
巵,屉,0.7679139525008363
巵,层,0.7643495077532348
巵,屋,0.7568565944276124
巵,卮,0.754915027380995
巵,尾,0.7530873866974055
巵,屇,0.7504423377047508
