char1,char2,similarity
巽,巽,1.0
巽,烡,0.7548840339351286
巽,異,0.7346422973905393
巽,冥,0.7288164238158793
巽,旱,0.7260850106131173
巽,咢,0.7252642609557898
巽,昇,0.7250606942850792
巽,甼,0.7235126940997314
巽,黑,0.7224670620048361
巽,昌,0.7168484907281654
