char1,char2,similarity
巼,巼,1.0
巼,弄,0.7426677313039347
巼,昆,0.7388512322516704
巼,异,0.7353511524067369
巼,匠,0.7318083040869577
巼,匣,0.7249688142390656
巼,巸,0.7241822357081178
巼,匚,0.719210889854252
巼,党,0.7177983462438838
巼,尾,0.7162582254603054
