char1,char2,similarity
巿,巿,1.0
巿,市,0.8347937601806995
巿,丨,0.8231741668901912
巿,申,0.8175348276481628
巿,币,0.8109289847318202
巿,亩,0.8053778740575012
巿,束,0.8035659943927894
巿,芇,0.8034553829129629
巿,尗,0.8014255023869595
巿,十,0.7942598365250042
