char1,char2,similarity
币,币,1.0
币,帀,0.8228094183338857
币,丅,0.8134087756300891
币,巿,0.8109289847318202
币,冚,0.8099905498607655
币,丁,0.8082013124446461
币,丨,0.8063345846653895
币,千,0.8031289131911634
币,亍,0.7930873385166797
币,干,0.7929436067864476
