char1,char2,similarity
巾,巾,1.0
巾,中,0.8976009929263686
巾,丨,0.8579726496022942
巾,甴,0.8220878896947487
巾,十,0.8207564571533289
巾,山,0.8204840227548965
巾,小,0.8186798127903081
巾,由,0.8136743097794853
巾,个,0.8080163800761462
巾,本,0.805962231470218
