char1,char2,similarity
帀,帀,1.0
帀,币,0.8228094183338857
帀,丅,0.8196079644524724
帀,用,0.8177718347580519
帀,甲,0.8075547154624009
帀,丨,0.8050864062185981
帀,丏,0.801348284902787
帀,巾,0.7976106609474587
帀,不,0.7875111592484693
帀,于,0.7850685809475777
