char1,char2,similarity
帅,帅,1.0
帅,丼,0.7821239586929064
帅,师,0.7749046415346091
帅,吽,0.7535773521872784
帅,种,0.7522535973563405
帅,訲,0.752029139801345
帅,訷,0.7519192656445699
帅,杮,0.7487804871678854
帅,叶,0.7479257791193382
帅,姉,0.7476241183429588
