char1,char2,similarity
布,布,1.0
布,车,0.7686535411969281
布,市,0.7599547398597598
布,亠,0.7540338782497447
布,宁,0.751029636007064
布,口,0.747336997721533
布,冇,0.7469742646027671
布,丶,0.7445436081812876
布,丆,0.7434573748112768
布,与,0.7427910299165651
