char1,char2,similarity
师,师,1.0
师,帅,0.7749046415346091
师,吧,0.7582683949900166
师,阷,0.7569359522092629
师,际,0.7468199099487267
师,阫,0.7464108137852946
师,呩,0.7426364471486285
师,郟,0.7404739489090074
师,吥,0.7372026351544515
师,虲,0.7370578139772848
