char1,char2,similarity
希,希,1.0
希,卄,0.7400873736159302
希,吿,0.7219883824654769
希,袺,0.7158538760614247
希,帠,0.7144207397696176
希,刍,0.7126722525806384
希,牛,0.7126476803703322
希,专,0.7119438458102983
希,芾,0.7112348722681168
希,哈,0.7101912413256054
