char1,char2,similarity
帔,帔,1.0
帔,啵,0.813550948967064
帔,帗,0.7995219988455001
帔,帙,0.7859146098061986
帔,帕,0.7747722583764883
帔,紴,0.7744746337458888
帔,帽,0.7630616848037619
帔,帐,0.7596799747325051
帔,皴,0.7593281458305152
帔,帖,0.7540130078159564
