char1,char2,similarity
帖,帖,1.0
帖,帕,0.8522210543748266
帖,贴,0.8010279121577892
帖,祜,0.7930329830175858
帖,怗,0.7900831000281174
帖,牯,0.788580823634187
帖,怕,0.7856508052110269
帖,枯,0.7812840578148655
帖,幍,0.7806139967683833
帖,帄,0.7797027679125694
