char1,char2,similarity
帙,帙,1.0
帙,蛈,0.8203047831289858
帙,帔,0.7859146098061986
帙,帨,0.779644592030759
帙,紩,0.7745075555937055
帙,帕,0.7738545190882189
帙,帖,0.7711039616162974
帙,帐,0.7688853946977975
帙,妷,0.7654223457906976
帙,柣,0.7650946509867722
