char1,char2,similarity
帕,帕,1.0
帕,帖,0.8522210543748266
帕,怕,0.8488883329414983
帕,帩,0.7932965222058469
帕,帜,0.7835032950335785
帕,舶,0.7832918839066764
帕,袙,0.7800172363305701
帕,帔,0.7747722583764883
帕,帙,0.7738545190882189
帕,幍,0.771171728142626
