char1,char2,similarity
帟,帟,1.0
帟,帤,0.782868764313771
帟,帠,0.745421099614564
帟,牵,0.7453352015213206
帟,幦,0.744778740621186
帟,污,0.7432820569266184
帟,厂,0.7398575371952867
帟,丅,0.7392542576034868
帟,中,0.7352282508742102
帟,亲,0.7343592859979544
