char1,char2,similarity
帜,帜,1.0
帜,帆,0.797272759619333
帜,帕,0.7835032950335785
帜,枳,0.7833548306447354
帜,积,0.771618928853368
帜,帖,0.7576286812011171
帜,帙,0.7560568783186975
帜,蚨,0.7515769706026366
帜,蛆,0.7515695943496852
帜,屺,0.7475281707808513
