char1,char2,similarity
帛,帛,1.0
帛,皂,0.7926402596435386
帛,聿,0.7875175784310217
帛,卆,0.7801434093074944
帛,肃,0.7771981026396102
帛,皇,0.7729842275020161
帛,泉,0.7650735107025181
帛,凫,0.7575648871675918
帛,柬,0.7561345525487548
帛,皁,0.7559538267476078
