char1,char2,similarity
帝,帝,1.0
帝,帇,0.7907120734648214
帝,竒,0.7848873107450324
帝,杗,0.7779411791503389
帝,带,0.7761604271395433
帝,芾,0.7756051120896024
帝,币,0.774742619588157
帝,帘,0.7719811752841162
帝,仐,0.7709386238749346
帝,莘,0.7659032509792832
