char1,char2,similarity
帞,帞,1.0
帞,幀,0.7980018075952113
帞,幁,0.7871533948580789
帞,蛨,0.7838738375192259
帞,帨,0.7744765777916557
帞,帩,0.7729912739808528
帞,帽,0.7713983046922617
帞,岄,0.7712096895110281
帞,帕,0.7708777116446038
帞,粨,0.7650966371708678
