char1,char2,similarity
帡,帡,1.0
帡,蛢,0.8307411801066438
帡,栟,0.822669816973026
帡,恲,0.7923263161875946
帡,饼,0.7852170600639157
帡,絣,0.779891932798196
帡,骈,0.7760126019818555
帡,帺,0.7734347746958815
帡,畊,0.7653604301025143
帡,垪,0.7652915600902196
