char1,char2,similarity
帢,帢,1.0
帢,峆,0.8282036937810773
帢,蛤,0.8167778108032102
帢,帹,0.8167539069051889
帢,崄,0.7934320641754712
帢,枔,0.7897566952962572
帢,粭,0.787188379842922
帢,铪,0.7868691414568904
帢,恰,0.7837310499320995
帢,祫,0.7813998946760499
