char1,char2,similarity
席,席,1.0
席,庿,0.7751258398308034
席,庻,0.7714699173692705
席,庁,0.7603179318844646
席,庺,0.760105075519707
席,庾,0.7594636262047861
席,庹,0.7554409902172077
席,帍,0.7420209784545339
席,庉,0.7404588093084982
席,廗,0.7367799485862858
