char1,char2,similarity
带,带,1.0
带,芾,0.8051883051417037
带,帝,0.7761604271395433
带,芐,0.7745720728706867
带,帶,0.7627015580834972
带,帯,0.7567819508150287
带,巿,0.756773121751859
带,芣,0.7533452877846829
带,吿,0.7529716532479828
带,茉,0.7453403740255767
