char1,char2,similarity
帨,帨,1.0
帨,蜕,0.8266476006338372
帨,悦,0.788594586591497
帨,裞,0.7823978217902725
帨,帙,0.779644592030759
帨,税,0.7785211232739622
帨,輗,0.7748067294858718
帨,帞,0.7744765777916557
帨,幀,0.7738545041769566
帨,幁,0.7661322885087901
