char1,char2,similarity
帯,帯,1.0
帯,帚,0.7916827345742387
帯,帶,0.7680191540679798
帯,帣,0.7643171645268348
帯,帑,0.7609777345998654
帯,十,0.7606129014040874
帯,苦,0.759162874833348
帯,带,0.7567819508150287
帯,偌,0.7517406261676328
帯,咅,0.7444087984317397
