char1,char2,similarity
帱,帱,1.0
帱,梼,0.8305902939430707
帱,祷,0.7922486161070531
帱,畴,0.7755078993522884
帱,幒,0.7600367354786335
帱,帉,0.7599795902548135
帱,鋳,0.7584264372300032
帱,幏,0.7501056190118445
帱,幃,0.7490186361516655
帱,嵄,0.7454296129638265
