char1,char2,similarity
帮,帮,1.0
帮,栔,0.7279337698706776
帮,芉,0.7247566543748785
帮,甲,0.7212943047346234
帮,帤,0.7198058377375762
帮,帟,0.716580050457096
帮,刍,0.7144558730957218
帮,弚,0.7135021487962947
帮,洯,0.7115498346988043
帮,芊,0.711406860538686
