char1,char2,similarity
帳,帳,1.0
帳,幎,0.810119282803592
帳,棖,0.7878821979070361
帳,幆,0.7871161472439754
帳,蜋,0.7747098397645602
帳,帺,0.7737672933127424
帳,幌,0.7707944399781002
帳,怅,0.7682184424603952
帳,帷,0.7665173440390417
帳,幊,0.76392842037564
