char1,char2,similarity
帲,帲,1.0
帲,帺,0.7788947908630492
帲,蚒,0.7775165835884978
帲,帡,0.7636734353147101
帲,帉,0.7551656170875518
帲,恾,0.7539305932484579
帲,幜,0.7524633737644953
帲,帢,0.7500514165157661
帲,枿,0.7498237587993823
帲,幥,0.7439358108549767
