char1,char2,similarity
帵,帵,1.0
帵,蜿,0.8017129859033261
帵,幏,0.792987955116666
帵,帹,0.7857535871679072
帵,幒,0.7692213351938506
帵,畹,0.7669758616678223
帵,幌,0.7652953150444546
帵,帎,0.765072603122801
帵,帡,0.7645356114625798
帵,帢,0.7641233424574019
