char1,char2,similarity
帶,帶,1.0
帶,帯,0.7680191540679798
帶,带,0.7627015580834972
帶,帒,0.7610056781114869
帶,枼,0.7341011037668048
帶,某,0.7314017562436291
帶,芾,0.7312528371594518
帶,十,0.7310270680598819
帶,夲,0.7281713398709193
帶,艼,0.7240305262377302
