char1,char2,similarity
帴,帴,1.0
帴,輚,0.7791500224466004
帴,賤,0.7644200032268953
帴,棧,0.7550362454419789
帴,錢,0.7548834364915505
帴,帹,0.744593628750776
帴,幉,0.744343750447077
帴,餞,0.7436470869116074
帴,帻,0.7364530730912845
帴,帢,0.7361203580890775
