char1,char2,similarity
帺,帺,1.0
帺,綨,0.8062855899684134
帺,棋,0.8018809359701999
帺,褀,0.7994715804272242
帺,幎,0.7834369190893269
帺,諆,0.7832136007489645
帺,帲,0.7788947908630492
帺,幉,0.7759665118254078
帺,帳,0.7737672933127424
帺,帡,0.7734347746958815
