char1,char2,similarity
帻,帻,1.0
帻,幅,0.799737067386845
帻,赜,0.7882838544540757
帻,幁,0.7831987649128245
帻,幀,0.7716674425680997
帻,幊,0.7683044032355121
帻,帧,0.767436561270371
帻,蜻,0.7634013861727924
帻,帼,0.7587934909403433
帻,帖,0.751365726097409
