char1,char2,similarity
帿,帿,1.0
帿,糇,0.7729216322467934
帿,幜,0.7667142164976879
帿,幓,0.7507758229886908
帿,帷,0.7491516146479053
帿,幖,0.7485271156441804
帿,緱,0.7476765042492939
帿,幯,0.746448434207029
帿,幃,0.746356334027584
帿,蜄,0.7398484791637825
