char1,char2,similarity
幊,幊,1.0
幊,摃,0.8110279538149031
幊,槓,0.8010938724373008
幊,幁,0.7873319241898381
幊,幎,0.7758231264464343
幊,帻,0.7683044032355121
幊,帳,0.76392842037564
幊,帺,0.7634380340294216
幊,帧,0.7626789053286591
幊,帢,0.7617739100813752
