char1,char2,similarity
幂,幂,1.0
幂,慕,0.7647669919680877
幂,军,0.7575506106037405
幂,幕,0.7553147499738799
幂,募,0.740342863554799
幂,暮,0.739211240521085
幂,冥,0.7326985089511214
幂,畐,0.7233709390741359
幂,冪,0.7210033500253238
幂,稁,0.719410813332792
