char1,char2,similarity
幈,幈,1.0
幈,帪,0.7994056148208778
幈,幎,0.7970079050227232
幈,幆,0.7644705934031424
幈,帓,0.762961678577381
幈,帼,0.7626888079255257
幈,幨,0.7488770234482492
幈,帳,0.7465019222590905
幈,帗,0.7462454320946923
幈,帊,0.7446954373833335
