char1,char2,similarity
幆,幆,1.0
幆,帳,0.7871161472439754
幆,幎,0.7761978051237689
幆,褐,0.7737347358176644
幆,羯,0.7728658247058785
幆,輵,0.7709162323476024
幆,幈,0.7644705934031424
幆,蝎,0.7625206169020489
幆,朅,0.7624826721668515
幆,楬,0.7591901869885639
