char1,char2,similarity
幄,幄,1.0
幄,幭,0.7597106987325173
幄,媉,0.7554925911486609
幄,悍,0.7550008057077359
幄,悁,0.7531193640629963
幄,楃,0.749786927975411
幄,幌,0.74964395997411
幄,幞,0.7444223473044648
幄,岲,0.7441260867393723
幄,幨,0.7373913734000903
