char1,char2,similarity
幉,幉,1.0
幉,蝶,0.7948651237242405
幉,幎,0.7906687849619409
幉,帺,0.7759665118254078
幉,帓,0.7697350836407851
幉,蹀,0.7685152730378684
幉,幊,0.7599254855908375
幉,帵,0.7590223725216143
幉,帳,0.758625395411566
幉,緤,0.755600797179085
