char1,char2,similarity
幔,幔,1.0
幔,幜,0.7882977685464436
幔,镘,0.7716045452731194
幔,缦,0.7627959117174566
幔,槾,0.762748052570328
幔,熳,0.762726322793529
幔,幢,0.7605476920905448
幔,幙,0.7582122038319197
幔,幓,0.7494526328510619
幔,饅,0.7454931531877885
