char1,char2,similarity
幐,幐,1.0
幐,螣,0.8050848465828335
幐,腾,0.7885984415037264
幐,黱,0.7860993855492715
幐,膰,0.7764127074640497
幐,勝,0.7683427665289622
幐,縢,0.7615450612579199
幐,榺,0.7610295568574446
幐,騰,0.7583725692981322
幐,腣,0.7520351296330109
