char1,char2,similarity
幑,幑,1.0
幑,徵,0.7702200287535204
幑,微,0.752497228225289
幑,徼,0.7502011853235176
幑,敒,0.743093519813759
幑,徴,0.738011959313999
幑,黴,0.7283166222216941
幑,僌,0.7253204871104619
幑,鰴,0.7217336787710416
幑,愀,0.7044587913012686
