char1,char2,similarity
幏,幏,1.0
幏,帵,0.792987955116666
幏,榢,0.7682792988195023
幏,镓,0.7656687520268792
幏,幮,0.761399798849025
幏,幃,0.7538244196306008
幏,幠,0.7534497906867235
幏,幙,0.7501556419523913
幏,帱,0.7501056190118445
幏,幥,0.7486396926481285
