char1,char2,similarity
幙,幙,1.0
幙,模,0.78530680157641
幙,幃,0.7813407485389214
幙,蟆,0.7730579176080918
幙,幜,0.7707799220223276
幙,帺,0.7686244120109014
幙,幢,0.7681344878827224
幙,峓,0.7659202068910496
幙,幭,0.7649157443636629
幙,幖,0.7647963849131524
