char1,char2,similarity
幟,幟,1.0
幟,檝,0.7706752102408708
幟,識,0.7619698281273765
幟,蟙,0.7507835092626074
幟,職,0.7487488943078465
幟,幱,0.7461655787906006
幟,膱,0.7428691245713509
幟,嬂,0.739200744152016
幟,旘,0.7312725028058249
幟,樴,0.7292714479645755
