char1,char2,similarity
幜,幜,1.0
幜,幖,0.7942877924635298
幜,幔,0.7882977685464436
幜,幙,0.7707799220223276
幜,帿,0.7667142164976879
幜,幠,0.7654746492176584
幜,帺,0.7648672414570683
幜,幃,0.7629801510882067
幜,幥,0.7561607184145196
幜,帾,0.7546129768672506
