char1,char2,similarity
幞,幞,1.0
幞,樸,0.7932145826186447
幞,襆,0.7811883614576898
幞,鏷,0.7647736828015717
幞,帡,0.7593592579036089
幞,蹼,0.7553896455265933
幞,轐,0.7553145345629607
幞,峺,0.7532399129420253
幞,幌,0.7528623625580673
幞,檏,0.7516704755315016
