char1,char2,similarity
幚,幚,1.0
幚,鬻,0.7355854970563916
幚,幫,0.7334579435036257
幚,觢,0.7257351988922504
幚,輩,0.7041144400953
幚,膏,0.7039076714347661
幚,幣,0.7018178097131492
幚,賃,0.6968075026349365
幚,騫,0.6955310050731948
幚,彙,0.6949892971552033
