char1,char2,similarity
幨,幨,1.0
幨,襜,0.8013741167168844
幨,蟾,0.8009459129219889
幨,嶦,0.7802218311559078
幨,幒,0.7679472988851074
幨,幥,0.7657387434204174
幨,幩,0.7566068005698373
幨,韂,0.7546965303212233
幨,帉,0.7507126141658859
幨,幈,0.7488770234482492
