char1,char2,similarity
幣,幣,1.0
幣,幤,0.8687079431232193
幣,撆,0.7687923367525077
幣,幇,0.7483267624001151
幣,嫳,0.7238670437254825
幣,嵍,0.719646609019056
幣,芊,0.717435895788418
幣,瞥,0.714753235944236
幣,楘,0.714415757430637
幣,嫯,0.7132466341211302
