char1,char2,similarity
幮,幮,1.0
幮,幏,0.761399798849025
幮,帵,0.753803598143733
幮,幭,0.7464281868686945
幮,幠,0.7442361307505367
幮,幰,0.7439073959907909
幮,幓,0.7428497772896382
幮,幒,0.738700930436687
幮,幨,0.7363933577923415
幮,幯,0.7349888490076089
