char1,char2,similarity
干,干,1.0
干,千,0.9041934618587862
干,子,0.8895027762590747
干,丅,0.8810039739402629
干,丨,0.8703813297774978
干,丁,0.8639509153894677
干,十,0.8532314981624946
干,了,0.8474587801233802
干,壬,0.8464209796094706
干,卍,0.8461550506766825
