char1,char2,similarity
幰,幰,1.0
幰,幒,0.7523942664517772
幰,幮,0.7439073959907909
幰,幏,0.7422544748528643
幰,幠,0.7391334886118682
幰,嶾,0.732814997146738
幰,崍,0.7309693425760986
幰,怶,0.7281230766188428
幰,幜,0.7277588115733874
幰,幃,0.7276055071138712
