char1,char2,similarity
幫,幫,1.0
幫,鞤,0.7467365293059096
幫,幚,0.7334579435036257
幫,贅,0.7281269700928658
幫,寶,0.7279477211374852
幫,鼙,0.7166625076176132
幫,覧,0.7143574696807741
幫,蒖,0.714161824541754
幫,賌,0.7106427291530557
幫,貳,0.7105372096218144
