char1,char2,similarity
幱,幱,1.0
幱,襴,0.7831927934271463
幱,鑭,0.7824452043751103
幱,欄,0.7626323079306737
幱,幟,0.7461655787906006
幱,嶥,0.746095766267933
幱,躝,0.7448493628444366
幱,幗,0.7255030513553906
幱,蜽,0.7239556468905929
幱,悃,0.7239515084765525
