char1,char2,similarity
幪,幪,1.0
幪,檬,0.782284134020724
幪,幭,0.7727016536647388
幪,蠓,0.7627109271916607
幪,艨,0.7597075021396041
幪,朦,0.7566970718915749
幪,幯,0.7508516881685886
幪,幩,0.7436771865950893
幪,幏,0.7392019885166244
幪,幗,0.7364032325904974
