char1,char2,similarity
幭,幭,1.0
幭,蠛,0.7885923673896237
幭,幪,0.7727016536647388
幭,櫗,0.771120940992994
幭,幙,0.7649157443636629
幭,幄,0.7597106987325173
幭,鑖,0.7587819981229135
幭,幖,0.7477659378018268
幭,幮,0.7464281868686945
幭,幔,0.7420754505714264
