char1,char2,similarity
幻,幻,1.0
幻,门,0.7738355397027353
幻,刃,0.767669301017393
幻,勹,0.7644346956273498
幻,们,0.7535705857728329
幻,凵,0.7495996575797901
幻,乣,0.7454838302126743
幻,匄,0.7449070067085579
幻,汈,0.7441890005928298
幻,勽,0.743639716489926
