char1,char2,similarity
幵,幵,1.0
幵,玎,0.7894249387378667
幵,孖,0.7888930612615377
幵,卄,0.7871628098237715
幵,廾,0.7839657031233042
幵,卩,0.7814939158699838
幵,衦,0.7767894712880646
幵,扜,0.7743894127032523
幵,玗,0.773579193859663
幵,卂,0.7733265086624235
