char1,char2,similarity
幸,幸,1.0
幸,宰,0.8335716445036805
幸,車,0.8033565889567846
幸,荦,0.8011113649877694
幸,肀,0.7841257211362389
幸,阜,0.7723540608774778
幸,丵,0.7715526266215629
幸,串,0.7641053552181954
幸,卓,0.7631191424806497
幸,率,0.7624562070938621
