char1,char2,similarity
幼,幼,1.0
幼,劝,0.8151278591612757
幼,劫,0.7990661972442696
幼,劼,0.7932515145761834
幼,劤,0.7875266578975645
幼,忇,0.7814797796012048
幼,劥,0.7809228147210086
幼,勑,0.7806953614598581
幼,劶,0.7802122445077726
幼,効,0.7791527082102144
