char1,char2,similarity
幺,幺,1.0
幺,么,0.819430304480652
幺,久,0.774136855920612
幺,丶,0.7670530833184573
幺,二,0.7645602246513654
幺,人,0.7626745669503201
幺,合,0.7607145544923174
幺,丿,0.7602074200495096
幺,丨,0.7571172643661381
幺,厶,0.7558845172076735
