char1,char2,similarity
広,広,1.0
広,庂,0.8141699888090136
広,厂,0.8120823150773999
広,仄,0.792406547216681
広,庈,0.7906933180444244
広,庅,0.7883677174055498
広,庁,0.7758643008966427
広,庒,0.7697814468282798
広,丁,0.7666764057557932
広,灬,0.7616399635546508
