char1,char2,similarity
庅,庅,1.0
庅,庂,0.802211502601703
庅,庆,0.7934413023027854
庅,広,0.7883677174055498
庅,庈,0.787047173744369
庅,庒,0.7830740242739456
庅,庄,0.7805213848115355
庅,庀,0.7763220761457675
庅,庩,0.769295633083593
庅,店,0.7656841581167344
