char1,char2,similarity
庀,庀,1.0
庀,匸,0.8094367558483048
庀,产,0.7948457306996062
庀,床,0.7905957608222989
庀,应,0.7880172379901608
庀,庶,0.7835269130685861
庀,庄,0.781818675689879
庀,巳,0.7795516463104486
庀,汇,0.7783917108574395
庀,厄,0.7781312721691757
