char1,char2,similarity
庍,庍,1.0
庍,庌,0.8305961365473585
庍,庎,0.8074383196341272
庍,庢,0.7998145317976878
庍,庘,0.7966786532504694
庍,庂,0.7956345661440313
庍,庤,0.7904233891881344
庍,庭,0.778262967646381
庍,庈,0.7759238482973595
庍,庛,0.7732277309744359
