char1,char2,similarity
庈,庈,1.0
庈,庘,0.8075929771569273
庈,広,0.7906933180444244
庈,厂,0.7887050625926584
庈,庂,0.7884828438748968
庈,庅,0.787047173744369
庈,庤,0.7848178962201517
庈,庉,0.7801907347180927
庈,庁,0.7761469588915197
庈,庍,0.7759238482973595
