char1,char2,similarity
庌,庌,1.0
庌,庍,0.8305961365473585
庌,庎,0.8106486834979008
庌,庢,0.8074586085144249
庌,庘,0.7952850639103191
庌,庂,0.7897130577801869
庌,戻,0.7891696527507793
庌,庮,0.7881484860097772
庌,庭,0.7834974442940245
庌,序,0.7834073382591935
