char1,char2,similarity
序,序,1.0
序,庠,0.8009423841237274
序,庘,0.7887227353376246
序,庁,0.7865081235985164
序,庌,0.7834073382591935
序,庢,0.7776305103622946
序,庫,0.7657032235675767
序,库,0.7645036273180061
序,庐,0.7602717981899486
序,唐,0.7582569288433583
