char1,char2,similarity
庎,庎,1.0
庎,庰,0.8139445183260794
庎,庌,0.8106486834979008
庎,庍,0.8074383196341272
庎,庩,0.8046031507772959
庎,庂,0.7941706189063356
庎,庐,0.7895983741004173
庎,庒,0.7853272749708919
庎,庛,0.7826703426827838
庎,庤,0.7825832328326467
