char1,char2,similarity
庋,庋,1.0
庋,庁,0.8143286074564222
庋,庐,0.7985242464191106
庋,度,0.7929638262996254
庋,庂,0.7830915950641998
庋,庹,0.7829566626080805
庋,廀,0.7802645641853079
庋,庡,0.778384355849182
庋,庎,0.7699673197844066
庋,庒,0.7695909396874978
