char1,char2,similarity
床,床,1.0
床,庙,0.791976772950018
床,庀,0.7905957608222989
床,废,0.7897944922422195
床,庶,0.7753772579793463
床,庆,0.775294061664873
床,应,0.769851659866939
床,产,0.7673851245093056
床,店,0.7649012322308597
床,庒,0.7646043115119998
