char1,char2,similarity
庚,庚,1.0
庚,庾,0.7854359087643309
庚,质,0.7706943714695988
庚,厌,0.762272465276146
庚,仄,0.761515175915135
庚,戻,0.7549086857591437
庚,庆,0.7532945275486784
庚,厂,0.7506104704996193
庚,雇,0.7467929293102198
庚,肩,0.7459146734714786
