char1,char2,similarity
应,应,1.0
应,庄,0.7916047633934546
应,庀,0.7880172379901608
应,皮,0.7800308988541399
应,庙,0.7765565094282191
应,店,0.7727839794049757
应,床,0.769851659866939
应,五,0.768437336355404
应,庒,0.7682145954700761
应,庆,0.7681307383947511
