char1,char2,similarity
庒,庒,1.0
庒,压,0.808379729979112
庒,庄,0.8072381483861472
庒,庂,0.8064670486354943
庒,庉,0.7912908952074776
庒,庢,0.7905090098678876
庒,庩,0.7890067176332
庒,庁,0.7873102496824324
庒,庎,0.7853272749708919
庒,庆,0.7838744888757018
