char1,char2,similarity
店,店,1.0
店,启,0.8394741210969353
店,庙,0.8113876028324543
店,应,0.7727839794049757
店,庄,0.7693418637199742
店,庅,0.7656841581167344
店,床,0.7649012322308597
店,庀,0.7630624653748345
店,広,0.7598936281578769
店,废,0.7595225402211402
