char1,char2,similarity
库,库,1.0
库,庠,0.8369998723321502
库,庁,0.7945681149513948
库,庲,0.774353985003049
库,序,0.7645036273180061
库,卢,0.7584793541145745
库,庐,0.7566805909688749
库,痄,0.7553867555379389
库,庨,0.7521293998230516
库,庖,0.7514057050569376
