char1,char2,similarity
庖,庖,1.0
庖,戹,0.7826656772481386
庖,府,0.7807753385555917
庖,座,0.7759712962208783
庖,庀,0.7730668091045568
庖,庞,0.7714180142025637
庖,庑,0.7656569437472257
庖,庥,0.7633829859402934
庖,庉,0.7525861536158168
庖,巴,0.7525779568852852
