char1,char2,similarity
庢,庢,1.0
庢,庌,0.8074586085144249
庢,庍,0.7998145317976878
庢,庘,0.7977031394946731
庢,庿,0.7965433694419434
庢,庒,0.7905090098678876
庢,庮,0.7845244962909659
庢,唐,0.7808022789482081
庢,廀,0.7780258838098162
庢,序,0.7776305103622946
