char1,char2,similarity
庤,庤,1.0
庤,庘,0.8018351532593707
庤,庉,0.792368408936441
庤,庍,0.7904233891881344
庤,庝,0.788655758956526
庤,庈,0.7848178962201517
庤,庎,0.7825832328326467
庤,庡,0.7774290508256059
庤,庫,0.7764253232372228
庤,庂,0.7749874148822719
