char1,char2,similarity
府,府,1.0
府,庥,0.7992241325395253
府,庖,0.7807753385555917
府,庠,0.759947945625433
府,序,0.7572486925781199
府,莳,0.7541295982639626
府,屵,0.7512936051527318
府,产,0.751242258775151
府,庀,0.7504284626806002
府,庞,0.7500980776042648
