char1,char2,similarity
庫,庫,1.0
庫,庘,0.832928552452084
庫,漳,0.7934418067053064
庫,葏,0.7800492842271193
庫,庤,0.7764253232372228
庫,庨,0.775820280362431
庫,庯,0.775716151654322
庫,庌,0.773947029134948
庫,凍,0.7712334384725497
庫,庡,0.7683326020300604
