char1,char2,similarity
庨,庨,1.0
庨,庘,0.7886333317973799
庨,庝,0.7808293055298087
庨,庮,0.7793769547618464
庨,廅,0.7765118222874874
庨,庫,0.775820280362431
庨,庯,0.7696818024864378
庨,庉,0.7676133640304045
庨,庌,0.7674920653076228
庨,庍,0.766878756425994
