char1,char2,similarity
庪,庪,1.0
庪,度,0.7741982096014545
庪,庰,0.7602554532099477
庪,庿,0.7566590600514893
庪,庴,0.746229114255012
庪,庩,0.7442382867257032
庪,廂,0.7408067812341363
庪,庁,0.7406278166409289
庪,庲,0.7403092055105204
庪,庻,0.7386902720321078
