char1,char2,similarity
庸,庸,1.0
庸,廑,0.7646060839292225
庸,彦,0.748234147299292
庸,庐,0.7433033173140813
庸,厪,0.742541320734539
庸,廚,0.7417958502240014
庸,蔰,0.7374805882143054
庸,詹,0.7373468021895744
庸,腐,0.7372712032666935
庸,慧,0.7367341135481233
