char1,char2,similarity
庴,庴,1.0
庴,庯,0.782571189290139
庴,庿,0.780683803836731
庴,度,0.7788292268869752
庴,庝,0.7760748857365235
庴,庻,0.7734638433003044
庴,庒,0.7731504494396245
庴,庢,0.7691977220029048
庴,庡,0.7683563396239811
庴,庉,0.7657437424223543
