char1,char2,similarity
庹,庹,1.0
庹,庻,0.8122156224042757
庹,庋,0.7829566626080805
庹,廅,0.7756849422607646
庹,廆,0.7716141069624425
庹,庐,0.76899955149995
庹,庫,0.7633958253808006
庹,庱,0.7625754330710369
庹,庢,0.7598781583493566
庹,戾,0.7583556701530031
