char1,char2,similarity
庱,庱,1.0
庱,廅,0.7829513494799111
庱,廀,0.7817588783930224
庱,庒,0.7688539589393062
庱,庮,0.7632629232976451
庱,庹,0.7625754330710369
庱,廆,0.7617423558119529
庱,庫,0.7613928930529332
庱,庝,0.7608973563448309
庱,扇,0.7607928022561242
