char1,char2,similarity
庰,庰,1.0
庰,庎,0.8139445183260794
庰,度,0.7939777793365113
庰,庝,0.7843259056466029
庰,庣,0.7772058279562374
庰,庌,0.7738480220196883
庰,庐,0.7684635436076048
庰,庋,0.7658139497500965
庰,庴,0.7652878652657631
庰,庁,0.763378336335624
