char1,char2,similarity
庵,庵,1.0
庵,庉,0.7477608789893725
庵,肁,0.741038926798423
庵,廇,0.7410054825996398
庵,廣,0.7405024589419069
庵,鹿,0.7392186905851167
庵,麿,0.7381776291206057
庵,廃,0.7378922188774647
庵,扉,0.7376674264695079
庵,廍,0.736649613434013
