char1,char2,similarity
庶,庶,1.0
庶,庀,0.7835269130685861
庶,庙,0.7817006256009934
庶,床,0.7753772579793463
庶,废,0.7666627220267397
庶,庥,0.7622904372793528
庶,应,0.7598004845535854
庶,庆,0.7528739860554493
庶,庞,0.75204768195211
庶,店,0.7448918108081509
