char1,char2,similarity
庲,庲,1.0
庲,庡,0.8037030975501721
庲,庁,0.7854202784504635
庲,庺,0.7793687278312921
庲,库,0.774353985003049
庲,庒,0.7735999962360353
庲,庩,0.7716929645258469
庲,庐,0.7716681576195531
庲,庫,0.7648386606223172
庲,庂,0.7637660992174744
