char1,char2,similarity
廁,廁,1.0
廁,庽,0.7673778866345459
廁,厠,0.7634623779900002
廁,庲,0.7626768102238718
廁,廐,0.762417262113118
廁,庿,0.7552953366865196
廁,廀,0.7551247021119611
廁,庢,0.7548970581403739
廁,廋,0.7548359528514675
廁,廇,0.7530102515829841
