char1,char2,similarity
庻,庻,1.0
庻,庹,0.8122156224042757
庻,庺,0.7895236464741927
庻,度,0.785126008353805
庻,庴,0.7734638433003044
庻,席,0.7714699173692705
庻,庂,0.767658544481855
庻,庿,0.766593313639598
庻,庍,0.7646664678164885
庻,廀,0.7621796096050417
