char1,char2,similarity
廂,廂,1.0
廂,廇,0.766118547161985
廂,廟,0.7498957601030507
廂,廁,0.7492795244119913
廂,廏,0.7483164664975053
廂,庘,0.7475208896868205
廂,庽,0.7429618857617892
廂,庴,0.741252915453277
廂,廀,0.7408408632073016
廂,庪,0.7408067812341363
