char1,char2,similarity
庼,庼,1.0
庼,廎,0.8061949007285082
庼,廘,0.7647559085404415
庼,廋,0.7549954808925373
庼,廁,0.7447952384350186
庼,廐,0.7422498041788989
庼,廇,0.740842547151141
庼,廀,0.7406107899089703
庼,廍,0.739298351633032
庼,肁,0.7387416638611518
