char1,char2,similarity
廈,廈,1.0
廈,廔,0.7611220919832969
廈,亶,0.7552239322295534
廈,廙,0.7536589875414905
廈,鏖,0.7477264753976092
廈,赓,0.7464015834628376
廈,度,0.7453695000277268
廈,廋,0.7433597456223893
廈,慶,0.7424282067679226
廈,庾,0.741561440539171
