char1,char2,similarity
廉,廉,1.0
廉,亷,0.7732936692901927
廉,廒,0.7498045722992407
廉,戾,0.7345954866105454
廉,廆,0.7325243364260688
廉,廬,0.7302137959722278
廉,庹,0.7295010168476297
廉,廢,0.7255221005315035
廉,廚,0.722737453419873
廉,廑,0.7215833912114265
