char1,char2,similarity
廄,廄,1.0
廄,廏,0.8194507776585468
廄,廅,0.7615970625418519
廄,庛,0.7588463092536827
廄,廃,0.7436475077471212
廄,庮,0.7427919219244896
廄,廆,0.7411973633222422
廄,廒,0.7409835063957123
廄,廐,0.7389818564638209
廄,廊,0.7382389406767238
