char1,char2,similarity
廍,廍,1.0
廍,廊,0.7996055667089981
廍,廓,0.786311407484037
廍,廚,0.7518764854227716
廍,廒,0.7441691923824137
廍,廇,0.7440320646633202
廍,庾,0.7400273483448611
廍,庼,0.739298351633032
廍,廃,0.7384034050509657
廍,庵,0.736649613434013
