char1,char2,similarity
廏,廏,1.0
廏,廄,0.8194507776585468
廏,廐,0.7704022300360754
廏,廅,0.7651887487354021
廏,廒,0.762493310716047
廏,廘,0.7511988376773625
廏,廗,0.7486766620574777
廏,廆,0.7486310328368969
廏,廂,0.7483164664975053
廏,庢,0.7445445511168732
