char1,char2,similarity
廗,廗,1.0
廗,庿,0.7661709975942428
廗,庫,0.7614810191596488
廗,庲,0.7518748329667471
廗,廆,0.751135444752521
廗,序,0.7501101366887274
廗,庢,0.7489417824272422
廗,廏,0.7486766620574777
廗,廒,0.7484664924399378
廗,廁,0.7457275679800979
