char1,char2,similarity
廔,廔,1.0
廔,廑,0.7700975294103565
廔,廈,0.7611220919832969
廔,廤,0.7465086462658045
廔,庾,0.7451276613328817
廔,噟,0.7419365934516938
廔,廋,0.7408901420548842
廔,慶,0.738935084749573
廔,魔,0.7372493857718392
廔,腐,0.736403713005716
