char1,char2,similarity
廠,廠,1.0
廠,厰,0.7499274704612188
廠,廒,0.7464883943165391
廠,廞,0.7382264487753148
廠,廫,0.7280409043880319
廠,觙,0.7232854198814327
廠,廟,0.7215306208370706
廠,廬,0.7200767050929758
廠,廰,0.717991666913851
廠,廑,0.7157692725321937
