char1,char2,similarity
廞,廞,1.0
廞,廠,0.7382264487753148
廞,龐,0.7269724171300305
廞,廫,0.7228867718594785
廞,廟,0.7225283306910668
廞,廦,0.7223005970291398
廞,犘,0.7204432584372537
廞,肚,0.7197764774457664
廞,廱,0.7188297660748073
廞,麿,0.7177791009605172
