char1,char2,similarity
廜,廜,1.0
廜,赓,0.7534158559867979
廜,麂,0.7456589093248813
廜,塵,0.7449660083508308
廜,廙,0.7413199187678666
廜,龐,0.7397447919404829
廜,噟,0.7380271611797173
廜,廎,0.7375510537675707
廜,廈,0.7374539713453115
廜,廝,0.7294965310576605
