char1,char2,similarity
廚,廚,1.0
廚,廒,0.7772284324528673
廚,廍,0.7518764854227716
廚,廝,0.751207642714374
廚,廑,0.7499623713859755
廚,廅,0.7483439832227032
廚,廊,0.7479306746899248
廚,蔚,0.7476162914578905
廚,廆,0.7468437910334942
廚,庹,0.7461994003192229
