char1,char2,similarity
廤,廤,1.0
廤,廔,0.7465086462658045
廤,廙,0.7293770527267425
廤,龐,0.7256110942759358
廤,廩,0.7229510564706092
廤,廧,0.7217675527981053
廤,廑,0.7214825106338119
廤,廬,0.7211907558699284
廤,庸,0.7205519878529273
廤,廝,0.7177365829798414
