char1,char2,similarity
廨,廨,1.0
廨,廯,0.7557984668934581
廨,廫,0.745828190637841
廨,廘,0.7246376077944828
廨,廰,0.7246312308615082
廨,廝,0.7237027671678862
廨,庵,0.7223291586240603
廨,靡,0.7188793293440794
廨,廦,0.7181488086581267
廨,廊,0.7160680143377093
