char1,char2,similarity
廢,廢,1.0
廢,廙,0.758386622908735
廢,噟,0.7366965753068042
廢,廑,0.7362354656692047
廢,廜,0.7290040072099153
廢,廔,0.7274475823078113
廢,廉,0.7255221005315035
廢,廄,0.7226819546430796
廢,腐,0.7209862561677565
廢,廗,0.7207726173976243
