char1,char2,similarity
廪,廪,1.0
廪,廩,0.7948636358197171
廪,螷,0.75613085558267
廪,禀,0.7469856984491923
廪,麋,0.7444716644346817
廪,癝,0.7368777605138983
廪,廬,0.7353828663810515
廪,麀,0.7344116152705956
廪,庾,0.7297214029868357
廪,膏,0.7256307389499055
