char1,char2,similarity
廣,廣,1.0
廣,麿,0.7728587184775213
廣,癀,0.7532820044627274
廣,葿,0.7508425378381749
廣,庾,0.744230041021242
廣,庵,0.7405024589419069
廣,犘,0.7325382693670341
廣,廩,0.7310960357773735
廣,肁,0.7305283298964592
廣,廋,0.7278893637385063
