char1,char2,similarity
廯,廯,1.0
廯,廦,0.769076194006414
廯,廨,0.7557984668934581
廯,廫,0.7423349829409291
廯,廰,0.7344241170741875
廯,廲,0.7243753410291643
廯,廚,0.723204053369791
廯,廥,0.7192535987717295
廯,廤,0.7125171640181232
廯,廟,0.7081213716473963
