char1,char2,similarity
廳,廳,1.0
廳,廩,0.7249222088666426
廳,麋,0.7133649436910677
廳,黀,0.713325282766631
廳,膺,0.7123072122588849
廳,膈,0.711566682693887
廳,腝,0.7107640196885585
廳,麇,0.7077806411267545
廳,腫,0.7073921894092992
廳,廣,0.7045250389167826
