char1,char2,similarity
廵,廵,1.0
廵,廻,0.7635739067800051
廵,廹,0.7631487919368457
廵,廽,0.7482105306913325
廵,延,0.7451869697078937
廵,廸,0.7369981576120237
廵,廼,0.732257045233555
廵,巡,0.7263318847667382
廵,建,0.7204364866917402
廵,廷,0.7166620976546075
