char1,char2,similarity
廮,廮,1.0
廮,廔,0.7293890564742713
廮,廟,0.7253177298794788
廮,龐,0.7206901717058231
廮,廜,0.718545563243971
廮,廲,0.7158534579262815
廮,胢,0.7146180237761853
廮,屡,0.7137665388041963
廮,赓,0.710793587775898
廮,廦,0.7098338934786133
