char1,char2,similarity
廱,廱,1.0
廱,廟,0.729631597208757
廱,廲,0.7253619906157244
廱,臃,0.7244645237431092
廱,廫,0.7218844708033292
廱,澭,0.7209419157170892
廱,廞,0.7188297660748073
廱,廰,0.7184712740497681
廱,擁,0.7179965480007873
廱,廠,0.7135924870636778
