char1,char2,similarity
廾,廾,1.0
廾,亓,0.817494924827433
廾,介,0.8135429740127813
廾,升,0.8071969651929638
廾,卝,0.8065202796898291
廾,开,0.8022436658314647
廾,讦,0.7980173551360135
廾,斗,0.7909676419556099
廾,丬,0.7894350343812988
廾,丶,0.7882337018186459
