char1,char2,similarity
廼,廼,1.0
廼,廽,0.8230330217929405
廼,廻,0.7534652361248901
廼,延,0.7531746476885374
廼,廹,0.7334977779042601
廼,廵,0.732257045233555
廼,陻,0.732110186625592
廼,廸,0.7255524845959148
廼,硒,0.7180037500360815
廼,廷,0.7137547785516735
