char1,char2,similarity
廿,廿,1.0
廿,叶,0.8260692620378995
廿,卄,0.8204025804888871
廿,亻,0.8149223269284007
廿,乚,0.8012436700571539
廿,丩,0.7978514137189292
廿,牡,0.7967938866151395
廿,牜,0.7928409157335303
廿,壮,0.7918920107725007
廿,讠,0.7915714070611557
