char1,char2,similarity
开,开,1.0
开,犴,0.8111359008009877
开,齐,0.8036007055049166
开,廾,0.8022436658314647
开,讦,0.7990869610399489
开,忓,0.7977730414620585
开,盰,0.7926831435024236
开,汗,0.7889914871122392
开,亠,0.787730878182284
开,介,0.784052442720404
