char1,char2,similarity
弆,弆,1.0
弆,穽,0.7683676061993402
弆,弇,0.7682513429916956
弆,齐,0.7619616214556502
弆,弅,0.761755676902307
弆,宾,0.7584652800636656
弆,唟,0.7531983788390071
弆,窏,0.7528904909157843
弆,孛,0.7461318534740791
弆,尃,0.7441852806779876
