char1,char2,similarity
弇,弇,1.0
弇,昇,0.7892022721810982
弇,弅,0.7860322558013438
弇,龛,0.7703697263513253
弇,弆,0.7682513429916956
弇,翕,0.7682424970776234
弇,乛,0.7471774995219431
弇,弉,0.7454436240287077
弇,方,0.7439823546268429
弇,亣,0.7436253809743727
