char1,char2,similarity
弃,弃,1.0
弃,宑,0.8089701731990588
弃,存,0.7949313978332644
弃,芉,0.7775199649678389
弃,笄,0.7752566210906899
弃,夰,0.7739114439017237
弃,穿,0.7718383302221765
弃,芓,0.7697225228694032
弃,育,0.7647230763458677
弃,実,0.7613584323436235
