char1,char2,similarity
弐,弐,1.0
弐,艹,0.780102215094124
弐,乁,0.7719084430078418
弐,覀,0.7539071143125942
弐,气,0.7516384696330903
弐,烖,0.7488064538643647
弐,寸,0.7417613007835696
弐,弍,0.7377456928880849
弐,武,0.7353807559384132
弐,卞,0.7344586715805909
