char1,char2,similarity
弒,弒,1.0
弒,弑,0.7960508625130867
弒,軾,0.7915022989730075
弒,鉽,0.7413404563323563
弒,脦,0.7136575602813757
弒,仁,0.7083313245205302
弒,斌,0.7078094101042333
弒,甘,0.7062336997753373
弒,娬,0.7056845561818529
弒,鋱,0.7046584093363167
