char1,char2,similarity
弍,弍,1.0
弍,弌,0.83994758707715
弍,弎,0.8274040752257178
弍,忒,0.7838200150215945
弍,乛,0.7800463959218382
弍,式,0.7731027372926504
弍,广,0.7671350117679896
弍,成,0.7652065868205867
弍,末,0.7650975808043751
弍,亢,0.7649323223187476
