char1,char2,similarity
弘,弘,1.0
弘,私,0.7784159879809094
弘,弙,0.7606278331531864
弘,払,0.7548919469289717
弘,队,0.7447713030068475
弘,一,0.7393623850004973
弘,仏,0.7387187874302483
弘,张,0.7385121088669271
弘,亻,0.7364874828002328
弘,胋,0.7360697747658693
