char1,char2,similarity
弔,弔,1.0
弔,弜,0.7924412325928011
弔,丐,0.7906871003877509
弔,丨,0.7784267109907209
弔,丟,0.7766731397043056
弔,屮,0.7745919782162783
弔,吊,0.7725893864855258
弔,丅,0.7692317717873891
弔,一,0.7674199336620017
弔,肀,0.7654801780509078
