char1,char2,similarity
弗,弗,1.0
弗,丱,0.7728330515836714
弗,弟,0.7598230104716888
弗,纬,0.7486068811390314
弗,赤,0.7429615175124136
弗,伟,0.7421312659411081
弗,玮,0.737743781444034
弗,韦,0.733094265028907
弗,岪,0.7316114358220086
弗,专,0.7313622015344353
