char1,char2,similarity
弛,弛,1.0
弛,弫,0.792528339848438
弛,她,0.7749541884891997
弛,弝,0.7654237837768145
弛,弥,0.7510282389820857
弛,弳,0.7477669943288437
弛,弶,0.7470257430722932
弛,扡,0.7469137587144051
弛,弡,0.7455460654108783
弛,地,0.7434304043307648
