char1,char2,similarity
弚,弚,1.0
弚,弟,0.8276627630138769
弚,韦,0.8103707587698645
弚,巿,0.7846282414161796
弚,芊,0.7838972207593363
弚,申,0.7824586134550141
弚,丨,0.7766979128997948
弚,宇,0.7726820341239565
弚,竽,0.7724361339073776
弚,芐,0.7666411798794256
