char1,char2,similarity
弜,弜,1.0
弜,弔,0.7924412325928011
弜,覀,0.7477118035469895
弜,鬥,0.7442622397853486
弜,丣,0.7437331090035877
弜,叧,0.7386629458912096
弜,囗,0.7353218400780371
弜,囲,0.7351425170141795
弜,闩,0.733800087199679
弜,一,0.7337712090897348
