char1,char2,similarity
弙,弙,1.0
弙,盱,0.8344257972533374
弙,旰,0.82040928073486
弙,吁,0.8167043109876619
弙,孖,0.8076403333175499
弙,肝,0.783031826584876
弙,歼,0.7807342683780326
弙,玗,0.7803522948773338
弙,吇,0.7753866067386461
弙,扞,0.7728859979210188
