char1,char2,similarity
弝,弝,1.0
弝,弤,0.7897877101890828
弝,弡,0.7831556148671807
弝,弫,0.7697678502235608
弝,弢,0.7694062628081604
弝,弛,0.7654237837768145
弝,弞,0.7505530819976118
弝,彁,0.7420582602096528
弝,弔,0.7415791945757911
弝,杷,0.7396275484499141
