char1,char2,similarity
弣,弣,1.0
弣,附,0.8060056125660109
弣,詂,0.8011105592264681
弣,祔,0.7920222954545231
弣,咐,0.7771360215750018
弣,驸,0.7678387182249741
弣,弨,0.7658561996914255
弣,张,0.7609393711609467
弣,胕,0.7578299106769899
弣,袝,0.7558553484972289
