char1,char2,similarity
弥,弥,1.0
弥,狝,0.7857660438357176
弥,称,0.7656302619162083
弥,袮,0.758154564108335
弥,祢,0.7540038132050704
弥,弛,0.7510282389820857
弥,弶,0.7422848579653561
弥,弴,0.7357662263085895
弥,弞,0.7348705741208037
弥,弣,0.7348609974724156
