char1,char2,similarity
弦,弦,1.0
弦,呟,0.7619607636088642
弦,弶,0.7578237939729477
弦,胘,0.7571390474195269
弦,眩,0.7505293293649129
弦,铉,0.7457044858561444
弦,矤,0.745086252799964
弦,袨,0.7433230721843485
弦,昡,0.7427745482519701
弦,弨,0.7402457030736733
