char1,char2,similarity
弞,弞,1.0
弞,扻,0.7889062461041992
弞,炊,0.7793326358756881
弞,肷,0.7670439622679834
弞,欢,0.7667592366471896
弞,杴,0.7616487232150909
弞,吹,0.7611036160585014
弞,弤,0.756840993902535
弞,饮,0.7542242491807669
弞,弝,0.7505530819976118
