char1,char2,similarity
弢,弢,1.0
弢,弝,0.7694062628081604
弢,弞,0.7425025519605241
弢,砓,0.7394023439300301
弢,弡,0.7343493057040793
弢,弫,0.7326711713999716
弢,強,0.7314860219928678
弢,弨,0.7286281607007465
弢,吺,0.7267213595606703
弢,段,0.7264985469117564
