char1,char2,similarity
弡,弡,1.0
弡,弫,0.8353833631480528
弡,昛,0.789064649554234
弡,弝,0.7831556148671807
弡,弬,0.774634729611726
弡,弤,0.7737500659473454
弡,狙,0.765456257104596
弡,弳,0.7585860617322907
弡,怇,0.7559403213248959
弡,岠,0.7532981893250382
