char1,char2,similarity
弤,弤,1.0
弤,弝,0.7897877101890828
弤,弫,0.7762435144167501
弤,弡,0.7737500659473454
弤,牴,0.768056065216891
弤,羝,0.757447901496366
弤,弞,0.756840993902535
弤,詆,0.7526307392072216
弤,蚳,0.747033479295979
弤,弲,0.745847451982365
