char1,char2,similarity
弯,弯,1.0
弯,肓,0.7972449718330107
弯,孪,0.7661720123667304
弯,亪,0.7639888739574159
弯,壹,0.7599493533133076
弯,挛,0.7592005543507938
弯,弩,0.7543315121400285
弯,宵,0.754303848346839
弯,竜,0.7534007459618427
弯,覀,0.7523267053107202
