char1,char2,similarity
弪,弪,1.0
弪,陉,0.7773280418665031
弪,泾,0.7684868618095562
弪,烃,0.756384978467975
弪,弳,0.754455784230197
弪,弨,0.7439785852222781
弪,强,0.7391589651853593
弪,弡,0.734776504626807
弪,胫,0.7346277430873711
弪,弝,0.7343535957590063
