char1,char2,similarity
弬,弬,1.0
弬,弫,0.802143011407562
弬,弡,0.774634729611726
弬,弤,0.7441538360981191
弬,丅,0.738303201856634
弬,弛,0.7365998866852378
弬,弳,0.7300692056431278
弬,昛,0.7275133918342377
弬,弨,0.7263362604281033
弬,丁,0.7261374239662035
