char1,char2,similarity
弮,弮,1.0
弮,飬,0.793713502333622
弮,脊,0.7654459536511674
弮,育,0.7412509799440011
弮,寿,0.7383971982876542
弮,觠,0.7353739463646838
弮,弩,0.7335170988774328
弮,耊,0.7329398648720218
弮,齊,0.7272132808078271
弮,骨,0.7255709120205314
