char1,char2,similarity
弫,弫,1.0
弫,弡,0.8353833631480528
弫,弬,0.802143011407562
弫,弛,0.792528339848438
弫,弳,0.7887985069152109
弫,弤,0.7762435144167501
弫,弝,0.7697678502235608
弫,弨,0.766581117398424
弫,怇,0.7619863685294572
弫,弙,0.7617744004322261
