char1,char2,similarity
弶,弶,1.0
弶,弴,0.7777369141290559
弶,弰,0.7626200032640923
弶,弦,0.7578237939729477
弶,張,0.755048987779663
弶,強,0.753362707166207
弶,腙,0.7506716922051785
弶,椋,0.747338627229821
弶,弛,0.7470257430722932
弶,稤,0.7428925405469857
