char1,char2,similarity
弳,弳,1.0
弳,脛,0.7962386582426523
弳,弫,0.7887985069152109
弳,殌,0.7872488289394667
弳,彄,0.7826206727222362
弳,彊,0.777124624768766
弳,彁,0.7607475166337381
弳,弡,0.7585860617322907
弳,弪,0.754455784230197
弳,彈,0.7539487392972947
