char1,char2,similarity
弴,弴,1.0
弴,弾,0.785558163097335
弴,犉,0.7802411398816416
弴,弶,0.7777369141290559
弴,谆,0.7664372268374755
弴,焞,0.7623066224071757
弴,淳,0.7586545571040672
弴,強,0.7556421784091555
弴,朜,0.7458155107324259
弴,惇,0.7450049119848915
