char1,char2,similarity
强,强,1.0
强,強,0.7550552045598317
强,弪,0.7391589651853593
强,弾,0.7242661986756418
强,彄,0.7203421740785807
强,弳,0.720187099847858
强,陨,0.7200691900979528
强,唄,0.7192325039510458
强,弽,0.7191870902679427
强,弡,0.7190863105342132
