char1,char2,similarity
弸,弸,1.0
弸,刌,0.72612075940172
弸,閫,0.7194343203455589
弸,彌,0.7180786985011908
弸,弼,0.7169188480668254
弸,掤,0.7151120094258763
弸,閪,0.7144593737199704
弸,閲,0.7137995938203929
弸,閰,0.713633097638368
弸,閧,0.7131778697294605
