char1,char2,similarity
弻,弻,1.0
弻,弼,0.8239724270017764
弻,粥,0.7318145329614604
弻,面,0.7036596666377914
弻,倆,0.7007995635223385
弻,抈,0.698314925282336
弻,祤,0.6955613268838043
弻,丟,0.6948045327579415
弻,丣,0.6932733937149591
弻,厾,0.6926984818250849
