char1,char2,similarity
彅,彅,1.0
彅,彉,0.7427830434061663
彅,强,0.7149845299532841
彅,彇,0.7101950586295467
彅,弧,0.7084214783844379
彅,弣,0.704461074959142
彅,朠,0.7020894373943707
彅,彈,0.7013858123837795
彅,彃,0.7002816918638441
彅,弦,0.6985493635433572
