char1,char2,similarity
彃,彃,1.0
彃,彈,0.7631308549961449
彃,彌,0.7630270520855248
彃,彁,0.7514803424795646
彃,彊,0.7502143884326187
彃,襅,0.7407531341863282
彃,骡,0.7385173316128392
彃,彋,0.7351033762298331
彃,睅,0.7334707119295055
彃,弽,0.7330043762182706
