char1,char2,similarity
弼,弼,1.0
弼,弻,0.8239724270017764
弼,粥,0.7415884161800399
弼,弸,0.7169188480668254
弼,拐,0.7161094058469749
弼,弜,0.7147540667127408
弼,丣,0.7082127024811377
弼,闫,0.7060922412660876
弼,彌,0.7050149124460017
弼,尹,0.703958132482816
