char1,char2,similarity
弿,弿,1.0
弿,謇,0.7759100006776285
弿,專,0.7562469294613694
弿,蹇,0.7540594296383727
弿,朞,0.7435664796735694
弿,賣,0.7322771167740304
弿,實,0.7321034584769739
弿,腎,0.7310513795819131
弿,雹,0.7281396086685691
弿,書,0.7233489511107712
