char1,char2,similarity
彊,彊,1.0
彊,疆,0.7949489721346956
彊,弳,0.777124624768766
彊,彁,0.7746397217204477
彊,彋,0.7656098623370375
彊,彄,0.7650178542065352
彊,弫,0.7546763100371906
彊,彃,0.7502143884326187
彊,僵,0.7362296590794271
彊,礓,0.7343280411514685
