char1,char2,similarity
彈,彈,1.0
彈,彋,0.7804180828934371
彈,彃,0.7631308549961449
彈,弳,0.7539487392972947
彈,彉,0.7521515953650398
彈,弹,0.7516439252917755
彈,彄,0.7487575273878982
彈,燀,0.7458122488205945
彈,彁,0.7441612990898959
彈,唓,0.7415674808604639
