char1,char2,similarity
彆,彆,1.0
彆,弩,0.7577899352923038
彆,鷩,0.7441590163588662
彆,鳖,0.7368415864295181
彆,驁,0.7354543929459687
彆,胥,0.7307477324975074
彆,鐅,0.7275424333621888
彆,萼,0.7219171170474837
彆,胃,0.7185126605230341
彆,貫,0.7174088173731086
