char1,char2,similarity
彌,彌,1.0
彌,嬭,0.7979300807150655
彌,隬,0.7951827892103559
彌,禰,0.764122036559147
彌,彃,0.7630270520855248
彌,擟,0.737337361169229
彌,彈,0.7340911342882858
彌,彄,0.7319794664501397
彌,彁,0.7243853326943932
彌,脼,0.7242816867710608
