char1,char2,similarity
归,归,1.0
归,妇,0.7965162321905428
归,罒,0.7769576930478727
归,阳,0.7703238159172604
归,凵,0.7565590661933873
归,囘,0.7550245231803577
归,冖,0.753368715644
归,丌,0.7522311429295572
归,门,0.7519716315149765
归,匄,0.7519460281264062
