char1,char2,similarity
彑,彑,1.0
彑,且,0.8299091299615697
彑,乚,0.8045453863729753
彑,立,0.7987664718120235
彑,主,0.7979629338679608
彑,乜,0.7945386738080706
彑,壴,0.7921763937349101
彑,上,0.7897087624157013
彑,二,0.7874216850623726
彑,亗,0.7872363676537448
