char1,char2,similarity
彙,彙,1.0
彙,彚,0.7562036945654302
彙,暠,0.7442262672454738
彙,賫,0.7438996900611496
彙,覮,0.7378737530940349
彙,罺,0.7291532941069484
彙,瀪,0.727847412118894
彙,覺,0.726241397576749
彙,蒷,0.7251272823317417
彙,暈,0.7244386823867939
