char1,char2,similarity
彞,彞,1.0
彞,彛,0.8843141782843732
彞,彜,0.7941540066796072
彞,彚,0.7537024643537821
彞,馵,0.7261164577995289
彞,異,0.7217335611691041
彞,昪,0.7193719469846154
彞,粪,0.7038212841102227
彞,罦,0.7020877429345482
彞,曓,0.7015922563635464
