char1,char2,similarity
彟,彟,1.0
彟,雘,0.7841953122431957
彟,彠,0.7663546924662513
彟,鸌,0.7566434903040883
彟,頀,0.7360642805874268
彟,鱯,0.7197064720758869
彟,鳠,0.7152422676075124
彟,鹱,0.7138628687840924
彟,镬,0.7105580555208796
彟,艧,0.7053458834951077
