char1,char2,similarity
彠,彠,1.0
彠,彟,0.7663546924662513
彠,雘,0.7462967137974201
彠,鳠,0.7305258772353845
彠,鱯,0.7146317043976249
彠,鸌,0.7145458978667306
彠,頀,0.7006561037682861
彠,鹱,0.6866533764672039
彠,霞,0.6804115255339039
彠,鑊,0.6798434691557246
