char1,char2,similarity
彣,彣,1.0
彣,妵,0.7455820816981978
彣,廴,0.7367286966027187
彣,鬽,0.7354018774989859
彣,奵,0.7280985714555764
彣,奼,0.726980149265476
彣,妊,0.7260046139052054
彣,乛,0.7235695821173876
彣,妅,0.7202765097456576
彣,奷,0.7188378472492877
