char1,char2,similarity
彡,彡,1.0
彡,丶,0.8086235486750458
彡,亅,0.8053897368527134
彡,丨,0.8017022374474183
彡,丿,0.8012231584730262
彡,扌,0.7971696782545394
彡,一,0.7861901004796019
彡,犭,0.7827723777874416
彡,丬,0.7820700949576669
彡,卜,0.7820207316186164
