char1,char2,similarity
形,形,1.0
形,彤,0.7612420383454368
形,邢,0.7523539661551435
形,尸,0.7495151426441677
形,刑,0.7347100047359193
形,釤,0.7336238963451631
形,羏,0.7331138485818511
形,汇,0.7276489291822272
形,髟,0.7265563966360165
形,玗,0.7247186199117978
