char1,char2,similarity
彫,彫,1.0
彫,郮,0.786653724445563
彫,彯,0.7474424080747579
彫,彲,0.7469107776214261
彫,影,0.7272921417767462
彫,彤,0.719725089344911
彫,耏,0.7185577613594286
彫,虨,0.7103638177849282
彫,羏,0.7101056593091518
彫,彩,0.7065635388716259
