char1,char2,similarity
彥,彥,1.0
彥,彦,0.7885936582360401
彥,亓,0.7220008124702699
彥,亍,0.7198423839707688
彥,参,0.7191814922344977
彥,產,0.7191631489265456
彥,忈,0.7184655322400958
彥,膏,0.7180733796824147
彥,腐,0.7152707041738213
彥,廔,0.714523930925286
