char1,char2,similarity
彧,彧,1.0
彧,戜,0.7395418373459937
彧,甙,0.727452483578441
彧,艾,0.7169058629843814
彧,烕,0.7085680165558218
彧,咸,0.7084396869995283
彧,戚,0.708354577320727
彧,威,0.7083290325853591
彧,邟,0.7039175033078329
彧,口,0.703161055267368
