char1,char2,similarity
彨,彨,1.0
彨,耏,0.7306265460329887
彨,郦,0.7182055819515315
彨,虨,0.6993448386970104
彨,彲,0.6931522011211618
彨,彯,0.6919866856777237
彨,皕,0.6883467521005127
彨,陬,0.6856873354520708
彨,涁,0.6844326874308932
彨,醢,0.6820735521003617
