char1,char2,similarity
彤,彤,1.0
彤,形,0.7612420383454368
彤,羏,0.7407937609833367
彤,釤,0.7345547148532403
彤,郍,0.7310786918787461
彤,彫,0.719725089344911
彤,舡,0.7181085433993734
彤,彩,0.7152964643563205
彤,卜,0.7145824920772063
彤,髟,0.7142230728702119
