char1,char2,similarity
彴,彴,1.0
彴,杓,0.815917320545956
彴,扚,0.815649162470154
彴,枃,0.7810675537033159
彴,礿,0.7773523512931317
彴,抣,0.7737184366412726
彴,玓,0.7728726095455422
彴,袀,0.7697387442360776
彴,灼,0.767933200233223
彴,圴,0.766652538994182
