char1,char2,similarity
彳,彳,1.0
彳,丨,0.876080092050697
彳,丫,0.8635519132599265
彳,个,0.8432209357955924
彳,亅,0.838681589036594
彳,十,0.8372901300221504
彳,丶,0.8368318213279607
彳,丅,0.828122050475087
彳,了,0.8240396414506901
彳,仐,0.8224189293209565
