char1,char2,similarity
影,影,1.0
影,彯,0.7284177431199913
影,彫,0.7272921417767462
影,髟,0.717114855996142
影,彩,0.7071191720300298
影,彤,0.7066867203003878
影,釤,0.7046824563822148
影,颢,0.6973476020204574
影,羏,0.6963098656493512
影,彭,0.6906367351403295
