char1,char2,similarity
彶,彶,1.0
彶,忣,0.8333725543705368
彶,扱,0.7956929363546464
彶,极,0.7691105540649962
彶,徎,0.7677325833948248
彶,衱,0.7578011716266552
彶,従,0.7528170690639154
彶,吸,0.7503343612792449
彶,仮,0.7500113708682665
彶,徑,0.7499873083722479
