char1,char2,similarity
彯,彯,1.0
彯,彲,0.7585384500876582
彯,彫,0.7474424080747579
彯,耏,0.7305583585237525
彯,影,0.7284177431199913
彯,彩,0.7269229712509118
彯,彮,0.7146645197494248
彯,黪,0.7001239357413221
彯,剽,0.6944295491903569
彯,彤,0.693572734823075
