char1,char2,similarity
彿,彿,1.0
彿,怫,0.8769255646425855
彿,坲,0.7930207281743247
彿,拂,0.791847055117856
彿,佛,0.7626709540333936
彿,沸,0.7538975111350313
彿,狒,0.7535591591639076
彿,彾,0.7351489089397395
彿,咈,0.7328337134924421
彿,徏,0.7312746874712044
