char1,char2,similarity
役,役,1.0
役,投,0.8127060724144491
役,杸,0.7553345891650547
役,祋,0.7553305217236714
役,很,0.7546784758896592
役,坄,0.7533931270067087
役,彸,0.7465871833872624
役,卪,0.744512617999076
役,伇,0.7391179141829307
役,祉,0.7345813491896341
