char1,char2,similarity
彾,彾,1.0
彾,伶,0.8304068096474116
彾,怜,0.8240215970956453
彾,柃,0.8018759375210901
彾,袊,0.7952512503566911
彾,仱,0.7920277574150428
彾,徃,0.7854958936240756
彾,冷,0.782914444045127
彾,呤,0.7747330300019118
彾,价,0.7684829960611302
