char1,char2,similarity
徇,徇,1.0
徇,恂,0.8601635684765384
徇,拘,0.7883038866060231
徇,侚,0.7785376978214122
徇,佝,0.7778703834145952
徇,徜,0.7771446679462258
徇,袧,0.7701027078567884
徇,枸,0.7700517266251973
徇,衲,0.7644501682219347
徇,怐,0.7623962257813351
