char1,char2,similarity
径,径,1.0
径,仔,0.7706593894070908
径,忹,0.7646712674751295
径,椌,0.7584314617819508
径,彺,0.7540854953717391
径,怌,0.7528115959305027
径,柽,0.7526839981209875
径,倥,0.7486998385150156
径,抂,0.7471189354337099
径,徂,0.7455104684917869
