char1,char2,similarity
徃,徃,1.0
徃,性,0.8448445931292352
徃,栍,0.8348670430868063
徃,彺,0.8097721117928097
徃,徍,0.8023680547499136
徃,徑,0.798431772356812
徃,從,0.7917881843747989
徃,彾,0.7854958936240756
徃,徏,0.7772471818300005
徃,徎,0.7770805845527261
