char1,char2,similarity
律,律,1.0
律,津,0.7996389394305434
律,侓,0.7984717207641359
律,冿,0.7619828104682886
律,德,0.754703407399467
律,俸,0.7445980889163365
律,垏,0.7406091836758228
律,俥,0.7366256261947832
律,佭,0.7345914706464101
律,徝,0.734315410327958
