char1,char2,similarity
徂,徂,1.0
徂,怚,0.8579375651176407
徂,祖,0.7997081422500867
徂,柤,0.788044163828918
徂,抯,0.7853027118302742
徂,彷,0.7696725787541939
徂,怇,0.7673359717390761
徂,徑,0.7643320436348723
徂,衍,0.7634394678598215
徂,行,0.7631478887837289
