char1,char2,similarity
徐,徐,1.0
徐,捈,0.8247444134545714
徐,悇,0.8163097169899917
徐,梌,0.8102226418433988
徐,除,0.7792305860357167
徐,唋,0.7714133767780512
徐,俆,0.7565985712014249
徐,倧,0.7557380439018296
徐,狳,0.7533590623289856
徐,徕,0.7518012560494606
