char1,char2,similarity
徎,徎,1.0
徎,悜,0.8472289171298728
徎,挰,0.8112608908493916
徎,彺,0.804146901786233
徎,徑,0.8034868506099381
徎,锃,0.7899821966040014
徎,徃,0.7770805845527261
徎,捏,0.7767826250473132
徎,埕,0.7749586196670861
徎,裎,0.7737100623057414
