char1,char2,similarity
徑,徑,1.0
徑,徎,0.8034868506099381
徑,徃,0.798431772356812
徑,彺,0.7940985040753475
徑,挳,0.7862354440266077
徑,徍,0.7657493922223535
徑,徂,0.7643320436348723
徑,陘,0.754463661545897
徑,徰,0.7527689355087221
徑,椌,0.7520380915559741
