char1,char2,similarity
後,後,1.0
後,悛,0.7467312752324783
後,徨,0.7429076574620042
後,恔,0.7391615034941743
後,彷,0.7370411667526623
後,俊,0.7353812761152619
後,役,0.7312149675782829
後,唛,0.7296280559409636
後,捘,0.7293805476134909
後,梭,0.7289306372915341
