char1,char2,similarity
従,従,1.0
従,從,0.7827573447794756
従,徔,0.7696773062482165
従,徥,0.763318669421275
従,彾,0.7622648530574132
従,徃,0.7577194497102638
従,促,0.7552081959154154
従,彶,0.7528170690639154
従,彺,0.7507851133505223
従,徑,0.7496471642571374
