char1,char2,similarity
徘,徘,1.0
徘,俳,0.8039255080903067
徘,徉,0.7797572096510852
徘,彷,0.7522670942614261
徘,怅,0.7443362619917587
徘,佯,0.7389187648890789
徘,衦,0.7326126544340615
徘,徇,0.7322170281644267
徘,蛘,0.7293698402581059
徘,祉,0.7281943772351338
