char1,char2,similarity
徛,徛,1.0
徛,徠,0.7828916580800055
徛,徝,0.7735129254926699
徛,倍,0.7583099931190533
徛,彾,0.755285527720265
徛,徚,0.7492980845592061
徛,琦,0.7472408022900321
徛,梼,0.7470227625217291
徛,彺,0.7463752110450019
徛,掎,0.7451624943771924
