char1,char2,similarity
徚,徚,1.0
徚,谏,0.7951116978958349
徚,湅,0.7922986063360362
徚,堜,0.7919984045685572
徚,徖,0.7879609215210005
徚,倲,0.7873241175449689
徚,徠,0.778830505675098
徚,徝,0.7776500778784411
徚,瑓,0.7710981231802182
徚,埬,0.764902941271361
