char1,char2,similarity
徖,徖,1.0
徖,悰,0.8330603652638061
徖,徚,0.7879609215210005
徖,惊,0.7760746148505335
徖,琮,0.7738544161804595
徖,椋,0.7708105912413399
徖,徠,0.766541797254971
徖,综,0.7656046451235735
徖,彾,0.7589627810746005
徖,掠,0.7583563684260892
