char1,char2,similarity
徟,徟,1.0
徟,惆,0.8242937165141565
徟,倜,0.8124264919303289
徟,绸,0.7792010959100933
徟,徲,0.7709194100402902
徟,调,0.7690483753134376
徟,侷,0.7587287609585358
徟,徆,0.7567553515768252
徟,徜,0.7529521224596093
徟,徊,0.7502406401799848
