char1,char2,similarity
徙,徙,1.0
徙,徒,0.8054517501675533
徙,徍,0.7887416217156096
徙,從,0.76263289740962
徙,待,0.7568960840813377
徙,徇,0.7557331554621475
徙,徏,0.7530638830848779
徙,桂,0.7520641987251289
徙,挂,0.7517186364152612
徙,佳,0.7491306533723608
