char1,char2,similarity
復,復,1.0
復,愎,0.8308203585441654
復,複,0.7925327047748996
復,徢,0.749991203283439
復,徔,0.7444820552633312
復,徝,0.7407207716546349
復,愯,0.7384096168146764
復,徫,0.736710350415442
復,彺,0.731931288857369
復,彶,0.731503112429593
