char1,char2,similarity
徦,徦,1.0
徦,假,0.8210085200844018
徦,塅,0.7591349478619785
徦,惙,0.7435640518662184
徦,衐,0.7339545323422613
徦,瑕,0.7339496621355209
徦,猳,0.7231050392904442
徦,婽,0.7220506599697737
徦,懙,0.7218738416162993
徦,棚,0.7152086200029105
