char1,char2,similarity
徠,徠,1.0
徠,徛,0.7828916580800055
徠,怽,0.7807564441693619
徠,徚,0.778830505675098
徠,徕,0.7693043176764551
徠,徖,0.766541797254971
徠,唻,0.7645397765777969
徠,徍,0.7578903698978368
徠,睞,0.7578547649591078
徠,棶,0.7567064166360439
