char1,char2,similarity
徱,徱,1.0
徱,慓,0.8096996153715611
徱,骠,0.8020039580668402
徱,僄,0.7999650724368328
徱,缥,0.7866640514677146
徱,標,0.7711472476841974
徱,幖,0.7647870584628585
徱,嘌,0.7614733328332459
徱,摽,0.756741020483482
徱,膘,0.7532502753822446
