char1,char2,similarity
徳,徳,1.0
徳,徧,0.7771008150213872
徳,徚,0.7557697793921335
徳,傯,0.7534101060439031
徳,徖,0.7482189609090352
徳,徝,0.7461708155445808
徳,痣,0.7448131699918673
徳,憁,0.7431889971765188
徳,徠,0.7428703678118361
徳,徛,0.7397166967276735
