char1,char2,similarity
循,循,1.0
循,揗,0.7607862256312916
循,偱,0.7512552948939885
循,倔,0.7458213209158657
循,橱,0.729740305227799
循,钴,0.7289445283823549
循,德,0.7247412731743722
循,派,0.7204095389623146
循,棚,0.7188791580700039
循,偛,0.7183648278207792
