char1,char2,similarity
徰,徰,1.0
徰,惶,0.7719550651902667
徰,徢,0.7572923973278219
徰,徯,0.7556576535323702
徰,彵,0.7543048980446272
徰,徃,0.7527832348003519
徰,徑,0.7527689355087221
徰,徨,0.7470982087347366
徰,従,0.7468283439526241
徰,徟,0.7458334265655425
