char1,char2,similarity
徵,徵,1.0
徵,徼,0.8592053747764796
徵,微,0.8099133410383881
徵,幑,0.7702200287535204
徵,黴,0.7612695615098493
徵,缴,0.7520453021569243
徵,徴,0.7465392978884462
徵,澂,0.7458480679685637
徵,徽,0.7426079295116645
徵,檄,0.7420546727734381
