char1,char2,similarity
德,德,1.0
德,僡,0.7678093648141531
德,律,0.754703407399467
德,憓,0.73964351818357
德,傯,0.7346284023865655
德,憽,0.7286721559625957
德,循,0.7247412731743722
德,徳,0.7185266223836825
德,憁,0.7157230612048959
德,樽,0.71453321147306
