char1,char2,similarity
徺,徺,1.0
徺,僥,0.8053927016973627
徺,墝,0.7967930036473612
徺,憢,0.7837773388612519
徺,皢,0.7699435951981317
徺,嬈,0.7683242176794814
徺,嘵,0.7672414507705876
徺,燒,0.7647528569896428
徺,撓,0.7500040246881137
徺,徥,0.7383664068811089
