char1,char2,similarity
徹,徹,1.0
徹,撤,0.8013967933314345
徹,徾,0.7733543145936581
徹,徶,0.770169685465431
徹,馓,0.7418863906384201
徹,徴,0.7306408864928561
徹,徽,0.7273660687603386
徹,慠,0.7253131191169162
徹,潵,0.722376841644855
徹,撖,0.7222650241339658
