char1,char2,similarity
徻,徻,1.0
徻,懀,0.8138060575905802
徻,禬,0.7967160546288826
徻,澮,0.7956390256057081
徻,嬒,0.7608955105505557
徻,瞺,0.7540646075229998
徻,儈,0.7509002837312536
徻,橹,0.7428342051780952
徻,糩,0.7366579394937104
徻,撸,0.7345608783554426
