char1,char2,similarity
忇,忇,1.0
忇,朸,0.8339552812335457
忇,扐,0.8181279930277939
忇,幼,0.7814797796012048
忇,劝,0.7812482934586245
忇,忆,0.7777619940809517
忇,劼,0.7755593674447216
忇,怗,0.7748711784286242
忇,仗,0.7724093286775993
忇,怕,0.7678234146209412
