char1,char2,similarity
忆,忆,1.0
忆,亿,0.7962925910227913
忆,忊,0.783847096027498
忆,扛,0.7780424366136051
忆,忇,0.7777619940809517
忆,忉,0.777534923115432
忆,仃,0.7756036726654311
忆,杠,0.7744671767687454
忆,忏,0.7703773338572837
忆,亡,0.7690880819402683
