char1,char2,similarity
忂,忂,1.0
忂,蠷,0.7405627542756382
忂,擢,0.7381098408111256
忂,權,0.7342654307644169
忂,櫻,0.7245877488482987
忂,瞿,0.7221761931927762
忂,孾,0.7216156753769701
忂,復,0.7182826099302896
忂,徿,0.7178450021896245
忂,傮,0.7170722512559555
