char1,char2,similarity
忍,忍,1.0
忍,思,0.792160135991516
忍,忈,0.7849252066908445
忍,忎,0.770814940911238
忍,忠,0.7698763108442371
忍,恶,0.766140675838954
忍,忌,0.7652151173246615
忍,忢,0.7580264096977662
忍,忑,0.7553483751660405
忍,总,0.7546819163831704
