char1,char2,similarity
忏,忏,1.0
忏,扦,0.8764126108485443
忏,忊,0.828024492731517
忏,仃,0.8245172647495165
忏,扞,0.8205569510455195
忏,杆,0.8183474065759411
忏,忬,0.8112220591967121
忏,忓,0.808276757563088
忏,钎,0.8061629524447532
忏,忤,0.8051786896622072
