char1,char2,similarity
忎,忎,1.0
忎,孞,0.8275350132265668
忎,忈,0.785999411909358
忎,忍,0.770814940911238
忎,思,0.7700812234941489
忎,忑,0.7675661287083744
忎,忌,0.7612520992760107
忎,帀,0.7525038121147362
忎,汞,0.7517467414693262
忎,忠,0.749681892621628
