char1,char2,similarity
忐,忐,1.0
忐,志,0.8445972745114105
忐,忑,0.8052322088571867
忐,忠,0.7999340933089679
忐,忘,0.7841592998191689
忐,忞,0.7830962586405474
忐,亠,0.7766382661032527
忐,忢,0.7636041052305456
忐,十,0.7581339720592563
忐,怸,0.7553124397634152
