char1,char2,similarity
忈,忈,1.0
忈,示,0.8161645902871018
忈,忑,0.7908610071545432
忈,忎,0.785999411909358
忈,忍,0.7849252066908445
忈,亍,0.7785601640590857
忈,亓,0.7740835392598814
忈,元,0.7718609816002848
忈,亖,0.7700965431584789
忈,禾,0.7590816836205498
