char1,char2,similarity
忒,忒,1.0
忒,弌,0.8172552024499561
忒,弎,0.7921430878869757
忒,弍,0.7838200150215945
忒,杙,0.7789090868702742
忒,乛,0.7604967948783553
忒,穴,0.7463785809300119
忒,亢,0.7448998377036796
忒,札,0.7430495557389198
忒,朲,0.7361868946823326
