char1,char2,similarity
忖,忖,1.0
忖,讨,0.8523283980685735
忖,忙,0.8297506579051079
忖,付,0.8163055064146583
忖,忻,0.8094179365348373
忖,恃,0.8016043598676647
忖,忦,0.8006897653742708
忖,材,0.7988252893900198
忖,竹,0.798485647452611
忖,忭,0.7843673095803085
