char1,char2,similarity
忚,忚,1.0
忚,怈,0.8338120011166721
忚,彵,0.8268530287567507
忚,忳,0.8261892398982091
忚,忋,0.804098331095368
忚,怚,0.8017787485029053
忚,怉,0.800496673632815
忚,他,0.7996627350264169
忚,性,0.7912518941311543
忚,恒,0.7847094528736224
