char1,char2,similarity
忓,忓,1.0
忓,犴,0.8202808450379087
忓,忹,0.8194935134782548
忓,饪,0.8159844210567551
忓,仠,0.8107950569071172
忓,彺,0.8084946224776424
忓,忏,0.808276757563088
忓,仔,0.8022753216777659
忓,屽,0.8001065841265862
忓,任,0.7988156175961871
