char1,char2,similarity
忞,忞,1.0
忞,忐,0.7830962586405474
忞,恋,0.7739882779318398
忞,志,0.7711377388652342
忞,齐,0.7669861133256978
忞,忠,0.7503152160301101
忞,产,0.7470609769551997
忞,怘,0.7457617045042139
忞,思,0.7365148939843532
忞,芇,0.7321337552702217
