char1,char2,similarity
忬,忬,1.0
忬,杼,0.8491618151021674
忬,纾,0.837954214268381
忬,抒,0.827141264720308
忬,忊,0.8199297372500686
忬,忏,0.8112220591967121
忬,伃,0.8109132772078459
忬,仟,0.8032199547256321
忬,忤,0.7997741204378751
忬,扞,0.7992503203600178
