char1,char2,similarity
忪,忪,1.0
忪,彸,0.8340974825360183
忪,忺,0.7900026343873849
忪,松,0.7837229583809437
忪,忕,0.7821697430939677
忪,衳,0.7808737024932083
忪,怡,0.7785178676560531
忪,忶,0.7758117028817435
忪,帉,0.7733097745578
忪,忷,0.7681511535452867
