char1,char2,similarity
忩,忩,1.0
忩,忘,0.7524012409944716
忩,忢,0.7485595397777569
忩,态,0.7434093251719951
忩,忽,0.7395887009566116
忩,忿,0.7394021574939205
忩,总,0.7386481745114698
忩,忐,0.7382698462214228
忩,恐,0.7342210021995257
忩,志,0.7341687378790096
