char1,char2,similarity
忶,忶,1.0
忶,枟,0.8290679281825757
忶,怯,0.8182651276958632
忶,忉,0.7945232438436652
忶,忊,0.7931778995745126
忶,坛,0.7911977294337076
忶,怾,0.7879801312388685
忶,怃,0.786054170934858
忶,怌,0.7817395265576521
忶,忬,0.7797791291535513
