char1,char2,similarity
忷,忷,1.0
忷,讻,0.8025170280351878
忷,恫,0.7881264592026977
忷,恓,0.7847510392965084
忷,惂,0.7838513224964127
忷,怬,0.7786087942024394
忷,怲,0.775584280417349
忷,恦,0.7686020047872528
忷,恼,0.7684772412159726
忷,忪,0.7681511535452867
