char1,char2,similarity
忱,忱,1.0
忱,枕,0.8281536598326514
忱,忧,0.8016940248701351
忱,伙,0.7982738001696769
忱,忲,0.7915490625636565
忱,怯,0.7890552835072157
忱,抌,0.7822308632324172
忱,怙,0.7803810824469876
忱,忕,0.7793140321173844
忱,忟,0.7784205004348765
