char1,char2,similarity
忰,忰,1.0
忰,伜,0.8060273448091938
忰,怑,0.7855809113784376
忰,忊,0.7821764329464642
忰,仹,0.7756693614019302
忰,忴,0.7739970359591002
忰,伴,0.7677685224219362
忰,怪,0.7672506227169418
忰,怀,0.7661408122303964
忰,怆,0.7644135259713103
