char1,char2,similarity
态,态,1.0
态,怷,0.7943408700657523
态,怸,0.7870996191708409
态,圶,0.7762047935338567
态,恣,0.7740214457852683
态,志,0.7700998618772945
态,盇,0.760421918969751
态,忘,0.7602143682105719
态,忽,0.7574434746741618
态,忠,0.7571306691494292
