char1,char2,similarity
怀,怀,1.0
怀,伓,0.8316472382237037
怀,怌,0.8225553320493477
怀,圷,0.8078775402019542
怀,忏,0.7991539404013268
怀,抔,0.7944335335597131
怀,仠,0.7913203643993428
怀,忹,0.7811438708746706
怀,忭,0.780537609228223
怀,忬,0.77852619166858
