char1,char2,similarity
怋,怋,1.0
怋,抿,0.8322837533431634
怋,垊,0.8077511789030966
怋,怟,0.8040086658448931
怋,悢,0.797218270003815
怋,忯,0.7883944313598887
怋,悀,0.7872531800744521
怋,呡,0.7857990628181657
怋,忛,0.7846050760175228
怋,怲,0.7806544106151753
