char1,char2,similarity
怅,怅,1.0
怅,张,0.8188737727979747
怅,枨,0.8139574409639722
怅,忙,0.7993472979398606
怅,伥,0.7832848315761796
怅,帐,0.7820497528390778
怅,忯,0.7797970141749393
怅,忶,0.7794829923324383
怅,怆,0.7784116819306018
怅,忹,0.7778292038187796
