char1,char2,similarity
怈,怈,1.0
怈,忚,0.8338120011166721
怈,枻,0.8214097706534569
怈,怚,0.8187601863941031
怈,怇,0.7915242921065789
怈,忳,0.7853950426047482
怈,抴,0.7819077909681165
怈,忕,0.7800922008959525
怈,恆,0.7761524366094537
怈,怛,0.7748716263296105
