char1,char2,similarity
怍,怍,1.0
怍,柞,0.825141976008035
怍,忭,0.8021209712741045
怍,祚,0.8000488584265395
怍,炸,0.7969684379812937
怍,拃,0.7965709491095153
怍,忏,0.7912509772828616
怍,怗,0.7875956686783759
怍,伡,0.7768927245206392
怍,什,0.774319230701582
