char1,char2,similarity
怇,怇,1.0
怇,讵,0.8224421992326659
怇,抯,0.8145429494844282
怇,怚,0.8091677270416651
怇,怛,0.8036168979293054
怇,怩,0.8004156639288998
怇,怈,0.7915242921065789
怇,怉,0.7888777176660929
怇,忳,0.7835393797467788
怇,忯,0.7830340216966533
