char1,char2,similarity
怑,怑,1.0
怑,拌,0.846354456507765
怑,忳,0.8079978874754472
怑,仹,0.8079214540877337
怑,怽,0.8047070653224198
怑,伸,0.7899103929281952
怑,冸,0.7892148182204924
怑,忰,0.7855809113784376
怑,悴,0.7855297030341264
怑,伴,0.7848567663064209
