char1,char2,similarity
怖,怖,1.0
怖,佈,0.8109200378008506
怖,柿,0.7837830225605712
怖,忤,0.7785166807273588
怖,忡,0.7717099377191937
怖,恄,0.770637238885491
怖,忊,0.7706261000478277
怖,悴,0.7687139050508894
怖,忏,0.7672877467915842
怖,忳,0.7671156934660506
