char1,char2,similarity
怕,怕,1.0
怕,帕,0.8488883329414983
怕,拍,0.8171721650952652
怕,铂,0.7993688234528226
怕,护,0.7959581945138811
怕,袙,0.7931229092844998
怕,柏,0.7923029121319299
怕,帖,0.7856508052110269
怕,怗,0.7854010174793771
怕,岶,0.7836531993667775
