char1,char2,similarity
怎,怎,1.0
怎,怘,0.7733562648181695
怎,忽,0.7732162780461784
怎,忿,0.7613144946023068
怎,葸,0.7595957886197784
怎,惉,0.758507154760121
怎,恕,0.7560741866819425
怎,戹,0.7491223738865886
怎,态,0.7468414911295091
怎,庖,0.7454209574806956
