char1,char2,similarity
怔,怔,1.0
怔,征,0.855264860899649
怔,忹,0.8370395460531761
怔,抂,0.8252415487351427
怔,彺,0.8177563351372591
怔,怌,0.8008766414031082
怔,忓,0.7972228158178866
怔,忋,0.7952750519992785
怔,证,0.7934497115266702
怔,仼,0.7835484563539487
