char1,char2,similarity
怗,怗,1.0
怗,拈,0.8240615350854983
怗,诂,0.7935661539513835
怗,帖,0.7900831000281174
怗,怍,0.7875956686783759
怗,柏,0.7870036810416075
怗,怕,0.7854010174793771
怗,枮,0.780870436148627
怗,怯,0.7749298920490608
怗,忇,0.7748711784286242
