char1,char2,similarity
怛,怛,1.0
怛,怇,0.8036168979293054
怛,怚,0.8002897670378081
怛,恎,0.7978376482252683
怛,悢,0.7909660093345376
怛,忨,0.7908581710298361
怛,担,0.7868550998240238
怛,悜,0.7816046868262139
怛,促,0.7768473786022618
怛,讵,0.7750247249243385
