char1,char2,similarity
怠,怠,1.0
怠,息,0.7880948740533587
怠,恖,0.7767893800573925
怠,恵,0.7667582707797163
怠,悤,0.759670367555171
怠,惡,0.7584522603091352
怠,悪,0.7527554548461228
怠,悆,0.7524498085734185
怠,恴,0.7511174912426803
怠,恙,0.7501666368857153
