char1,char2,similarity
怙,怙,1.0
怙,枮,0.8210494946801283
怙,忙,0.8148586515591553
怙,怡,0.7988202130936936
怙,恬,0.7985116106158633
怙,恄,0.7973643249551132
怙,站,0.7965648552645178
怙,忡,0.7958758220307114
怙,忟,0.7940155838142022
怙,恉,0.7904373285299697
