char1,char2,similarity
怜,怜,1.0
怜,彾,0.8240215970956453
怜,伶,0.8177434408319698
怜,袊,0.813019912504747
怜,柃,0.8120401587241869
怜,仱,0.8056406706905191
怜,恰,0.8026862354815123
怜,拎,0.8025201850942194
怜,怆,0.8013437877532382
怜,冷,0.7969456207790736
