char1,char2,similarity
怦,怦,1.0
怦,悍,0.8213275533343466
怦,仵,0.8030451012557436
怦,抨,0.8018325536160182
怦,件,0.7983559230689073
怦,忓,0.7923803702440727
怦,怿,0.7859792657583031
怦,怑,0.783678004235805
怦,怵,0.7822173148584045
怦,抙,0.7819575196617535
