char1,char2,similarity
性,性,1.0
性,栍,0.8507429215260913
性,徃,0.8448445931292352
性,忡,0.820521632039794
性,泩,0.7921791223752573
性,忚,0.7912518941311543
性,悙,0.7864314524790704
性,件,0.7842140885159423
性,怞,0.7838607454083037
性,惶,0.7836682257473869
