char1,char2,similarity
怤,怤,1.0
怤,恷,0.8169091829227235
怤,怷,0.7810969449354666
怤,怹,0.7810196951821429
怤,怘,0.7655726455610999
怤,怸,0.7517162310492983
怤,您,0.7508256285143022
怤,忠,0.748602726999198
怤,志,0.7482387677040798
怤,恏,0.7479379965168917
