char1,char2,similarity
怫,怫,1.0
怫,彿,0.8769255646425855
怫,坲,0.8153890239331554
怫,拂,0.8013742767861018
怫,佛,0.7870865759585108
怫,沸,0.7827111504599694
怫,恤,0.7804895153897674
怫,悌,0.7729285742644058
怫,悅,0.7528230236200023
怫,恼,0.7515468130908248
