char1,char2,similarity
怰,怰,1.0
怰,怯,0.7968884606366643
怰,忙,0.7906620558458028
怰,忟,0.7895337654670007
怰,怙,0.7834600660885755
怰,忮,0.7822988583158316
怰,忔,0.7770813360300092
怰,怌,0.7723899805089037
怰,忸,0.766528186614366
怰,忹,0.7607526610740467
