char1,char2,similarity
怯,怯,1.0
怯,祛,0.8541309429682276
怯,忶,0.8182651276958632
怯,怰,0.7968884606366643
怯,忮,0.7943441113235286
怯,忔,0.7901446360025508
怯,忹,0.7901411208262324
怯,忱,0.7890552835072157
怯,阹,0.7884058318600841
怯,怙,0.7862528977708326
