char1,char2,similarity
怴,怴,1.0
怴,忼,0.7759644650379012
怴,怞,0.7748589266745408
怴,怟,0.7725950857315815
怴,怶,0.7676326370688485
怴,怋,0.765068753131231
怴,悓,0.7608595873026283
怴,恇,0.7588534660036607
怴,怢,0.7573405782755752
怴,恦,0.7547473379381622
