char1,char2,similarity
怬,怬,1.0
怬,恛,0.8679148031363195
怬,恓,0.8328098864402271
怬,恫,0.8184069317676351
怬,恦,0.7939376586205174
怬,悁,0.7875575296810894
怬,惘,0.785315534271062
怬,忷,0.7786087942024394
怬,怲,0.7758266190207748
怬,怟,0.7751005137971968
