char1,char2,similarity
怾,怾,1.0
怾,怩,0.7963195139604115
怾,怳,0.7948370817365757
怾,怚,0.7945431237564342
怾,忶,0.7879801312388685
怾,恒,0.7870529462189221
怾,忸,0.7816122021295377
怾,抧,0.7779651605091539
怾,怛,0.7747641590072462
怾,枧,0.7737898484806978
