char1,char2,similarity
怹,怹,1.0
怹,恷,0.788313201252382
怹,怤,0.7810196951821429
怹,您,0.7790716572930197
怹,息,0.7573095067161538
怹,怱,0.7548796837288437
怹,恴,0.752915388152289
怹,恖,0.7484502534452623
怹,惩,0.746324413652861
怹,急,0.7456773984028817
