char1,char2,similarity
怼,怼,1.0
怼,忽,0.7613319287778674
怼,态,0.7555468638936633
怼,恩,0.7482225234994115
怼,怘,0.742208592925841
怼,惉,0.7374393318608301
怼,息,0.7370604114704639
怼,愆,0.7368920095685422
怼,恖,0.7366884748518677
怼,悤,0.736656570084305
