char1,char2,similarity
恇,恇,1.0
恇,怄,0.8037707634331315
恇,悜,0.8003922243859425
恇,框,0.7969842449203064
恇,悝,0.7966958110690062
恇,悂,0.7945638567678018
恇,怲,0.792023566110452
恇,恆,0.7869399637660752
恇,悓,0.7856052733674378
恇,恛,0.7836642649341391
