char1,char2,similarity
恄,恄,1.0
恄,拮,0.8590961159150038
恄,桔,0.8287826971535736
恄,怡,0.824593600820455
恄,佶,0.8094523708956628
恄,诘,0.8031332483927194
恄,怙,0.7973643249551132
恄,恰,0.7930500221676756
恄,忳,0.7904107705389205
恄,悄,0.7887106166350918
