char1,char2,similarity
恂,恂,1.0
恂,徇,0.8601635684765384
恂,怐,0.8356749359849279
恂,怉,0.806519078564134
恂,拘,0.800576673294627
恂,枸,0.7968075558769885
恂,忔,0.7863680366913388
恂,佝,0.7794529612957543
恂,悄,0.7785192984546992
恂,袧,0.7784122375653272
