char1,char2,similarity
恃,恃,1.0
恃,忻,0.8062317825930958
恃,忖,0.8016043598676647
恃,持,0.7984365837354553
恃,诗,0.7859141475306766
恃,洔,0.7824342678978852
恃,忦,0.7765280457307182
恃,恰,0.7763516745837307
恃,忳,0.7747304600687316
恃,侍,0.7696927664801109
