char1,char2,similarity
恆,恆,1.0
恆,恎,0.8018711403459288
恆,怚,0.7995571798560237
恆,仾,0.7962549997012253
恆,恒,0.7926680087455457
恆,忛,0.7891268448263143
恆,恇,0.7869399637660752
恆,悜,0.7840123942844912
恆,怪,0.7805233072159758
恆,忹,0.7780656824844217
