char1,char2,similarity
恍,恍,1.0
恍,怳,0.8365482963633429
恍,桄,0.8116981674860855
恍,忼,0.7941127269457346
恍,珖,0.7904882371782923
恍,挄,0.7874568233047986
恍,垙,0.7831009980929787
恍,怑,0.7821872972224735
恍,忋,0.7806369933390466
恍,忱,0.776794507656979
