char1,char2,similarity
恌,恌,1.0
恌,佻,0.8176280172642565
恌,悓,0.8068635718480813
恌,挑,0.8054870348771317
恌,恱,0.7912557780017281
恌,惋,0.7724569585872922
恌,悅,0.7707606005332311
恌,悗,0.7698127206694659
恌,恾,0.7603560664737139
恌,忼,0.7590546571436119
