char1,char2,similarity
恓,恓,1.0
恓,徆,0.8572907756299099
恓,怬,0.8328098864402271
恓,恛,0.8265576201603492
恓,怲,0.7984434414853583
恓,恦,0.7945281254861862
恓,栖,0.7939084877896551
恓,拪,0.7847797921565772
恓,忷,0.7847510392965084
恓,悀,0.7793281182977846
