char1,char2,similarity
恒,恒,1.0
恒,桓,0.8537740716769902
恒,忹,0.809314611270446
恒,忋,0.7990566402661315
恒,恆,0.7926680087455457
恒,怚,0.7925699427568231
恒,恉,0.790517895327379
恒,忸,0.7892798750377776
恒,怾,0.7870529462189221
恒,忚,0.7847094528736224
