char1,char2,similarity
恙,恙,1.0
恙,羌,0.8034564827351486
恙,羗,0.7547882690615054
恙,悪,0.7533828974093221
恙,芫,0.7523681579945839
恙,态,0.7508730383298966
恙,怠,0.7501666368857153
恙,怷,0.7486596751719354
恙,耒,0.7476002048355993
恙,怘,0.7433652383413618
