char1,char2,similarity
恝,恝,1.0
恝,怱,0.7436020395795305
恝,怒,0.7417976081874322
恝,悲,0.7389098813225135
恝,惁,0.7329056983093345
恝,恧,0.7281469603982071
恝,怘,0.727370020057033
恝,悊,0.7248321140602922
恝,恶,0.7234139589315872
恝,总,0.723232045137673
