char1,char2,similarity
恜,恜,1.0
恜,侙,0.8133408908533319
恜,拭,0.7953812227995506
恜,忼,0.7679424480476644
恜,试,0.7666224445342202
恜,悈,0.7607749221176943
恜,烒,0.7586784080774823
恜,忾,0.7584422613904491
恜,怞,0.7519464169798017
恜,悮,0.7513385561551301
