char1,char2,similarity
恘,恘,1.0
恘,烌,0.7781775950189025
恘,恇,0.7608256747267551
恘,咻,0.759690515048843
恘,惘,0.7563561011011105
恘,怄,0.750666281719177
恘,怲,0.7431831141516038
恘,倠,0.7411444451734491
恘,悓,0.7390601213870882
恘,恜,0.7384793660671981
