char1,char2,similarity
恛,恛,1.0
恛,怬,0.8679148031363195
恛,恓,0.8265576201603492
恛,恫,0.8232931293946267
恛,佪,0.8142134523256719
恛,恦,0.8130038843436825
恛,徊,0.8017153594522675
恛,惆,0.7849854742604333
恛,恤,0.7847899142945365
恛,恟,0.784759296595662
