char1,char2,similarity
恞,恞,1.0
恞,桋,0.834738185861428
恞,侇,0.7785783809753626
恞,愃,0.777854532777079
恞,峓,0.7674707916241995
恞,悏,0.767467032578664
恞,恊,0.7671597758965173
恞,俜,0.7663410402150973
恞,慉,0.7660930145383648
恞,倲,0.7654047132508972
