char1,char2,similarity
恢,恢,1.0
恢,拻,0.7861124928397267
恢,洃,0.7786929764678362
恢,怅,0.7776197147630344
恢,忮,0.7693467481975595
恢,忤,0.7654268538061729
恢,忟,0.7587030777619765
恢,垁,0.757641443543602
恢,怉,0.7556621205019693
恢,咴,0.7541642206831498
