char1,char2,similarity
恡,恡,1.0
恡,悎,0.7634294546227067
恡,惂,0.7630341575282138
恡,恇,0.7624179748981214
恡,悂,0.7574237350210355
恡,愮,0.7549209653498539
恡,忓,0.7535307753315816
恡,恾,0.7521293588869495
恡,怛,0.7514658744953553
恡,悟,0.7507816287476565
