char1,char2,similarity
恭,恭,1.0
恭,昔,0.7680668664503294
恭,巷,0.7439769759001431
恭,芣,0.7287675943168045
恭,葢,0.7266069821034329
恭,芐,0.7223858529283498
恭,芾,0.7218407964619726
恭,茎,0.7187734424904771
恭,芊,0.71855403917239
恭,苉,0.7170559739981355
