char1,char2,similarity
恪,恪,1.0
恪,垎,0.8331553429300386
恪,挌,0.8162850066558318
恪,烙,0.8153808037714343
恪,铬,0.8031356864367503
恪,袼,0.7959330647043342
恪,络,0.7927050298152359
恪,咯,0.7820869019020587
恪,恀,0.7765029506833497
恪,悋,0.7738094129935879
