char1,char2,similarity
恰,恰,1.0
恰,烚,0.8356729934012512
恰,拾,0.8088635027226185
恰,怡,0.80563306252947
恰,怜,0.8026862354815123
恰,怆,0.8011751553237246
恰,忴,0.7945785585639036
恰,仱,0.7936428524484893
恰,恄,0.7930500221676756
恰,忦,0.7908313646177226
