char1,char2,similarity
恨,恨,1.0
恨,根,0.8068001098339121
恨,艰,0.7861686456937459
恨,忯,0.7761283280135769
恨,很,0.775186150315772
恨,惧,0.7706170063899368
恨,怚,0.7656864990795952
恨,怇,0.7628740292056819
恨,拫,0.7627909354242021
恨,悒,0.7620407161229902
