char1,char2,similarity
恩,恩,1.0
恩,息,0.7816613880842878
恩,恖,0.7752810676596199
恩,恳,0.770831393488308
恩,恧,0.7693570695082376
恩,恿,0.7645047328104421
恩,悤,0.7644576407560151
恩,忌,0.7629859857476181
恩,总,0.7582945166859769
恩,凬,0.7575121204857602
