char1,char2,similarity
恶,恶,1.0
恶,垩,0.7811295901192985
恶,忢,0.7747337531079802
恶,总,0.7703443088918026
恶,忍,0.766140675838954
恶,恧,0.7659706076752528
恶,忌,0.7576327590194678
恶,忈,0.7518106782446798
恶,怒,0.751036026797103
恶,恐,0.7510190723352977
