char1,char2,similarity
恺,恺,1.0
恺,桤,0.8338113713850094
恺,垲,0.8011746836078921
恺,悒,0.79866090779725
恺,忋,0.7951770713974939
恺,悙,0.7864847715508516
恺,悁,0.7856244267659903
恺,忚,0.7843168042352393
恺,忼,0.7801750918441493
恺,性,0.7782358994140148
