char1,char2,similarity
恷,恷,1.0
恷,怤,0.8169091829227235
恷,怹,0.788313201252382
恷,您,0.7805803223267118
恷,烋,0.7568985890956133
恷,惉,0.7457568008646572
恷,恕,0.7457102299458717
恷,怘,0.742484579627415
恷,怎,0.7396357757376993
恷,恋,0.7295557999489255
