char1,char2,similarity
恻,恻,1.0
恻,惻,0.845772747625779
恻,悧,0.7902054321860821
恻,铡,0.7850828873089855
恻,側,0.7850474544022431
恻,悃,0.7572563091949237
恻,倒,0.7505704187664948
恻,佃,0.7489733342201597
恻,慲,0.7487012015244711
恻,慖,0.7462450837755737
