char1,char2,similarity
悀,悀,1.0
悀,怲,0.8218120197254324
悀,悜,0.8031123153613521
悀,捅,0.8029450720916346
悀,埇,0.8023147339970987
悀,慆,0.7938451084866425
悀,悑,0.787566614655318
悀,俑,0.7873540712897893
悀,怋,0.7872531800744521
悀,桶,0.7847615925190039
