char1,char2,similarity
悅,悅,1.0
悅,悗,0.8378393424694698
悅,悓,0.8262950046752693
悅,恱,0.8073718794621052
悅,忨,0.7976294524006602
悅,恌,0.7707606005332311
悅,惃,0.7655347855079612
悅,怛,0.7642980280216082
悅,恑,0.7637162682287343
悅,悾,0.7617341661043153
