char1,char2,similarity
悄,悄,1.0
悄,梢,0.8173313803397567
悄,悑,0.8072591050757554
悄,捎,0.8035321511645895
悄,恄,0.7887106166350918
悄,绡,0.7802811890011668
悄,恂,0.7785192984546992
悄,恉,0.777288957871202
悄,销,0.7764733425544971
悄,怙,0.7758496445463297
