char1,char2,similarity
悃,悃,1.0
悃,惆,0.7952723711386178
悃,愐,0.7839791694952641
悃,怲,0.7825155061930485
悃,惘,0.7819965937750442
悃,恛,0.7730263372543296
悃,恓,0.7691372529464555
悃,捆,0.7659958497078576
悃,堈,0.7647572482246153
悃,悝,0.7630707376356293
