char1,char2,similarity
恼,恼,1.0
恼,悩,0.8111573793653324
恼,恦,0.8026518965151339
恼,垴,0.8000960030415257
恼,悑,0.7852237726891883
恼,恔,0.7814458150733804
恼,恤,0.7814299792336118
恼,恠,0.7789573326928323
恼,惂,0.7723286075241919
恼,悢,0.771096120715216
