char1,char2,similarity
恽,恽,1.0
恽,挥,0.8200208838247615
恽,诨,0.8162066289742069
恽,悻,0.7976883748695719
恽,惮,0.7930054364037025
恽,恈,0.7904368275897902
恽,悍,0.7869396599341751
恽,惇,0.7753741625988688
恽,悼,0.7728867312299241
恽,悖,0.7651914231272621
