char1,char2,similarity
悇,悇,1.0
悇,徐,0.8163097169899917
悇,梌,0.8055841513811852
悇,唋,0.7977643480658906
悇,俆,0.7977498015017874
悇,捈,0.79184407876503
悇,悰,0.7863229206095319
悇,惊,0.7772518428768209
悇,恮,0.7763839163466852
悇,恗,0.7729579058755052
