char1,char2,similarity
悉,悉,1.0
悉,舌,0.7337501133131052
悉,怣,0.733363450696715
悉,惹,0.7268948904104415
悉,忿,0.7267843359811945
悉,恳,0.7236358999789829
悉,怨,0.723633437588264
悉,愁,0.7192202521619493
悉,忎,0.7182019568334328
悉,恐,0.7161245352290377
