char1,char2,similarity
悌,悌,1.0
悌,挮,0.8475777525876685
悌,珶,0.783899938068421
悌,俤,0.7805355847113327
悌,椫,0.7749071603066604
悌,怫,0.7729285742644058
悌,忡,0.7657701766325725
悌,娣,0.7646324593509196
悌,锑,0.7627250996721864
悌,怦,0.756026761638337
