char1,char2,similarity
悈,悈,1.0
悈,惐,0.8106623687582339
悈,械,0.7956128603020935
悈,搣,0.7688974172269152
悈,铖,0.7654221712274502
悈,棫,0.7623774588850226
悈,恜,0.7607749221176943
悈,掝,0.7559110952365041
悈,瑊,0.7550942089758341
悈,诫,0.7532417970501428
