char1,char2,similarity
悏,悏,1.0
悏,怏,0.8314247810286616
悏,挟,0.8139182090254526
悏,挾,0.8047067996819026
悏,埉,0.7972499873356925
悏,悢,0.794675901983332
悏,快,0.7937494105499887
悏,唊,0.7924897512666482
悏,浹,0.7911807348224452
悏,怢,0.7905371829910345
