char1,char2,similarity
悎,悎,1.0
悎,梏,0.8002237962346591
悎,焅,0.7970378691894007
悎,悋,0.7922082557558083
悎,惟,0.7825291836953397
悎,锆,0.7782337762761463
悎,晧,0.7778108607745302
悎,慛,0.7772142265152535
悎,恄,0.7765069400589028
悎,悟,0.7752595384590454
