char1,char2,similarity
悋,悋,1.0
悋,悎,0.7922082557558083
悋,悙,0.780440630523252
悋,慉,0.7752144173636378
悋,忹,0.7748188764586131
悋,恪,0.7738094129935879
悋,怔,0.7712404451733205
悋,恄,0.7701892513168159
悋,桮,0.7690502464937263
悋,怪,0.7681836321589927
