char1,char2,similarity
悓,悓,1.0
悓,垷,0.8268614721301853
悓,悅,0.8262950046752693
悓,愠,0.8140412426489058
悓,恌,0.8068635718480813
悓,恱,0.804608853944233
悓,惃,0.797454222541577
悓,俔,0.7947426005562912
悓,恇,0.7856052733674378
悓,悗,0.7842337179558817
