char1,char2,similarity
悖,悖,1.0
悖,侼,0.8415252717912745
悖,饽,0.8352899962771578
悖,浡,0.8313079942046424
悖,桲,0.8156667211164321
悖,哱,0.7978077115729264
悖,悻,0.7902331296637816
悖,唕,0.7742850414330369
悖,愃,0.773335463523437
悖,悝,0.7704633405235611
