char1,char2,similarity
悑,悑,1.0
悑,捕,0.8268047015155139
悑,悄,0.8072591050757554
悑,悢,0.8051217572015767
悑,怞,0.7891047251828047
悑,梀,0.7887567334908132
悑,悀,0.787566614655318
悑,恦,0.7870760956458412
悑,恼,0.7852237726891883
悑,怋,0.7786643910079463
