char1,char2,similarity
悕,悕,1.0
悕,烯,0.7743958284102951
悕,俙,0.7726179390960337
悕,稀,0.7607214732107437
悕,桸,0.7566465846097365
悕,悎,0.7541580324778044
悕,恅,0.7505826430528425
悕,惓,0.749760656648351
悕,悓,0.7491181046746089
悕,惟,0.7454906006039144
