char1,char2,similarity
悘,悘,1.0
悘,慁,0.788512924959727
悘,恳,0.7708574884623927
悘,厚,0.7602387399457459
悘,悪,0.7578745479882805
悘,慇,0.7522938869596021
悘,惡,0.7504284572410709
悘,憇,0.74327095207359
悘,愿,0.738788826623995
悘,葸,0.7362005061384524
