char1,char2,similarity
悠,悠,1.0
悠,怤,0.7445403755886565
悠,怹,0.7349672649427923
悠,您,0.7337162688153298
悠,恖,0.7301415428050081
悠,息,0.7282924377089417
悠,怘,0.7254645120533747
悠,悤,0.7241661036713258
悠,恴,0.722446692235395
悠,怎,0.7223496460076566
