char1,char2,similarity
悟,悟,1.0
悟,珸,0.8063576860066258
悟,捂,0.8029743189488223
悟,梧,0.7950815791503896
悟,愣,0.7944591500781019
悟,俈,0.7897709077028767
悟,悎,0.7752595384590454
悟,捃,0.7692029568443768
悟,侰,0.7661311538675935
悟,悜,0.7630943663419558
