char1,char2,similarity
悜,悜,1.0
悜,徎,0.8472289171298728
悜,锃,0.8060415965986258
悜,悀,0.8031123153613521
悜,悝,0.8009604542011649
悜,恇,0.8003922243859425
悜,挰,0.7979077048897847
悜,忓,0.7946380355936757
悜,悮,0.7943053539043474
悜,捏,0.794257131127029
