char1,char2,similarity
悚,悚,1.0
悚,捒,0.8451299824269144
悚,洓,0.7881361956280161
悚,惊,0.7879825013320392
悚,铼,0.7781173891094838
悚,倞,0.7778432946607227
悚,梀,0.7708426552856072
悚,惈,0.7703148451312388
悚,谅,0.7687453881339504
悚,憡,0.7660518940752347
