char1,char2,similarity
悛,悛,1.0
悛,俊,0.8005061901091689
悛,恔,0.7917223142779047
悛,埈,0.78958252756355
悛,晙,0.7677439333474475
悛,惔,0.755929272427865
悛,棱,0.7477344704398221
悛,後,0.7467312752324783
悛,悢,0.7459185467445973
悛,捘,0.7458283440309044
