char1,char2,similarity
悞,悞,1.0
悞,悮,0.8411041588301735
悞,愥,0.779529856455184
悞,俣,0.778358082134271
悞,俁,0.7780854292338698
悞,愰,0.7748204881689783
悞,悓,0.769260252178608
悞,怏,0.7680655593804099
悞,洖,0.765289791984208
悞,慍,0.7651576783399193
