char1,char2,similarity
悝,悝,1.0
悝,俚,0.8258955796303402
悝,悜,0.8009604542011649
悝,恇,0.7966958110690062
悝,悭,0.7937472403724254
悝,侱,0.7824946990206345
悝,梩,0.7798541478130373
悝,悀,0.7765744116862836
悝,惘,0.7765664752146041
悝,狸,0.7730950162886367
