char1,char2,similarity
悩,悩,1.0
悩,恼,0.8111573793653324
悩,惂,0.7828669412188299
悩,恦,0.7684293029564421
悩,忹,0.7668386997143727
悩,怟,0.7610567580836285
悩,慆,0.7583873485698988
悩,恇,0.7578809249342225
悩,恫,0.7575836588272047
悩,慛,0.7565254608091292
