char1,char2,similarity
悫,悫,1.0
悫,壼,0.7837046085912687
悫,悹,0.7779092314520053
悫,寭,0.7622448545315481
悫,惠,0.7490891255966563
悫,乶,0.7293756327411361
悫,専,0.7283503262440743
悫,慧,0.7256259952798849
悫,憊,0.7234244960458751
悫,扈,0.7190462419106914
