char1,char2,similarity
悭,悭,1.0
悭,悝,0.7937472403724254
悭,惬,0.7689781165543719
悭,怄,0.761196245588002
悭,侱,0.754101178340012
悭,慳,0.7538541310961986
悭,惿,0.752768560567687
悭,慪,0.7526361262971393
悭,愝,0.7517475941028108
悭,俚,0.7506142657387507
