char1,char2,similarity
悥,悥,1.0
悥,悤,0.8103338032109123
悥,恴,0.8094987855727758
悥,恖,0.7988938312774113
悥,恵,0.7960705567129764
悥,憲,0.7825928261657934
悥,怘,0.7633185887224078
悥,息,0.7607313115550428
悥,惷,0.7599094333264966
悥,蛗,0.7570056557773067
