char1,char2,similarity
悬,悬,1.0
悬,愚,0.7554828975591191
悬,昺,0.7499787924694274
悬,晸,0.7356000087859413
悬,恚,0.7327240377611068
悬,県,0.7254129888689306
悬,羞,0.724593213795805
悬,急,0.7219271112575922
悬,号,0.7216976298883551
悬,崽,0.7208812049776531
