char1,char2,similarity
您,您,1.0
您,恷,0.7805803223267118
您,怹,0.7790716572930197
您,怤,0.7508256285143022
您,窓,0.7371634687068022
您,悠,0.7337162688153298
您,悤,0.7320386560393127
您,恖,0.731427843894676
您,息,0.7293832457707063
您,恣,0.7276547472274613
