char1,char2,similarity
悱,悱,1.0
悱,诽,0.8716864200383455
悱,排,0.8165285168639836
悱,猅,0.7983371508814173
悱,渄,0.776282826487428
悱,啡,0.7753309073015853
悱,绯,0.7704673363664902
悱,婔,0.7626088783450422
悱,琲,0.7515215197822805
悱,裶,0.7506017359394029
