char1,char2,similarity
悰,悰,1.0
悰,惊,0.8486985704365749
悰,徖,0.8330603652638061
悰,椋,0.7893961526666637
悰,琮,0.7863333282365063
悰,悇,0.7863229206095319
悰,悺,0.7759867932566957
悰,悾,0.7757406264185187
悰,棕,0.7660327485802559
悰,掠,0.7638256082628556
