char1,char2,similarity
悲,悲,1.0
悲,恋,0.7544914428297819
悲,恶,0.7463112552820997
悲,怘,0.7421912493795366
悲,息,0.7418308011998709
悲,恝,0.7389098813225135
悲,惉,0.7377752086698268
悲,忿,0.7319516437789808
悲,总,0.7314694469694941
悲,葸,0.7297203927760193
