char1,char2,similarity
悼,悼,1.0
悼,悍,0.8453557400127943
悼,棹,0.841719015334704
悼,惇,0.816165571301205
悼,掉,0.8099121370765957
悼,惶,0.7971551696511561
悼,埠,0.7960234172402622
悼,堭,0.7889884667486833
悼,悻,0.78571346341168
悼,竨,0.7837914364431623
