char1,char2,similarity
悸,悸,1.0
悸,惇,0.7756284674098014
悸,恽,0.7650304987731015
悸,埵,0.7492479520925028
悸,惮,0.7432358100893766
悸,悼,0.7413047493276634
悸,恈,0.7367032562261726
悸,悱,0.7359337273070049
悸,埋,0.7350496076944092
悸,憆,0.7347486354917963
