char1,char2,similarity
悺,悺,1.0
悺,棺,0.8297161843655767
悺,捾,0.8185271348118741
悺,倌,0.8132424416109603
悺,惊,0.7837007482357505
悺,恉,0.7836545973485499
悺,悢,0.7760604435119571
悺,悰,0.7759867932566957
悺,悾,0.7683237344797126
悺,怈,0.7628978056265635
