char1,char2,similarity
悽,悽,1.0
悽,啛,0.813727379032509
悽,捿,0.8095871330267213
悽,愎,0.7887925224336761
悽,愯,0.7758317740854497
悽,慏,0.7751169135993985
悽,慬,0.7728056413814189
悽,慷,0.7713955840649679
悽,淒,0.7686625322682783
悽,憧,0.7640333282946858
