char1,char2,similarity
悹,悹,1.0
悹,悫,0.7779092314520053
悹,扈,0.7512917084281336
悹,悥,0.7505887243166951
悹,寔,0.7502055153640806
悹,真,0.7469022525372083
悹,烹,0.7396876325894347
悹,惠,0.7391103611285673
悹,寚,0.7390397509986744
悹,慧,0.7380832999591429
