char1,char2,similarity
惇,惇,1.0
惇,悼,0.816165571301205
惇,悍,0.8064714694101608
惇,埻,0.7904404487083758
惇,啍,0.7890998679889321
惇,谆,0.7864803743008508
惇,憆,0.78400754891483
惇,悸,0.7756284674098014
惇,恽,0.7753741625988688
惇,愔,0.7735089578833636
