char1,char2,similarity
惊,惊,1.0
惊,悰,0.8486985704365749
惊,椋,0.8310742079071048
惊,掠,0.8052281680168146
惊,谅,0.8029950790879565
惊,悚,0.7879825013320392
惊,倞,0.7872584907509668
惊,悺,0.7837007482357505
惊,琼,0.7836336665957196
惊,倧,0.7774630441361203
