char1,char2,similarity
惂,惂,1.0
惂,埳,0.8309648155636682
惂,掐,0.8010875453691079
惂,恦,0.7892610046919246
惂,悂,0.7861809823340274
惂,忷,0.7838513224964127
惂,悩,0.7828669412188299
惂,诌,0.7800778168917124
惂,淊,0.7779093235116866
惂,慆,0.777746201042887
