char1,char2,similarity
惆,惆,1.0
惆,徟,0.8242937165141565
惆,倜,0.8169709003261971
惆,恫,0.8141376288462137
惆,调,0.8031279180622938
惆,怲,0.8003891376912189
惆,惘,0.799022490549883
惆,悃,0.7952723711386178
惆,挶,0.79378289889029
惆,恦,0.7936320428363177
