char1,char2,similarity
惋,惋,1.0
惋,涴,0.7970813499159066
惋,琬,0.7962286483719706
惋,捥,0.7829932358860002
惋,倇,0.7741174755879874
惋,恌,0.7724569585872922
惋,晼,0.7648401024163168
惋,愃,0.7598087033488393
惋,婉,0.7562728814232618
惋,睕,0.7539402449818401
