char1,char2,similarity
情,情,1.0
情,埥,0.7907152157233026
情,晴,0.7873206807015322
情,请,0.7784924255601129
情,愲,0.7757945657207509
情,傦,0.7685907285096548
情,慎,0.768072970176541
情,堉,0.7639574503434112
情,橲,0.7618567179062549
情,愭,0.757275359320504
