char1,char2,similarity
惓,惓,1.0
惓,倦,0.8009246545746816
惓,捲,0.789751101288094
惓,棬,0.7833860037060113
惓,啳,0.7656728358260814
惓,睠,0.7623545827751539
惓,憆,0.7611539250011793
惓,埢,0.7590843736521505
惓,裷,0.7588423485068267
惓,悕,0.749760656648351
