char1,char2,similarity
惕,惕,1.0
惕,偈,0.7970856528264976
惕,埸,0.7929941639624676
惕,掦,0.7757099874047871
惕,惺,0.7730468914482723
惕,锡,0.7656000082654406
惕,愒,0.7603363888633801
惕,悍,0.7562680086949629
惕,椙,0.7561710539751886
惕,裼,0.7555466106505228
