char1,char2,similarity
惍,惍,1.0
惍,恮,0.845533419263523
惍,佺,0.7921117951103084
惍,惗,0.77560261212506
惍,洤,0.7683427879739165
惍,唫,0.7645261797554107
惍,侩,0.7615207709934815
惍,悇,0.7610996235453248
惍,诠,0.7604802252087698
惍,俆,0.7602698188749594
