char1,char2,similarity
惌,惌,1.0
惌,惥,0.7421900780774965
惌,愬,0.7366508406892329
惌,惄,0.7359736150918929
惌,惡,0.7342149079099032
惌,恴,0.7304698154286018
惌,悪,0.7276588731667789
惌,憇,0.726876741569968
惌,怨,0.726216869233909
惌,忿,0.722179453444782
