char1,char2,similarity
惔,惔,1.0
惔,埮,0.803008054172223
惔,悮,0.7812738948741965
惔,琰,0.7725719973332936
惔,悢,0.7713105120351815
惔,锬,0.7691585959497731
惔,怏,0.764912822254129
惔,愷,0.7601398602144619
惔,悞,0.7598589816172521
惔,谈,0.7579858264937231
