char1,char2,similarity
惑,惑,1.0
惑,感,0.7801156537498413
惑,恚,0.7299729409612528
惑,慼,0.7263734964330286
惑,恵,0.7247964442623671
惑,怘,0.7223091018569019
惑,恴,0.7208834906603806
惑,憩,0.7196771787810943
惑,恕,0.7130416336138249
惑,葱,0.7123461430351268
