char1,char2,similarity
惙,惙,1.0
惙,掇,0.804278916560175
惙,啜,0.7620986156895854
惙,涰,0.7518009345055714
惙,缀,0.7504522112111534
惙,假,0.7458110807438321
惙,慏,0.7455824472673225
惙,徦,0.7435640518662184
惙,懙,0.7422580119842357
惙,憴,0.7382595257117448
