char1,char2,similarity
惞,惞,1.0
惞,锨,0.7965113202263835
惞,掀,0.7883967593315019
惞,慷,0.7641627034046173
惞,俽,0.7605484536690615
惞,懡,0.7535322087145466
惞,怓,0.7457790485622683
惞,揿,0.7443696216223236
惞,憈,0.7430350986275457
惞,懍,0.7345519772561637
