char1,char2,similarity
惘,惘,1.0
惘,怲,0.8013905513079949
惘,惆,0.799022490549883
惘,恦,0.7962505985144605
惘,怬,0.785315534271062
惘,捅,0.784998171145544
惘,恫,0.7824507318384304
惘,悃,0.7819965937750442
惘,恛,0.7802609954108521
惘,恇,0.7799563540297544
