char1,char2,similarity
惛,惛,1.0
惛,捪,0.8187517555210028
惛,恇,0.7722314562113031
惛,崏,0.769875993402844
惛,悓,0.761999006008256
惛,棔,0.7608693511952043
惛,惆,0.756530505525235
惛,怄,0.7542206375772992
惛,悁,0.7534573631953584
惛,憆,0.7529266105007958
