char1,char2,similarity
惖,惖,1.0
惖,慁,0.7686380372767059
惖,憑,0.7481141085986651
惖,恿,0.7369245259717704
惖,息,0.7348676124388693
惖,悘,0.7329232757171421
惖,患,0.7314890993610764
惖,惡,0.7268430164558637
惖,悪,0.726626574802094
惖,慐,0.7237835972434865
