char1,char2,similarity
惟,惟,1.0
惟,堆,0.8461037309713335
惟,推,0.8425868495743516
惟,维,0.7992197981733361
惟,雉,0.7958873409721634
惟,倠,0.7902840264818232
惟,锥,0.7888890049330455
惟,悎,0.7825291836953397
惟,唯,0.7823236489571116
惟,琟,0.7789500928701767
