char1,char2,similarity
惝,惝,1.0
惝,惴,0.7850218175101616
惝,倘,0.7832413574316869
惝,埫,0.7828566551574753
惝,徜,0.7819604692776744
惝,惆,0.778780473469662
惝,恦,0.7785104486953627
惝,怲,0.7596860646724138
惝,恟,0.7593655482255022
惝,垧,0.7562408481005789
