char1,char2,similarity
惩,惩,1.0
惩,怹,0.746324413652861
惩,恙,0.7383587669434251
惩,怒,0.7355682640641408
惩,怘,0.7340514279028305
惩,恩,0.7338102414884399
惩,惉,0.7327229580856724
惩,愆,0.7302527057553858
惩,息,0.7290159874205602
惩,恁,0.727657917544461
