char1,char2,similarity
惤,惤,1.0
惤,娹,0.7405423466499156
惤,懳,0.7392747416421052
惤,憢,0.7288627901979604
惤,憜,0.7231646609057002
惤,惞,0.7221293190791156
惤,慺,0.7200953887870937
惤,懀,0.7197072790323316
惤,憿,0.7184091257137095
惤,慽,0.717248224246795
