char1,char2,similarity
惧,惧,1.0
惧,犋,0.813195446717914
惧,埧,0.7902880436802024
惧,恨,0.7706170063899368
惧,視,0.7698344514406089
惧,崸,0.7597760948844796
惧,幀,0.7591026273055971
惧,怾,0.759004021966052
惧,楨,0.7495712544045778
惧,煩,0.7487806827824
