char1,char2,similarity
惠,惠,1.0
惠,寭,0.792582099690936
惠,臬,0.7716089720576587
惠,桌,0.7664361158448596
惠,鳥,0.7659802883459195
惠,罳,0.759775591909194
惠,事,0.7593094099815727
惠,愙,0.7582638059857205
惠,曺,0.7579239500483989
惠,亳,0.7517585584757215
