char1,char2,similarity
惰,惰,1.0
惰,楕,0.8150944370648876
惰,怆,0.7850925244300018
惰,精,0.7648231196607678
惰,怙,0.7645858807629923
惰,倩,0.7625118286120794
惰,恰,0.7607062241646642
惰,棈,0.7606922147603317
惰,锖,0.7606168306301129
惰,悄,0.7587865043968355
