char1,char2,similarity
惪,惪,1.0
惪,悳,0.792890631470002
惪,寡,0.7838050284382778
惪,裏,0.7558844208037044
惪,憄,0.75107798747325
惪,臝,0.7489217493516853
惪,乽,0.7478806719569119
惪,愙,0.7361101847853136
惪,禀,0.7330447489233126
惪,懣,0.7285455740017052
