char1,char2,similarity
惯,惯,1.0
惯,愄,0.8341307487708494
惯,掼,0.8289037035256736
惯,憤,0.8057755403649789
惯,悵,0.7976767660903915
惯,惿,0.7808278153864799
惯,慏,0.7760662419152368
惯,债,0.7743794831100028
惯,愊,0.7727962663407292
惯,愤,0.7701972832524889
