char1,char2,similarity
惮,惮,1.0
惮,掸,0.8767494385960585
惮,椫,0.8002543088961684
惮,愺,0.7981220061438411
惮,恽,0.7930054364037025
惮,悻,0.7868318194302848
惮,悍,0.7850656103745561
惮,俤,0.784288615638819
惮,梯,0.780300918718835
惮,惈,0.7775943163431785
