char1,char2,similarity
惺,惺,1.0
惺,悍,0.778130946583119
惺,憆,0.7745440439837681
惺,惕,0.7730468914482723
惺,怄,0.7660166715616138
惺,惮,0.7652035216067198
惺,偓,0.7646810719432371
惺,愷,0.7646226145865145
惺,悓,0.7619693875790903
惺,悜,0.7610343350631039
