char1,char2,similarity
惶,惶,1.0
惶,偟,0.8161460332181907
惶,煌,0.8110555161067181
惶,堭,0.8030943978024442
惶,揘,0.801105262721905
惶,悼,0.7971551696511561
惶,悍,0.7946955195790877
惶,楻,0.7838394552030049
惶,性,0.7836682257473869
惶,徨,0.7781254862747884
