char1,char2,similarity
惸,惸,1.0
惸,愺,0.8011026124391368
惸,憚,0.7862854338665927
惸,榫,0.7665394515683895
惸,惐,0.7582147710525494
惸,懱,0.755751059657449
惸,惇,0.7557326676449687
惸,惮,0.7535643168838648
惸,慱,0.7529035812474694
惸,悍,0.7449562399274307
