char1,char2,similarity
惹,惹,1.0
惹,萓,0.7563429452294017
惹,葱,0.7510548385102606
惹,葸,0.7488325426671361
惹,恚,0.744529413234987
惹,莨,0.74395120727784
惹,荁,0.7439448281929937
惹,茸,0.7428228299344783
惹,苊,0.7419665983546804
惹,荳,0.7409590259624301
