char1,char2,similarity
惵,惵,1.0
惵,懆,0.7922469305242686
惵,偞,0.7856265189127041
惵,慄,0.7769456542271608
惵,愖,0.774929174111193
惵,谋,0.7683800670890152
惵,憡,0.7638800956650214
惵,楪,0.7632790780765807
惵,媟,0.7624864856410385
惵,憏,0.7521373796209192
