char1,char2,similarity
惾,惾,1.0
惾,堫,0.7736898111589945
惾,谡,0.7671645141473123
惾,愎,0.7543452730762368
惾,慺,0.7506083962229575
惾,傻,0.7502978904337911
惾,愋,0.7502176833618519
惾,溭,0.7471056942908978
惾,憣,0.739809167833691
惾,慔,0.7393255933033354
