char1,char2,similarity
愂,愂,1.0
愂,愸,0.8108035707600278
愂,愬,0.7706236832974656
愂,惣,0.7586166848392294
愂,悥,0.7501133956078821
愂,慭,0.7470503755829917
愂,愗,0.7430330880449365
愂,怸,0.7422280656380652
愂,懃,0.7366400346996356
愂,憇,0.734157327715755
