char1,char2,similarity
愃,愃,1.0
愃,徝,0.8325149075512739
愃,揎,0.8310569903575131
愃,煊,0.8127063612661353
愃,楦,0.7913447710395305
愃,植,0.7858973088592434
愃,悷,0.7841064434362723
愃,慍,0.7795184039529206
愃,値,0.7792698014494237
愃,恞,0.777854532777079
