char1,char2,similarity
愇,愇,1.0
愇,徫,0.8315777709631715
愇,憧,0.8052018304492762
愇,湋,0.8008216206893043
愇,憶,0.8005574546488478
愇,瑋,0.7888301351527438
愇,惲,0.7876017958341933
愇,慞,0.7854118774084873
愇,慬,0.773836381141224
愇,媁,0.7674289127924778
