char1,char2,similarity
愅,愅,1.0
愅,憚,0.7968576273845636
愅,慲,0.7887162062776438
愅,缂,0.7820576852749775
愅,愺,0.7705907101495892
愅,惲,0.7703311804332282
愅,慬,0.7646224984213809
愅,愃,0.7587353593239489
愅,悚,0.7523107112905841
愅,墷,0.7522950617189726
