char1,char2,similarity
愐,愐,1.0
愐,偭,0.806760732702387
愐,悃,0.7839791694952641
愐,佪,0.7772744406938942
愐,恓,0.772954993804162
愐,恛,0.7728903922190692
愐,徊,0.7645166266599623
愐,惱,0.7547157382290308
愐,惬,0.7539025062211696
愐,悿,0.7520392622617511
