char1,char2,similarity
意,意,1.0
意,童,0.8038826710997182
意,恴,0.7812848457754991
意,竟,0.7731469025626916
意,莄,0.770834413810229
意,恵,0.7585356993951671
意,重,0.7502694673596234
意,章,0.7492249402297898
意,患,0.7482926583392449
意,菄,0.747163922307446
