char1,char2,similarity
愈,愈,1.0
愈,寭,0.7787787693777288
愈,悆,0.7662496830852018
愈,罳,0.7459577193564585
愈,悤,0.738903722604346
愈,恖,0.7306176462761478
愈,峹,0.7299313830403795
愈,惠,0.7294769018627245
愈,惫,0.7263600885560934
愈,憲,0.7251005821129938
