char1,char2,similarity
愋,愋,1.0
愋,惿,0.7890822398810536
愋,愯,0.7779531744425497
愋,懓,0.7696220166614904
愋,悵,0.7653562820778077
愋,愎,0.7640568331205865
愋,瑗,0.7582636167965789
愋,懌,0.755991696101167
愋,授,0.7524474911739506
愋,愷,0.7507932831027613
