char1,char2,similarity
愑,愑,1.0
愑,愒,0.7721699493069856
愑,惘,0.7654118162700597
愑,慪,0.7648626671461544
愑,懊,0.7640732081984393
愑,愊,0.7640646829023566
愑,惿,0.7632661863791342
愑,懌,0.757463923139693
愑,愩,0.755372023119198
愑,悵,0.7517583424493388
