char1,char2,similarity
愘,愘,1.0
愘,愹,0.845024700724464
愘,慞,0.7631132640888056
愘,塎,0.7588534070249127
愘,愔,0.7572612715115289
愘,憁,0.7563353075711241
愘,懡,0.7539742910509448
愘,喀,0.7535733774087504
愘,慻,0.7530010853724514
愘,恗,0.7527198243047748
