char1,char2,similarity
愒,愒,1.0
愒,悵,0.8206227394683723
愒,堨,0.8108574063351325
愒,惿,0.8089203569524626
愒,偈,0.8054695085957387
愒,愊,0.7905516445635495
愒,愓,0.7845361393462954
愒,揭,0.7840034412415281
愒,愰,0.773709169220655
愒,愑,0.7721699493069856
