char1,char2,similarity
愖,愖,1.0
愖,偡,0.8182528926266218
愖,堪,0.8052220852941088
愖,谌,0.8048242631676022
愖,椹,0.7946076525610657
愖,湛,0.7763494416047299
愖,惵,0.774929174111193
愖,懢,0.7585621988777359
愖,愃,0.7502745750688806
愖,揕,0.7491707717486256
