char1,char2,similarity
愔,愔,1.0
愔,堷,0.8289998467825443
愔,揞,0.8019564991833273
愔,偣,0.8018574544745316
愔,谙,0.7905611605810836
愔,恗,0.7802949528757387
愔,惜,0.7743295159126381
愔,惇,0.7735089578833636
愔,悾,0.7724409333376842
愔,慅,0.7697419737981984
