char1,char2,similarity
愛,愛,1.0
愛,夏,0.7594685173274528
愛,曼,0.7520696024361184
愛,覓,0.724051971671912
愛,憂,0.7230183036833565
愛,隻,0.7141675875745687
愛,发,0.7078410577664427
愛,爱,0.7012624392998598
愛,复,0.6958533048067319
愛,虒,0.6952634888717413
