char1,char2,similarity
愗,愗,1.0
愗,堥,0.7745901899394214
愗,慦,0.7715497527693664
愗,怸,0.7481212281731768
愗,愂,0.7430330880449365
愗,怷,0.7400857210222593
愗,悪,0.7390359420941168
愗,怹,0.7381690764154278
愗,惡,0.736853479090763
愗,愁,0.7341112473408511
