char1,char2,similarity
愓,愓,1.0
愓,愒,0.7845361393462954
愓,慍,0.7717523933043301
愓,愪,0.7670836592898456
愓,愰,0.766647645843356
愓,悮,0.7619254799524501
愓,悵,0.7506428530096821
愓,愩,0.7471074086848715
愓,傝,0.7462142215254742
愓,愖,0.7457199167289703
