char1,char2,similarity
愚,愚,1.0
愚,悬,0.7554828975591191
愚,畳,0.7542378313865216
愚,塁,0.7526187984480522
愚,昻,0.7329454549759632
愚,勗,0.7309394440367366
愚,昺,0.7244683426797013
愚,朂,0.7242033281879621
愚,慝,0.7226582795668477
愚,忠,0.7203612009243001
