char1,char2,similarity
愢,愢,1.0
愢,揌,0.8022261886932966
愢,偲,0.7764869896165931
愢,惃,0.7675740667015463
愢,悜,0.7645846301368189
愢,悝,0.7641196459580311
愢,慍,0.7608621711478181
愢,恇,0.7594161159948383
愢,愰,0.7580790345760784
愢,慆,0.7562199444340054
