char1,char2,similarity
愤,愤,1.0
愤,惯,0.7701972832524889
愤,憒,0.7646419953910609
愤,愔,0.7554229085366743
愤,惔,0.7531545126700381
愤,愦,0.7503721506992005
愤,偾,0.7476811557624925
愤,憤,0.7461023058123382
愤,债,0.7424195895162993
愤,慎,0.7398752375198058
