char1,char2,similarity
愡,愡,1.0
愡,憁,0.8123493020693031
愡,偬,0.7869305141807444
愡,惗,0.7663720909993921
愡,惚,0.7663483488210703
愡,怓,0.7575788664718808
愡,慩,0.7524240887145806
愡,憽,0.7478178989272152
愡,愃,0.7458777001371899
愡,憶,0.7444057785169045
