char1,char2,similarity
感,感,1.0
感,惑,0.7801156537498413
感,慈,0.7293987899135638
感,慰,0.7193115931757856
感,恚,0.7187519684042046
感,崽,0.7181650968394583
感,愚,0.7117384065670522
感,憝,0.7114773369491646
感,憨,0.7023864530559674
感,慇,0.701297468158173
