char1,char2,similarity
愣,愣,1.0
愣,塄,0.8241947270342627
愣,悟,0.7944591500781019
愣,惘,0.7705065389987767
愣,愕,0.7667748273201048
愣,悝,0.7648061842390084
愣,悜,0.7609814179292373
愣,悞,0.7540005138334798
愣,悓,0.7531160763545689
愣,悮,0.7487860389528466
