char1,char2,similarity
愭,愭,1.0
愭,慒,0.8356506543020328
愭,螧,0.7695359646707519
愭,傮,0.7589577163246383
愭,情,0.757275359320504
愭,慉,0.7532616845499105
愭,糟,0.7532040406595041
愭,愴,0.7514575682669438
愭,恈,0.7500062744673051
愭,惛,0.7479358068400143
