char1,char2,similarity
愫,愫,1.0
愫,傃,0.8378236922489358
愫,嗉,0.7970718378478181
愫,溸,0.7963983387764987
愫,塐,0.7507257548337519
愫,停,0.7468780762231494
愫,悽,0.7432585561357866
愫,愷,0.7415686182906207
愫,檫,0.7383458921612971
愫,惇,0.7373116684156831
