char1,char2,similarity
愬,愬,1.0
愬,愂,0.7706236832974656
愬,塑,0.7557808939671545
愬,悤,0.7413966579739139
愬,悊,0.7397753498648726
愬,槊,0.7390485221393907
愬,慙,0.7386572913787468
愬,惌,0.7366508406892329
愬,愸,0.7350177690829928
愬,悐,0.7333905030099178
