char1,char2,similarity
愩,愩,1.0
愩,愪,0.9190894243478815
愩,塤,0.7966253756752703
愩,悵,0.7871902169261391
愩,懁,0.770171963995141
愩,悎,0.7678106641630595
愩,慍,0.7666383668225384
愩,愰,0.7649661800455764
愩,憚,0.764939502357499
愩,損,0.7649276251369931
