char1,char2,similarity
愧,愧,1.0
愧,傀,0.8519536900605411
愧,瑰,0.7927149888064686
愧,忾,0.7671232277214527
愧,槐,0.7624468429609729
愧,媿,0.759230413065274
愧,溾,0.7568874795287258
愧,俛,0.7525423306361926
愧,拽,0.7524565877273298
愧,悗,0.7524303214866859
