char1,char2,similarity
愪,愪,1.0
愪,愩,0.9190894243478815
愪,塤,0.7995816825274418
愪,損,0.7798733825791215
愪,愰,0.7781782253558109
愪,悵,0.7781309493915317
愪,憚,0.7776734259719166
愪,傊,0.7748022639090902
愪,憘,0.7729017769485141
愪,惃,0.7696711750377235
