char1,char2,similarity
愱,愱,1.0
愱,悷,0.761945445520005
愱,懐,0.7493972758410569
愱,惦,0.7355854310821126
愱,愎,0.7327091958267224
愱,怓,0.7312627887635026
愱,愃,0.726250177158688
愱,镀,0.7255843899048301
愱,憮,0.7250602603067628
愱,愠,0.7228010910133292
