char1,char2,similarity
愹,愹,1.0
愹,愘,0.845024700724464
愹,傛,0.794736105757015
愹,塎,0.7919716638711645
愹,榕,0.7766264121544288
愹,熔,0.7665721431267933
愹,搈,0.7649411436226837
愹,慻,0.7573688924552987
愹,憁,0.7535040129500404
愹,懧,0.7523598820251695
