char1,char2,similarity
愰,愰,1.0
愰,悮,0.7988078229637009
愰,悵,0.7819034937697746
愰,愪,0.7781782253558109
愰,悞,0.7748204881689783
愰,愒,0.773709169220655
愰,惃,0.7734717690337014
愰,悢,0.7675284214843913
愰,愓,0.766647645843356
愰,愩,0.7649661800455764
