char1,char2,similarity
愸,愸,1.0
愸,愂,0.8108035707600278
愸,慭,0.7834310222499791
愸,憗,0.7689412678675062
愸,憖,0.7607871735523439
愸,惣,0.7434169540424196
愸,恴,0.7405843473771268
愸,恵,0.7365971242885274
愸,慗,0.7350318931490334
愸,愬,0.7350177690829928
