char1,char2,similarity
愴,愴,1.0
愴,搶,0.8031927582340307
愴,瑲,0.7782865273766757
愴,億,0.7655724479729292
愴,嗆,0.7588407769666893
愴,怈,0.755059953008777
愴,恮,0.7546873625034165
愴,情,0.7517413114276762
愴,愭,0.7514575682669438
愴,怶,0.7490559816237171
