char1,char2,similarity
慂,慂,1.0
慂,愳,0.7371503477137132
慂,懘,0.7371308500168414
慂,悘,0.7224160353632386
慂,悪,0.7185098789415607
慂,慿,0.7159406784649908
慂,憑,0.7114024620169024
慂,懣,0.7108503275601131
慂,惡,0.7080208471010206
慂,慫,0.707632200054482
