char1,char2,similarity
愼,愼,1.0
愼,塡,0.800527186663413
愼,憒,0.7744102125522977
愼,慣,0.7566836180063881
愼,憤,0.754751379994452
愼,愪,0.7471416001541544
愼,憍,0.7445309502764728
愼,悮,0.7372011389503326
愼,愩,0.7354423994923136
愼,惯,0.7265090661123883
