char1,char2,similarity
慁,慁,1.0
慁,悘,0.788512924959727
慁,惖,0.7686380372767059
慁,崽,0.7556482360681825
慁,罳,0.7510490728171338
慁,慇,0.7453271133124116
慁,蔥,0.7452533675637676
慁,悳,0.7434928062809303
慁,憇,0.7373435761158957
慁,恿,0.7363498122345724
