char1,char2,similarity
愺,愺,1.0
愺,慔,0.8033572977414333
愺,惸,0.8011026124391368
愺,惮,0.7981220061438411
愺,懱,0.7932937187539948
愺,慞,0.7824719215556948
愺,懧,0.7770861142983224
愺,愃,0.7715244160197516
愺,愅,0.7705907101495892
愺,俥,0.7685169469400429
