char1,char2,similarity
慀,慀,1.0
慀,徯,0.8056510713203249
慀,傒,0.7875608995620931
慀,慔,0.7774822677777091
慀,懊,0.7620833167769006
慀,慱,0.7582605656297605
慀,憣,0.7544237582061508
慀,嵠,0.7512329259354285
慀,愊,0.750541988906917
慀,愋,0.7474587721947242
