char1,char2,similarity
愽,愽,1.0
愽,搏,0.8024992629766182
愽,傅,0.798872139361892
愽,憳,0.780597512414208
愽,慱,0.7699355240776742
愽,惇,0.7682404768462942
愽,缚,0.7621518601323112
愽,慬,0.7594650127450308
愽,墫,0.7554151560544581
愽,恗,0.7551039982890743
