char1,char2,similarity
慈,慈,1.0
慈,感,0.7293987899135638
慈,憨,0.72445283336181
慈,憄,0.7241165163294303
慈,弚,0.7234992150952406
慈,芑,0.7231851059031809
慈,懖,0.7193452770182015
慈,慐,0.7167603693263606
慈,憝,0.7164706645656141
慈,慁,0.7160701787623298
