char1,char2,similarity
慆,慆,1.0
慆,悀,0.7938451084866425
慆,悜,0.7864675765883431
慆,怲,0.7811016360920865
慆,惂,0.777746201042887
慆,恓,0.7743375795940798
慆,恇,0.7734859397476522
慆,惱,0.7731794998226873
慆,愮,0.7691163930364802
慆,塪,0.7640616220983831
