char1,char2,similarity
慊,慊,1.0
慊,谦,0.8009996419159613
慊,搛,0.7853701790566738
慊,溓,0.7736315892170365
慊,嫌,0.762103116169384
慊,傔,0.7567607791402322
慊,缣,0.7529867605874713
慊,懐,0.732886487564824
慊,嗛,0.7249889084106234
慊,憽,0.7242692013340141
