char1,char2,similarity
慄,慄,1.0
慄,傈,0.8156225621092682
慄,搮,0.7969209702362026
慄,塛,0.7851803839210852
慄,惵,0.7769456542271608
慄,悮,0.7653185286425656
慄,慓,0.7642762522088801
慄,憟,0.7641763688864621
慄,懆,0.7593566385960715
慄,揉,0.7581407011724781
