char1,char2,similarity
慕,慕,1.0
慕,募,0.8174079341719298
慕,幂,0.7647669919680877
慕,摹,0.7430471873372164
慕,裹,0.7419785163085635
慕,暮,0.733234522573689
慕,萶,0.7330828277582158
慕,熹,0.7303196508452159
慕,菶,0.7249252342643699
慕,豪,0.7202844415545179
