char1,char2,similarity
慎,慎,1.0
慎,傎,0.8324396388562934
慎,搷,0.8267513302628661
慎,镇,0.8059413633935024
慎,缜,0.8008955704644457
慎,嗔,0.7956600280623118
慎,填,0.7902321460975145
慎,禛,0.7830117228339294
慎,槙,0.7774986815703175
慎,悼,0.7720971631663269
