char1,char2,similarity
慒,慒,1.0
慒,愭,0.8356506543020328
慒,傮,0.779782645029477
慒,螬,0.7747151358705826
慒,慬,0.7662907599670302
慒,懜,0.7626340884369487
慒,槽,0.7618142099999753
慒,糟,0.7566065434551037
慒,情,0.7561046579999382
慒,愯,0.7553021465487367
