char1,char2,similarity
慗,慗,1.0
慗,慜,0.780463612766396
慗,憗,0.7747022396153265
慗,慹,0.7568744819461518
慗,慦,0.7470560245062783
慗,憖,0.7456634635751072
慗,憝,0.7414874404154798
慗,愨,0.7405277955088992
慗,憼,0.7361213182466484
慗,慼,0.7357328959018944
