char1,char2,similarity
慐,慐,1.0
慐,憙,0.7477354274307898
慐,篡,0.7308294679223281
慐,惖,0.7237835972434865
慐,寭,0.7225863265576826
慐,鼃,0.7223726557530774
慐,匱,0.7212948603511692
慐,慝,0.721112765959449
慐,慁,0.7197252389755434
慐,慈,0.7167603693263606
