char1,char2,similarity
慘,慘,1.0
慘,墋,0.8002757924517278
慘,摻,0.7750627226434271
慘,滲,0.7730076657274385
慘,穇,0.7525623593652491
慘,憀,0.7451978629524407
慘,懀,0.7443863814047748
慘,慻,0.7386491027357612
慘,悽,0.7337307429826655
慘,傪,0.7318828163324371
