char1,char2,similarity
慜,慜,1.0
慜,憼,0.7925270915945247
慜,慗,0.780463612766396
慜,慦,0.7698876709524407
慜,憗,0.751445852977402
慜,愍,0.7453566921366059
慜,憖,0.7284317023658827
慜,慹,0.7272428562655637
慜,憋,0.7239299035717127
慜,憝,0.7220575924997751
