char1,char2,similarity
慟,慟,1.0
慟,働,0.7463598353470909
慟,懄,0.7429351221427599
慟,鋤,0.7232092712415117
慟,墈,0.7125327905165095
慟,袎,0.7073675300519967
慟,硘,0.6958413629729067
慟,耡,0.6957762479512434
慟,俲,0.6939998256788672
慟,搠,0.6935335772827763
