char1,char2,similarity
慠,慠,1.0
慠,璈,0.7938859224551624
慠,撤,0.7594643107615693
慠,憞,0.7517876979655534
慠,憿,0.7483242952228644
慠,怓,0.7479816996254276
慠,獓,0.746114190770167
慠,傲,0.7414940993442607
慠,橄,0.7374733371626453
慠,徽,0.7327725412539314
