char1,char2,similarity
慙,慙,1.0
慙,愬,0.7386572913787468
慙,惁,0.7355350784179745
慙,慗,0.7341681635622063
慙,悳,0.7324428184921786
慙,悊,0.7281291252793853
慙,惡,0.7277564076479991
慙,悤,0.7274330753136317
慙,愳,0.7260364985975275
慙,悪,0.7238752044004895
