char1,char2,similarity
慛,慛,1.0
慛,慉,0.7785478085369848
慛,悎,0.7772142265152535
慛,摧,0.7766639338860915
慛,憘,0.7731272751720702
慛,嗺,0.7662032178893169
慛,恼,0.7658317683834724
慛,墔,0.7638982525016101
慛,催,0.7624526318009514
慛,愮,0.7617407882425203
