char1,char2,similarity
慡,慡,1.0
慡,愥,0.7972495061343292
慡,塽,0.794348309870892
慡,漺,0.7809061267226807
慡,愌,0.77085562529506
慡,傸,0.7685592828188985
慡,摤,0.7632671252889134
慡,懷,0.7582103618562179
慡,悽,0.7518341475304434
慡,懊,0.7496489410620173
