char1,char2,similarity
慤,慤,1.0
慤,憝,0.7309305492385786
慤,慇,0.7293709224187006
慤,悥,0.7245560972464192
慤,悘,0.71085839589661
慤,愍,0.705811199889
慤,憼,0.7014533973397403
慤,愂,0.6986837484022232
慤,憇,0.6982679866717535
慤,愨,0.6981271557424826
