char1,char2,similarity
慫,慫,1.0
慫,您,0.7255172121080901
慫,愨,0.7152798274251668
慫,崽,0.71295972670308
慫,惪,0.7099277623288565
慫,慁,0.7088820940084639
慫,悹,0.708826680751505
慫,悤,0.7076896581822
慫,慂,0.707632200054482
慫,態,0.7073785190721682
