char1,char2,similarity
慥,慥,1.0
慥,慩,0.7911048689458677
慥,慬,0.7528425473704022
慥,惼,0.7500602122198593
慥,惬,0.7420836875619307
慥,懢,0.740823241126247
慥,慪,0.7391359459688557
慥,懊,0.7363750836278157
慥,怓,0.7358369914204255
慥,憕,0.7354807848514882
