char1,char2,similarity
慱,慱,1.0
慱,慺,0.7810648850416767
慱,慔,0.7700191637227263
慱,愽,0.7699355240776742
慱,傳,0.7688697867345066
慱,塼,0.765769969273421
慱,憘,0.7594135919544707
慱,摶,0.7588733881450629
慱,憳,0.7585274559137029
慱,慀,0.7582605656297605
