char1,char2,similarity
慰,慰,1.0
慰,憨,0.7358939348778198
慰,感,0.7193115931757856
慰,愚,0.7184626997781348
慰,悘,0.7132783962844202
慰,崽,0.7123593027906872
慰,憝,0.7078522208244135
慰,壂,0.7049707118446078
慰,藯,0.7044184851056929
慰,忠,0.7042163417646264
