char1,char2,similarity
慬,慬,1.0
慬,僅,0.825647204855978
慬,愥,0.7825440597542466
慬,愇,0.773836381141224
慬,慌,0.7737349573098051
慬,悽,0.7728056413814189
慬,惲,0.7672306653167746
慬,慒,0.7662907599670302
慬,憧,0.7659730959841182
慬,愅,0.7646224984213809
