char1,char2,similarity
慳,慳,1.0
慳,悭,0.7538541310961986
慳,慴,0.7480790775849577
慳,愜,0.7461740810107722
慳,愊,0.7406402147659006
慳,憴,0.7341581813312886
慳,樫,0.7322736491184201
慳,慪,0.7320782149879017
慳,惶,0.7318952578259336
慳,憈,0.7304876618213803
