char1,char2,similarity
慲,慲,1.0
慲,愅,0.7887162062776438
慲,愺,0.7671639760516303
慲,慬,0.7517769376113054
慲,惻,0.7498373712985534
慲,恻,0.7487012015244711
慲,瞞,0.7394192241566392
慲,掚,0.7388747252752994
慲,慔,0.7371172073351278
慲,愥,0.7369415691562129
