char1,char2,similarity
慻,慻,1.0
慻,懀,0.7826313765407718
慻,懵,0.7600008338500869
慻,愹,0.7573688924552987
慻,愘,0.7530010853724514
慻,懮,0.7429015119893839
慻,慘,0.7386491027357612
慻,惽,0.7378832348759564
慻,憈,0.7354697195069679
慻,憴,0.7327121242931379
