char1,char2,similarity
慸,慸,1.0
慸,惠,0.7423010458689757
慸,罳,0.7327581766454527
慸,愙,0.7316417323854466
慸,憥,0.7298270062262692
慸,悫,0.7167491607967029
慸,晕,0.7144390810288171
慸,慿,0.7084655407565661
慸,悹,0.7062119888998889
慸,愈,0.7044012798929886
