char1,char2,similarity
慶,慶,1.0
慶,麀,0.7462111257895209
慶,廈,0.7424282067679226
慶,廔,0.738935084749573
慶,臝,0.733986397141633
慶,梟,0.7211425553041632
慶,裏,0.7209472187147833
慶,襃,0.7194180330403322
慶,扆,0.7170313214116261
慶,灜,0.7119690132774037
