char1,char2,similarity
慺,慺,1.0
慺,僂,0.8198222996908736
慺,慱,0.7810648850416767
慺,塿,0.7753563865394579
慺,懹,0.7703923703029029
慺,熡,0.7636917234128059
慺,慔,0.7615829535078315
慺,憈,0.7532936983181384
慺,惾,0.7506083962229575
慺,憹,0.7489472000749028
