char1,char2,similarity
憄,憄,1.0
憄,惪,0.75107798747325
憄,慈,0.7241165163294303
憄,懖,0.716334182097561
憄,悳,0.7146456831338119
憄,悊,0.7138131727569552
憄,奪,0.7038718263555566
憄,蒠,0.7029163787985863
憄,惷,0.7022404203649341
憄,愙,0.7018625364520001
