char1,char2,similarity
憃,憃,1.0
憃,惷,0.8045436033174366
憃,惪,0.7274223945509912
憃,意,0.722055669676636
憃,書,0.721768460616407
憃,悳,0.7211509236862459
憃,舅,0.7206092711188137
憃,惫,0.7164920369954739
憃,責,0.7157336717115624
憃,貴,0.7137057261084842
