char1,char2,similarity
憀,憀,1.0
憀,谬,0.782449453592367
憀,嘐,0.7620640477485856
憀,摎,0.7565324452170675
憀,僇,0.7483249010255655
憀,漻,0.7470932859915247
憀,憴,0.7465969452206087
憀,慘,0.7451978629524407
憀,懼,0.7345778887670306
憀,傪,0.732685726884391
