char1,char2,similarity
憁,憁,1.0
憁,愡,0.8123493020693031
憁,惼,0.7837193778320788
憁,懊,0.7768802382289048
憁,傯,0.7736001372799826
憁,惗,0.772770008059607
憁,慵,0.7586260922160911
憁,慩,0.7568806940735131
憁,愘,0.7563353075711241
憁,懡,0.7559283511363402
