char1,char2,similarity
憈,憈,1.0
憈,墟,0.7813959265976452
憈,惼,0.7565548216778413
憈,慺,0.7532936983181384
憈,嘘,0.7431374968414675
憈,惞,0.7430350986275457
憈,懅,0.7422849885660457
憈,懡,0.7421592763188642
憈,慴,0.7411543692044472
憈,慵,0.7374926545685675
