char1,char2,similarity
憒,憒,1.0
憒,墤,0.8480401242186707
憒,憤,0.8438197323904376
憒,慣,0.8272704985647628
憒,憶,0.7900197849040314
憒,懥,0.7898557139488053
憒,僨,0.7858966121651503
憒,愼,0.7744102125522977
憒,嬇,0.7706742990201715
憒,僓,0.7676631417395053
