char1,char2,similarity
憊,憊,1.0
憊,怹,0.7270449904940554
憊,悫,0.7234244960458751
憊,您,0.7230527835832534
憊,恖,0.7213902557491717
憊,悤,0.7205411642030269
憊,懑,0.715804543722569
憊,愈,0.7144235921710546
憊,悠,0.709790803612212
憊,悹,0.7093629808825926
