char1,char2,similarity
憐,憐,1.0
憐,燐,0.7625770846865233
憐,撛,0.756798553889898
憐,惔,0.7534791603537271
憐,隣,0.7506369249585124
憐,獜,0.7504303108986569
憐,怏,0.7499163387452981
憐,噒,0.7464839285700329
憐,僲,0.7447273102317091
憐,潾,0.7412364083765461
