char1,char2,similarity
憎,憎,1.0
憎,增,0.813924845204243
憎,噌,0.7966143109217287
憎,潧,0.784209154668135
憎,璔,0.7834835812100382
憎,増,0.781302989880957
憎,熷,0.752007879463905
憎,惽,0.750626128235393
憎,悎,0.7464925146085545
憎,慒,0.7446686540901082
