char1,char2,similarity
憑,憑,1.0
憑,惖,0.7481141085986651
憑,慿,0.7457544597380806
憑,恿,0.7435554821036915
憑,惡,0.7384541944322384
憑,悪,0.7363590386076564
憑,悘,0.7303881806733825
憑,愗,0.7280987977205916
憑,恴,0.7201580593923029
憑,悤,0.7199720809846418
