char1,char2,similarity
憔,憔,1.0
憔,撨,0.7890597147269759
憔,僬,0.769240146894398
憔,樵,0.7611530215810826
憔,燋,0.7535933777836702
憔,恑,0.7512890920683454
憔,忾,0.7492329043989615
憔,愷,0.7486825433663027
憔,惟,0.7432909614576445
憔,惊,0.7327461853327302
