char1,char2,similarity
憕,憕,1.0
憕,愷,0.7908868325516203
憕,撜,0.7846617326373888
憕,橙,0.7718254215012533
憕,墱,0.7661327460762585
憕,懁,0.7461083000787986
憕,愜,0.7459472241091218
憕,懌,0.7457872371485114
憕,惿,0.7380558170148535
憕,惙,0.7372377401308893
