char1,char2,similarity
憖,憖,1.0
憖,憗,0.8497656899161852
憖,慭,0.7659452878391292
憖,愸,0.7607871735523439
憖,慗,0.7456634635751072
憖,慜,0.7284317023658827
憖,愨,0.722324763269053
憖,悹,0.7095888304213922
憖,憼,0.7024000837538945
憖,慦,0.7019422532395804
