char1,char2,similarity
憗,憗,1.0
憗,憖,0.8497656899161852
憗,慗,0.7747022396153265
憗,愸,0.7689412678675062
憗,慜,0.751445852977402
憗,慭,0.7367997557164022
憗,慦,0.7323920251765612
憗,惄,0.7198399868473936
憗,愗,0.7125863509114858
憗,嶅,0.7120785827097296
