char1,char2,similarity
憙,憙,1.0
憙,蔦,0.7525576191328559
憙,忢,0.7501398534565761
憙,慐,0.7477354274307898
憙,脣,0.7471859109557945
憙,臱,0.7400455287724214
憙,寶,0.7384402546758487
憙,蠧,0.7358582106819699
憙,贏,0.73561445871077
憙,氰,0.7329156773027234
