char1,char2,similarity
憧,憧,1.0
憧,撞,0.8190533519077395
憧,燑,0.8087096003540535
憧,愇,0.8052018304492762
憧,憶,0.787243928456716
憧,懽,0.7854216488365983
憧,潼,0.7794031361342064
憧,憭,0.7717631821544966
憧,慬,0.7659730959841182
憧,僮,0.765735229723073
