char1,char2,similarity
憣,憣,1.0
憣,璠,0.7868281277492843
憣,僠,0.7680930337332693
憣,墦,0.7654684350592249
憣,憯,0.7631168693502102
憣,慀,0.7544237582061508
憣,懵,0.7509486004718432
憣,噃,0.7507606168649334
憣,惛,0.7506670947190482
憣,慅,0.7483484991197686
