char1,char2,similarity
憢,憢,1.0
憢,徺,0.7837773388612519
憢,墝,0.762928467232422
憢,僥,0.7529235237604711
憢,憴,0.7528385195588435
憢,懥,0.7439706157246436
憢,愞,0.7435023553545212
憢,皢,0.7430615830951763
憢,嬈,0.7414745361913265
憢,燒,0.7406785580204068
