char1,char2,similarity
憠,憠,1.0
憠,慇,0.7297090667524062
憠,慼,0.7239103646984594
憠,恿,0.7197395268752032
憠,悘,0.7168400466855304
憠,憑,0.7135144111516855
憠,慁,0.7106137977607442
憠,愳,0.705297932005765
憠,慂,0.705137704455887
憠,想,0.7018983414190063
