char1,char2,similarity
憟,憟,1.0
憟,慓,0.8051422264556231
憟,愞,0.7807471874906251
憟,僳,0.7709834576576328
憟,慏,0.7690142671008138
憟,慄,0.7641763688864621
憟,懆,0.7593344965984874
憟,憛,0.7571926122134947
憟,愜,0.7552911619111583
憟,僄,0.7518225802128089
