char1,char2,similarity
憭,憭,1.0
憭,僚,0.7800958307298543
憭,暸,0.7722321042483047
憭,憧,0.7717631821544966
憭,嘹,0.7697741535086104
憭,愇,0.7654253640642867
憭,燎,0.7637981498499453
憭,瞭,0.7614500037684395
憭,嫽,0.7611516451478585
憭,撩,0.75722745436875
