char1,char2,similarity
憫,憫,1.0
憫,憪,0.8067021953170181
憫,們,0.7677842999619225
憫,擱,0.7663653223257065
憫,潤,0.745851052649235
憫,墹,0.7451627688687539
憫,潣,0.7441028379839508
憫,懰,0.7421049728525456
憫,憴,0.7381014916782676
憫,燘,0.7365482934304491
