char1,char2,similarity
憩,憩,1.0
憩,愁,0.7545651645568705
憩,蕜,0.7286173536549246
憩,急,0.7200009951516295
憩,惑,0.7196771787810943
憩,態,0.7142530698082226
憩,慹,0.7142416350527439
憩,懃,0.7140991263301684
憩,恚,0.7123941837884477
憩,愚,0.7103520815642397
