char1,char2,similarity
憮,憮,1.0
憮,墲,0.7631417778764866
憮,撫,0.761501383962635
憮,懙,0.7425859151572745
憮,愌,0.7406127234641652
憮,悽,0.7388335295489098
憮,憭,0.7350421070372785
憮,怓,0.7316518746200531
憮,嘸,0.7310661646221757
憮,潕,0.7290462239249146
