char1,char2,similarity
憪,憪,1.0
憪,憫,0.8067021953170181
憪,壛,0.7715464477362093
憪,擱,0.7657993557028754
憪,墹,0.7493727797652574
憪,爛,0.7481564628477249
憪,憜,0.7448743502456132
憪,懫,0.7389419961897695
憪,憴,0.7370512218039347
憪,潤,0.7357499121484482
