char1,char2,similarity
憬,憬,1.0
憬,撔,0.8410227715961898
憬,燝,0.7967320034044891
憬,澋,0.7776544353975068
憬,僸,0.7657782023841866
憬,幜,0.753755572375827
憬,慓,0.753171198130105
憬,慣,0.7426085744593006
憬,憶,0.7421898095398289
憬,摷,0.7416047846418341
