char1,char2,similarity
憯,憯,1.0
憯,慅,0.7755217779543413
憯,撍,0.7698345398458157
憯,憣,0.7631168693502102
憯,愔,0.7593735267117104
憯,憳,0.7552889553301526
憯,慴,0.7471889402168477
憯,僭,0.7406319789006792
憯,愊,0.7395164606919691
憯,熸,0.7393015662761657
