char1,char2,similarity
憷,憷,1.0
憷,儊,0.79988613513634
憷,惿,0.7728883790601744
憷,檚,0.7542825413374763
憷,愊,0.7350786798814472
憷,恾,0.7336648012250396
憷,濋,0.7332237037294175
憷,愖,0.7306588650501545
憷,悚,0.7301170068818005
憷,慥,0.7281942658355846
