char1,char2,similarity
憲,憲,1.0
憲,悥,0.7825928261657934
憲,寭,0.7707123704627762
憲,惫,0.7606400730596616
憲,意,0.7346178201185598
憲,悹,0.7326352140893347
憲,惷,0.731153078834162
憲,寖,0.7297418247589372
憲,寣,0.7289074536195386
憲,羸,0.7262611232532388
