char1,char2,similarity
憻,憻,1.0
憻,儃,0.8689560744894416
憻,懔,0.8397288663270921
憻,擅,0.8153844147862019
憻,檀,0.8007013407291007
憻,僵,0.7896973230872417
憻,懤,0.7876355723151476
憻,憛,0.779218468151318
憻,檯,0.7783405114606896
憻,壃,0.7669659959124543
