char1,char2,similarity
憶,憶,1.0
憶,撞,0.8029547065852893
憶,愇,0.8005574546488478
憶,憒,0.7900197849040314
憶,憧,0.787243928456716
憶,慞,0.7763172470035745
憶,镱,0.7744401843900357
憶,僮,0.7729637814134246
憶,憓,0.771067303459141
憶,惇,0.7682233977711503
