char1,char2,similarity
憺,憺,1.0
憺,憹,0.8076213273196406
憺,儋,0.7664981420176277
憺,擔,0.7619347408303828
憺,谵,0.7583314325814133
憺,曕,0.7548258075966952
憺,憁,0.7509901907980236
憺,橹,0.749260832323368
憺,愠,0.7491553353855225
憺,惬,0.748512727301656
