char1,char2,similarity
憳,憳,1.0
憳,愽,0.780597512414208
憳,噚,0.7612901244175199
憳,慱,0.7585274559137029
憳,憯,0.7552889553301526
憳,懐,0.747686817913945
憳,慀,0.7448065483017323
憳,懛,0.7430066563688014
憳,懪,0.7417090969040688
憳,慅,0.7405292449907133
