char1,char2,similarity
憸,憸,1.0
憸,澰,0.7933027454378362
憸,儉,0.7868195690487131
憸,撿,0.7737637376497285
憸,噞,0.7641385836640209
憸,懙,0.7474375759638728
憸,惍,0.7262634750676287
憸,懍,0.7256048575557642
憸,偸,0.7221751628102491
憸,偷,0.7213637699878553
