char1,char2,similarity
懁,懁,1.0
懁,儇,0.8200832157758602
懁,缳,0.7863577932211179
懁,憛,0.7760849311615575
懁,愩,0.770171963995141
懁,憚,0.7693843302214212
懁,澴,0.7627052119526938
懁,愪,0.7598761493056092
懁,懌,0.7565640182057664
懁,擐,0.7564959140426503
