char1,char2,similarity
懂,懂,1.0
懂,僵,0.7610083005316233
懂,憻,0.7424099332368295
懂,憧,0.7373145071472633
懂,董,0.7365550082104622
懂,悽,0.7351924138389839
懂,壃,0.7333356481463504
懂,懔,0.7315607042215388
懂,慔,0.7296107117938635
懂,愎,0.7290090872767933
