char1,char2,similarity
憿,憿,1.0
憿,璬,0.794275346566103
憿,憞,0.7861349816557976
憿,皦,0.7740983427232141
憿,墽,0.7684000875382861
憿,儌,0.7635257426231955
憿,慠,0.7483242952228644
憿,譤,0.7480799334106358
憿,躈,0.7449303036123475
憿,撽,0.7431740816954148
