char1,char2,similarity
懇,懇,1.0
懇,墾,0.7522245817696962
懇,悘,0.7283313638167285
懇,慁,0.7155980691906016
懇,愁,0.7134009273055844
懇,悊,0.7063377397374281
懇,愚,0.7045131641609934
懇,愳,0.7033736942942211
懇,憠,0.7006829018330529
懇,恳,0.6987159616992635
