char1,char2,similarity
懍,懍,1.0
懍,懔,0.7969870947037949
懍,懷,0.783376787728678
懍,懊,0.7550894784898262
懍,檩,0.7466963459537238
懍,慔,0.7459631427960296
懍,懐,0.7409666359510632
懍,慡,0.7388870343339933
懍,懠,0.7376580652205904
懍,懙,0.7353379441746614
