char1,char2,similarity
懏,懏,1.0
懏,擕,0.7790242982836663
懏,愯,0.7721251996750604
懏,惝,0.72978310903363
懏,懓,0.7294339551853747
懏,憢,0.7278148810109135
懏,懼,0.7264015918985965
懏,懪,0.7256700435034403
懏,悯,0.719551414500862
懏,愎,0.719335121151934
