char1,char2,similarity
懊,懊,1.0
懊,擙,0.8094210542795393
懊,慔,0.7842558550446541
懊,噢,0.7770016075482462
懊,憁,0.7768802382289048
懊,澳,0.7644677575574714
懊,愑,0.7640732081984393
懊,慀,0.7620833167769006
懊,懍,0.7550894784898262
懊,愽,0.7549293591593813
