char1,char2,similarity
應,應,1.0
應,序,0.7410088070730528
應,庩,0.7400833855687584
應,庰,0.7374233105817541
應,庮,0.7345957452695197
應,庽,0.7323918451679119
應,庘,0.7297008352316402
應,廅,0.728483744009555
應,庠,0.7265177418154833
應,庎,0.7251059800407264
