char1,char2,similarity
懙,懙,1.0
懙,愌,0.7665547047907391
懙,憸,0.7474375759638728
懙,懹,0.7428500982435919
懙,憮,0.7425859151572745
懙,惙,0.7422580119842357
懙,憟,0.7397724975613227
懙,懔,0.7386810405875284
懙,懍,0.7353379441746614
懙,悮,0.7352326050347234
