char1,char2,similarity
懓,懓,1.0
懓,懮,0.7749570390924777
懓,愋,0.7696220166614904
懓,皧,0.7617335512258302
懓,僾,0.7502896046372475
懓,愎,0.746944059412734
懓,璦,0.7446938642342619
懓,噯,0.7427123105959212
懓,瞹,0.7401839053973035
懓,曖,0.7401503289379285
