char1,char2,similarity
懢,懢,1.0
懢,儖,0.8192377578918351
懢,慍,0.8087917235944893
懢,愠,0.7681177739471909
懢,惽,0.7628603716397074
懢,憻,0.7628466601692803
懢,侐,0.761844023384653
懢,愖,0.7585621988777359
懢,壏,0.7571722977763617
懢,愃,0.7547937226360983
