char1,char2,similarity
懭,懭,1.0
懭,壙,0.7721598961280248
懭,儣,0.7667160331821615
懭,爌,0.766601205145311
懭,櫎,0.7493040036267188
懭,擴,0.7477995929681229
懭,慷,0.7477260723893975
懭,悽,0.7425146752597643
懭,憜,0.742466207658356
懭,憤,0.7386238251684336
