char1,char2,similarity
懤,懤,1.0
懤,儔,0.8229094164478293
懤,檮,0.8079755789862064
懤,濤,0.7930542968426196
懤,憻,0.7876355723151476
懤,壔,0.7864271867887057
懤,嬦,0.7769452420391874
懤,隯,0.7758255589850221
懤,擣,0.7732185320952703
懤,嶹,0.7719382128894509
