char1,char2,similarity
懯,懯,1.0
懯,憨,0.7301298720880567
懯,憝,0.7150843878393826
懯,憋,0.711315255395628
懯,慈,0.7023693219899586
懯,懲,0.7020700952881633
懯,憼,0.6974213703710171
懯,愂,0.697302377021305
懯,慰,0.6952333008925532
懯,怱,0.6888356810022485
