char1,char2,similarity
懱,懱,1.0
懱,愺,0.7932937187539948
懱,慔,0.7661954380065873
懱,瀎,0.7607618295999794
懱,懐,0.7591014260212727
懱,憓,0.7564013852837157
懱,惸,0.755751059657449
懱,慩,0.7439954587358639
懱,恞,0.7424878084494336
懱,愃,0.7416378722930947
