char1,char2,similarity
懴,懴,1.0
懴,瀐,0.7916289710340194
懴,懺,0.7725376090160465
懴,慽,0.7458773178918456
懴,珷,0.7327644990252828
懴,傤,0.7301076132736674
懴,慠,0.7263321508315141
懴,橶,0.7252259848614232
懴,憿,0.7230811842472555
懴,怓,0.7224201980738214
