char1,char2,similarity
懳,懳,1.0
懳,懹,0.7802428695199588
懳,懚,0.7480968158829169
懳,攇,0.7417900764817664
懳,懽,0.7398828061137335
懳,惤,0.7392747416421052
懳,懀,0.7364359418981468
懳,慞,0.7332462807143084
懳,愶,0.7329775324382021
懳,懙,0.7318046353928888
