char1,char2,similarity
懷,懷,1.0
懷,壞,0.8163742825128728
懷,櫰,0.8140976780218221
懷,懍,0.783376787728678
懷,懐,0.7710141927335837
懷,瀤,0.7694444438150729
懷,慡,0.7582103618562179
懷,悽,0.7571962478078803
懷,愥,0.7412764820754485
懷,憟,0.7361533320409547
