char1,char2,similarity
懲,懲,1.0
懲,懯,0.7020700952881633
懲,傚,0.6884517390619914
懲,慁,0.6871304091803401
懲,憨,0.6851457904331868
懲,慈,0.6846928039180387
懲,憼,0.6815579858898857
懲,悘,0.6782281426977587
懲,憩,0.6776394213650131
懲,慰,0.676972702556093
