char1,char2,similarity
懰,懰,1.0
懰,嬼,0.7825548972879974
懰,憫,0.7421049728525456
懰,嚠,0.7406470064137077
懰,憪,0.7345890092390699
懰,瀏,0.7211663400143311
懰,惻,0.7170716972828047
懰,憦,0.7133050143062776
懰,懄,0.7130386952414409
懰,攔,0.7050631931747724
