char1,char2,similarity
懽,懽,1.0
懽,懼,0.7953395267859191
懽,憧,0.7854216488365983
懽,慬,0.7546981732760625
懽,愇,0.7427124007153842
懽,懀,0.7404184683304955
懽,懳,0.7398828061137335
懽,憺,0.7392965395927731
懽,懎,0.7389693058823963
懽,惬,0.7366828567382099
