char1,char2,similarity
懾,懾,1.0
懾,攝,0.7927627149454802
懾,襵,0.7687830416977036
懾,囁,0.75411892216909
懾,灄,0.7427850195550345
懾,懪,0.7358498720360448
懾,懁,0.73475354554315
懾,讘,0.7344824309802244
懾,慖,0.7302484976713312
懾,懍,0.7293788965776681
