char1,char2,similarity
懻,懻,1.0
懻,慣,0.7527667804866452
懻,憟,0.7513969499756209
懻,懥,0.7416826290453414
懻,價,0.7374446787572964
懻,懎,0.7346825958303848
懻,憒,0.7341578431666314
懻,慓,0.7337207226688652
懻,慺,0.7336984810432761
懻,懹,0.7272765412903547
