char1,char2,similarity
戁,戁,1.0
戁,懃,0.7872564634100937
戁,憅,0.7220297550918228
戁,慐,0.7116825860766689
戁,慙,0.7074424328241143
戁,慇,0.7017737500343616
戁,慁,0.6974020795120679
戁,憩,0.6964389803881683
戁,態,0.6946121474971401
戁,惪,0.6908953675155618
