char1,char2,similarity
懺,懺,1.0
懺,攕,0.8316709332699864
懺,櫼,0.79976037227175
懺,懴,0.7725376090160465
懺,孅,0.7543475432950464
懺,襳,0.7448334789444038
懺,憱,0.7272927056588187
懺,殲,0.7213289921762628
懺,憿,0.7211932698830491
懺,慽,0.71234171467632
