char1,char2,similarity
戅,戅,1.0
戅,戇,0.804994882284432
戅,戆,0.7330145451089125
戅,藼,0.7110881236805064
戅,罳,0.6783158783108306
戅,窻,0.6762830603406694
戅,篹,0.673875327011631
戅,廭,0.6717703995546865
戅,憠,0.6717640345162531
戅,顛,0.6715581532268496
