char1,char2,similarity
戃,戃,1.0
戃,攩,0.8141150525289143
戃,灙,0.7778477548554412
戃,懐,0.7254195763411084
戃,憮,0.7196983058168539
戃,懀,0.7188659433421463
戃,懍,0.7173742647445398
戃,爣,0.713490543964184
戃,慺,0.7114789768008191
戃,慠,0.7113970306029671
