char1,char2,similarity
戄,戄,1.0
戄,攫,0.7881419809122208
戄,懮,0.739575992556164
戄,懚,0.7325065160205602
戄,憀,0.7272190390390101
戄,懓,0.7206768378313608
戄,懼,0.717828924627187
戄,彏,0.7175192746427627
戄,憧,0.7155802411067395
戄,懩,0.7104099732389474
