char1,char2,similarity
戇,戇,1.0
戇,戅,0.804994882284432
戇,戆,0.7766104145782405
戇,藼,0.6683068391898201
戇,鐶,0.6663084018272797
戇,韐,0.665047382996563
戇,蕙,0.6650285595775349
戇,韒,0.6638967915589976
戇,韗,0.662236306597954
戇,韜,0.6612910294629951
