char1,char2,similarity
戂,戂,1.0
戂,灖,0.7932591622226469
戂,攠,0.7611683999395131
戂,慽,0.723768533624003
戂,慴,0.7148270658992188
戂,懭,0.7134046040785955
戂,擵,0.7118477407382524
戂,慳,0.710504753075734
戂,憫,0.7099238329471925
戂,懹,0.709616867019607
