char1,char2,similarity
戌,戌,1.0
戌,戍,0.8334432502729681
戌,广,0.8013287351318775
戌,戉,0.7586904911950979
戌,成,0.7582611784152179
戌,浅,0.7436023516426729
戌,皮,0.743516719369507
戌,庄,0.7409315479035528
戌,戎,0.7389808479324934
戌,戊,0.7385121718147453
