char1,char2,similarity
戒,戒,1.0
戒,戓,0.7577412052588419
戒,咸,0.7525468634820497
戒,弍,0.7513060547380455
戒,成,0.7495161440709763
戒,或,0.7388695015495194
戒,烕,0.737007606070552
戒,戌,0.7285100582990912
戒,弌,0.7267235895796177
戒,减,0.7247619505620781
