char1,char2,similarity
戎,戎,1.0
戎,戉,0.7567430091752095
戎,乛,0.750743042450316
戎,戊,0.7422310890546527
戎,或,0.7398799825174237
戎,戌,0.7389808479324934
戎,攻,0.7371507781656537
戎,穴,0.7352802705020515
戎,求,0.7348598397890318
戎,妏,0.7343752171507613
