char1,char2,similarity
戓,戓,1.0
戓,或,0.8236662284266879
戓,成,0.7943958913366792
戓,戒,0.7577412052588419
戓,戉,0.7380769768801468
戓,戍,0.736782155198834
戓,戌,0.7347662785945206
戓,弍,0.7271658898735712
戓,攻,0.7264167584748283
戓,戏,0.7229451450165968
