char1,char2,similarity
我,我,1.0
我,哉,0.7431295177202499
我,犹,0.7336745599443814
我,牫,0.7286058442320854
我,线,0.7234913890455944
我,劧,0.7207667060743943
我,亏,0.7203837163934802
我,戏,0.7169940684008983
我,莪,0.7163963593478094
我,牝,0.7128073215172791
