char1,char2,similarity
戞,戞,1.0
戞,奡,0.7273719529189511
戞,羣,0.7090028899084984
戞,闃,0.706844169765224
戞,夒,0.7054570425879313
戞,舁,0.7010034048780402
戞,貝,0.7005575859285501
戞,聶,0.6997925141474596
戞,霌,0.6996494796451623
戞,鼂,0.6988106026923784
