char1,char2,similarity
戚,戚,1.0
戚,威,0.7919923020271982
戚,烕,0.7750640710504554
戚,咸,0.7657643694084226
戚,减,0.7537967616521908
戚,戜,0.7528489582932962
戚,诚,0.7240041226970498
戚,戒,0.7124206630059866
戚,崴,0.7116683810710291
戚,岚,0.7108128725418048
