char1,char2,similarity
戟,戟,1.0
戟,軺,0.7472671144399592
戟,倝,0.7421247951514985
戟,戦,0.7407051438040151
戟,乾,0.7338707443231492
戟,斡,0.7321583035459236
戟,鶾,0.7301146982042319
戟,烖,0.7250613121847023
戟,乹,0.7214969749302835
戟,栽,0.7194223623116232
