char1,char2,similarity
戙,戙,1.0
戙,戝,0.7628806979803722
戙,戰,0.7551634914000145
戙,戤,0.7491236704725598
戙,戨,0.7455897666436343
戙,朙,0.7372629353661122
戙,戥,0.737142886091163
戙,戦,0.7367811093310459
戙,戧,0.7324351322121732
戙,哦,0.7311242963007133
