char1,char2,similarity
戗,戗,1.0
戗,鈛,0.7665117944117065
戗,杙,0.740419468659804
戗,釴,0.7353119647737563
戗,聀,0.7336115428881873
戗,咸,0.7283877842785759
戗,鸧,0.7240508892268502
戗,戟,0.7178237992189387
戗,餀,0.7141514131101618
戗,武,0.7126621529386686
