char1,char2,similarity
戣,戣,1.0
戣,戭,0.7454813524016088
戣,戩,0.739932791863802
戣,戨,0.7343097623981386
戣,戳,0.7341198113212942
戣,戱,0.7338081816874878
戣,戯,0.7304126233797993
戣,戦,0.7283348885689557
戣,戤,0.7167823216024677
戣,戲,0.7166474616127289
