char1,char2,similarity
戤,戤,1.0
戤,戡,0.7593937424719598
戤,戥,0.7554694853123752
戤,戙,0.7491236704725598
戤,戝,0.7332037405410635
戤,韱,0.7290046639120945
戤,鉞,0.7260480117430066
戤,戭,0.7202918352596289
戤,戣,0.7167823216024677
戤,浌,0.7143990085575183
