char1,char2,similarity
戠,戠,1.0
戠,歆,0.7593968976470453
戠,斮,0.7172054349689322
戠,韸,0.7045489870160799
戠,戢,0.7039261483798286
戠,贰,0.7015530709365062
戠,荭,0.7010412311488654
戠,箃,0.6998312668964259
戠,茓,0.6994641314870274
戠,戩,0.6979589665518433
