char1,char2,similarity
戡,戡,1.0
戡,戤,0.7593937424719598
戡,戥,0.7498153372886937
戡,韱,0.7449434634150098
戡,戧,0.7315233759212043
戡,戝,0.7300982949541269
戡,斟,0.7263659832219538
戡,戨,0.7260106634136512
戡,浌,0.7220950255294041
戡,崴,0.7175998749374658
