char1,char2,similarity
戳,戳,1.0
戳,戵,0.7970921469697945
戳,戩,0.7630584478039644
戳,戲,0.7372467253008032
戳,戣,0.7341198113212942
戳,戱,0.7257766453906161
戳,戯,0.7160451470299238
戳,戨,0.7148905124741789
戳,戮,0.7148609085003379
戳,溅,0.7068773695628148
