char1,char2,similarity
戲,戲,1.0
戲,戱,0.8075476214932662
戲,戯,0.7804888995209279
戲,戵,0.7510296177704475
戲,戳,0.7372467253008032
戲,戩,0.7204309837870101
戲,戣,0.7166474616127289
戲,戨,0.7156785610601476
戲,溅,0.7109448226516776
戲,絨,0.7091662649148679
