char1,char2,similarity
戱,戱,1.0
戱,戯,0.8740787485308986
戱,戲,0.8075476214932662
戱,戣,0.7338081816874878
戱,戳,0.7257766453906161
戱,戵,0.7207474580504833
戱,戧,0.7184546237722675
戱,戨,0.7154292698945687
戱,歔,0.7109066389009353
戱,溅,0.7090441765001696
