char1,char2,similarity
戮,戮,1.0
戮,鹨,0.7474105545008203
戮,戦,0.7311853815263251
戮,戙,0.7195395240300657
戮,勠,0.7184704702352196
戮,戳,0.7148609085003379
戮,戨,0.7047835667892208
戮,戧,0.7040024782838519
戮,戥,0.7029668668200895
戮,戰,0.6997736522286055
