char1,char2,similarity
戯,戯,1.0
戯,戱,0.8740787485308986
戯,戲,0.7804888995209279
戯,戣,0.7304126233797993
戯,戧,0.7264109490777568
戯,戨,0.7220386801876707
戯,戭,0.7209823074339936
戯,戩,0.7191324732880738
戯,戳,0.7160451470299238
戯,歔,0.7046247241509831
