char1,char2,similarity
戶,戶,1.0
戶,户,0.8599318711149025
戶,戸,0.851485410663339
戶,乛,0.8037337366352805
戶,尸,0.8029513741964718
戶,厂,0.7982792361292724
戶,只,0.796317115797593
戶,冫,0.7949601263943962
戶,一,0.7935350528443176
戶,广,0.7919057201174106
