char1,char2,similarity
戵,戵,1.0
戵,戳,0.7970921469697945
戵,氍,0.7654146671214547
戵,戲,0.7510296177704475
戵,戱,0.7207474580504833
戵,溅,0.7174478899450727
戵,勸,0.7131153209903324
戵,戩,0.7097053280686904
戵,鹳,0.7004297886602513
戵,戣,0.6987957958035896
