char1,char2,similarity
戼,戼,1.0
戼,丣,0.8241657368446267
戼,丱,0.7632607377373681
戼,沔,0.7448129368149805
戼,卵,0.7435886005707509
戼,外,0.7418983108097817
戼,夘,0.7392527268174709
戼,讣,0.7382544730125988
戼,団,0.7370861395191297
戼,严,0.7342250535833216
