char1,char2,similarity
戽,戽,1.0
戽,戾,0.8076410602820957
戽,肩,0.7708198372965382
戽,扃,0.755570572868325
戽,扉,0.7545834419227327
戽,庻,0.7485704767920419
戽,庤,0.7446667227487197
戽,戻,0.7435608831556731
戽,戹,0.7433194239251696
戽,脾,0.74177070088839
