char1,char2,similarity
戺,戺,1.0
戺,庁,0.7795972123961817
戺,冮,0.7653426843639378
戺,庒,0.7611944871699005
戺,匸,0.7599669948961623
戺,屵,0.755732407816385
戺,仛,0.7548020898298088
戺,厂,0.7529794450538245
戺,巳,0.7520644519769462
戺,印,0.7509268510421102
