char1,char2,similarity
扇,扇,1.0
扇,扃,0.7957247621687975
扇,扄,0.7642340975838001
扇,庮,0.7627765677925777
扇,庫,0.7625745901917291
扇,庱,0.7607928022561242
扇,庨,0.7519950888920661
扇,廅,0.7509942274377336
扇,扉,0.7422561845909652
扇,庹,0.7419133626265535
