char1,char2,similarity
扁,扁,1.0
扁,扄,0.7625502712690777
扁,戹,0.757648978176942
扁,房,0.7505102109283321
扁,皁,0.7473490069184203
扁,烏,0.744859517432389
扁,蒜,0.7419235244440122
扁,扃,0.7411764676861666
扁,岛,0.7313825449637517
扁,扂,0.73123376172612
