char1,char2,similarity
扎,扎,1.0
扎,札,0.8598513737511979
扎,圠,0.8408280501728917
扎,乢,0.8228245575634401
扎,扑,0.8120413244026002
扎,孔,0.8065938313782589
扎,忄,0.8050139547753637
扎,乣,0.7982845247887816
扎,牝,0.796999120583086
扎,乵,0.7927407740036136
