char1,char2,similarity
才,才,1.0
才,寸,0.8306094608626349
才,艹,0.8200368599596929
才,丬,0.8196121462110224
才,丶,0.8082443663642995
才,二,0.7978152140262685
才,丨,0.7956427328081892
才,儿,0.7952897063311644
才,乛,0.7950397104316117
才,宀,0.7931163571997796
