char1,char2,similarity
扊,扊,1.0
扊,扅,0.7719940318671634
扊,肁,0.7502477819058064
扊,庚,0.7410148969352593
扊,扈,0.732808039968226
扊,馬,0.7325037937982323
扊,质,0.73035048429834
扊,緳,0.7238208616730961
扊,盾,0.7232672013078756
扊,畠,0.7228666466041629
