char1,char2,similarity
打,打,1.0
打,朾,0.8571742945878349
打,帄,0.8423526411279896
打,圢,0.8349470162508675
打,扜,0.8345054765424547
打,扛,0.831550727096881
打,忊,0.8158330347113852
打,饤,0.8109755165913491
打,杅,0.8055553114065527
打,衧,0.8016210974787301
