char1,char2,similarity
扔,扔,1.0
扔,礽,0.8134203454622129
扔,扏,0.7765362976722283
扔,拆,0.7764214480270935
扔,扤,0.7747014068816185
扔,扒,0.7718578190823742
扔,抈,0.7712312103594944
扔,扰,0.7702216474676205
扔,扩,0.7622737446856374
扔,扸,0.7618774361973106
