char1,char2,similarity
扒,扒,1.0
扒,叭,0.8080126897231061
扒,机,0.7967478938834964
扒,仈,0.7927405978676707
扒,払,0.7900434693289855
扒,抖,0.7899289037186757
扒,扩,0.7893729639644467
扒,朳,0.7867165558688864
扒,折,0.7847812977876872
扒,护,0.7846242361251095
