char1,char2,similarity
扙,扙,1.0
扙,杖,0.8304624633292934
扙,扠,0.797693049900996
扙,抶,0.7915345304439939
扙,拦,0.7853713828344905
扙,扻,0.7836402364624281
扙,枚,0.7796545239688046
扙,抆,0.77583200248807
扙,扥,0.774333406909214
扙,扏,0.7714450305213125
