char1,char2,similarity
扚,扚,1.0
扚,抣,0.8371992002594629
扚,扐,0.817860362129227
扚,彴,0.815649162470154
扚,抅,0.8109096132088403
扚,礿,0.8100156423438795
扚,杓,0.7946108879410388
扚,枃,0.7920336779879769
扚,构,0.7862580702101267
扚,拃,0.783920825748072
