char1,char2,similarity
扢,扢,1.0
扢,忔,0.8050155147460449
扢,拞,0.7960338166912566
扢,拕,0.7877960110376317
扢,抂,0.7875912074016668
扢,拀,0.7870230817073849
扢,犵,0.7841582345915776
扢,仡,0.78390124747838
扢,抺,0.7836411690251257
扢,挊,0.7830466251899372
