char1,char2,similarity
扟,扟,1.0
扟,扭,0.7921869841776035
扟,扴,0.7890975862338153
扟,扢,0.7776783457910758
扟,抧,0.7754982649027138
扟,拓,0.7749754013711595
扟,抍,0.7735483831282958
扟,抡,0.770245253011937
扟,拀,0.7701750971260384
扟,拕,0.7688337644476836
