char1,char2,similarity
扜,扜,1.0
扜,扞,0.9056895436518315
扜,打,0.8345054765424547
扜,衦,0.8334645208242464
扜,扗,0.8193139753559895
扜,杄,0.8189226173638147
扜,扦,0.8127778490885197
扜,虶,0.8046016028202431
扜,圲,0.8030381201573268
扜,抒,0.8002820576695369
