char1,char2,similarity
扞,扞,1.0
扞,扜,0.9056895436518315
扞,扦,0.8617820617090163
扞,扗,0.8334775905471586
扞,忏,0.8205569510455195
扞,衦,0.8186361800834365
扞,圲,0.8123128188101906
扞,抒,0.8046459351034114
扞,抔,0.8035420990519926
扞,杄,0.8001736956778297
