char1,char2,similarity
扝,扝,1.0
扝,抙,0.7929872446903701
扝,扸,0.7887974701503955
扝,抲,0.787164319513455
扝,杇,0.7842736851329392
扝,抯,0.7812916455199419
扝,扞,0.779889476631509
扝,扜,0.7776359017547172
扝,拦,0.7766579375833099
扝,拤,0.7744847966410607
