char1,char2,similarity
执,执,1.0
执,抆,0.8106204506191289
执,抭,0.7994933771504288
执,扏,0.7932982211125461
执,抌,0.7887358925370408
执,抉,0.7869740005415514
执,抜,0.7824309388167423
执,抗,0.7818486333991033
执,犱,0.7811687827801062
执,抁,0.7781173729062965
