char1,char2,similarity
扮,扮,1.0
扮,枌,0.8069945789293469
扮,玢,0.7996851871904627
扮,份,0.7906692444725085
扮,纷,0.7887757963259234
扮,抍,0.7863306953344652
扮,坋,0.7844316254673669
扮,扴,0.783499386740069
扮,吩,0.7826046928397122
扮,投,0.7796116381107725
