char1,char2,similarity
扬,扬,1.0
扬,杨,0.7962390749349556
扬,场,0.7856299256720232
扬,砀,0.7685407283100968
扬,抒,0.7685165807912524
扬,抦,0.7587330423150772
扬,抚,0.7528439817318408
扬,捛,0.750385984611277
扬,捐,0.74564488596287
扬,抅,0.7455016764307142
