char1,char2,similarity
扨,扨,1.0
扨,扐,0.8368202749130379
扨,拐,0.776602799766437
扨,扚,0.7748478249020337
扨,纫,0.7718560113858421
扨,忇,0.7677929891861306
扨,扞,0.7662148316041075
扨,抔,0.7634261083438634
扨,拥,0.7608539642442581
扨,抣,0.7608497607230392
