char1,char2,similarity
扲,扲,1.0
扲,抡,0.8298407124382092
扲,拎,0.8272663887045131
扲,坅,0.822437282934175
扲,枔,0.8178301304205611
扲,忴,0.8109919750847742
扲,衿,0.8055362347065992
扲,汵,0.7996286613027149
扲,持,0.7944672606606512
扲,拾,0.794429113618083
