char1,char2,similarity
找,找,1.0
找,扰,0.8080524884426362
找,伐,0.7791448044638065
找,扏,0.7775084643674361
找,拦,0.7761425859623844
找,扠,0.7744046201430667
找,扙,0.7689923355464318
找,扻,0.7642195787459055
找,拐,0.7571426366931426
找,扴,0.7570583521616361
