char1,char2,similarity
扻,扻,1.0
扻,杴,0.8214296018609277
扻,抰,0.8110594591984251
扻,拃,0.7980119370949161
扻,扠,0.7922880236202954
扻,抶,0.7894747342352811
扻,弞,0.7889062461041992
扻,忺,0.7884945318438332
扻,抆,0.7882876654650467
扻,抅,0.7880232857887768
