char1,char2,similarity
承,承,1.0
承,示,0.782879440953621
承,氶,0.761975926105795
承,厼,0.7515114200799776
承,尒,0.7438315305035912
承,尗,0.7426875570637946
承,于,0.7412449468153096
承,禾,0.739196814334495
承,水,0.7386406843018238
承,圦,0.7359446485165027
