char1,char2,similarity
抁,抁,1.0
抁,拀,0.8157817900430638
抁,抭,0.8037656766264774
抁,挄,0.7990923134472591
抁,扵,0.7970967081808517
抁,抏,0.7907620719089481
抁,抆,0.7889601475385712
抁,抢,0.7885944102836719
抁,抚,0.7866748495383832
抁,捖,0.786673974682853
