char1,char2,similarity
扼,扼,1.0
扼,抓,0.8251274565354539
扼,抳,0.8141378233727058
扼,抠,0.7984735801243722
扼,栀,0.7853519574945809
扼,柅,0.785141070881648
扼,扳,0.7775708213899708
扼,抲,0.7729024628753914
扼,挕,0.7723877283737869
扼,抋,0.7713473071105591
