char1,char2,similarity
扺,扺,1.0
扺,抵,0.8501567888468723
扺,拞,0.8168065869110235
扺,坁,0.8167109128082989
扺,忯,0.814324231003985
扺,批,0.8074760283003226
扺,祇,0.8068256981936972
扺,挋,0.8034744980042251
扺,抸,0.7977380523826841
扺,拀,0.7968596022668147
