char1,char2,similarity
扽,扽,1.0
扽,扥,0.8207901394412361
扽,忳,0.8142707699680078
扽,抃,0.8024791314946546
扽,挓,0.8012468089439041
扽,坉,0.7974941919729546
扽,拤,0.7933171478432138
扽,拺,0.7925079402961808
扽,炖,0.7889333186538101
扽,挊,0.7835144929654942
