char1,char2,similarity
抈,抈,1.0
抈,扸,0.806361429552495
抈,拐,0.7985015832579755
抈,扩,0.7867538598886894
抈,抦,0.7841155270049568
抈,捛,0.7824665255421668
抈,捐,0.7802045114644857
抈,抅,0.7761721491066671
抈,抇,0.7757648473631443
抈,拒,0.7747970231825322
