char1,char2,similarity
抅,抅,1.0
抅,扚,0.8109096132088403
抅,构,0.8076558106835545
抅,抣,0.8029230575547103
抅,枸,0.8000382468032269
抅,枃,0.7958747253573013
抅,怐,0.7921358835309223
抅,扻,0.7880232857887768
抅,拃,0.7874027078605501
抅,拕,0.7788244627418355
