char1,char2,similarity
抍,抍,1.0
抍,扴,0.8194682668408975
抍,枅,0.7957221313460902
抍,枡,0.7944612984115429
抍,阩,0.7909138445093972
抍,扮,0.7863306953344652
抍,竔,0.782011310018969
抍,扷,0.7803520114084573
抍,拚,0.7791306676453174
抍,呏,0.7748921411296291
