char1,char2,similarity
抄,抄,1.0
抄,炒,0.8700979547286036
抄,吵,0.8164134442869919
抄,杪,0.8028101485716777
抄,抴,0.7874230918996579
抄,抽,0.7855517083141876
抄,抃,0.7846775627868722
抄,抰,0.7797628431460062
抄,扲,0.779488346579422
抄,拤,0.7764864327021547
