char1,char2,similarity
把,把,1.0
把,帊,0.8173871737181346
把,杷,0.7995918790555202
把,抱,0.788728511546431
把,抇,0.7788503743127619
把,扡,0.7766428529682902
把,柯,0.7733686827867189
把,吧,0.7718503368612885
把,扥,0.7666618639034287
把,拆,0.765269879159083
