char1,char2,similarity
抑,抑,1.0
抑,扪,0.8003265324575571
抑,枊,0.7973437580018365
抑,押,0.7897842832812988
抑,抻,0.7789658146040197
抑,拘,0.7694516147227317
抑,挿,0.7690550488261965
抑,柙,0.7542029325848362
抑,忡,0.7517337470902768
抑,挏,0.7461878521139286
