char1,char2,similarity
投,投,1.0
投,役,0.8127060724144491
投,坄,0.788353062064286
投,挍,0.7817738757620429
投,祋,0.7796306894093693
投,扮,0.7796116381107725
投,技,0.7758816598848641
投,扵,0.7746353548458682
投,挩,0.7722239007475861
投,殶,0.7710691866124911
