char1,char2,similarity
抓,抓,1.0
抓,扼,0.8251274565354539
抓,坬,0.7828376218360683
抓,柧,0.7662740756979135
抓,枛,0.7651649883629421
抓,拡,0.76392981224949
抓,抠,0.7615821820485122
抓,採,0.7561734370420208
抓,扷,0.7528993705266706
抓,执,0.7525071321752222
