char1,char2,similarity
抝,抝,1.0
抝,拘,0.78107477836307
抝,揇,0.7671945163499313
抝,摘,0.7637813791538981
抝,扪,0.7628828915460726
抝,拙,0.7534475351137769
抝,抇,0.7511359331942619
抝,抌,0.7497962403073176
抝,抅,0.7495615099026547
抝,捎,0.7487188048937433
