char1,char2,similarity
折,折,1.0
折,拆,0.8549404802791207
折,柝,0.8188993264966282
折,扩,0.808789745580409
折,忻,0.80183711246482
折,拞,0.8013237159974115
折,护,0.7849582100465585
折,扒,0.7847812977876872
折,扤,0.7753998633165428
折,扜,0.7736242216859505
