char1,char2,similarity
抠,抠,1.0
抠,柩,0.8020237789545334
抠,抯,0.798887831619235
抠,扼,0.7984735801243722
抠,挕,0.7953634838437541
抠,枢,0.793427846889264
抠,抲,0.7884093910677707
抠,拞,0.7837506759290741
抠,捏,0.7787009060134946
抠,拫,0.7782675183843643
