char1,char2,similarity
抢,抢,1.0
抢,抡,0.8412921831531764
抢,枪,0.8335048869633339
抢,怆,0.8320224434791291
抢,拾,0.8034940668030807
抢,捡,0.7918416361494975
抢,拴,0.7898401986601751
抢,扲,0.7896425725172362
抢,拕,0.7895674797143402
抢,抁,0.7885944102836719
