char1,char2,similarity
抨,抨,1.0
抨,枰,0.824278765560167
抨,抙,0.8203868999305064
抨,怦,0.8018325536160182
抨,坪,0.7945606752533979
抨,押,0.7892218256068401
抨,忓,0.7789693905148568
抨,揑,0.7753603983944182
抨,挿,0.7752034260736169
抨,抻,0.7700304477564358
