char1,char2,similarity
披,披,1.0
披,佊,0.816965369035522
披,诐,0.8165152831420338
披,怶,0.800854928485205
披,拔,0.7766388208099411
披,技,0.7746581506457856
披,被,0.7717552700511481
披,岐,0.7604751761778774
披,衼,0.7590249206792884
披,蚑,0.7584034859637265
