char1,char2,similarity
抧,抧,1.0
抧,拀,0.8305213913351935
抧,択,0.8201265105445168
抧,抯,0.8196584788993099
抧,挸,0.7962116234668125
抧,拞,0.7928201697353706
抧,抲,0.7925059471603821
抧,识,0.7907582168018856
抧,抚,0.7896343508530834
抧,捛,0.7884009668820374
