char1,char2,similarity
护,护,1.0
护,扩,0.830975217792035
护,妒,0.7989812003220788
护,怕,0.7959581945138811
护,柠,0.7916057140019416
护,拍,0.7883609906838571
护,折,0.7849582100465585
护,炉,0.7848438700821937
护,扒,0.7846242361251095
护,枦,0.7845001774198137
