char1,char2,similarity
抩,抩,1.0
抩,抐,0.7891015701209867
抩,抾,0.7746289764981436
抩,掍,0.7730599586805891
抩,抻,0.771525743332363
抩,抗,0.7692619874027522
抩,拫,0.765456731509338
抩,挏,0.7636807553491872
抩,挓,0.7607212126524453
抩,捨,0.7602635559640746
