char1,char2,similarity
抦,抦,1.0
抦,柄,0.8013647166290588
抦,捛,0.79319083835296
抦,怲,0.7875720131191826
抦,抈,0.7841155270049568
抦,抽,0.7831711128140025
抦,扪,0.7821580528756708
抦,挋,0.7800663250251229
抦,枘,0.7798557749602811
抦,扺,0.7781011635900853
