char1,char2,similarity
抱,抱,1.0
抱,怉,0.8365341668771357
抱,孢,0.8137138794909261
抱,拖,0.8076897882718257
抱,栬,0.7952915321272883
抱,拘,0.7951572817594702
抱,垉,0.7909542476755207
抱,把,0.788728511546431
抱,拊,0.7858132746610329
抱,扢,0.7802805656802766
