char1,char2,similarity
抴,抴,1.0
抴,枻,0.8025088090400845
抴,拒,0.7921899618257676
抴,抄,0.7874230918996579
抴,扯,0.7859648313323614
抴,袣,0.7847262719339355
抴,担,0.7839183069717675
抴,怈,0.7819077909681165
抴,抯,0.7801667558514601
抴,抲,0.7783526675260464
