char1,char2,similarity
抯,抯,1.0
抯,抲,0.8384345273636504
抯,抧,0.8196584788993099
抯,祖,0.8172549901218129
抯,怇,0.8145429494844282
抯,択,0.8065002064341331
抯,柤,0.8019564177728545
抯,抠,0.798887831619235
抯,拞,0.794704944961086
抯,捉,0.7936497386937994
