char1,char2,similarity
抷,抷,1.0
抷,抔,0.7927653884688141
抷,扗,0.7678767047052222
抷,怌,0.7628429242992208
抷,扦,0.759976304208571
抷,扛,0.7578337810899505
抷,挳,0.7572598698600379
抷,招,0.752542170374144
抷,抂,0.7501039835964728
抷,拐,0.7424082146912748
