char1,char2,similarity
抽,抽,1.0
抽,怞,0.8402356993082554
抽,柚,0.8359813422119794
抽,捛,0.7950984131240649
抽,柮,0.7935975266205858
抽,讪,0.7907989798571825
抽,枘,0.7861891472859994
抽,抄,0.7855517083141876
抽,抦,0.7831711128140025
抽,柛,0.7818557479626188
