char1,char2,similarity
押,押,1.0
押,柙,0.812325767737583
押,挿,0.806267219454637
押,抑,0.7897842832812988
押,抨,0.7892218256068401
押,忡,0.7846516576511358
押,抙,0.7826354984396947
押,挋,0.7726503714804593
押,抻,0.7722978211286017
押,梱,0.7705901108768619
