char1,char2,similarity
抻,抻,1.0
抻,抹,0.7993463899198588
抻,柛,0.7935512028794347
抻,忡,0.7835881158287705
抻,扪,0.7814343797833035
抻,拌,0.7808929213329785
抻,抑,0.7789658146040197
抻,拄,0.7786100230211623
抻,挂,0.7782979295617101
抻,抽,0.7764902080438366
