char1,char2,similarity
抾,抾,1.0
抾,袪,0.8063892731903332
抾,拄,0.8035349943685623
抾,捨,0.7987491407781953
抾,捁,0.7976506076056895
抾,抗,0.7875005853287718
抾,呿,0.7860848067488698
抾,祛,0.7845522112487406
抾,怯,0.783439617171987
抾,珐,0.7833340502516182
