char1,char2,similarity
拈,拈,1.0
拈,怗,0.8240615350854983
拈,坫,0.8020064479812682
拈,枮,0.7963110111543141
拈,诂,0.7869182111949911
拈,払,0.7809357702428827
拈,佔,0.7728595080051209
拈,祜,0.7713893838728045
拈,拍,0.7689583469957929
拈,柏,0.7687153705013786
