char1,char2,similarity
拄,拄,1.0
拄,抾,0.8035349943685623
拄,拕,0.8016296179841297
拄,拧,0.7952127512894328
拄,性,0.7835148407645274
拄,扥,0.7799828930498054
拄,炷,0.7790959101418592
拄,抻,0.7786100230211623
拄,抙,0.77857302975787
拄,挂,0.77758318566041
