char1,char2,similarity
拀,拀,1.0
拀,挸,0.8324829225827141
拀,抧,0.8305213913351935
拀,抚,0.8249198707563858
拀,掜,0.8197684824619063
拀,抁,0.8157817900430638
拀,扷,0.813164636893743
拀,挄,0.8061804155244175
拀,捝,0.8059892309267626
拀,祝,0.8049089174626666
