char1,char2,similarity
拃,拃,1.0
拃,柞,0.8473071576108956
拃,祚,0.8213418539871855
拃,拤,0.8019394300519678
拃,扻,0.7980119370949161
拃,怍,0.7965709491095153
拃,抃,0.7961527096113477
拃,岞,0.7876844670402049
拃,抅,0.7874027078605501
拃,扚,0.783920825748072
