char1,char2,similarity
拋,拋,1.0
拋,抛,0.7957591450314075
拋,掘,0.758182804943826
拋,拁,0.7427974925526414
拋,挪,0.7334880453159496
拋,拠,0.7320768003947785
拋,挽,0.7298430440105954
拋,撙,0.7279577915847986
拋,揽,0.7241600012133292
拋,挞,0.7241341449227401
