char1,char2,similarity
拎,拎,1.0
拎,袊,0.8281094587384974
拎,扲,0.8272663887045131
拎,玲,0.8053207377960415
拎,柃,0.8045852786211801
拎,扵,0.8038692721613089
拎,怜,0.8025201850942194
拎,狑,0.7937723871669623
拎,捈,0.7904876793638813
拎,坽,0.7843055061502651
