char1,char2,similarity
拑,拑,1.0
拑,柑,0.8117991342984847
拑,拊,0.7988995679344473
拑,扸,0.7807655719050741
拑,捋,0.7747589046280493
拑,抍,0.7714591475617166
拑,玵,0.7697847787300742
拑,扵,0.7681263661546742
拑,古,0.7675329300730643
拑,抆,0.7634550211542882
