char1,char2,similarity
拘,拘,1.0
拘,枸,0.8052937452194061
拘,袧,0.8018535948367798
拘,恂,0.800576673294627
拘,抱,0.7951572817594702
拘,徇,0.7883038866060231
拘,扪,0.7879182201819379
拘,抝,0.78107477836307
拘,佝,0.7776724470722193
拘,抅,0.776056280660089
