char1,char2,similarity
拗,拗,1.0
拗,怮,0.8194160618205917
拗,恸,0.7965404017081299
拗,柪,0.7754748782086738
拗,坳,0.7473111901821284
拗,掬,0.7450745640999863
拗,泑,0.7440915762446937
拗,狕,0.7405579013223157
拗,捌,0.7349298397844415
拗,拘,0.728635104573194
