char1,char2,similarity
招,招,1.0
招,柖,0.8020828984524312
招,诏,0.8013728123127938
招,怊,0.7923504895089748
招,祒,0.7726706311455245
招,拒,0.7682823298399708
招,拮,0.7663542191569057
招,扫,0.761337144595005
招,袹,0.7604192451726431
招,弨,0.7559367981453894
