char1,char2,similarity
拜,拜,1.0
拜,秆,0.7865931076451754
拜,辞,0.7535188213981763
拜,丩,0.7445221006227944
拜,玕,0.7431555739501808
拜,歼,0.7403145751613867
拜,汀,0.7385688068702687
拜,耳,0.7352300124228617
拜,钎,0.7351863764748285
拜,銔,0.733817895932284
