char1,char2,similarity
拡,拡,1.0
拡,掂,0.8078408803017073
拡,捬,0.7778035207677702
拡,拺,0.772262277817615
拡,扢,0.7714838830913054
拡,抺,0.767581555485513
拡,抓,0.76392981224949
拡,捒,0.7639163678214316
拡,抐,0.7638101539040418
拡,挂,0.7606569027711164
