char1,char2,similarity
拦,拦,1.0
拦,栏,0.8528076926901945
拦,扸,0.8052363466005961
拦,烂,0.8049865057778357
拦,拉,0.7898938609101687
拦,扙,0.7853713828344905
拦,扥,0.7853575822685179
拦,扝,0.7766579375833099
拦,找,0.7761425859623844
拦,扯,0.7743383072650443
