char1,char2,similarity
拠,拠,1.0
拠,挝,0.7392424304022776
拠,拋,0.7320768003947785
拠,撴,0.7198538005940439
拠,挞,0.7178914644962753
拠,血,0.7167036255252869
拠,搶,0.7151151088185517
拠,摳,0.713527534487113
拠,揩,0.7088145773392123
拠,口,0.7086833158257188
