char1,char2,similarity
拟,拟,1.0
拟,姒,0.7410651590528936
拟,披,0.7385950231278501
拟,抑,0.7359642001750868
拟,抓,0.7359288893792597
拟,掠,0.7355304363605384
拟,抧,0.734997915661499
拟,拑,0.7346684018847145
拟,拊,0.7346182850170819
拟,拫,0.7342060236029674
