char1,char2,similarity
拤,拤,1.0
拤,挊,0.8457060132228176
拤,抺,0.8178877576443554
拤,抃,0.8162011061100527
拤,持,0.815415689316579
拤,桛,0.8134145800885254
拤,拌,0.8071467895748514
拤,扥,0.806993210310612
拤,抒,0.8066038998394023
拤,拃,0.8019394300519678
