char1,char2,similarity
拢,拢,1.0
拢,栊,0.8164107978020786
拢,垅,0.8016125021283544
拢,咙,0.7909561595475235
拢,扰,0.7798915251028942
拢,拔,0.7698082199369478
拢,陇,0.7589148475302652
拢,抜,0.7571541714902698
拢,抁,0.7520530670565049
拢,眬,0.749069481315909
