char1,char2,similarity
拨,拨,1.0
拨,拔,0.7719833087631065
拨,柭,0.7655471777036553
拨,拫,0.7617034884890742
拨,按,0.7565728387434896
拨,披,0.7552958401040567
拨,钹,0.7538815666556542
拨,投,0.7515983904470939
拨,挗,0.7466547759351302
拨,拓,0.7448441439804324
