char1,char2,similarity
拭,拭,1.0
拭,烒,0.8092338663921028
拭,恜,0.7953812227995506
拭,栻,0.7936137073042375
拭,侙,0.7867797918673399
拭,揻,0.7683457952840984
拭,掋,0.755508255897559
拭,试,0.7545213317256659
拭,掝,0.7518418076402907
拭,忼,0.7483294404338203
