char1,char2,similarity
拯,拯,1.0
拯,挳,0.7499683886034281
拯,挹,0.7487963695601257
拯,挭,0.7449262976117654
拯,掹,0.7436744731622315
拯,拴,0.7431017571169981
拯,播,0.7391467953312744
拯,攉,0.7362991973706814
拯,挫,0.7355675454476853
拯,挃,0.7354413338605597
