char1,char2,similarity
括,括,1.0
括,恬,0.8740282777236186
括,抙,0.8078974319327673
括,抬,0.7897279961582934
括,怡,0.7759925642002617
括,姡,0.7729485100186385
括,捛,0.7715936700401164
括,捪,0.7698950008448775
括,扝,0.7694940089647669
括,扺,0.765017202006433
