char1,char2,similarity
拺,拺,1.0
拺,揀,0.8161839961117674
拺,梀,0.8011931683029324
拺,挮,0.8003051727634253
拺,捒,0.7956062626215392
拺,扽,0.7925079402961808
拺,挊,0.782711077663308
拺,抺,0.7813134506825853
拺,捕,0.7762934437908905
拺,捔,0.7736644403291135
