char1,char2,similarity
拴,拴,1.0
拴,栓,0.8438866908035367
拴,恮,0.8300158481585137
拴,拾,0.8038946243330691
拴,捡,0.7997298842555041
拴,洤,0.7938614949343544
拴,挂,0.7911052560719359
拴,抢,0.7898401986601751
拴,挃,0.7855712587833208
拴,拙,0.785492996275234
