char1,char2,similarity
拶,拶,1.0
拶,桚,0.7760760133421077
拶,扝,0.7336097190786427
拶,拚,0.7310495392640441
拶,抮,0.7303182343609463
拶,抄,0.7300492290744851
拶,揚,0.7276060376968617
拶,椤,0.7265469442060934
拶,掞,0.7258243217755513
拶,捐,0.7243561951154472
