char1,char2,similarity
拲,拲,1.0
拲,荸,0.7629262198559612
拲,孳,0.7433911603835105
拲,革,0.7366737072782489
拲,箏,0.7354836663293727
拲,著,0.7349735513025639
拲,荤,0.7343366967082603
拲,荲,0.7332575000607019
拲,聿,0.7331903081106056
拲,華,0.7315472544917192
