char1,char2,similarity
拳,拳,1.0
拳,晕,0.7645053159992278
拳,擘,0.750452744547083
拳,蕐,0.7465754933458745
拳,挈,0.7458389941838246
拳,眷,0.7424856760488829
拳,軍,0.739072488895355
拳,青,0.7389479172588301
拳,秦,0.7388365999135375
拳,奙,0.7372604780475749
