char1,char2,similarity
拹,拹,1.0
拹,栛,0.7712164287967492
拹,恊,0.7579670950395769
拹,持,0.7482917159905353
拹,抋,0.7400477098573727
拹,協,0.736833656006608
拹,技,0.7329200206289621
拹,扳,0.7323987417998435
拹,抟,0.7311163123764121
拹,棙,0.7283989727670689
