char1,char2,similarity
拽,拽,1.0
拽,洩,0.8022470368372305
拽,栧,0.7750232740360052
拽,捭,0.7700585803264639
拽,挣,0.7679730369541353
拽,摘,0.7667392644592084
拽,揬,0.7662604087062403
拽,抉,0.7660400390195408
拽,捥,0.7631123945755686
拽,挍,0.7593652456368112
