char1,char2,similarity
拿,拿,1.0
拿,掣,0.7753483223558
拿,臯,0.7665608149403855
拿,揧,0.7650684388301484
拿,罩,0.757342188528871
拿,揫,0.7523040729140412
拿,搴,0.7481366191185456
拿,筸,0.7457357607877917
拿,莗,0.7444593334313374
拿,弇,0.7425682263510829
