char1,char2,similarity
拾,拾,1.0
拾,恰,0.8088635027226185
拾,拴,0.8038946243330691
拾,抢,0.8034940668030807
拾,垥,0.7992275732999845
拾,扲,0.794429113618083
拾,烚,0.7936690635532883
拾,捡,0.7925022563753193
拾,珨,0.7856245018572239
拾,抡,0.781056408741172
