char1,char2,similarity
挋,挋,1.0
挋,拒,0.8122516317756736
挋,扺,0.8034744980042251
挋,挜,0.800371031536284
挋,栕,0.7978665211768812
挋,扯,0.7936638348612584
挋,抳,0.7878785612796922
挋,挳,0.7862506119934681
挋,掁,0.7834066825616438
挋,掗,0.7824635219381638
