char1,char2,similarity
挏,挏,1.0
挏,垌,0.8287967533191506
挏,抐,0.8230355655237758
挏,埛,0.8224240903075213
挏,恫,0.8083052666756683
挏,挧,0.7977892825891478
挏,挶,0.7973550216993998
挏,裥,0.7910057072141002
挏,坰,0.7894395141935123
挏,扪,0.7885365077983444
