char1,char2,similarity
挖,挖,1.0
挖,控,0.7697757803766027
挖,揬,0.7623163120439558
挖,搉,0.7596452329432345
挖,悾,0.7595852409202175
挖,搈,0.7593080485752723
挖,揢,0.7537394744218744
挖,掎,0.7531128649867763
挖,搞,0.7527206595584784
挖,疙,0.7509120811603924
