char1,char2,similarity
挑,挑,1.0
挑,恌,0.8054870348771317
挑,拂,0.7856936989355626
挑,佻,0.7676290946610393
挑,捝,0.7662996419711604
挑,姚,0.7615067469290617
挑,抏,0.7525318173988089
挑,扤,0.7512788727594782
挑,捵,0.7497177287305965
挑,捥,0.7494927564260169
