char1,char2,similarity
挗,挗,1.0
挗,揁,0.7866871372698272
挗,揘,0.7836759579825172
挗,扷,0.7767689781272411
挗,搝,0.7741894466514021
挗,摏,0.7684890575198252
挗,抰,0.7635414049516127
挗,擙,0.7632070710695963
挗,揬,0.7614103522829514
挗,掗,0.7613138696722233
