char1,char2,similarity
挘,挘,1.0
挘,拸,0.7515305626970571
挘,扪,0.7449783273139061
挘,拘,0.7444595079348645
挘,掯,0.744115936750206
挘,拊,0.7408061746105197
挘,拮,0.7400514222877229
挘,捁,0.739931465993891
挘,挳,0.739424581796019
挘,捞,0.738209399665497
