char1,char2,similarity
挙,挙,1.0
挙,誉,0.7628623137115609
挙,卓,0.7302230957449445
挙,阜,0.7276003384174774
挙,秊,0.7263930882649707
挙,季,0.7231068159298395
挙,孧,0.7219023457658282
挙,单,0.7191565457404169
挙,単,0.7170783727385523
挙,乛,0.715981155408487
