char1,char2,similarity
挝,挝,1.0
挝,挞,0.756799817733515
挝,撻,0.7502555294256289
挝,搅,0.7464300708530673
挝,拠,0.7392424304022776
挝,血,0.7384311751485622
挝,口,0.7284350722181373
挝,擠,0.7283071299099307
挝,搶,0.7231074265638695
挝,楫,0.7227282116918012
