char1,char2,similarity
挣,挣,1.0
挣,棦,0.8132836827453057
挣,睁,0.8028990531517464
挣,埩,0.7955444186182798
挣,浄,0.7841732193518682
挣,铮,0.7766748605970519
挣,捀,0.7724614222636692
挣,揨,0.7680904616558792
挣,拽,0.7679730369541353
挣,挌,0.763287222891914
