char1,char2,similarity
挡,挡,1.0
挡,档,0.8266611036292244
挡,挂,0.7874744562390676
挡,拮,0.7854484973486064
挡,抽,0.7768549863209906
挡,拙,0.76986803029315
挡,拌,0.7666355926926591
挡,捎,0.7648292533501211
挡,挄,0.7631314830194791
挡,桘,0.7600962611717426
