char1,char2,similarity
挜,挜,1.0
挜,挋,0.800371031536284
挜,掗,0.7803021511202545
挜,抋,0.7727085519427758
挜,扺,0.7724820840387173
挜,挳,0.7680449121828725
挜,拪,0.7669726322101572
挜,抦,0.7658298984462155
挜,椏,0.7652687038151441
挜,批,0.7629614970076067
