char1,char2,similarity
挤,挤,1.0
挤,拼,0.748220041740993
挤,哜,0.7472031259183963
挤,扮,0.7442995168521553
挤,捹,0.7375218620901062
挤,侪,0.7345923944308604
挤,拵,0.7291178341151427
挤,疒,0.7283319732537404
挤,挟,0.7275529229703869
挤,抍,0.7274476770394802
