char1,char2,similarity
挦,挦,1.0
挦,持,0.8063915146139902
挦,桪,0.785427138340455
挦,挸,0.7811232264534825
挦,扴,0.7764401207087869
挦,掍,0.7753999254968936
挦,捰,0.7714832063409818
挦,挮,0.7665132744332422
挦,抒,0.7629069829465163
挦,拕,0.7625573610052871
