char1,char2,similarity
挪,挪,1.0
挪,揶,0.7576911409996598
挪,掷,0.7467409753869618
挪,栅,0.742232794259684
挪,掘,0.7401109537282542
挪,捓,0.7343656149174542
挪,榔,0.7341894261782927
挪,拋,0.7334880453159496
挪,捱,0.7332909714646177
挪,揤,0.7267538845010219
