char1,char2,similarity
振,振,1.0
振,桭,0.8035166539058872
振,侲,0.7919910175731923
振,揗,0.7722524296614655
振,挶,0.767478569887663
振,恹,0.7651124356285794
振,挀,0.7552842744276691
振,梔,0.7524695017349727
振,娠,0.7503884144080132
振,掫,0.7478817013060709
