char1,char2,similarity
挱,挱,1.0
挱,桫,0.8727915190618126
挱,猀,0.7812334712300357
挱,唦,0.7672491497764755
挱,尠,0.7605555480860822
挱,捗,0.7539236691866043
挱,觘,0.7483144166141221
挱,擐,0.7369733790112744
挱,渺,0.7339977308396854
挱,振,0.733081864592823
