char1,char2,similarity
挳,挳,1.0
挳,揺,0.7877235741255455
挳,挋,0.7862506119934681
挳,徑,0.7862354440266077
挳,抂,0.7857770250356905
挳,挃,0.7825741840514642
挳,挂,0.777940726003404
挳,挜,0.7680449121828725
挳,拒,0.7677129216898435
挳,抳,0.7676221622291006
