char1,char2,similarity
挰,挰,1.0
挰,裎,0.8178705590806365
挰,徎,0.8112608908493916
挰,拝,0.8097341183619681
挰,捊,0.8001291076009298
挰,悜,0.7979077048897847
挰,捏,0.7953248809875226
挰,抂,0.7888058334906215
挰,埕,0.7871228609736739
挰,抳,0.7846311851487308
