char1,char2,similarity
挻,挻,1.0
挻,埏,0.8016873528267912
挻,狿,0.7778127516630714
挻,梴,0.7753316501434416
挻,脠,0.7641896924263972
挻,娫,0.7475296314758091
挻,娗,0.7414575050908043
挻,捷,0.7404130308739533
挻,掚,0.7362101124910742
挻,梃,0.7344076066228964
