char1,char2,similarity
挽,挽,1.0
挽,悗,0.8227124164495236
挽,梚,0.7914168442226164
挽,睌,0.7691346014770637
挽,俛,0.7684527143001001
挽,捖,0.7671972365830582
挽,堍,0.7615029974002356
挽,浼,0.7614463251523915
挽,晩,0.7610290744582789
挽,娩,0.7601416872325255
