char1,char2,similarity
捀,捀,1.0
捀,桻,0.8227698044274534
捀,锋,0.8080267047915535
捀,琒,0.7996047611862216
捀,埄,0.7971664314648585
捀,撺,0.7924949123617836
捀,烽,0.781207239053819
捀,挊,0.7799180820897047
捀,撁,0.7776935928942379
捀,捔,0.7773052492204038
