char1,char2,similarity
挼,挼,1.0
挼,桵,0.7748399047412237
挼,搯,0.7656301923084442
挼,馁,0.7627646158337474
挼,捜,0.7570324473924385
挼,拼,0.7532964854328764
挼,採,0.7527241146729253
挼,按,0.7526748705101527
挼,捋,0.7522630265094286
挼,绥,0.7516637088439688
