char1,char2,similarity
捁,捁,1.0
捁,挌,0.8133389923967885
捁,捨,0.8109384216072724
捁,皓,0.805882160311534
捁,抾,0.7976506076056895
捁,掊,0.7916401069530522
捁,锆,0.7793863148916013
捁,抂,0.7730774422785919
捁,捂,0.7706871600065544
捁,扯,0.7687470488510729
