char1,char2,similarity
挾,挾,1.0
挾,悏,0.8047067996819026
挾,抰,0.8029198761914427
挾,挟,0.8000369775939554
挾,埉,0.7993268696524397
挾,裌,0.7965300998232568
挾,抉,0.7815971976043348
挾,捒,0.7779935074892296
挾,铗,0.7746550431257829
挾,捹,0.7725986516088539
