char1,char2,similarity
捃,捃,1.0
捃,桾,0.8155124628884436
捃,悟,0.7692029568443768
捃,捂,0.7691816907504702
捃,珺,0.7687704380667099
捃,侰,0.7628671106165407
捃,掊,0.7592613721493521
捃,掭,0.756911370237606
捃,挹,0.7499155570150868
捃,掿,0.7478190444948634
