char1,char2,similarity
捇,捇,1.0
捇,持,0.7822968961055824
捇,挊,0.7772831706094439
捇,扴,0.7769527601040738
捇,浾,0.7766208424023294
捇,抟,0.7743982747320904
捇,挂,0.7741357368109002
捇,抭,0.7689686642366309
捇,焃,0.7674635180938286
捇,抪,0.7669606380300973
