char1,char2,similarity
捂,捂,1.0
捂,梧,0.8739595621102002
捂,焐,0.8102470352206216
捂,悟,0.8029743189488223
捂,捨,0.7991872784661043
捂,掊,0.7907824889627586
捂,挌,0.7745078793331023
捂,牾,0.7722406764122709
捂,捁,0.7706871600065544
捂,捃,0.7691816907504702
