char1,char2,similarity
捋,捋,1.0
捋,採,0.8036667519157848
捋,埒,0.7919822170307041
捋,浖,0.7827604729223671
捋,挕,0.7793974071796728
捋,拑,0.7747589046280493
捋,摇,0.7721364283425451
捋,抙,0.7709641747547964
捋,抸,0.7624789152998828
捋,挦,0.7611402369297766
