char1,char2,similarity
捄,捄,1.0
捄,抹,0.793383732854194
捄,扽,0.7809702506465527
捄,球,0.7749318311068174
捄,抺,0.7738632454706055
捄,挊,0.7689501848082382
捄,挓,0.7602698856583631
捄,拕,0.7600113807031476
捄,捈,0.759194172896818
捄,拄,0.7591572243134979
