char1,char2,similarity
捈,捈,1.0
捈,梌,0.8539755469647586
捈,徐,0.8247444134545714
捈,抮,0.7997999224889072
捈,捦,0.7990508775897557
捈,悇,0.79184407876503
捈,拎,0.7904876793638813
捈,狳,0.7870394460504558
捈,扵,0.7864379715732249
捈,除,0.7797582755390108
