char1,char2,similarity
捅,捅,1.0
捅,桶,0.8373221139122805
捅,悀,0.8029450720916346
捅,惘,0.784998171145544
捅,捕,0.7804364662450767
捅,怲,0.7733420635079684
捅,俑,0.7622907036877252
捅,埇,0.7586770144880868
捅,埔,0.7526261172678734
捅,捍,0.7500816842354334
