char1,char2,similarity
捓,捓,1.0
捓,琊,0.7927301439527897
捓,揶,0.7761245389225726
捓,揤,0.7714879655163538
捓,挧,0.7581013475738198
捓,掤,0.754817403598419
捓,挷,0.7515679314592704
捓,椰,0.7413217600844488
捓,挏,0.7399894320646856
捓,挪,0.7343656149174542
