char1,char2,similarity
捒,捒,1.0
捒,悚,0.8451299824269144
捒,揀,0.8143116834709877
捒,挊,0.8071809403730988
捒,梀,0.7975903937284115
捒,拺,0.7956062626215392
捒,採,0.7911439316028491
捒,挅,0.7852548418335028
捒,挾,0.7779935074892296
捒,抺,0.7778326834141825
