char1,char2,similarity
捏,捏,1.0
捏,揑,0.8219812435427604
捏,捚,0.8148900681284189
捏,挰,0.7953248809875226
捏,悜,0.794257131127029
捏,抠,0.7787009060134946
捏,徎,0.7767826250473132
捏,挹,0.7716486922401112
捏,捱,0.7675617245578458
捏,担,0.7646612568333799
