char1,char2,similarity
捎,捎,1.0
捎,梢,0.8437627997625983
捎,悄,0.8035321511645895
捎,捾,0.7801156571240393
捎,娋,0.7652791380013432
捎,挡,0.7648292533501211
捎,抽,0.7636091740769407
捎,捕,0.7612121529834598
捎,栺,0.7570563703711416
捎,掅,0.7560312551384557
