char1,char2,similarity
捍,捍,1.0
捍,垾,0.8270776263494528
捍,娨,0.7984229774596324
捍,焊,0.7958587029260515
捍,掙,0.7818453805672824
捍,挥,0.7783426382368482
捍,悍,0.7777466505245877
捍,桿,0.7774784218899972
捍,揨,0.7688251676132795
捍,猂,0.7658776391195307
