char1,char2,similarity
捛,捛,1.0
捛,拐,0.8125355318495302
捛,抿,0.7977772408151043
捛,抽,0.7950984131240649
捛,抦,0.79319083835296
捛,抇,0.7922591938089251
捛,椙,0.790156912755716
捛,抧,0.7884009668820374
捛,捠,0.7834310668355502
捛,挰,0.7831642902571629
