char1,char2,similarity
捗,捗,1.0
捗,埗,0.7901379141387128
捗,徏,0.7699913051650237
捗,挂,0.7605629109506304
捗,陟,0.7563557642321523
捗,挱,0.7539236691866043
捗,揋,0.7492236602640167
捗,揞,0.7491904918416584
捗,扯,0.7490149091709656
捗,捜,0.7434018732588447
