char1,char2,similarity
捚,捚,1.0
捚,捏,0.8148900681284189
捚,挰,0.7808655779467584
捚,拌,0.7806526905733091
捚,挃,0.779267509557295
捚,揑,0.7737018607158223
捚,挂,0.7684185059369737
捚,抂,0.7638127758947095
捚,挭,0.7623903633669813
捚,摞,0.7597184960648302
