char1,char2,similarity
捞,捞,1.0
捞,搒,0.7646499357950535
捞,摘,0.7567688043469639
捞,掿,0.7426325176108065
捞,拷,0.7414540107578595
捞,摸,0.740075915263908
捞,搐,0.739303478869258
捞,拽,0.7390539145530635
捞,挘,0.738209399665497
捞,挠,0.7380890664192185
