char1,char2,similarity
捥,捥,1.0
捥,捖,0.7981498488014336
捥,埦,0.7946843241845902
捥,琬,0.7858933627072046
捥,抌,0.7840703077254124
捥,捝,0.7838668688601151
捥,挄,0.7831890046098998
捥,惋,0.7829932358860002
捥,抁,0.7787565170769649
捥,搉,0.776482792758226
