char1,char2,similarity
捣,捣,1.0
捣,拽,0.7521175807165323
捣,搝,0.7500277295019839
捣,摘,0.7466336049063393
捣,搞,0.7463018061466948
捣,揭,0.7417120788393411
捣,揨,0.7398976059813497
捣,挩,0.7386515140418792
捣,捭,0.7375281406399317
捣,掲,0.7371262847110716
