char1,char2,similarity
捤,捤,1.0
捤,挶,0.7784126045876755
捤,摁,0.7699085754419246
捤,揗,0.7678691962634284
捤,挀,0.7661747566639904
捤,梶,0.7627675672127241
捤,挭,0.7620637234168657
捤,捝,0.7614099391245139
捤,浘,0.760304458589165
捤,掘,0.7591536950564172
