char1,char2,similarity
换,换,1.0
换,挨,0.8021590092068828
换,揬,0.786329012007225
换,捔,0.7674372140019108
换,揆,0.7631667588648516
换,抰,0.7593990259130687
换,楰,0.759393906557262
换,抉,0.757943618198319
换,椣,0.7567960493541858
换,焕,0.7559279078345172
