char1,char2,similarity
捦,捦,1.0
捦,捈,0.7990508775897557
捦,抮,0.7985106381088888
捦,琻,0.7901964869041603
捦,唫,0.7888675480040459
捦,扵,0.787639151076022
捦,栓,0.7860304978059683
捦,扴,0.782549914576158
捦,拴,0.7805506977344869
捦,拤,0.7721406340544795
