char1,char2,similarity
捫,捫,1.0
捫,撋,0.8244665860325832
捫,掆,0.8121809181235512
捫,撊,0.8033431512215533
捫,攔,0.7847489572491297
捫,掤,0.7817975450383078
捫,搁,0.7764682347960401
捫,挏,0.7642182544604424
捫,揤,0.7630130123105416
捫,們,0.7619100795643593
