char1,char2,similarity
捰,捰,1.0
捰,挅,0.8051094951649916
捰,棵,0.8040608528498112
捰,惈,0.80143643293782
捰,挆,0.7996289255112733
捰,淉,0.7984133808546021
捰,猓,0.793138649745175
捰,挭,0.7851969719085574
捰,裸,0.7846121437469129
捰,掍,0.783838622525797
