char1,char2,similarity
捭,捭,1.0
捭,猈,0.7980621032689443
捭,陴,0.7915644753020258
捭,俾,0.7913906259421724
捭,挥,0.779294967847314
捭,婢,0.7782987890979091
捭,裨,0.7774897293109284
捭,禆,0.7737527783712526
捭,埤,0.7700618674245402
捭,拽,0.7700585803264639
