char1,char2,similarity
捳,捳,1.0
捳,挰,0.780499996840932
捳,捛,0.7652533737503574
捳,抳,0.758623069782146
捳,拐,0.7538675628322046
捳,抈,0.7523448608242236
捳,拦,0.7518110968942492
捳,挹,0.7487001182690175
捳,抒,0.7443176056431563
捳,挢,0.7439416851133825
