char1,char2,similarity
据,据,1.0
据,抳,0.7905465904520244
据,択,0.7677079390700907
据,扼,0.7670298162043807
据,框,0.7657574990516028
据,栃,0.7644685837328132
据,抲,0.762110956732157
据,挰,0.7619253809456216
据,扳,0.7600427549702344
据,抠,0.7582961656020182
