char1,char2,similarity
捵,捵,1.0
捵,琠,0.7844705667095453
捵,猠,0.7805023284689443
捵,椣,0.7748248605134043
捵,淟,0.7705942992351799
捵,捥,0.7623416143378796
捵,拂,0.760855831039876
捵,掫,0.7607189224398406
捵,碘,0.7573092685724625
捵,換,0.7550942266452673
