char1,char2,similarity
捽,捽,1.0
捽,悴,0.7859758860885409
捽,拝,0.7818980132056805
捽,挬,0.780398785909813
捽,祽,0.7743158603850683
捽,揨,0.7717779722194931
捽,挊,0.7702577921434028
捽,捾,0.7692753146237514
捽,拧,0.7692711327548366
捽,桲,0.7682381121877458
