char1,char2,similarity
捴,捴,1.0
捴,捻,0.7652814257304653
捴,揌,0.7624884373846552
捴,摁,0.743084806491873
捴,摠,0.7423166594766298
捴,抱,0.7412352488691155
捴,搃,0.7398228819543263
捴,揔,0.7383736104456812
捴,棯,0.7363992881094049
捴,挨,0.7363038579236892
