char1,char2,similarity
捷,捷,1.0
捷,捿,0.8108396848670165
捷,掅,0.789323426400548
捷,捜,0.770924391596202
捷,婕,0.7693930764582046
捷,揨,0.7684084614411982
捷,揘,0.7661781429910713
捷,揁,0.7637471063540583
捷,揍,0.7621929370882404
捷,搝,0.7588202475357428
