char1,char2,similarity
掇,掇,1.0
掇,惙,0.804278916560175
掇,缀,0.785392753119405
掇,裰,0.7567986202290394
掇,揼,0.7438856257403006
掇,擈,0.7412077461804084
掇,探,0.7362182795608685
掇,挑,0.7296991304461005
掇,掤,0.7262253592136909
掇,摆,0.7245650131289638
