char1,char2,similarity
捾,捾,1.0
捾,悺,0.8185271348118741
捾,棺,0.8173386362409298
捾,倌,0.8129870037958419
捾,捖,0.7991277700388965
捾,搳,0.7981923025303466
捾,掠,0.7812050883799332
捾,捎,0.7801156571240393
捾,搉,0.7794724108262163
捾,挍,0.7788593801387009
