char1,char2,similarity
掀,掀,1.0
掀,惞,0.7883967593315019
掀,揪,0.7417520363523763
掀,俽,0.7407370442040727
掀,揿,0.7255734133096586
掀,锨,0.7249105763128376
掀,愀,0.7128019444137953
掀,撤,0.7110362019542784
掀,歛,0.707292735692277
掀,擴,0.7053023328139867
