char1,char2,similarity
掑,掑,1.0
掑,猉,0.7988390497285174
掑,棋,0.7925387049927017
掑,祺,0.790091305055913
掑,捠,0.7759734632051896
掑,扸,0.7665464499879838
掑,琪,0.7665045182941309
掑,扟,0.7662085997048065
掑,稘,0.7623642002848674
掑,娸,0.7582493788828044
