char1,char2,similarity
掍,掍,1.0
掍,惃,0.8110043883303307
掍,挏,0.786971480927817
掍,捰,0.783838622525797
掍,挦,0.7753999254968936
掍,捝,0.7742296988669188
掍,抩,0.7730599586805891
掍,抐,0.771712110426842
掍,拀,0.7691504958662512
掍,挭,0.7659763464025634
