char1,char2,similarity
掌,掌,1.0
掌,掔,0.7707751127781423
掌,擥,0.7632283105425698
掌,揅,0.7604229599397797
掌,崋,0.7381408790016778
掌,裳,0.7380611849980261
掌,拿,0.73497902149175
掌,赏,0.7341434012989313
掌,誊,0.7339176356367175
掌,揧,0.7338118122346494
