char1,char2,similarity
掊,掊,1.0
掊,挌,0.8024973294201004
掊,培,0.7917138316488046
掊,捁,0.7916401069530522
掊,捂,0.7907824889627586
掊,捨,0.7902162203674918
掊,棓,0.7767415747396171
掊,拮,0.7752903665641053
掊,婄,0.7742440731663145
掊,梏,0.7719911694519129
