char1,char2,similarity
掏,掏,1.0
掏,掬,0.8240557414742852
掏,询,0.75727924251328
掏,揈,0.7558397950113199
掏,淗,0.7516377864691953
掏,恟,0.747772186016932
掏,祹,0.7467166212612478
掏,搁,0.7466925431395798
掏,挽,0.7432222734369784
掏,拘,0.7404653187738719
