char1,char2,similarity
授,授,1.0
授,涭,0.7844811751273811
授,绶,0.7559062333995507
授,愋,0.7524474911739506
授,援,0.7403555464985622
授,挼,0.7331831032346422
授,擉,0.7326370358300491
授,掼,0.7292853864883755
授,揣,0.7260452742724041
授,投,0.7258783892974939
