char1,char2,similarity
掉,掉,1.0
掉,棹,0.8578123507673148
掉,悼,0.8099121370765957
掉,捙,0.8056872002287391
掉,婥,0.8015282174607572
掉,掸,0.7921980642825461
掉,揁,0.7863844354504176
掉,埠,0.7840263270100869
掉,淖,0.7835308262087789
掉,揘,0.7834499049880101
