char1,char2,similarity
排,排,1.0
排,诽,0.8278157371961999
排,悱,0.8165285168639836
排,绯,0.8036873992596923
排,棑,0.7953988618139964
排,裶,0.7835129708114912
排,陫,0.7834026629082698
排,猅,0.7700646581481418
排,腓,0.7598946201088465
排,啡,0.7568872022753382
