char1,char2,similarity
掛,掛,1.0
掛,挵,0.7561897169877798
掛,拼,0.7541416131129716
掛,捯,0.7500749914135226
掛,挷,0.7492987425516431
掛,扮,0.746340044985085
掛,抗,0.7396765029052714
掛,褂,0.7388781323426793
掛,拴,0.7374836436456863
掛,啩,0.7362624441134986
