char1,char2,similarity
掗,掗,1.0
掗,椏,0.8203369325914113
掗,抂,0.7953052534250244
掗,挋,0.7824635219381638
掗,挜,0.7803021511202545
掗,拞,0.779658173301621
掗,扼,0.7655899366543669
掗,抯,0.7636984290542477
掗,扷,0.763593834197327
掗,挗,0.7613138696722233
