char1,char2,similarity
掘,掘,1.0
掘,堀,0.7929036171239633
掘,搌,0.7826879071150756
掘,揾,0.7817373827321638
掘,搱,0.7700305469879983
掘,挶,0.766444120677946
掘,抛,0.7623044036791182
掘,捤,0.7591536950564172
掘,捱,0.7583807296422083
掘,拋,0.758182804943826
