char1,char2,similarity
掓,掓,1.0
掓,椒,0.7689395760328693
掓,琡,0.7435842323793574
掓,埱,0.7406045957582977
掓,挷,0.7388151909781571
掓,摗,0.7299913033648023
掓,撠,0.7279880433426228
掓,揼,0.7275653833286998
掓,揿,0.7263750796874243
掓,擮,0.7241799049083211
