char1,char2,similarity
掔,掔,1.0
掔,擘,0.7768278005486909
掔,揅,0.7712853784434179
掔,掌,0.7707751127781423
掔,腎,0.7622374291177719
掔,挚,0.7533028724366513
掔,擥,0.746955169828014
掔,挈,0.7261469066224379
掔,軍,0.7251926248507978
掔,孯,0.7251206158013772
