char1,char2,similarity
掚,掚,1.0
掚,俩,0.7584276371935857
掚,倆,0.7451483515754185
掚,搁,0.7449918336571502
掚,搚,0.743743135112658
掚,揷,0.7400550660167651
掚,搄,0.7396080206633064
掚,慲,0.7388747252752994
掚,挫,0.7374068667289129
掚,挻,0.7362101124910742
