char1,char2,similarity
掜,掜,1.0
掜,拀,0.8197684824619063
掜,倪,0.8099878625684531
掜,挸,0.8080063853095196
掜,棿,0.8005982789658718
掜,捝,0.7982555482955872
掜,抁,0.7840479979271989
掜,抧,0.7827554785314003
掜,抚,0.7744999292158034
掜,扏,0.7728277322615178
