char1,char2,similarity
掝,掝,1.0
掝,搣,0.7998251763767358
掝,惐,0.7937955802915697
掝,揻,0.7805768496590277
掝,械,0.7672484597797724
掝,悈,0.7559110952365041
掝,棫,0.7553002999925196
掝,拭,0.7518418076402907
掝,琙,0.7485277210072283
掝,捵,0.7481349405546531
