char1,char2,similarity
控,控,1.0
控,椌,0.7792739625192188
控,倥,0.7778083798487989
控,涳,0.7744715708086337
控,搳,0.7701496959529273
控,挖,0.7697757803766027
控,悾,0.7667174072706169
控,揎,0.765433502506588
控,揬,0.7629397514466694
控,啌,0.7609316890696285
