char1,char2,similarity
掩,掩,1.0
掩,埯,0.7910596185968971
掩,掎,0.7898251187987515
掩,捺,0.7812229030955681
掩,晻,0.7766145538445228
掩,崦,0.7713434951723952
掩,揥,0.7671861903277999
掩,裺,0.7634798933344249
掩,植,0.7617130418733558
掩,撪,0.7569305182238009
