char1,char2,similarity
掯,掯,1.0
掯,褃,0.7947076947288982
掯,拒,0.7771391258375318
掯,拊,0.7729185293272277
掯,揎,0.7699420673471781
掯,捁,0.762393252472364
掯,挌,0.761158102971328
掯,拑,0.7538712049550234
掯,投,0.7535097492021037
掯,揕,0.753261821993315
