char1,char2,similarity
措,措,1.0
措,棤,0.8264549936295399
措,揞,0.8224886551633379
措,搢,0.8077885186431747
措,惜,0.8071045248245272
措,徣,0.8031412982021223
措,搭,0.7786509427329456
措,捪,0.7717550637739673
措,错,0.7716894961186107
措,指,0.7696548900220508
