char1,char2,similarity
掦,掦,1.0
掦,揭,0.8104783056967444
掦,掲,0.7981239186607294
掦,埸,0.7818379239892431
掦,提,0.7769550495094325
掦,惕,0.7757099874047871
掦,揊,0.7636491404675608
掦,掁,0.7587868914092517
掦,锡,0.7579959045753328
掦,愒,0.7518622931085365
