char1,char2,similarity
推,推,1.0
推,惟,0.8425868495743516
推,堆,0.8122652373634826
推,锥,0.8031888988540976
推,椎,0.7963547634659408
推,琟,0.7947713478574951
推,维,0.7754033158008229
推,猚,0.771541716383527
推,拘,0.7682924092003748
推,抗,0.7652612437111052
