char1,char2,similarity
掭,掭,1.0
掭,悿,0.7952173961005929
掭,捃,0.756911370237606
掭,掹,0.7425960540809716
掭,挿,0.74163196621602
掭,挶,0.7407069891472224
掭,挹,0.7390528732527883
掭,捱,0.7359211144906567
掭,掴,0.7331022536844698
掭,捂,0.7323613038110096
