char1,char2,similarity
掸,掸,1.0
掸,惮,0.8767494385960585
掸,梯,0.795458211158511
掸,椫,0.7931632820803308
掸,掉,0.7921980642825461
掸,挥,0.7842032667276677
掸,择,0.7812730923621346
掸,揷,0.7589153043527339
掸,摔,0.7575999521100988
掸,悍,0.7543714282147107
