char1,char2,similarity
掿,掿,1.0
掿,挌,0.7755925833493426
掿,婼,0.7695408714327294
掿,掊,0.7599241992745773
掿,搽,0.7585252312612125
掿,梏,0.7543891824615672
掿,掎,0.7531080592830295
掿,揕,0.7497360781305854
掿,棓,0.7491918436303945
掿,揞,0.7491907701168671
