char1,char2,similarity
揁,揁,1.0
揁,揘,0.8033062907066069
揁,偵,0.7896709070801259
揁,挗,0.7866871372698272
揁,掉,0.7863844354504176
揁,抰,0.7814452227925064
揁,楨,0.774646280712746
揁,搝,0.7739807121070778
揁,拫,0.764009721257123
揁,捷,0.7637471063540583
