char1,char2,similarity
掺,掺,1.0
掺,惨,0.792550358222371
掺,摎,0.7507455663351522
掺,椮,0.7321276696062964
掺,摻,0.7152789804066818
掺,憀,0.7143414561656326
掺,摆,0.7130949953611923
掺,榫,0.7123687408187387
掺,搇,0.7118817659135758
掺,攘,0.7111801257221392
