char1,char2,similarity
揃,揃,1.0
揃,揇,0.7593987242186689
揃,摘,0.7510538958734071
揃,掬,0.7487745430913033
揃,挏,0.7485522324924054
揃,撊,0.7450078260557315
揃,捫,0.7437970975737233
揃,掤,0.7393678530715075
揃,揤,0.7387388769336232
揃,揂,0.7383261049469122
