char1,char2,similarity
掾,掾,1.0
掾,椽,0.7884007228760939
掾,湪,0.7779087727510725
掾,猭,0.7661413297401423
掾,橡,0.763332714569166
掾,缘,0.7427122991795649
掾,喙,0.7404724235792604
掾,抎,0.7389599115624814
掾,抟,0.7369553681572145
掾,堟,0.7364670802746233
