char1,char2,similarity
揉,揉,1.0
揉,搮,0.7807784311529482
揉,媃,0.7657148800892056
揉,渘,0.7649118547328863
揉,慄,0.7581407011724781
揉,揼,0.7532851246636385
揉,摽,0.749532156614441
揉,搡,0.7471887892334687
揉,蝚,0.7469964341944949
揉,懆,0.7469403835967
