char1,char2,similarity
揌,揌,1.0
揌,愢,0.8022261886932966
揌,梞,0.7889800845095086
揌,摠,0.7873645776066565
揌,揔,0.7819159587401566
揌,摁,0.7750787530029466
揌,捴,0.7624884373846552
揌,挹,0.7525147393071359
揌,捻,0.751882385003658
揌,捶,0.7513500403168749
