char1,char2,similarity
揆,揆,1.0
揆,揬,0.7859659279615254
揆,楑,0.7802633049077736
揆,猤,0.7656597851391893
揆,换,0.7631667588648516
揆,摺,0.749117903194171
揆,挨,0.7490861323501313
揆,拱,0.7489243290651644
揆,拴,0.7447577414514739
揆,挍,0.7446393402939243
