char1,char2,similarity
揋,揋,1.0
揋,掁,0.7908465508245339
揋,揊,0.7749323245612025
揋,拑,0.7633277019993413
揋,揟,0.7629963954253822
揋,棖,0.7561447843263897
揋,搢,0.7560454279367066
揋,挊,0.7554039465408878
揋,搰,0.7551181006734808
揋,抿,0.7549850541229479
