char1,char2,similarity
揇,揇,1.0
揇,摘,0.8045589956309139
揇,婻,0.7990677445173117
揇,揀,0.7824214842126683
揇,楠,0.7765978052017715
揇,搳,0.7721241816249418
揇,抝,0.7671945163499313
揇,挬,0.7594129934824163
揇,揃,0.7593987242186689
揇,搧,0.7593616624995765
