char1,char2,similarity
描,描,1.0
描,锚,0.7974685922822087
描,喵,0.7605142524664307
描,搳,0.7580372871434938
描,抻,0.7561834424064501
描,猫,0.7536748316745636
描,搭,0.7518150073631501
描,垴,0.7492160625504667
描,摜,0.7489338235194458
描,挂,0.7461608311530387
