char1,char2,similarity
揕,揕,1.0
揕,糂,0.7863515868008305
揕,媅,0.7658290085730031
揕,煁,0.7577535091130204
揕,椹,0.7559733353390856
揕,偡,0.7557542362584289
揕,啿,0.7556277388832264
揕,掯,0.753261821993315
揕,掿,0.7497360781305854
揕,愖,0.7491707717486256
