char1,char2,similarity
提,提,1.0
提,惿,0.8109291541016713
提,揭,0.8032326270267006
提,湜,0.7928233530243636
提,徥,0.7826328774190418
提,掁,0.7787899985760071
提,掼,0.7780382075195478
提,掦,0.7769550495094325
提,搓,0.7686723426502903
提,悵,0.7637726238322103
