char1,char2,similarity
揠,揠,1.0
揠,愝,0.7781929286977451
揠,椻,0.7666610884991222
揠,摳,0.7591081234831367
揠,摣,0.7564289502898717
揠,慪,0.7530236390025004
揠,搙,0.7486205481338976
揠,掤,0.7429277543148544
揠,挳,0.7405607657386614
揠,捫,0.7394603716126555
