char1,char2,similarity
揟,揟,1.0
揟,搰,0.8183923943913518
揟,蝑,0.792979117276929
揟,婿,0.7837663687597061
揟,楈,0.7711905635582416
揟,揋,0.7629963954253822
揟,搆,0.7594525410849121
揟,揮,0.7593107219668371
揟,掅,0.7526938565617116
揟,捨,0.7517966437491781
