char1,char2,similarity
揜,揜,1.0
揜,捾,0.7561361321857321
揜,媕,0.752245074725671
揜,搝,0.7485333815943829
揜,揰,0.74002746873385
揜,搰,0.740025636657222
揜,撹,0.7382089223025492
揜,捎,0.7368889219492303
揜,擙,0.7364211239916961
揜,撏,0.735585082268619
