char1,char2,similarity
揝,揝,1.0
揝,捨,0.763179118434359
揝,糌,0.759800599759898
揝,挌,0.7588536852737304
揝,搭,0.758824861646473
揝,捁,0.7580605395400575
揝,掊,0.7530694590939074
揝,播,0.7509336761462203
揝,捪,0.7494914391685163
揝,搳,0.748148131795769
