char1,char2,similarity
揙,揙,1.0
揙,惼,0.7764425087862528
揙,徧,0.7624768350718434
揙,捾,0.7621018487815893
揙,掋,0.7493404232026006
揙,摭,0.7434615214781767
揙,楄,0.7407634477835304
揙,揥,0.7379744397999864
揙,捖,0.7376720241254715
揙,據,0.7324455942394795
