char1,char2,similarity
換,換,1.0
換,掶,0.764460380451109
換,搀,0.7613072996219031
換,摸,0.759563051036948
換,愌,0.7591085465927893
換,揳,0.75748705130413
換,悮,0.7571259142155717
換,捑,0.7568203727135049
換,搝,0.756321822129734
換,捵,0.7550942266452673
