char1,char2,similarity
揘,揘,1.0
揘,揁,0.8033062907066069
揘,揑,0.803055595898236
揘,惶,0.801105262721905
揘,堭,0.7931127354888178
揘,棹,0.7929931306147409
揘,搖,0.7909430307649997
揘,煌,0.7897195837585067
揘,楻,0.7883519085207095
揘,摚,0.7848170187350851
