char1,char2,similarity
揪,揪,1.0
揪,愀,0.8589484138633838
揪,瞅,0.7422221242165328
揪,掀,0.7417520363523763
揪,楸,0.7408310558043405
揪,偢,0.7302546855734952
揪,揿,0.7191006715463504
揪,唙,0.71410318332126
揪,啾,0.7108839723953975
揪,掖,0.7107071331732512
