char1,char2,similarity
揩,揩,1.0
揩,楷,0.813682644603471
揩,堦,0.7984838679408702
揩,瑎,0.7837756897516828
揩,喈,0.7729348206911308
揩,湝,0.769814668571826
揩,偕,0.762374025286051
揩,揞,0.7613377303623271
揩,谐,0.7561685907390183
揩,媘,0.755386649564828
