char1,char2,similarity
揦,揦,1.0
揦,掆,0.7645509074143161
揦,猘,0.7542884690729197
揦,蝲,0.7529740208828848
揦,掏,0.736674276586183
揦,喇,0.7320673503404178
揦,楋,0.7317987417902735
揦,揈,0.731550587456664
揦,梸,0.7308532018673296
揦,摗,0.728576105059634
