char1,char2,similarity
揤,揤,1.0
揤,卿,0.7998747029907385
揤,掤,0.79036612729373
揤,柳,0.7793080173308009
揤,郷,0.7738104134502429
揤,捓,0.7714879655163538
揤,挷,0.7685430769886126
揤,搱,0.7664964043073672
揤,捫,0.7630130123105416
揤,鄉,0.7566918165119171
