char1,char2,similarity
揥,揥,1.0
揥,楴,0.8224824691868351
揥,摌,0.7905096367936205
揥,腣,0.7734009209604805
揥,媂,0.7675448122632379
揥,掩,0.7671861903277999
揥,揞,0.7645734761867843
揥,禘,0.7630111604119311
揥,恗,0.7618161799641238
揥,控,0.7602607647249223
