char1,char2,similarity
揭,揭,1.0
揭,掲,0.8424997386622066
揭,掦,0.8104783056967444
揭,提,0.8032326270267006
揭,堨,0.7947252212671039
揭,猲,0.7926142783036575
揭,愒,0.7840034412415281
揭,偈,0.774083076314182
揭,楬,0.7736522103669619
揭,掁,0.767061902609467
