char1,char2,similarity
援,援,1.0
援,湲,0.7734656018700404
援,猨,0.773327087047111
援,谖,0.7731820990069922
援,缓,0.7628683527730639
援,煖,0.7615367235642738
援,楥,0.7558871896950168
援,喛,0.7539610405878002
援,提,0.7418693389669083
援,授,0.7403555464985622
