char1,char2,similarity
揬,揬,1.0
揬,搈,0.791122728560695
揬,换,0.786329012007225
揬,揆,0.7859659279615254
揬,挍,0.7707344867666293
揬,揎,0.7686831575398081
揬,拽,0.7662604087062403
揬,控,0.7629397514466694
揬,挖,0.7623163120439558
揬,挗,0.7614103522829514
