char1,char2,similarity
揮,揮,1.0
揮,揰,0.8067989219454627
揮,撣,0.7972793024426179
揮,煇,0.7880049403073883
揮,堚,0.783576108766275
揮,睴,0.7779488859906216
揮,禈,0.7762573076584033
揮,渾,0.7750822206835576
揮,褌,0.7690618301810679
揮,樿,0.7626997992675727
