char1,char2,similarity
揳,揳,1.0
揳,楔,0.8491053944493288
揳,锲,0.8193192414488004
揳,禊,0.8181235445636792
揳,偰,0.7696199484480675
揳,稧,0.7651476170235048
揳,換,0.75748705130413
揳,擙,0.7574263722176442
揳,猰,0.7533230629435438
揳,搝,0.7511120328585386
