char1,char2,similarity
揱,揱,1.0
揱,掣,0.7719917542736533
揱,摮,0.7368654060698709
揱,揧,0.73361390515879
揱,摰,0.7318168913904237
揱,揫,0.7222947385799244
揱,攣,0.7210606831129519
揱,蕇,0.7161187664702338
揱,擧,0.7098603326656293
揱,擥,0.7051542522609959
