char1,char2,similarity
揻,揻,1.0
揻,搣,0.8414295148111223
揻,掝,0.7805768496590277
揻,拭,0.7683457952840984
揻,摵,0.7576533686156097
揻,隇,0.7569382166052021
揻,缄,0.7457261599272637
揻,擔,0.7439407536538113
揻,掋,0.7430674470088161
揻,滅,0.7417818159263044
