char1,char2,similarity
揹,揹,1.0
揹,褙,0.7954316819676844
揹,搰,0.7680951555669556
揹,擆,0.7647035646857117
揹,搶,0.7588513449217433
揹,偝,0.7522972861700015
揹,撙,0.7467548431343101
揹,摆,0.7444952183055238
揹,掩,0.743319175927685
揹,情,0.7413364757883449
