char1,char2,similarity
揼,揼,1.0
揼,搩,0.7568550778854103
揼,搮,0.7557751505283165
揼,揉,0.7532851246636385
揼,摖,0.7520804664126406
揼,探,0.7470657921438886
揼,掇,0.7438856257403006
揼,塛,0.7391544004016563
揼,慄,0.7378721960616356
揼,搄,0.737062268504214
