char1,char2,similarity
揶,揶,1.0
揶,倻,0.7814984942431202
揶,捓,0.7761245389225726
揶,鄊,0.7578950940767935
揶,挪,0.7576911409996598
揶,琊,0.7482832458814213
揶,郷,0.7474826512713759
揶,揤,0.7452497362921197
揶,椰,0.7401363041706785
揶,掷,0.7371306664623842
