char1,char2,similarity
揽,揽,1.0
揽,榄,0.822802380167112
揽,缆,0.7887423978191087
揽,挽,0.7538504288367197
揽,横,0.7479118734718821
揽,摬,0.7405066242970055
揽,挑,0.7343244347641709
揽,搗,0.7274707645557772
揽,扮,0.7265475334059464
揽,搅,0.7254511636533609
