char1,char2,similarity
搁,搁,1.0
搁,捫,0.7764682347960401
搁,掤,0.7708683125075413
搁,撋,0.764771551816942
搁,撊,0.7570647017806458
搁,樃,0.7544625717355278
搁,揤,0.753047111018829
搁,揣,0.7494028856069657
搁,掏,0.7466925431395798
搁,掚,0.7449918336571502
