char1,char2,similarity
搂,搂,1.0
搂,楼,0.8877517881243632
搂,捼,0.7539263498367466
搂,喽,0.7477617567324726
搂,搜,0.7384457027083455
搂,倭,0.7374319154164558
搂,接,0.7346389254397434
搂,摉,0.7304947683856537
搂,揬,0.7277434324279105
搂,搉,0.7259197000370712
