char1,char2,similarity
搄,搄,1.0
搄,揯,0.772773152780429
搄,縆,0.7503740380138556
搄,括,0.7404799284950425
搄,掚,0.7396080206633064
搄,揼,0.737062268504214
搄,撶,0.736237405462169
搄,揥,0.7357812605844414
搄,揷,0.7333871381537891
搄,抬,0.7296435485127216
