char1,char2,similarity
搇,搇,1.0
搇,搶,0.766059706547296
搇,掬,0.7425888976120281
搇,拣,0.739424844456667
搇,攘,0.7310257086744117
搇,掄,0.7302829668257809
搇,搣,0.7265306997851727
搇,撿,0.7259533943440543
搇,抬,0.7254544798087385
搇,捈,0.725278728657975
