char1,char2,similarity
損,損,1.0
損,溳,0.7813819240173131
損,愪,0.7798733825791215
損,傊,0.7731390276061765
損,愩,0.7649276251369931
損,揾,0.762537362688655
損,提,0.7610060546911773
損,掼,0.7525999863444616
損,擐,0.7514965528256976
損,揭,0.7497232296226765
