char1,char2,similarity
搎,搎,1.0
搎,槂,0.7106954302281723
搎,擡,0.7103816616509561
搎,拁,0.7058464486077096
搎,掆,0.7036092242640144
搎,撢,0.7029884367069479
搎,拋,0.702699899265633
搎,悯,0.702669872984187
搎,摫,0.7024185224969504
搎,揷,0.7020876290762478
