char1,char2,similarity
搋,搋,1.0
搋,榹,0.7724653805941593
搋,褫,0.7694682296760726
搋,擄,0.7465686518886565
搋,摨,0.7383238844805026
搋,摳,0.7362030147636329
搋,攔,0.7350792475071458
搋,攎,0.731404896134058
搋,傂,0.729764006013652
搋,掆,0.7293242580373032
