char1,char2,similarity
搊,搊,1.0
搊,挒,0.7551358216601792
搊,扪,0.7471595542525985
搊,挠,0.745608170435203
搊,桐,0.7388598603139329
搊,挶,0.7349698920254253
搊,揍,0.7334080165782759
搊,拘,0.7315734471951039
搊,捯,0.7307205819624899
搊,挧,0.7289718829182662
