char1,char2,similarity
搒,搒,1.0
搒,榜,0.7786441748227092
搒,捞,0.7646499357950535
搒,扴,0.7634876546799724
搒,揞,0.7622593156798715
搒,袴,0.7597904396811972
搒,抙,0.759682941749212
搒,挎,0.7595130702700307
搒,抰,0.7591670250776769
搒,扝,0.7568987445411876
