char1,char2,similarity
搌,搌,1.0
搌,掘,0.7826879071150756
搌,揾,0.7756058869583035
搌,搱,0.7614931577805023
搌,挀,0.7599439008484236
搌,捱,0.7518825252800628
搌,捤,0.7511044541101538
搌,挶,0.74768730090933
搌,捍,0.7470054449661655
搌,振,0.745214894037475
