char1,char2,similarity
搑,搑,1.0
搑,縙,0.7826881970235715
搑,媶,0.7705573788590587
搑,榵,0.7647350855008515
搑,穁,0.7460174727352709
搑,揖,0.744784820477415
搑,捈,0.7438863841299385
搑,拑,0.7435505350085911
搑,掑,0.7421135934691239
搑,掟,0.7410687289741527
