char1,char2,similarity
搔,搔,1.0
搔,慅,0.7749617694610548
搔,溞,0.7641536828592569
搔,掻,0.7463756942573201
搔,挭,0.7420159661217318
搔,摧,0.7414905212525866
搔,擂,0.739821458013526
搔,揞,0.7387008515020966
搔,捏,0.733026238470383
搔,挹,0.7326384368551011
