char1,char2,similarity
搖,搖,1.0
搖,揘,0.7909430307649997
搖,捙,0.7684331141680957
搖,搒,0.7534276973290365
搖,掉,0.7519702060994862
搖,拄,0.7516858020885628
搖,揞,0.7484989743775566
搖,挕,0.7476854585235921
搖,拕,0.7474288484823327
搖,棹,0.7470386553497471
