char1,char2,similarity
搛,搛,1.0
搛,慊,0.7853701790566738
搛,溓,0.7673109315801827
搛,谦,0.7548714098117175
搛,嗛,0.7543551145562958
搛,嫌,0.7476556579672412
搛,缣,0.7449759342355043
搛,撠,0.7360916045591874
搛,搟,0.733330678673655
搛,撶,0.7331097176088998
