char1,char2,similarity
搘,搘,1.0
搘,撞,0.7606546535068813
搘,揰,0.760070229744646
搘,搆,0.7517675741579745
搘,掅,0.7398918135898404
搘,擔,0.7385504015783709
搘,搤,0.738032824761266
搘,撸,0.7379038157302671
搘,摿,0.7356166690558205
搘,撓,0.7352725725301915
