char1,char2,similarity
搝,搝,1.0
搝,擙,0.8133682938974961
搝,嗅,0.7949605283497561
搝,搏,0.7809955802689135
搝,摸,0.7790660824643215
搝,揨,0.7787267550852698
搝,揍,0.7782971496429935
搝,捿,0.7772165397578897
搝,挗,0.7741894466514021
搝,揁,0.7739807121070778
