char1,char2,similarity
搗,搗,1.0
搗,搞,0.7479641401866632
搗,掆,0.7418045153210182
搗,鳩,0.7409893909186245
搗,摀,0.7396352722998434
搗,挽,0.7390873952624787
搗,揥,0.7390236164482245
搗,撊,0.7389113814536455
搗,溩,0.7364895076015514
搗,捫,0.7364460135846451
