char1,char2,similarity
搦,搦,1.0
搦,愵,0.771528646851967
搦,挧,0.771483151385171
搦,嫋,0.7665210753193047
搦,掤,0.7664247899289418
搦,捫,0.750307654864634
搦,榒,0.7433213298996364
搦,擉,0.738383645173203
搦,揤,0.7378153845287663
搦,搁,0.7353438054622272
