char1,char2,similarity
搞,搞,1.0
搞,塙,0.8097626644579955
搞,嗃,0.7667641989024616
搞,皜,0.7638756003639028
搞,滈,0.7635894182691638
搞,摘,0.7581363695624823
搞,搸,0.7567431391080601
搞,捧,0.7554409067588529
搞,稿,0.7537008966663802
搞,傐,0.7527636871230072
