char1,char2,similarity
搤,搤,1.0
搤,縊,0.7793514229281605
搤,膉,0.7730200358566482
搤,塧,0.7708935450229527
搤,镒,0.7638948436523793
搤,搕,0.7542573746440697
搤,榏,0.7517681169469353
搤,缢,0.7494630028573702
搤,掹,0.7434283334844394
搤,揯,0.7399050805695098
