char1,char2,similarity
搧,搧,1.0
搧,掮,0.7819687836762428
搧,煽,0.7769694102909342
搧,摀,0.7749813698986268
搧,揎,0.7646414575798972
搧,揇,0.7593616624995765
搧,摈,0.754758233995373
搧,搾,0.7496962644271524
搧,掶,0.7484726701583794
搧,揬,0.7474085157921205
