char1,char2,similarity
搠,搠,1.0
搠,渕,0.7141998432886656
搠,揪,0.7097348578613966
搠,拁,0.7056565996290224
搠,擳,0.7041281679633207
搠,慚,0.7037785794309398
搠,侧,0.7027565993071105
搠,擲,0.7002666230544399
搠,堋,0.6985006284488089
搠,摲,0.6943948757709638
