char1,char2,similarity
搩,搩,1.0
搩,磔,0.7913973781079856
搩,揼,0.7568550778854103
搩,揉,0.7459145703400436
搩,摆,0.7402156370027717
搩,揥,0.7346014048688512
搩,榤,0.7338996107984944
搩,揹,0.7337924601027223
搩,嵥,0.7334994614222364
搩,搛,0.7306217983118962
