char1,char2,similarity
搰,搰,1.0
搰,揟,0.8183923943913518
搰,螖,0.796046161762045
搰,縎,0.7950001370828704
搰,磆,0.7889633468264023
搰,榾,0.7773736275441393
搰,揹,0.7680951555669556
搰,傦,0.7628256135040955
搰,提,0.7626085343754821
搰,揮,0.762082164413082
