char1,char2,similarity
搮,搮,1.0
搮,慄,0.7969209702362026
搮,揉,0.7807784311529482
搮,搱,0.767263554194283
搮,揼,0.7557751505283165
搮,操,0.750218243394167
搮,捵,0.749165851944635
搮,挶,0.7457238715631016
搮,挵,0.7429268041916939
搮,摽,0.7427937250932879
