char1,char2,similarity
搭,搭,1.0
搭,措,0.7786509427329456
搭,捾,0.7772099268850391
搭,榙,0.7641720932858036
搭,搽,0.7634261342600248
搭,褡,0.7606649024673746
搭,揝,0.758824861646473
搭,撘,0.7560986471774148
搭,搳,0.7558135669635136
搭,嗒,0.7536714995614955
