char1,char2,similarity
搱,搱,1.0
搱,挶,0.7999778432303918
搱,揾,0.7715678296943684
搱,掘,0.7700305469879983
搱,搮,0.767263554194283
搱,揤,0.7664964043073672
搱,搌,0.7614931577805023
搱,捱,0.7526776405547844
搱,掴,0.7509232667816905
搱,挏,0.7442367080137308
