char1,char2,similarity
搯,搯,1.0
搯,椔,0.766114478867228
搯,挼,0.7656301923084442
搯,掲,0.7611825923265721
搯,揭,0.75915853870907
搯,掴,0.759064816620362
搯,拪,0.7589655174396016
搯,摇,0.7583016791037352
搯,掵,0.7528954985223766
搯,插,0.750160612755231
