char1,char2,similarity
搶,搶,1.0
搶,愴,0.8031927582340307
搶,瑲,0.7853905675365807
搶,獊,0.7741619254068676
搶,搇,0.766059706547296
搶,揹,0.7588513449217433
搶,撎,0.742597761268165
搶,槍,0.7394137845685815
搶,搕,0.7371743644069049
搶,熗,0.7352157609983772
