char1,char2,similarity
搵,搵,1.0
搵,揾,0.8236671023304268
搵,挸,0.7785802802688696
搵,搕,0.7654486315270135
搵,掹,0.7605582699073753
搵,拀,0.7552267610328729
搵,掍,0.752078602839314
搵,擝,0.7509641767705872
搵,慍,0.75085470628195
搵,捝,0.750705294789592
