char1,char2,similarity
摃,摃,1.0
摃,槓,0.8293156817890349
摃,幊,0.8110279538149031
摃,抽,0.7649958047887452
摃,扙,0.764680928533043
摃,捐,0.7504751965271504
摃,抶,0.7470559156191103
摃,橫,0.7428835205877717
摃,揊,0.7374841074023069
摃,搷,0.7371261771959291
