char1,char2,similarity
摄,摄,1.0
摄,慑,0.8599376160713819
摄,镊,0.7398899987058932
摄,嗫,0.7249681599001649
摄,掇,0.7193751812619718
摄,擂,0.7051572501964394
摄,择,0.704567877568988
摄,侵,0.7044513405707505
摄,擓,0.7043760141921086
摄,傊,0.7037299319172382
