char1,char2,similarity
摀,摀,1.0
摀,塢,0.7945297408998598
摀,掮,0.7881327376064695
摀,搧,0.7749813698986268
摀,摛,0.7692713507152112
摀,樢,0.7690217546472341
摀,搾,0.76376690328598
摀,揎,0.7554301331620095
摀,捩,0.7505501565223359
摀,挌,0.7479750276905851
