char1,char2,similarity
搿,搿,1.0
搿,掰,0.7798337568639407
搿,目,0.7055335367075972
搿,冄,0.6982698957069634
搿,汫,0.6946374935116304
搿,百,0.6939162353032544
搿,滒,0.691340578648007
搿,泋,0.6904053872667811
搿,卌,0.689216948667869
搿,倂,0.6877352026618216
