char1,char2,similarity
摁,摁,1.0
摁,摠,0.7935562017611195
摁,揌,0.7750787530029466
摁,捤,0.7699085754419246
摁,嗯,0.7603452186819022
摁,挹,0.7566738011367325
摁,揘,0.7546580487773911
摁,挭,0.7522177629564388
摁,捰,0.751646817107176
摁,搃,0.7502678930507332
