char1,char2,similarity
摂,摂,1.0
摂,捠,0.7697431194831907
摂,抧,0.765034240895145
摂,挳,0.760413763219596
摂,捛,0.7580194740077666
摂,扟,0.7553570171129719
摂,拞,0.7536315240452032
摂,扭,0.7532398485339015
摂,抍,0.7513747436452946
摂,拫,0.7504738841908734
