char1,char2,similarity
搼,搼,1.0
搼,撁,0.7325545965234617
搼,禈,0.7323197524605747
搼,樿,0.7318561997891493
搼,拤,0.7291894012774122
搼,抒,0.7281682115818913
搼,抃,0.7269736748705333
搼,槔,0.7253357721730928
搼,揖,0.7250203987533899
搼,扥,0.7226179335604485
