char1,char2,similarity
摎,摎,1.0
摎,谬,0.7996558117370701
摎,憀,0.7565324452170675
摎,掺,0.7507455663351522
摎,摻,0.7410076520004577
摎,漻,0.7357730753657352
摎,僇,0.7318092286344493
摎,揹,0.7247001520361465
摎,揿,0.7213225681336871
摎,摆,0.7190095967112311
