char1,char2,similarity
摍,摍,1.0
摍,缩,0.7856400987591414
摍,樎,0.7673311403680075
摍,搾,0.7500962522788956
摍,摿,0.7433798320620394
摍,揢,0.7432430231379547
摍,挖,0.7405610251160683
摍,搲,0.7404618365397436
摍,掩,0.7393017422836028
摍,揥,0.737455596779529
