char1,char2,similarity
摌,摌,1.0
摌,揥,0.7905096367936205
摌,摓,0.7638514348866535
摌,撎,0.7627252342516707
摌,挖,0.7444090631821952
摌,隡,0.7430818832660835
摌,搕,0.7423637278595372
摌,控,0.7372733312793013
摌,摘,0.7332184575280548
摌,摍,0.7315301021599014
