char1,char2,similarity
摊,摊,1.0
摊,雕,0.7099171679273657
摊,傩,0.689990569399196
摊,撇,0.6865588332342174
摊,揪,0.6837775743964382
摊,冸,0.6831790720626157
摊,擜,0.6821240064240593
摊,擏,0.6813634517112671
摊,斤,0.6804651949051587
摊,雔,0.6782347767739785
