char1,char2,similarity
摇,摇,1.0
摇,揺,0.8007648018480917
摇,谣,0.7940491695441279
摇,愮,0.7752736493692352
摇,捋,0.7721364283425451
摇,挰,0.7644470793554007
摇,瑶,0.762217932340827
摇,搯,0.7583016791037352
摇,挹,0.7579585105106481
摇,捚,0.7565727666900506
