char1,char2,similarity
摋,摋,1.0
摋,榝,0.7356081585742338
摋,掷,0.7193513242929354
摋,掓,0.7158415089689153
摋,樧,0.7135481448507716
摋,搤,0.7119817719126611
摋,撖,0.7107597616716846
摋,摆,0.7099267240857691
摋,擮,0.7037605409412571
摋,擈,0.6995874441401864
