char1,char2,similarity
摖,摖,1.0
摖,揼,0.7520804664126406
摖,暩,0.7408011648451616
摖,揥,0.7363010529225288
摖,掩,0.7326954224547112
摖,憏,0.7271059216755987
摖,探,0.7235291634584515
摖,惸,0.7223841678457494
摖,摗,0.7214747535185343
摖,掃,0.7205975976095346
