char1,char2,similarity
摐,摐,1.0
摐,樅,0.8084035181603396
摐,暰,0.7742387757015669
摐,褷,0.7721476555967713
摐,磫,0.7515963103733921
摐,縱,0.7462749576300975
摐,擋,0.7396809183560823
摐,摍,0.7333142957455177
摐,摓,0.7215066087258662
摐,摖,0.7191406798986835
