char1,char2,similarity
摙,摙,1.0
摙,褳,0.7791014456968093
摙,挞,0.7677615915056737
摙,槤,0.7516780767573428
摙,摓,0.7473492410266976
摙,撎,0.741300941166668
摙,撻,0.7394990573018391
摙,慩,0.7354642570719219
摙,摶,0.7347198239567776
摙,搲,0.7284600739093435
