char1,char2,similarity
摢,摢,1.0
摢,摣,0.8433515511141004
摢,捬,0.7504149957274745
摢,拡,0.74661802046596
摢,捩,0.7434192303909428
摢,摠,0.7425438445767997
摢,抺,0.7420067796957974
摢,撌,0.7392475013861908
摢,揠,0.7354973616566957
摢,捖,0.7330232781394358
