char1,char2,similarity
摜,摜,1.0
摜,樌,0.8340789957579704
摜,撌,0.8166607146437956
摜,慣,0.8128422094323456
摜,櫍,0.782026894216797
摜,攢,0.7810785627412775
摜,墤,0.7733474750636294
摜,瑻,0.7723939770655079
摜,檟,0.7688845088012672
摜,摣,0.7657322389902106
