char1,char2,similarity
摡,摡,1.0
摡,概,0.7671291357688981
摡,嘅,0.765034833231325
摡,慨,0.7398385935919419
摡,溉,0.7368189897357443
摡,摫,0.7331945115620937
摡,挺,0.7256678682426582
摡,漑,0.7153686776516506
摡,擓,0.7099955271493127
摡,拋,0.7085942467108384
