char1,char2,similarity
摝,摝,1.0
摝,塶,0.7711665772394348
摝,摠,0.74817853995317
摝,揎,0.7465393861195807
摝,捩,0.7405927660098715
摝,揸,0.7401453448779385
摝,拽,0.7387298619966821
摝,捥,0.736119143555176
摝,揇,0.7347836360257138
摝,揔,0.7342860015506907
