char1,char2,similarity
摠,摠,1.0
摠,摁,0.7935562017611195
摠,揌,0.7873645776066565
摠,揔,0.7694999989300411
摠,搃,0.7556824183116395
摠,愢,0.7529625007112614
摠,摣,0.7522538991597264
摠,撌,0.7504037621661775
摠,摝,0.74817853995317
摠,撸,0.7478461336771207
