char1,char2,similarity
摩,摩,1.0
摩,麾,0.7669526927783169
摩,魔,0.7615820995065439
摩,犘,0.7594148229097358
摩,厪,0.7417472694457105
摩,詹,0.7332290246541374
摩,磨,0.7295105018004371
摩,蒘,0.7281436848535826
摩,廑,0.7223670232102478
摩,麼,0.717648566217034
