char1,char2,similarity
摦,摦,1.0
摦,摾,0.7283106451680694
摦,撲,0.7148323200922413
摦,揣,0.714031798482948
摦,拁,0.7138644762843834
摦,挷,0.7106302088501202
摦,撫,0.7100235602456394
摦,摐,0.7078908579174484
摦,摫,0.7078668008000066
摦,拋,0.7060227450131582
