char1,char2,similarity
摫,摫,1.0
摫,摳,0.7501485415272781
摫,摡,0.7331945115620937
摫,撾,0.7284533797246584
摫,揙,0.7237584514274764
摫,擄,0.7228358300835994
摫,摨,0.7209822548525988
摫,拁,0.7200566458008862
摫,憈,0.7162786965559468
摫,搋,0.7152309083562622
