char1,char2,similarity
摶,摶,1.0
摶,傳,0.8047308071724805
摶,撐,0.7752870635260333
摶,漙,0.769153398086374
摶,塼,0.7690692650738546
摶,慱,0.7588733881450629
摶,摬,0.7526765813666069
摶,撏,0.7501666338509732
摶,摟,0.7439707883542661
摶,抩,0.7406264136591927
