char1,char2,similarity
摷,摷,1.0
摷,擈,0.786697698036134
摷,撔,0.770811073961233
摷,缫,0.7579432777546932
摷,摟,0.7540781382490374
摷,摽,0.746323401438255
摷,摬,0.7427728756889245
摷,憬,0.7416047846418341
摷,璅,0.7383066472532216
摷,摜,0.7365161009675056
