char1,char2,similarity
摵,摵,1.0
摵,槭,0.8088158179635144
摵,搣,0.7897439806505474
摵,揻,0.7576533686156097
摵,慽,0.7513755371169081
摵,墄,0.7468487569753788
摵,械,0.7445986938938678
摵,摾,0.725016964638167
摵,擮,0.7233799517408284
摵,隇,0.7231300252034437
