char1,char2,similarity
摹,摹,1.0
摹,辠,0.7578700110817598
摹,菶,0.7443211859974066
摹,慕,0.7430471873372164
摹,量,0.7419578065518424
摹,藆,0.7412262760561559
摹,晝,0.738885661695632
摹,藿,0.736263211633756
摹,蓦,0.7356295912278354
摹,摮,0.732491570603657
