char1,char2,similarity
摼,摼,1.0
摼,摾,0.7466429286231194
摼,搓,0.7273508696898728
摼,提,0.7270481185918692
摼,摳,0.7255022563749693
摼,挫,0.720571997191594
摼,捽,0.720560781220479
摼,控,0.7170873326769674
摼,攖,0.716759227338887
摼,捏,0.714842199388605
