char1,char2,similarity
摽,摽,1.0
摽,墂,0.8251854665159774
摽,慓,0.8006999869311947
摽,僄,0.7924569081677081
摽,镖,0.782212514155942
摽,嫖,0.7690910927417124
摽,徱,0.756741020483482
摽,摞,0.7513534348095104
摽,撔,0.749714939673148
摽,揉,0.749532156614441
