char1,char2,similarity
撄,撄,1.0
撄,嘤,0.7733398717376146
撄,樱,0.768227760052338
撄,攖,0.7679031823586407
撄,擱,0.7466345301854591
撄,瀴,0.7378722314528479
撄,攫,0.7280184293482003
撄,擩,0.7251888009497687
撄,璎,0.7213227537117242
撄,嚶,0.7207231672047871
