char1,char2,similarity
撋,撋,1.0
撋,撊,0.8769304212542351
撋,捫,0.8244665860325832
撋,掆,0.8240454537129346
撋,擱,0.781369287943238
撋,墹,0.7702827922465924
撋,攔,0.7696902741789925
撋,搁,0.764771551816942
撋,摨,0.7599784541424566
撋,僴,0.759329141529565
