char1,char2,similarity
撂,撂,1.0
撂,擂,0.7678292600880329
撂,攉,0.7395141536128391
撂,撑,0.7367150520573325
撂,播,0.7340020429691945
撂,摜,0.7307273503892616
撂,掃,0.7252176680196678
撂,摆,0.7243467024220599
撂,搐,0.7236404216954925
撂,捅,0.7218232626033249
