char1,char2,similarity
撇,撇,1.0
撇,獙,0.7671668226603358
撇,徶,0.7371705055718337
撇,擏,0.7303635166161143
撇,潎,0.7292416614479666
撇,擞,0.7222041376661056
撇,礉,0.7209976216213325
撇,饊,0.7174814837993819
撇,嫩,0.7118872987455076
撇,鏾,0.7068066334999149
