char1,char2,similarity
撃,撃,1.0
撃,撀,0.8154633300913499
撃,摯,0.8070557590168491
撃,搫,0.7855798519098469
撃,摰,0.7839083201935167
撃,撆,0.7550791111527211
撃,摮,0.7356562166498459
撃,擊,0.7292397164812306
撃,蕇,0.719951508093335
撃,攣,0.7165834420713125
