char1,char2,similarity
撆,撆,1.0
撆,撀,0.7879344083868726
撆,幣,0.7687923367525077
撆,搫,0.762254292905608
撆,摯,0.7604444327584762
撆,撃,0.7550791111527211
撆,摰,0.7538632575283267
撆,摮,0.740323246027101
撆,幤,0.728687857984685
撆,氅,0.7259419492406705
