char1,char2,similarity
撐,撐,1.0
撐,摶,0.7752870635260333
撐,橕,0.7620953146404393
撐,摴,0.7408762816137655
撐,摬,0.7334555719520819
撐,捽,0.7255952753997266
撐,摿,0.7233864432319248
撐,揜,0.723157069070296
撐,搙,0.7229431701750787
撐,撏,0.7205162423937139
