char1,char2,similarity
撍,撍,1.0
撍,憯,0.7698345398458157
撍,搢,0.7679094416243389
撍,揞,0.7646898382028288
撍,抬,0.7531564422162734
撍,撘,0.7489710588419479
撍,掼,0.7471136031761046
撍,愔,0.7421858764763457
撍,擂,0.7403764073401108
撍,搆,0.7390292739853787
