char1,char2,similarity
撏,撏,1.0
撏,樳,0.8147014809705831
撏,蟳,0.7896916141839602
撏,襑,0.7659231717897739
撏,燖,0.757647081294269
撏,摶,0.7501666338509732
撏,潯,0.748346151530492
撏,搏,0.7466731984012975
撏,摱,0.7389991999762614
撏,撘,0.7364798023162127
