char1,char2,similarity
撒,撒,1.0
撒,撤,0.7941075000397309
撒,儆,0.7550491958286245
撒,擏,0.7491208188204331
撒,瞮,0.7325092632367451
撒,馓,0.730309653721659
撒,撖,0.7301418154976633
撒,潵,0.7275555214537688
撒,糤,0.7202160955732964
撒,攖,0.7178072234243584
