char1,char2,similarity
撛,撛,1.0
撛,嫾,0.7918224451546283
撛,燐,0.791272472718224
撛,橉,0.7888685918404286
撛,暽,0.7754421354674935
撛,璘,0.7646294311913979
撛,憐,0.756798553889898
撛,繗,0.7518644584291941
撛,隣,0.7511851599110936
撛,嶙,0.7505534595379783
