char1,char2,similarity
撟,撟,1.0
撟,搚,0.781159227292274
撟,撊,0.7619525657935015
撟,憍,0.7616572493842217
撟,轎,0.7535846514983762
撟,擋,0.7507197844035166
撟,撢,0.750024793779598
撟,揣,0.7469092710826876
撟,燆,0.7458321980690205
撟,損,0.7413950729452384
