char1,char2,similarity
撙,撙,1.0
撙,樽,0.8534103294079486
撙,僔,0.8063093576316236
撙,澊,0.7950821875848447
撙,墫,0.7830381979389146
撙,壿,0.7609938605296208
撙,捭,0.7550392291951769
撙,揹,0.7467548431343101
撙,搏,0.7448942059367321
撙,噂,0.732734092756829
