char1,char2,similarity
撗,撗,1.0
撗,熿,0.789798769439571
撗,獚,0.7870230056270562
撗,墴,0.7808237148173813
撗,横,0.7723252442135292
撗,磺,0.7667618170909114
撗,摸,0.7644141883905519
撗,撞,0.7617211410338124
撗,慔,0.7615245811179173
撗,撲,0.7523663783898396
