char1,char2,similarity
撠,撠,1.0
撠,橶,0.815578358365808
撠,搛,0.7360916045591874
撠,撴,0.7287703401866731
撠,掓,0.7279880433426228
撠,懴,0.7213266369011755
撠,憞,0.7148297186192168
撠,撦,0.7140474395296956
撠,攕,0.7128391452641515
撠,搟,0.7112345419212964
