char1,char2,similarity
撦,撦,1.0
撦,擆,0.7912353539357153
撦,譇,0.7444957361795869
撦,墸,0.7437893071906373
撦,擁,0.7436604202203803
撦,攚,0.7292115370416603
撦,搟,0.7257508615144495
撦,撥,0.7248267986163834
撦,撶,0.7233544900175553
撦,捨,0.7219807187901821
