char1,char2,similarity
撥,撥,1.0
撥,潑,0.7734760849771297
撥,撦,0.7248267986163834
撥,墢,0.7123813907466638
撥,撴,0.7116546608333495
撥,擸,0.7088923396437108
撥,擱,0.7087625806049974
撥,撠,0.7079539702305557
撥,擜,0.7043057770786411
撥,攖,0.7027922648588873
