char1,char2,similarity
撡,撡,1.0
撡,攠,0.7245803109059562
撡,摻,0.7219758464403702
撡,拁,0.7137256221339894
撡,塨,0.7123834037996584
撡,擶,0.7122737587516416
撡,掬,0.7036858194080637
撡,撫,0.7022306533403244
撡,掏,0.7022002572926533
撡,擕,0.7020106222764874
