char1,char2,similarity
播,播,1.0
播,燔,0.7931267486504607
播,橎,0.7589749417636702
播,璠,0.754892486532238
播,噃,0.751222980258845
播,揝,0.7509336761462203
播,繙,0.7479572028811741
播,僠,0.7453407288390262
播,搐,0.7452535928004387
播,挥,0.7447778181586778
