char1,char2,similarity
撬,撬,1.0
撬,橇,0.8064129603957607
撬,擣,0.7149742265839247
撬,擕,0.7063665417263013
撬,撤,0.7018683221107553
撬,擬,0.7013376279956791
撬,擩,0.6992034094574089
撬,撮,0.6972869361757622
撬,攭,0.6962589809768038
撬,懓,0.6960727074515528
