char1,char2,similarity
撰,撰,1.0
撰,僎,0.7494525159589059
撰,馔,0.7342008728230326
撰,掸,0.7333101431064145
撰,捑,0.729033992302299
撰,授,0.7244274243249034
撰,損,0.723428466026703
撰,搣,0.7222618206683651
撰,挑,0.7221765307285323
撰,拂,0.7209319965492191
