char1,char2,similarity
撵,撵,1.0
撵,撪,0.7819825619319134
撵,揨,0.7500444925702838
撵,捍,0.7419734593751922
撵,捀,0.7397477387837297
撵,橭,0.7329134788088588
撵,擦,0.7319192353396975
撵,擮,0.728134046713794
撵,揍,0.7251426724306557
撵,撶,0.7226047782230741
