char1,char2,similarity
撶,撶,1.0
撶,墷,0.7546267415834855
撶,撪,0.7493045917727408
撶,櫙,0.7428332938449793
撶,攃,0.7382331047895223
撶,椲,0.7376281637344702
撶,撞,0.7373282070699998
撶,搄,0.736237405462169
撶,撗,0.7353096719877328
撶,慞,0.7347829152784121
