char1,char2,similarity
撹,撹,1.0
撹,撓,0.7451038402936965
撹,掼,0.7430185002828749
撹,摬,0.7415035348313983
撹,揜,0.7382089223025492
撹,愷,0.7367396950274095
撹,捾,0.7360610491354951
撹,擋,0.7348784868158159
撹,捖,0.7342929887630196
撹,損,0.7333351843556586
