char1,char2,similarity
撽,撽,1.0
撽,缴,0.7719729753343959
撽,擻,0.7706949503911148
撽,徼,0.7569078209685812
撽,墽,0.7512282242889757
撽,憿,0.7431740816954148
撽,檄,0.7389016610892774
撽,徵,0.7334862776911787
撽,曒,0.7316177133741287
撽,儌,0.7312482973373879
