char1,char2,similarity
擅,擅,1.0
擅,檀,0.8243516304741462
擅,儃,0.8164933677466493
擅,憻,0.8153844147862019
擅,襢,0.7791851994966019
擅,懔,0.7714985542231653
擅,攓,0.7621722485313287
擅,攅,0.7440861453524533
擅,擣,0.7431672643326773
擅,檩,0.733675673179199
