char1,char2,similarity
擀,擀,1.0
擀,檊,0.7322182982858508
擀,撴,0.7112744939274681
擀,澣,0.7089144116814976
擀,攚,0.7075570418008864
擀,搟,0.7052998702172483
擀,揿,0.703495363904371
擀,擋,0.7032424438476931
擀,擼,0.7023392613652101
擀,摶,0.7017011240790122
