char1,char2,similarity
擁,擁,1.0
擁,澭,0.7743626137436368
擁,撦,0.7436604202203803
擁,擦,0.720608958472006
擁,廱,0.7179965480007873
擁,噰,0.7177886618954958
擁,瘫,0.714404810838816
擁,撱,0.7132669776305269
擁,摤,0.7130302078131603
擁,攆,0.7126428627040685
