char1,char2,similarity
擃,擃,1.0
擃,攘,0.7970225660980247
擃,摬,0.7724080551558595
擃,擔,0.7671895015779134
擃,攢,0.7533246715055988
擃,摜,0.7527644936435889
擃,忀,0.7442814764892246
擃,撌,0.7436129165051184
擃,撗,0.742129042417528
擃,摣,0.7414438165967526
