char1,char2,similarity
撾,撾,1.0
撾,檛,0.8302741784327394
撾,攔,0.7615770142719328
撾,摳,0.7588584365015115
撾,擿,0.7560802786953849
撾,掆,0.7369580885173493
撾,摫,0.7284533797246584
撾,櫣,0.7227421605633623
撾,濄,0.7187900307539057
撾,擶,0.7161178379056566
