char1,char2,similarity
擉,擉,1.0
擉,镯,0.7765391503382326
擉,擇,0.7757606499263952
擉,襡,0.759699760496458
擉,獨,0.7580863461230044
擉,檡,0.7521562310951234
擉,挏,0.7508293470710852
擉,噣,0.7488603372080221
擉,燭,0.747733101790832
擉,捫,0.7461708321154376
