char1,char2,similarity
擌,擌,1.0
擌,擶,0.7548403967040322
擌,愥,0.7369040023611836
擌,摤,0.7368307919926341
擌,撲,0.7283564563311997
擌,慡,0.7198751647115543
擌,擕,0.7196002396878659
擌,擠,0.713361068596016
擌,撯,0.7128253447464403
擌,撾,0.711675368649866
