char1,char2,similarity
擐,擐,1.0
擐,糫,0.7701992685685018
擐,缳,0.7673739901403893
擐,獧,0.7640549355354005
擐,掼,0.75665875553183
擐,懁,0.7564959140426503
擐,損,0.7514965528256976
擐,掁,0.7499876446374212
擐,檈,0.74360310387166
擐,彋,0.7419177841810446
