char1,char2,similarity
操,操,1.0
操,缲,0.8023432043011195
操,燥,0.8014347648776576
操,懆,0.7887913590989828
操,揲,0.7767315158293056
操,橾,0.7748410893436234
操,搡,0.7742639742043919
操,摞,0.7700826542620482
操,璪,0.7645352259679693
操,提,0.7573203731808285
