char1,char2,similarity
擈,擈,1.0
擈,摷,0.786697698036134
擈,撲,0.7777883595606573
擈,搡,0.766366874162509
擈,撔,0.7453752733107751
擈,摬,0.742070743921309
擈,挨,0.7420535593052078
擈,掇,0.7412077461804084
擈,捵,0.7411346346181931
擈,擃,0.7411303693170403
