char1,char2,similarity
擑,擑,1.0
擑,撖,0.7465282041582136
擑,诹,0.7321713886793019
擑,搬,0.7278930867862133
擑,揶,0.7263786306485623
擑,搣,0.723437654974084
擑,橄,0.7210304739716049
擑,摵,0.714692854276782
擑,揻,0.7137762882604257
擑,撒,0.7125789603856513
