char1,char2,similarity
擔,擔,1.0
擔,儋,0.8248115641469618
擔,噡,0.7824303274800772
擔,檐,0.7802917754224906
擔,擃,0.7671895015779134
擔,憺,0.7619347408303828
擔,掋,0.7531258579308436
擔,擄,0.7514287894290718
擔,揻,0.7439407536538113
擔,嶦,0.7410906334150157
