char1,char2,similarity
擖,擖,1.0
擖,嶱,0.767176256945174
擖,噶,0.7568516304688738
擖,獦,0.7506926565887057
擖,摛,0.737795835237971
擖,抂,0.7376735570900264
擖,掗,0.7371828430694052
擖,撎,0.7367773554149362
擖,橫,0.7353877895185735
擖,框,0.735208056240323
