char1,char2,similarity
擕,擕,1.0
擕,懏,0.7790242982836663
擕,擩,0.768132096615923
擕,樯,0.7497955819789243
擕,懦,0.7447503789477298
擕,擒,0.744261721412719
擕,擶,0.7441044968407766
擕,擣,0.7428338312046707
擕,攔,0.7413014762583154
擕,襦,0.7398805222131143
