char1,char2,similarity
擙,擙,1.0
擙,搝,0.8133682938974961
擙,懊,0.8094210542795393
擙,摸,0.7739885489783022
擙,噢,0.7685381893900602
擙,挗,0.7632070710695963
擙,揳,0.7574263722176442
擙,捿,0.7547891749507405
擙,拽,0.7536915751140324
擙,揍,0.7489928060259181
