char1,char2,similarity
擘,擘,1.0
擘,躄,0.777968415523058
擘,掔,0.7768278005486909
擘,挲,0.75867904282936
擘,拳,0.750452744547083
擘,軍,0.746934872182013
擘,譬,0.746222109989396
擘,挈,0.745816047887332
擘,挚,0.7380745275513466
擘,挐,0.7330882041771759
