char1,char2,similarity
擝,擝,1.0
擝,搵,0.7509641767705872
擝,揾,0.7490824759182567
擝,掹,0.7464604104403074
擝,搕,0.7384871486308868
擝,掤,0.7384691870263649
擝,捓,0.734190533227131
擝,挧,0.7313701075442269
擝,揰,0.7310719097133486
擝,摞,0.7308914127977012
