char1,char2,similarity
擣,擣,1.0
擣,璹,0.8389493865832375
擣,壔,0.8384153511973349
擣,嚋,0.7960799750914964
擣,檮,0.7804509212546406
擣,隯,0.7781501241111767
擣,濤,0.7781164103507447
擣,懤,0.7732185320952703
擣,擅,0.7431672643326773
擣,擕,0.7428338312046707
