char1,char2,similarity
擞,擞,1.0
擞,撤,0.7338917126455733
擞,擻,0.7326355084526773
擞,撽,0.7251875466001484
擞,徶,0.7246346133584564
擞,憿,0.7243760469488306
擞,橄,0.7228171732471557
擞,撇,0.7222041376661056
擞,撖,0.7146872193321971
擞,墽,0.7144108421312466
