char1,char2,similarity
擟,擟,1.0
擟,襧,0.8249716308145243
擟,嬭,0.7700242755367854
擟,禰,0.7645727230500056
擟,镾,0.7620041915388316
擟,隬,0.7553318193235913
擟,捅,0.7460578118881334
擟,抑,0.7456528309015724
擟,捕,0.7434730037974936
擟,怲,0.7410987477322418
