char1,char2,similarity
擡,擡,1.0
擡,懛,0.8354912194401587
擡,擤,0.7619865026301692
擡,攪,0.7514089469281753
擡,儓,0.747925188966025
擡,蠆,0.7328070298600206
擡,攖,0.7273498025735807
擡,擒,0.7242511068084337
擡,愶,0.7236630746270586
擡,脣,0.7208993049144475
