char1,char2,similarity
擠,擠,1.0
擠,穧,0.7867397826362511
擠,懠,0.7846696552478368
擠,儕,0.7767965433381971
擠,臍,0.7754524972506287
擠,濟,0.7747211339109009
擠,櫅,0.7648927535232263
擠,璾,0.7556417530393115
擠,隮,0.7533305654598469
擠,撩,0.7480962292664879
