char1,char2,similarity
擪,擪,1.0
擪,嬮,0.7346845721420016
擪,藦,0.7241366718950506
擪,靨,0.7228552384987389
擪,厴,0.715904193229588
擪,檿,0.7148066500938139
擪,羼,0.7044648267268613
擪,譍,0.6994510095650647
擪,饜,0.6977604614849061
擪,屪,0.6945098891743803
