char1,char2,similarity
擨,擨,1.0
擨,擫,0.6996134348621967
擨,撇,0.6841908501034424
擨,谳,0.6749636185730408
擨,胍,0.6685398070704692
擨,嫰,0.6669232839832415
擨,悳,0.6668784504984424
擨,脈,0.6668143829051224
擨,磝,0.6648660311571201
擨,此,0.6647149071174412
