char1,char2,similarity
擭,擭,1.0
擭,嬳,0.7846329908739494
擭,矆,0.7635418488731139
擭,欍,0.7554224261462784
擭,鑊,0.7449042131675523
擭,檴,0.7343166366958755
擭,穫,0.7236426017301674
擭,嚄,0.7234278495877138
擭,擅,0.7166415305008467
擭,擤,0.7140900312263148
