char1,char2,similarity
擮,擮,1.0
擮,插,0.731022904818089
擮,擈,0.7286298098257866
擮,撵,0.728134046713794
擮,掓,0.7241799049083211
擮,摵,0.7233799517408284
擮,搤,0.7170041785107534
擮,瀻,0.7167439303850153
擮,摆,0.7126090413202699
擮,蠘,0.710281291088181
