char1,char2,similarity
擧,擧,1.0
擧,臖,0.7645070942780945
擧,舉,0.7360836654076391
擧,量,0.7286480878767264
擧,摮,0.7244996979731106
擧,揫,0.7230172619834461
擧,攣,0.7198817437550189
擧,摹,0.719270197786244
擧,摯,0.7174776857054695
擧,辠,0.7174570361344398
