char1,char2,similarity
擯,擯,1.0
擯,檳,0.7455598527642819
擯,殯,0.7403892273410241
擯,攅,0.7302225012778274
擯,搅,0.7210264050212645
擯,悽,0.717447348538412
擯,擰,0.7160100637031568
擯,摤,0.7154187756730698
擯,攫,0.7150448671909249
擯,挤,0.711334991875129
