char1,char2,similarity
擫,擫,1.0
擫,嚈,0.7479715704314615
擫,撅,0.7330479728463821
擫,懨,0.7227615171882623
擫,擨,0.6996134348621967
擫,冕,0.6879603926037194
擫,撇,0.6863374142799583
擫,魇,0.6835475268315954
擫,厘,0.6784496165460305
擫,谳,0.6779539974507656
