char1,char2,similarity
擲,擲,1.0
擲,搠,0.7002666230544399
擲,躑,0.698010836077489
擲,攧,0.6877277701826853
擲,峫,0.6865998520622439
擲,攏,0.6858716399401966
擲,擠,0.6835694206355958
擲,妍,0.68112777906863
擲,擣,0.6771676855327452
擲,擏,0.6742281477178345
