char1,char2,similarity
擷,擷,1.0
擷,撷,0.8559703319441995
擷,纈,0.7343544200694199
擷,瀕,0.733359753660315
擷,噸,0.7269139345998135
擷,擏,0.7244481061657766
擷,攧,0.7235904626862206
擷,瀬,0.7173613294961488
擷,瀩,0.7136365156144049
擷,掀,0.7047024396333013
