char1,char2,similarity
擳,擳,1.0
擳,瀄,0.7460094780167957
擳,攌,0.7147358775723457
擳,擱,0.7141912746157064
擳,搠,0.7041281679633207
擳,拁,0.7026159566190355
擳,撽,0.7005391086656364
擳,撫,0.6985803922098275
擳,攋,0.6940287172275147
擳,擶,0.6938574377783766
