char1,char2,similarity
擿,擿,1.0
擿,撾,0.7560802786953849
擿,檛,0.7332686777104942
擿,瓋,0.7306344784394573
擿,攎,0.7231159130005226
擿,撻,0.7221109654327864
擿,櫣,0.7179306917694689
擿,攔,0.7164521020812692
擿,撊,0.7111421851906854
擿,攆,0.7041970503341616
