char1,char2,similarity
攂,攂,1.0
攂,摞,0.7273119683550747
攂,摑,0.7214785340021795
攂,攑,0.7197138914293907
攂,攄,0.7174058872194725
攂,摾,0.7157517499055915
攂,攎,0.7131338686439159
攂,攖,0.7129768534792887
攂,掲,0.7126739095982892
攂,摨,0.7111919361139287
