char1,char2,similarity
擼,擼,1.0
擼,橹,0.7875815743574562
擼,櫓,0.7835556406383797
擼,撸,0.7633699652982071
擼,澛,0.7435634486029432
擼,瀂,0.7435373065117487
擼,嚕,0.7354440237601562
擼,镥,0.7344419366370006
擼,攚,0.7338266446141944
擼,搘,0.7323142032728228
