char1,char2,similarity
攆,攆,1.0
攆,攅,0.802755502359581
攆,撢,0.7306177287934655
攆,攬,0.7176531091181027
攆,攄,0.7171715117379013
攆,撦,0.7156883048138502
攆,擋,0.7137840834755272
攆,擁,0.7126428627040685
攆,撵,0.7123168697850084
攆,攎,0.7116348572622782
