char1,char2,similarity
攈,攈,1.0
攈,攗,0.8357172904794161
攈,攟,0.7720878879811999
攈,攜,0.7204418941392092
攈,攛,0.7171924128212598
攈,攇,0.7159586002416851
攈,攐,0.706507543406671
攈,攍,0.7033829807238016
攈,磧,0.7011336420836138
攈,攘,0.6974854927729676
