char1,char2,similarity
攍,攍,1.0
攍,攇,0.7611358609074134
攍,擼,0.7299593760536186
攍,攁,0.7289809204833432
攍,擾,0.7184151245531927
攍,挺,0.718384574046754
攍,擅,0.7152768956677422
攍,攛,0.7143885731471564
攍,攅,0.7141061030447277
攍,蛗,0.7115780159209536
