char1,char2,similarity
攉,攉,1.0
攉,擢,0.7652686050471632
攉,撑,0.7630605139135701
攉,曤,0.7590108626633206
攉,嚯,0.7527008162671749
攉,臛,0.7477325259095902
攉,擩,0.7467407779742908
攉,瀖,0.7412454221694909
攉,撂,0.7395141536128391
攉,摴,0.7371051326310438
