char1,char2,similarity
攑,攑,1.0
攑,摨,0.7223917580660265
攑,攂,0.7197138914293907
攑,捧,0.7192104312386741
攑,擼,0.7188432657627913
攑,撶,0.7171505788001108
攑,攅,0.7156764343393335
攑,攄,0.7155612261047952
攑,擡,0.7127090212806453
攑,攆,0.7111405767694573
