char1,char2,similarity
攕,攕,1.0
攕,櫼,0.8337045175762995
攕,懺,0.8316709332699864
攕,襳,0.772358207621414
攕,孅,0.7673715408607332
攕,殲,0.7152161103559772
攕,撠,0.7128391452641515
攕,撒,0.7114333018198148
攕,懴,0.7104219143797619
攕,槭,0.7090788640090376
