char1,char2,similarity
攏,攏,1.0
攏,壠,0.7437209777578088
攏,儱,0.7246833111595465
攏,曨,0.7234001373620853
攏,嚨,0.7226801015876073
攏,徿,0.7078416586356041
攏,瀧,0.7047613485025135
攏,瓏,0.6985715543838907
攏,爖,0.6928968979911934
攏,扈,0.6899061665035993
