char1,char2,similarity
攟,攟,1.0
攟,攈,0.7720878879811999
攟,攗,0.7525468694653858
攟,攧,0.7177723990571452
攟,壥,0.7143992363032134
攟,攬,0.7130567055271511
攟,攌,0.7119883303622828
攟,攄,0.7026467772403695
攟,攊,0.7021842744598047
攟,擵,0.697527348615485
