char1,char2,similarity
攝,攝,1.0
攝,懾,0.7927627149454802
攝,囁,0.7727157615053437
攝,灄,0.7688424921865508
攝,襵,0.7247260711231024
攝,曅,0.7063291051653707
攝,攋,0.703438940722474
攝,攊,0.7007010464758339
攝,攌,0.7006988838365407
攝,畕,0.7001317109193008
