char1,char2,similarity
攚,攚,1.0
攚,撯,0.7729870848571002
攚,櫿,0.7517344247772054
攚,懎,0.7428763983983577
攚,擠,0.7380595812582355
攚,攙,0.7377396297827621
攚,攢,0.7363166007528071
攚,擼,0.7338266446141944
攚,擔,0.7310640903757948
攚,揩,0.7302781305997698
