char1,char2,similarity
攠,攠,1.0
攠,擵,0.7643235409383242
攠,戂,0.7611683999395131
攠,灖,0.73367265811656
攠,孊,0.7297675345138361
攠,摭,0.7280914026852779
攠,撡,0.7245803109059562
攠,撱,0.7126373508485262
攠,摤,0.7125572031032686
攠,攄,0.7123851511455295
