char1,char2,similarity
攪,攪,1.0
攪,灚,0.7864529537187085
攪,擡,0.7514089469281753
攪,攬,0.7404852465495995
攪,攖,0.737612919956181
攪,榄,0.7254307893487846
攪,揽,0.7199975814543202
攪,攫,0.7182176133264693
攪,攚,0.7161693683992411
攪,握,0.7137359794263111
