char1,char2,similarity
攨,攨,1.0
攨,擅,0.7298706319344866
攨,擣,0.7112222563089483
攨,攄,0.6994556656552703
攨,憻,0.6932847113164066
攨,摡,0.6921070903092175
攨,搚,0.690382645940231
攨,擕,0.6891962939369213
攨,攘,0.68890696427994
攨,橛,0.6888468503567836
