char1,char2,similarity
攣,攣,1.0
攣,卛,0.7358407130054073
攣,曫,0.7290331159366289
攣,灓,0.7238933117281803
攣,撆,0.723115522865589
攣,摮,0.7217480732009592
攣,揱,0.7210606831129519
攣,擧,0.7198817437550189
攣,撃,0.7165834420713125
攣,摰,0.7123359565589966
