char1,char2,similarity
攩,攩,1.0
攩,戃,0.8141150525289143
攩,曭,0.7658376196372615
攩,灙,0.7505278482198394
攩,撲,0.7258961307939954
攩,搗,0.7134189507292095
攩,撫,0.7131015570543195
攩,摤,0.7109135548368657
攩,掩,0.7089491626672407
攩,撪,0.7082048949880757
