char1,char2,similarity
攰,攰,1.0
攰,赲,0.7815489498771436
攰,劼,0.7587303701544955
攰,趈,0.7378749353394597
攰,朸,0.7359248962325203
攰,勀,0.7358206828919444
攰,赹,0.7319549956964194
攰,趔,0.7280180617157952
攰,廴,0.7272089268703456
攰,忇,0.7235530053414296
