char1,char2,similarity
攬,攬,1.0
攬,囕,0.7502791103265508
攬,攪,0.7404852465495995
攬,爦,0.7262477363192704
攬,攌,0.7255362654237896
攬,灠,0.7215466286470705
攬,攅,0.7176642819826045
攬,攆,0.7176531091181027
攬,攫,0.7148280905548422
攬,懚,0.7144162932639517
