char1,char2,similarity
攮,攮,1.0
攮,灢,0.795822256473092
攮,儾,0.792993353144316
攮,囔,0.7682939796409327
攮,欜,0.767740111811931
攮,馕,0.7310008312054829
攮,攙,0.7226358700483069
攮,援,0.7165089919927006
攮,揾,0.7111307836017181
攮,撄,0.7104150071151186
