char1,char2,similarity
支,支,1.0
支,攴,0.8268498204817354
支,交,0.8206360121186058
支,芠,0.8131237644982462
支,攵,0.8014721738125201
支,友,0.7877671217235503
支,艾,0.7859785342900001
支,兂,0.7845115921702813
支,吉,0.7840404438672858
支,仧,0.7825000192091075
