char1,char2,similarity
攲,攲,1.0
攲,敧,0.827816133923169
攲,欹,0.76012622833757
攲,翄,0.7485297137317273
攲,馶,0.7367843036562386
攲,鼔,0.732909089199477
攲,敆,0.7215039983468168
攲,鼓,0.7198506886557716
攲,节,0.7197097748537087
攲,螤,0.7167878834517218
