char1,char2,similarity
攭,攭,1.0
攭,欚,0.709168828075069
攭,攂,0.7053406080164218
攭,樗,0.7032760342932415
攭,攫,0.7011571192975582
攭,擠,0.700817771446146
攭,撤,0.6989471666357084
攭,握,0.6982059255074852
攭,撬,0.6962589809768038
攭,擰,0.6957678780005478
