char1,char2,similarity
攳,攳,1.0
攳,翅,0.7217665675400107
攳,攰,0.7140057824237467
攳,趞,0.701256149129874
攳,糧,0.7003683579588457
攳,霆,0.6976115351146648
攳,慢,0.6915911208349506
攳,嫚,0.6910242511767005
攳,趕,0.6909764697306546
攳,赾,0.6906273977478198
