char1,char2,similarity
攻,攻,1.0
攻,坆,0.8165911386446457
攻,呚,0.813905288816763
攻,孜,0.7852725805982652
攻,汷,0.7814019662263909
攻,坟,0.7797385491281335
攻,蚊,0.7788268143617487
攻,收,0.7743970427879728
攻,改,0.7652645242476759
攻,炆,0.7627639347763508
