char1,char2,similarity
攸,攸,1.0
攸,攼,0.7858587603651095
攸,故,0.7803416772346751
攸,牧,0.7741948669894027
攸,效,0.7733579024379255
攸,伖,0.7683617738990572
攸,佔,0.7648026603303852
攸,伫,0.7641751626189243
攸,伋,0.7614179263377555
攸,伷,0.760840617648569
