char1,char2,similarity
放,放,1.0
放,畋,0.7762695679110349
放,故,0.763430665275268
放,敗,0.7546830217408743
放,攼,0.7542345568732378
放,攸,0.7536793646039456
放,於,0.7523462312326946
放,攽,0.7514066879029917
放,敢,0.749669666688985
放,牧,0.7387219706890323
