char1,char2,similarity
政,政,1.0
政,故,0.7625904684473331
政,攺,0.7625502799134095
政,玫,0.7554566827532121
政,攷,0.7496635615697594
政,攼,0.7402730004294488
政,牧,0.738919038106461
政,效,0.7361762136730038
政,魰,0.7359597139023805
政,敌,0.7348375264319666
