char1,char2,similarity
攷,攷,1.0
攷,攺,0.8162490121026744
攷,敀,0.78375052649578
攷,致,0.755119318531727
攷,攼,0.7534643853608849
攷,故,0.7497738881468666
攷,政,0.7496635615697594
攷,攸,0.7443304486890593
攷,炆,0.7431487409030422
攷,玫,0.7383440528281925
