char1,char2,similarity
攽,攽,1.0
攽,敋,0.7692158518002465
攽,敗,0.7584948463870925
攽,敂,0.7519119898434382
攽,放,0.7514066879029917
攽,敖,0.7509646652797292
攽,敚,0.7486712016199137
攽,败,0.745856651279841
攽,敘,0.7457136786744808
攽,散,0.743692390904512
