char1,char2,similarity
效,效,1.0
效,攸,0.7733579024379255
效,攼,0.7637641199453941
效,敖,0.7415333207492437
效,敫,0.7403469926357922
效,故,0.7374575626549057
效,政,0.7361762136730038
效,炆,0.7361469352357363
效,败,0.7347043103327419
效,放,0.7295690133632422
