char1,char2,similarity
敀,敀,1.0
敀,攺,0.8016331550962067
敀,攷,0.78375052649578
敀,蚊,0.7831190351354732
敀,魰,0.7795759532491469
敀,故,0.7661009703523289
敀,紋,0.7611032105958722
敀,收,0.7604128156039958
敀,枚,0.7580770964157973
敀,敉,0.7567008880435764
