char1,char2,similarity
敄,敄,1.0
敄,敚,0.790575100203463
敄,敩,0.7714601141569626
敄,敘,0.7672339561571437
敄,敃,0.7589635375490426
敄,敹,0.7573245190582263
敄,敂,0.7551313374167535
敄,敜,0.750932661304288
敄,敭,0.748551451045963
敄,敋,0.7467671300782067
