char1,char2,similarity
故,故,1.0
故,敌,0.7970311021006845
故,牧,0.7895675798809207
故,攸,0.7803416772346751
故,敀,0.7661009703523289
故,放,0.763430665275268
故,攺,0.7628601002491551
故,政,0.7625904684473331
故,枚,0.7550166327292618
故,畋,0.7527661634448938
