char1,char2,similarity
敆,敆,1.0
敆,敍,0.8265773054991501
敆,敊,0.8051606233566007
敆,鈙,0.7931559127386923
敆,鈘,0.777748451350557
敆,佊,0.7493316175177783
敆,攱,0.7449380925025217
敆,跂,0.7380408652965484
敆,鉸,0.7369516239714206
敆,诐,0.7299357487773854
