char1,char2,similarity
敒,敒,1.0
敒,僌,0.8128216533755043
敒,僘,0.7524682460754529
敒,幑,0.743093519813759
敒,墩,0.7418158171989561
敒,徵,0.7300468522163794
敒,檄,0.7256286080296145
敒,擻,0.7247912118068925
敒,潄,0.7234550676908483
敒,慠,0.72020594667243
