char1,char2,similarity
敊,敊,1.0
敊,敍,0.8088192220197685
敊,敆,0.8051606233566007
敊,鈙,0.761957449890594
敊,叔,0.7582166803262016
敊,鈘,0.7535412370369917
敊,攱,0.7417634172654998
敊,卄,0.7413851592413082
敊,跂,0.7356426892839236
敊,佊,0.7344993750605153
