char1,char2,similarity
敍,敍,1.0
敍,敆,0.8265773054991501
敍,敊,0.8088192220197685
敍,敘,0.7943538450128009
敍,鈙,0.7835233680733361
敍,鈘,0.7630828549369193
敍,攱,0.7484984699914561
敍,跂,0.7456653557690229
敍,佊,0.7391719314782231
敍,釷,0.7339257045806401
