char1,char2,similarity
敋,敋,1.0
敋,敂,0.7917721150858
敋,敨,0.7870093794960166
敋,攽,0.7692158518002465
敋,敘,0.7682180807774514
敋,散,0.7618216463130766
敋,敩,0.7551768730399243
敋,敇,0.7484905333453199
敋,敚,0.7472350892582277
敋,敄,0.7467671300782067
