char1,char2,similarity
敌,敌,1.0
敌,故,0.7970311021006845
敌,畋,0.7671413860235797
敌,攺,0.746068703546416
敌,攼,0.7442778057123814
敌,放,0.7381187639619948
敌,敛,0.7375306736405013
敌,政,0.7348375264319666
敌,致,0.7270976900592521
敌,頢,0.7261433835279377
