char1,char2,similarity
敗,敗,1.0
敗,败,0.7916319692263809
敗,敔,0.7756245669611436
敗,賋,0.7733640864179616
敗,敢,0.7718428981971288
敗,畋,0.7633860707660145
敗,攽,0.7584948463870925
敗,放,0.7546830217408743
敗,敖,0.7519426747439513
敗,攼,0.7496023343590861
