char1,char2,similarity
敔,敔,1.0
敔,敗,0.7756245669611436
敔,攼,0.7479524578072699
敔,散,0.7473920200465647
敔,敖,0.7434251575279744
敔,敐,0.7358384578537424
敔,敏,0.7353842068388426
敔,敋,0.7320215774364004
敔,敳,0.7303885379816721
敔,敓,0.7303243605416241
