char1,char2,similarity
敚,敚,1.0
敚,敄,0.790575100203463
敚,敃,0.7691091662121037
敚,敩,0.7555958438539034
敚,攽,0.7486712016199137
敚,敋,0.7472350892582277
敚,敹,0.7459403332305591
敚,浟,0.7443607416761759
敚,敜,0.7436125788735678
敚,敂,0.7423706878509622
