char1,char2,similarity
敜,敜,1.0
敜,敘,0.7801675953721069
敜,敩,0.7672404225494592
敜,敃,0.7565380037074413
敜,敂,0.7561338415952865
敜,敇,0.752695260637858
敜,敄,0.750932661304288
敜,敚,0.7436125788735678
敜,斂,0.7432463533115968
敜,敋,0.7399470135870606
