char1,char2,similarity
敞,敞,1.0
敞,敝,0.7838654975611803
敞,敳,0.750239033771375
敞,赦,0.749448589019609
敞,敃,0.7443097998245037
敞,敵,0.7388512079958429
敞,贁,0.7319611461243519
敞,敲,0.7269574294367276
敞,敹,0.7254325294298314
敞,敇,0.7231101028380003
