char1,char2,similarity
敟,敟,1.0
敟,敃,0.746005841635747
敟,敳,0.7346639524382623
敟,斂,0.7345769352416848
敟,炍,0.7271115284609999
敟,敵,0.7269045188830877
敟,蛝,0.7264345608443632
敟,浟,0.7246389998872175
敟,敹,0.7231115234059416
敟,蛂,0.7214068773591868
