char1,char2,similarity
散,散,1.0
散,敋,0.7618216463130766
散,敂,0.7584081430858984
散,敖,0.7500627457434821
散,敛,0.7481379244594537
散,敔,0.7473920200465647
散,攽,0.743692390904512
散,敏,0.7432779370001983
散,啟,0.7420291711194702
散,赦,0.7383703598495331
