char1,char2,similarity
敦,敦,1.0
敦,教,0.7708352448276273
敦,敏,0.7620562159749174
敦,敫,0.7593218350749479
敦,敘,0.7558991735783661
敦,败,0.7558760076899323
敦,啟,0.7507877479730395
敦,敢,0.749646216171832
敦,敗,0.749457840913132
敦,孰,0.7490539966965957
