char1,char2,similarity
敪,敪,1.0
敪,敠,0.7726190895937147
敪,欼,0.7201722366539549
敪,激,0.7046545452077883
敪,敿,0.7037858091798265
敪,漵,0.7025800673121023
敪,潋,0.7020864212421964
敪,蘞,0.7002378713033937
敪,滧,0.6990987163024578
敪,漖,0.6973327319286537
