char1,char2,similarity
敫,敫,1.0
敫,败,0.7718436554075978
敫,敏,0.7605276693529831
敫,敦,0.7593218350749479
敫,敖,0.7496049167121285
敫,效,0.7403469926357922
敫,数,0.7376196910857672
敫,啟,0.7371276671157876
敫,畋,0.7337683466820683
敫,敛,0.7333853755030201
