char1,char2,similarity
敬,敬,1.0
敬,敦,0.7302272088463793
敬,敂,0.7256676034561047
敬,散,0.7215397425394993
敬,歆,0.7212721826902585
敬,敏,0.7195125639454155
敬,敭,0.7192321244597977
敬,臤,0.7136258189468402
敬,敨,0.7125793284262049
敬,欨,0.7083607367433058
