char1,char2,similarity
敩,敩,1.0
敩,敘,0.7736803138397809
敩,敄,0.7714601141569626
敩,敜,0.7672404225494592
敩,敂,0.7591236130904842
敩,敚,0.7555958438539034
敩,敋,0.7551768730399243
敩,敭,0.7525489643578593
敩,敇,0.7355318649589018
敩,敦,0.7325399915783921
