char1,char2,similarity
敹,敹,1.0
敹,敳,0.7580126140111039
敹,敄,0.7573245190582263
敹,敚,0.7459403332305591
敹,敂,0.7375380363018995
敹,敃,0.7351139154232778
敹,斂,0.7310451966108604
敹,敾,0.7310224696362271
敹,敘,0.7303151508645784
敹,斁,0.7297022800616383
