char1,char2,similarity
敶,敶,1.0
敶,噭,0.7486356085416531
敶,僌,0.7427068129202775
敶,潡,0.7288979496677925
敶,潄,0.7247929151798447
敶,噋,0.7227159460931007
敶,陬,0.7214328221780736
敶,澂,0.7208219603456479
敶,曒,0.7198017651949996
敶,暾,0.7196775333088523
