char1,char2,similarity
敺,敺,1.0
敺,敠,0.7261341304145675
敺,斅,0.7086365919457498
敺,敯,0.7056418847739476
敺,睱,0.703382635915533
敺,皽,0.6938796976209266
敺,敼,0.693417506587098
敺,翍,0.6923614970270185
敺,敽,0.6904619379600077
敺,町,0.6896944932742152
