char1,char2,similarity
敲,敲,1.0
敲,敵,0.7417329918862579
敲,敞,0.7269574294367276
敲,敱,0.7171561098956535
敲,跛,0.7170106761014216
敲,皶,0.7163882566661255
敲,蔽,0.7134675735689732
敲,敧,0.7064805810735787
敲,翄,0.7062039713945444
敲,皵,0.7024228709639359
