char1,char2,similarity
敳,敳,1.0
敳,敱,0.8012485501648936
敳,敹,0.7580126140111039
敳,敝,0.7554738530732058
敳,敞,0.750239033771375
敳,斁,0.748033532593176
敳,斂,0.7477015275548133
敳,數,0.7474748753702064
敳,敐,0.7361657646624608
敳,敟,0.7346639524382623
