char1,char2,similarity
數,數,1.0
數,敳,0.7474748753702064
數,敵,0.7411942795059725
數,敐,0.7372992572126159
數,敓,0.7370683754114348
數,敹,0.7294241364458923
數,敃,0.7290183659282705
數,敎,0.7240799672130669
數,斂,0.7229389067906142
數,敂,0.7225295541736366
