char1,char2,similarity
敽,敽,1.0
敽,敿,0.7721150794540941
敽,斀,0.7666699329235835
敽,敡,0.7293341414229032
敽,敱,0.72326013783359
敽,敯,0.7225866300041786
敽,皾,0.7138917990674497
敽,皻,0.7038196821716927
敽,斅,0.7019311467890773
敽,敥,0.6988435582574057
