char1,char2,similarity
斄,斄,1.0
斄,孷,0.7137785329006624
斄,廙,0.7002422287449682
斄,筽,0.6982593689755809
斄,漦,0.6974324727348855
斄,箕,0.6917154117781554
斄,義,0.6896143863066333
斄,筫,0.6893266963733099
斄,鷓,0.68920144510279
斄,鸕,0.6886246016179813
