char1,char2,similarity
斁,斁,1.0
斁,斆,0.766980234897042
斁,歝,0.7600580895274298
斁,敎,0.7493028130469247
斁,敳,0.748033532593176
斁,斂,0.738965116743716
斁,敐,0.7362453461176475
斁,敇,0.7304031502085947
斁,敹,0.7297022800616383
斁,敘,0.7292824844899665
