char1,char2,similarity
敿,敿,1.0
敿,敽,0.7721150794540941
敿,澉,0.7165951710331648
敿,漵,0.7150689566405081
敿,傲,0.7039344008238804
敿,敪,0.7037858091798265
敿,倣,0.700354923809529
敿,潋,0.6976882663747401
敿,噉,0.6957208546462826
敿,潄,0.6948313136705733
