char1,char2,similarity
斃,斃,1.0
斃,臰,0.7181016463769908
斃,彆,0.7024431531390222
斃,勢,0.6806091490656081
斃,鷩,0.6763168927032626
斃,完,0.6745708992538304
斃,竻,0.6729189429711543
斃,瞥,0.6709059492082943
斃,鱉,0.6690162649622766
斃,爽,0.6679132859891236
