char1,char2,similarity
文,文,1.0
文,义,0.8290220554950763
文,丈,0.8225112431388851
文,亣,0.8087002388842081
文,交,0.7987393852442342
文,父,0.7958253859427245
文,艾,0.791749560059823
文,攵,0.7915740239145936
文,乛,0.7887291317361901
文,宀,0.7841741616160481
