char1,char2,similarity
斏,斏,1.0
斏,烺,0.834088746222829
斏,娘,0.7633716421831371
斏,琅,0.761342755633456
斏,桹,0.7575562058103865
斏,哴,0.754051173929392
斏,悢,0.74125426087773
斏,誏,0.7394743559085465
斏,熍,0.7201167219185715
斏,跩,0.7164572238778217
