char1,char2,similarity
斊,斊,1.0
斊,斉,0.7556018703554319
斊,螡,0.7450336175587272
斊,聋,0.7424454221261505
斊,聓,0.7391092240689902
斊,葦,0.738331516664204
斊,齑,0.7379812778995816
斊,葺,0.7327228894054382
斊,眘,0.7262985865046491
斊,蚉,0.7240824726119917
