char1,char2,similarity
斌,斌,1.0
斌,娬,0.8176832396997102
斌,珷,0.7758514698364981
斌,碔,0.7667945616412778
斌,陚,0.7619378150516501
斌,汽,0.7250666241063386
斌,凤,0.7157494293859578
斌,繊,0.7151616142442547
斌,弒,0.7078094101042333
斌,呲,0.7077471499810309
