char1,char2,similarity
斍,斍,1.0
斍,覮,0.7614713659759224
斍,齑,0.7473996969062758
斍,貰,0.7381239208340875
斍,貴,0.735677855954089
斍,煑,0.735196566527569
斍,冝,0.734877965301563
斍,覺,0.7284200262650015
斍,亙,0.7260381179053051
斍,竟,0.7259911776927965
