char1,char2,similarity
料,料,1.0
料,科,0.8251679278555066
料,钭,0.7758381439130221
料,籸,0.7649279196279603
料,村,0.7540398270159169
料,粀,0.7524761917294747
料,衬,0.7523968278203583
料,紏,0.7521716223366232
料,炓,0.7514596954274327
料,呌,0.7513038676791358
