char1,char2,similarity
斒,斒,1.0
斒,媥,0.7241627701250619
斒,塊,0.7155644740656895
斒,编,0.7055810195494698
斒,骗,0.7050076292657232
斒,徧,0.7048369160948326
斒,唳,0.7041512588157324
斒,塶,0.7038542686582506
斒,悷,0.7003256826789103
斒,扄,0.6983876122881949
