char1,char2,similarity
斑,斑,1.0
斑,班,0.8258335560941835
斑,毌,0.7325933710981755
斑,皿,0.7312320293097933
斑,菹,0.7308344141406165
斑,王,0.7163007909890015
斑,正,0.7149470583914339
斑,芖,0.7146825773557972
斑,工,0.7115291202287071
斑,夿,0.7097866032395702
