char1,char2,similarity
斓,斓,1.0
斓,谰,0.7128531812487987
斓,斕,0.708408728182267
斓,潤,0.7079148185776205
斓,爛,0.7052949579536533
斓,瀾,0.7047957441295225
斓,蛧,0.7044341259791862
斓,润,0.7027185291879734
斓,灁,0.7017857950065359
斓,蝈,0.7008862425983923
