char1,char2,similarity
斖,斖,1.0
斖,謩,0.7051528540137788
斖,饔,0.7003947752657816
斖,罣,0.6977506271294881
斖,罝,0.6963444534474932
斖,巠,0.6910617464250879
斖,吞,0.6891316027882481
斖,鴍,0.6866719678126264
斖,熭,0.6863261527148851
斖,奝,0.6856199842914565
