char1,char2,similarity
斠,斠,1.0
斠,斢,0.7183083763655668
斠,高,0.7023146486249376
斠,斣,0.7012346636773866
斠,叫,0.6988218996480816
斠,唞,0.6951684824208213
斠,斟,0.6950406888383287
斠,泰,0.6928414101003412
斠,申,0.6904167634576743
斠,婧,0.6825188021915537
