char1,char2,similarity
斡,斡,1.0
斡,乾,0.7680345405762078
斡,韩,0.7469731894524009
斡,乹,0.7463080123140143
斡,戟,0.7321583035459236
斡,倝,0.7265376288595097
斡,尌,0.7160430200855854
斡,耓,0.7106873034295434
斡,亁,0.7079088652766745
斡,軺,0.7054416146045078
