char1,char2,similarity
斛,斛,1.0
斛,觓,0.7946784738385692
斛,魝,0.7406552372502143
斛,斜,0.7330087218985558
斛,斞,0.716583818932813
斛,觔,0.7124279067494776
斛,斘,0.708244656914073
斛,引,0.7070567485257409
斛,觖,0.7068655944608028
斛,紏,0.7059349865756737
