char1,char2,similarity
斝,斝,1.0
斝,斚,0.8558767255922094
斝,骂,0.756735476923541
斝,胃,0.7532431013131428
斝,咢,0.7466974864713146
斝,屙,0.7285860804868407
斝,廿,0.7258625887911667
斝,罳,0.7214544077499933
斝,焉,0.7193768068095324
斝,駡,0.7162619989293851
