char1,char2,similarity
斢,斢,1.0
斢,斟,0.7390299142295506
斢,唞,0.7191195608878923
斢,斠,0.7183083763655668
斢,斣,0.7088284163120235
斢,州,0.699574852882635
斢,角,0.6969781033964189
斢,叫,0.6968174554661168
斢,澍,0.6898218493468548
斢,埘,0.6895198306481117
