char1,char2,similarity
断,断,1.0
断,斳,0.7310000223613559
断,斮,0.7256181095527926
断,绗,0.7162728021979753
断,襾,0.7147493925486518
断,卹,0.7132969314516433
断,斱,0.7112378818310596
断,衄,0.710005278187418
断,吨,0.7076529577612061
断,新,0.7056363564691505
