char1,char2,similarity
斦,斦,1.0
斦,斨,0.7882840175109882
斦,斪,0.7648655197318269
斦,朋,0.7529121035488403
斦,庁,0.7449121646071364
斦,龂,0.7433935696089512
斦,咫,0.7364369115381962
斦,朊,0.7362889407822666
斦,馸,0.7350240448351972
斦,胼,0.7336972528393529
