char1,char2,similarity
斫,斫,1.0
斫,矶,0.8386897263557451
斫,矾,0.8287931723934889
斫,歽,0.8243355123993139
斫,研,0.7948547646607198
斫,砑,0.7914309160740282
斫,所,0.7603376208693691
斫,蚚,0.7598047854944437
斫,肵,0.7580766216676612
斫,祈,0.751016511007635
