char1,char2,similarity
斬,斬,1.0
斬,靳,0.7986375124678181
斬,朝,0.7787327722412931
斬,斪,0.7490047482608087
斬,齗,0.7478197139266202
斬,新,0.7466520243767691
斬,斯,0.7328326419850392
斬,斮,0.7308972306565094
斬,馸,0.7287823894180925
斬,靫,0.7277367854868348
