char1,char2,similarity
斩,斩,1.0
斩,轩,0.7767551581839119
斩,轨,0.7676984576788285
斩,訮,0.7557593025356535
斩,轮,0.7461215217649074
斩,软,0.7412110489501912
斩,斪,0.7363550972243198
斩,赾,0.7337602073014649
斩,釿,0.7294122298156956
斩,斬,0.7269816134350388
