char1,char2,similarity
新,新,1.0
新,斬,0.7466520243767691
新,靳,0.7365517850461545
新,斮,0.7262314919384667
新,菽,0.721074639520511
新,断,0.7056363564691505
新,龂,0.7036812640750275
新,齗,0.702051358711311
新,斳,0.6999182457933066
新,话,0.6959505009895999
