char1,char2,similarity
斵,斵,1.0
斵,斲,0.8152007786083847
斵,斮,0.731477650272233
斵,斳,0.7279530708042612
斵,斱,0.7265674200697618
斵,斴,0.7244599149413793
斵,枻,0.6930439456830144
斵,斬,0.6900462666860074
斵,断,0.6887937383704115
斵,蛌,0.6856881589310511
