char1,char2,similarity
斮,斮,1.0
斮,斱,0.8027711479171948
斮,斳,0.7524004567289665
斮,斪,0.7377771250592674
斮,斵,0.731477650272233
斮,斬,0.7308972306565094
斮,新,0.7262314919384667
斮,断,0.7256181095527926
斮,靳,0.7247671160171779
斮,斴,0.7176270167833679
