char1,char2,similarity
斴,斴,1.0
斴,斳,0.7329078837002581
斴,甐,0.7308032925799487
斴,亃,0.7305830450089008
斴,斱,0.7271901413938903
斴,斵,0.7244599149413793
斴,斮,0.7176270167833679
斴,椼,0.71163682144105
斴,浙,0.701018827941331
斴,斬,0.7003207146401664
