char1,char2,similarity
斱,斱,1.0
斱,斮,0.8027711479171948
斱,斳,0.7490747628562441
斱,斪,0.736340969127742
斱,斴,0.7271901413938903
斱,斵,0.7265674200697618
斱,斬,0.7250401191697506
斱,釿,0.7121378387293575
斱,断,0.7112378818310596
斱,齗,0.709609936813258
