char1,char2,similarity
斶,斶,1.0
斶,躅,0.7804863181212597
斶,蠋,0.7593992829165537
斶,臅,0.727217973270213
斶,脷,0.7263406915292169
斶,觸,0.7256623674383708
斶,閆,0.722751218950791
斶,襡,0.7206229251050893
斶,圃,0.7103074955688299
斶,閇,0.7084171246010345
