char1,char2,similarity
旁,旁,1.0
旁,劳,0.782180193892893
旁,夸,0.7796295205190857
旁,芜,0.7786452402042947
旁,芎,0.7659237503773322
旁,完,0.7584816891939365
旁,茪,0.7545985125211726
旁,齐,0.752504478825237
旁,商,0.7509262047985319
旁,苧,0.7490981716470643
