char1,char2,similarity
斸,斸,1.0
斸,圜,0.70668034386274
斸,澌,0.701384041177068
斸,凘,0.69414794692506
斸,獑,0.6938903613935046
斸,颐,0.6933531962412478
斸,跒,0.6915273020429284
斸,顺,0.6891388855576585
斸,踎,0.6885155361881414
斸,蜥,0.687524159427034
