char1,char2,similarity
旉,旉,1.0
旉,裏,0.7591893960650715
旉,粵,0.7487175599670146
旉,竎,0.7344787136790202
旉,禀,0.7321987231185237
旉,肓,0.730460469447088
旉,喜,0.7298090355273634
旉,悥,0.729277654394303
旉,可,0.7279606842378847
旉,冉,0.7278878727999426
