char1,char2,similarity
旊,旊,1.0
旊,旂,0.7933224011389858
旊,旇,0.7787407216607825
旊,旈,0.7712365486757944
旊,旓,0.7693974181305238
旊,旅,0.7595662663653474
旊,旍,0.7564819778754271
旊,斿,0.7547454420152336
旊,斻,0.7520482196680324
旊,斾,0.7512015508437772
