char1,char2,similarity
旃,旃,1.0
旃,旖,0.8031637125962326
旃,旒,0.7795087174484039
旃,旎,0.7537092425905371
旃,施,0.7395184701574011
旃,旛,0.739485655317203
旃,族,0.7370009790446778
旃,旌,0.7369062706122785
旃,旗,0.727420661988531
旃,庯,0.7177127560621872
