char1,char2,similarity
旄,旄,1.0
旄,旌,0.7761988134347186
旄,旆,0.7512645357484681
旄,施,0.7490767460520958
旄,旎,0.7425193865165414
旄,旐,0.731746309053475
旄,庑,0.7235732192945235
旄,族,0.7159015187370384
旄,旖,0.7154838007399991
旄,旃,0.7140117041502384
