char1,char2,similarity
旐,旐,1.0
旐,族,0.7593474725559379
旐,旅,0.7500146430228559
旐,旓,0.7432627169936676
旐,旍,0.741603645958965
旐,旌,0.7396510735725508
旐,旇,0.7394874531269231
旐,旄,0.731746309053475
旐,施,0.7266613656022682
旐,旎,0.7178259820454777
