char1,char2,similarity
旕,旕,1.0
旕,巶,0.7085381993928765
旕,欩,0.6991494797587899
旕,唜,0.6931364225106559
旕,兺,0.6930457715831657
旕,乻,0.6921826821542959
旕,巼,0.6892719073814565
旕,昆,0.6890378871535413
旕,夞,0.6850463900524464
旕,卲,0.6822144956438031
