char1,char2,similarity
旓,旓,1.0
旓,旅,0.7723792385428588
旓,旊,0.7693974181305238
旓,旇,0.7672794579728505
旓,旑,0.7529321358140011
旓,旙,0.7493005564755082
旓,旐,0.7432627169936676
旓,旍,0.73680738695015
旓,旀,0.735891563995167
旓,旈,0.73362667779646
