char1,char2,similarity
旌,旌,1.0
旌,旆,0.798509754118419
旌,施,0.7789422573819981
旌,旄,0.7761988134347186
旌,族,0.7566018943323207
旌,旐,0.7396510735725508
旌,旃,0.7369062706122785
旌,旅,0.7325675051577126
旌,旍,0.7301396585094501
旌,旇,0.7276408838471349
