char1,char2,similarity
旗,旗,1.0
旗,旒,0.7360390761804956
旗,鴋,0.7317058444978635
旗,旃,0.727420661988531
旗,族,0.7245933360218907
旗,頄,0.7182757579125747
旗,旚,0.7169149379833966
旗,旟,0.716676511530941
旗,瓬,0.7159167334116638
旗,斻,0.7158143565465258
