char1,char2,similarity
旜,旜,1.0
旜,藘,0.7150140472631429
旜,訄,0.7037038189708572
旜,脜,0.7023261079255311
旜,薑,0.6970148412914723
旜,旞,0.6942003302911119
旜,頄,0.6925848285853958
旜,瓐,0.6891552553767093
旜,櫨,0.6860873043995418
旜,贐,0.6857109662979621
