char1,char2,similarity
旖,旖,1.0
旖,旃,0.8031637125962326
旖,旒,0.7626583432011205
旖,施,0.7437131420869612
旖,旛,0.7303321052632147
旖,旎,0.7297814393207288
旖,旆,0.7236422154153824
旖,扃,0.7208733866319559
旖,旌,0.7187666648690737
旖,旄,0.7154838007399991
