char1,char2,similarity
旝,旝,1.0
旝,旟,0.7575257940371144
旝,鴋,0.7313216385894021
旝,旞,0.7282911057578635
旝,旚,0.7165719473942713
旝,旗,0.711152297376577
旝,旓,0.7041930974255677
旝,旌,0.6953386433250368
旝,旛,0.6947147047082007
旝,旖,0.6936199210103899
