char1,char2,similarity
旣,旣,1.0
旣,卽,0.7118691271419835
旣,黖,0.7087879073508607
旣,酰,0.7084548366609722
旣,觬,0.7042100546164172
旣,觥,0.7032515644576398
旣,齯,0.6980990495679825
旣,瓯,0.6972728184029333
旣,觌,0.693869825419703
旣,觎,0.6936532659295512
