char1,char2,similarity
旨,旨,1.0
旨,苜,0.817847484964465
旨,旹,0.8084630553680391
旨,昔,0.7776310518231314
旨,晋,0.7704291176423134
旨,皆,0.7678050942956663
旨,昌,0.7604821433499723
旨,借,0.754370253577685
旨,台,0.7526519093337242
旨,苒,0.7512851958278132
