char1,char2,similarity
旤,旤,1.0
旤,覸,0.700594033426404
旤,嘅,0.696283990729476
旤,黖,0.6928738928371246
旤,覵,0.6922705058852124
旤,紙,0.6912521045487188
旤,聂,0.6906199537591887
旤,旣,0.6901600394561428
旤,孒,0.6887201191552644
旤,摡,0.6886476105563201
