char1,char2,similarity
早,早,1.0
早,异,0.81870383262632
早,半,0.811407952043202
早,舁,0.8061175466858951
早,孚,0.8041292103641279
早,丰,0.8018677150947626
早,貝,0.7934412855702989
早,十,0.7836966338096059
早,竿,0.7824363861408099
早,孕,0.7819009043235471
