char1,char2,similarity
旲,旲,1.0
旲,镸,0.8170988928199339
旲,昗,0.7996753273404549
旲,杲,0.7951209821810973
旲,芙,0.7922141940287495
旲,寻,0.7897747073491039
旲,奀,0.7890311240638463
旲,灵,0.7829980734352673
旲,旯,0.7794265691103709
旲,芺,0.7693703037550562
