char1,char2,similarity
旬,旬,1.0
旬,匂,0.8258462199802279
旬,匋,0.8213226999923894
旬,匃,0.8125431414634037
旬,勹,0.8114931448907391
旬,匉,0.8105846499893096
旬,勽,0.807839880241265
旬,匄,0.8053020534137125
旬,勼,0.7944147217379032
旬,甸,0.7925673190790767
