char1,char2,similarity
旳,旳,1.0
旳,訋,0.7646620689324269
旳,盷,0.7639387010928562
旳,礿,0.7636118333327698
旳,肑,0.7531384910189811
旳,昉,0.7507828753183096
旳,犳,0.7506422150970707
旳,昖,0.744712210938771
旳,扚,0.7426909128598255
旳,玓,0.7409976935142831
