char1,char2,similarity
旱,旱,1.0
旱,昰,0.8186587812812851
旱,皁,0.8104283062957313
旱,爭,0.7931431211559701
旱,昇,0.7872297795304
旱,昙,0.7823565461407304
旱,是,0.7809911435395863
旱,単,0.7749336538599025
旱,羊,0.7746330835066859
旱,咢,0.7741592892196053
