char1,char2,similarity
旮,旮,1.0
旮,沓,0.784899541687073
旮,叴,0.7846993577472844
旮,音,0.7762335681862754
旮,杳,0.7746351812109811
旮,昔,0.7641280896212206
旮,晋,0.7633135748381257
旮,昝,0.7583117140646157
旮,旹,0.7579535987205543
旮,苜,0.7530064003139946
