char1,char2,similarity
旯,旯,1.0
旯,昱,0.8316695080972041
旯,昗,0.8187410125261605
旯,寻,0.7985177324481899
旯,旲,0.7794265691103709
旯,镸,0.7696825053934364
旯,旻,0.7656357737283319
旯,晃,0.765514557364503
旯,晁,0.7592054306422313
旯,灵,0.756742434596338
