char1,char2,similarity
时,时,1.0
时,吋,0.8055564698678916
时,对,0.7936311369475004
时,纣,0.7818557308068691
时,討,0.766943582114376
时,昐,0.7617318551405831
时,封,0.761605921461059
时,衬,0.7605567414147923
时,叱,0.7569827271226645
时,叫,0.7559878508223357
