char1,char2,similarity
旻,旻,1.0
旻,妟,0.8329711971457654
旻,昗,0.7858777857113965
旻,灵,0.7817451065596387
旻,妛,0.779900231991386
旻,畟,0.7778862371295746
旻,寻,0.7699016377265664
旻,昱,0.7696479864972287
旻,昃,0.7674626716240254
旻,旯,0.7656357737283319
