char1,char2,similarity
旵,旵,1.0
旵,男,0.7938739480504426
旵,圼,0.7849038655487933
旵,层,0.7807289067013701
旵,孒,0.7750224922464846
旵,予,0.7741202715030813
旵,压,0.7724597575132987
旵,出,0.7713761646315617
旵,国,0.7674706785373834
旵,岊,0.7673907772194073
