char1,char2,similarity
旽,旽,1.0
旽,坉,0.7985893226825868
旽,吨,0.7954642075326681
旽,昁,0.7787003039572067
旽,纯,0.7776898734964003
旽,吐,0.7774212529676617
旽,盹,0.7705037206493547
旽,純,0.7684767065488237
旽,砘,0.7586266126276635
旽,炖,0.7571858894675862
