char1,char2,similarity
昃,昃,1.0
昃,昌,0.7873808363590076
昃,昂,0.7847425015230599
昃,灵,0.7772469246883204
昃,屃,0.769760640050746
昃,黒,0.7685949873734981
昃,旻,0.7674626716240254
昃,昰,0.7669937604149673
昃,炅,0.7660985272576536
昃,畐,0.7622022168210675
