char1,char2,similarity
昅,昅,1.0
昅,昄,0.7995780706471959
昅,岋,0.7913400819634733
昅,忣,0.7334493496692046
昅,岅,0.7314156592157893
昅,昕,0.7270319964640771
昅,訯,0.7254221110074975
昅,暊,0.7243744757012955
昅,阪,0.7203850067093691
昅,砐,0.7189707877661852
