char1,char2,similarity
昁,昁,1.0
昁,旽,0.7787003039572067
昁,柿,0.7628708372958004
昁,昢,0.7593156537643689
昁,昈,0.7582703903217168
昁,姉,0.753089118152037
昁,叶,0.7517369154026692
昁,肺,0.750561257606674
昁,昒,0.7451670448728838
昁,昹,0.7444108746236008
