char1,char2,similarity
昇,昇,1.0
昇,昙,0.8102392509509405
昇,弇,0.7892022721810982
昇,旱,0.7872297795304
昇,界,0.7769609453645181
昇,晃,0.7737131261638842
昇,晁,0.770997745476086
昇,暃,0.7606661532800486
昇,昘,0.758846421557176
昇,狊,0.7566336754060984
