char1,char2,similarity
昂,昂,1.0
昂,鬲,0.7951240422059717
昂,昌,0.7862206685715039
昂,晶,0.7858703690447633
昂,昃,0.7847425015230599
昂,易,0.779586059761538
昂,暃,0.7657316722270248
昂,啚,0.7647564087903268
昂,吊,0.7639745955885838
昂,晁,0.763866267097053
