char1,char2,similarity
旿,旿,1.0
旿,昑,0.7995383815813144
旿,吘,0.7896948115397183
旿,玝,0.7886373666301449
旿,昤,0.7695094860849321
旿,杵,0.7608985002690815
旿,叶,0.7581778503241292
旿,吽,0.7571241603554341
旿,昸,0.7561312537396985
旿,阝,0.7469062874524615
