char1,char2,similarity
明,明,1.0
明,眀,0.7809788715270841
明,阴,0.7672349585012133
明,钥,0.767203876584712
明,蚏,0.7649516848885682
明,胡,0.7630723554478516
明,砃,0.7609869196577587
明,刂,0.752438559298874
明,冃,0.7501709994601582
明,叫,0.7488068738476636
