char1,char2,similarity
昏,昏,1.0
昏,香,0.7759546418293802
昏,古,0.735939293926572
昏,戸,0.7325247196306223
昏,秀,0.7297487662743887
昏,呑,0.7280198382363416
昏,晋,0.7232537570094678
昏,昋,0.7215295225534359
昏,戶,0.7199420016595288
昏,昔,0.7196859884271435
