char1,char2,similarity
昋,昋,1.0
昋,畨,0.7878157318862345
昋,昚,0.7696848431917716
昋,呑,0.7632289563792329
昋,朁,0.760402313013291
昋,备,0.7591272916642393
昋,峇,0.7534633723770926
昋,番,0.7528929076215032
昋,秃,0.7526632278852472
昋,肙,0.7522900921574651
