char1,char2,similarity
昈,昈,1.0
昈,旷,0.7767181610440506
昈,圹,0.7758231033446281
昈,昫,0.7744751202174133
昈,昿,0.7741216536984732
昈,犷,0.7732698122077435
昈,于,0.7642522755803364
昈,昢,0.7632509599016326
昈,昁,0.7582703903217168
昈,十,0.7534468789853459
