char1,char2,similarity
昔,昔,1.0
昔,苕,0.7866222755240329
昔,旨,0.7776310518231314
昔,苜,0.7723554323916098
昔,杳,0.7697286014020784
昔,苒,0.7680712901918255
昔,恭,0.7680668664503294
昔,茬,0.7662545190252595
昔,旹,0.7657372964712331
昔,苢,0.7657230680472502
