char1,char2,similarity
昘,昘,1.0
昘,昊,0.7844963052895066
昘,界,0.765913448539853
昘,叧,0.7608778406940079
昘,昙,0.7608227643177697
昘,昇,0.758846421557176
昘,芌,0.757029912639495
昘,矢,0.7554724960823375
昘,帚,0.7519407591278136
昘,冔,0.749539568823391
