char1,char2,similarity
昒,昒,1.0
昒,昀,0.7635677150873111
昒,岉,0.7624706464930123
昒,昁,0.7451670448728838
昒,歾,0.7444615281666959
昒,圽,0.738740156286857
昒,物,0.7345803347828427
昒,旳,0.7339397025771898
昒,旸,0.7331498355105268
昒,昫,0.7324429022306795
