char1,char2,similarity
昖,昖,1.0
昖,昐,0.7659843483618369
昖,旳,0.744712210938771
昖,玜,0.7369779740725795
昖,肦,0.735448500104981
昖,訟,0.7338493830106595
昖,妐,0.7316454128193182
昖,畯,0.7272955069401833
昖,呍,0.7256482617460578
昖,昸,0.7251360554513222
