char1,char2,similarity
昡,昡,1.0
昡,呟,0.8149073931457245
昡,炫,0.7887945408305775
昡,眩,0.7586486741912534
昡,胘,0.7582072106035177
昡,詃,0.749500707025521
昡,晈,0.7472794757661482
昡,昳,0.7470384281921502
昡,昢,0.7438261093239688
昡,弦,0.7427745482519701
