char1,char2,similarity
春,春,1.0
春,奉,0.7725911335491524
春,卷,0.7714713844600058
春,宭,0.7673338109015724
春,舂,0.7658012205230124
春,枣,0.7607553764024159
春,智,0.7494089161781494
春,善,0.7436025851962925
春,車,0.7434979811112267
春,彗,0.7419971549695159
