char1,char2,similarity
昢,昢,1.0
昢,昈,0.7632509599016326
昢,咄,0.7613798169628875
昢,昁,0.7593156537643689
昢,袦,0.7525082964939215
昢,昫,0.7482549466436622
昢,昡,0.7438261093239688
昢,叶,0.7396627297865229
昢,炪,0.7382517123227863
昢,昲,0.7293041780458887
