char1,char2,similarity
昜,昜,1.0
昜,景,0.7655759826868634
昜,昦,0.7651489165046365
昜,朂,0.7417409499468601
昜,畧,0.7313407636106612
昜,螶,0.7307833452824989
昜,晸,0.7216567190283775
昜,最,0.7210761692213561
昜,易,0.715985120048945
昜,昪,0.7117752689950955
