char1,char2,similarity
昣,昣,1.0
昣,昑,0.8373988752125778
昣,昤,0.830070031177302
昣,畛,0.8024411072124754
昣,殄,0.7942371911389348
昣,胗,0.7923977854226413
昣,診,0.7846867806011153
昣,袗,0.7789418857595891
昣,昳,0.7736631269030461
昣,珍,0.7616124181270059
