char1,char2,similarity
昞,昞,1.0
昞,晍,0.7542172829644834
昞,呐,0.7492943338344672
昞,吶,0.7422063033390374
昞,嗮,0.7315618704750211
昞,昳,0.7313651056717991
昞,晅,0.7312743034326247
昞,呞,0.728804803244255
昞,訥,0.7277845152354144
昞,旽,0.724150657566139
