char1,char2,similarity
昝,昝,1.0
昝,峕,0.7886794836869401
昝,沓,0.7744177301269357
昝,旮,0.7583117140646157
昝,音,0.755877298252011
昝,榃,0.7496094160514729
昝,首,0.7455304197020731
昝,香,0.7427792623353995
昝,咅,0.7419008682235374
昝,夻,0.73893099285827
