char1,char2,similarity
昮,昮,1.0
昮,晑,0.7535569041983534
昮,昻,0.7532368000815258
昮,拐,0.7496066587487623
昮,昘,0.7293613773005968
昮,足,0.725220533897462
昮,属,0.7250900606341286
昮,昰,0.7248311955327824
昮,吊,0.71817912685136
昮,勗,0.7179322477173923
