char1,char2,similarity
昨,昨,1.0
昨,咋,0.8006373196458619
昨,诈,0.7806375652335509
昨,昧,0.7642416417042316
昨,拃,0.7632088845938009
昨,罒,0.7623069988707437
昨,岞,0.7597317467406751
昨,祚,0.7587969604359165
昨,柞,0.7576692995846445
昨,泎,0.7567309619530446
