char1,char2,similarity
昦,昦,1.0
昦,昪,0.795550842859024
昦,朂,0.7660629733366647
昦,昜,0.7651489165046365
昦,景,0.758475021551163
昦,晸,0.7517958337661812
昦,界,0.7390487452977316
昦,廾,0.737990580767102
昦,舁,0.7344513812958777
昦,养,0.7326418112460529
