char1,char2,similarity
昧,昧,1.0
昧,味,0.8226610697847132
昧,昩,0.790748120161274
昧,怽,0.7891991815650354
昧,咪,0.7793619680342614
昧,陎,0.7760198145583561
昧,唻,0.7759380142262854
昧,昨,0.7642416417042316
昧,眛,0.7623609574319514
昧,祙,0.7571723955610304
