char1,char2,similarity
是,是,1.0
是,旱,0.7809911435395863
是,昰,0.7792496270620857
是,足,0.7744690819829045
是,晶,0.7668628941110258
是,昌,0.7593231006188162
是,咢,0.7585588595838781
是,畕,0.7557529913361101
是,畐,0.7540182604570175
是,鬲,0.7510962269954059
