char1,char2,similarity
昬,昬,1.0
昬,曽,0.7588460641940133
昬,昚,0.7484713112803746
昬,朁,0.7447988062346956
昬,普,0.7408451047367415
昬,昋,0.7382473490659812
昬,曾,0.7348578319993527
昬,善,0.7348074827272022
昬,蟁,0.734400197201866
昬,暋,0.7342982388529009
