char1,char2,similarity
昹,昹,1.0
昹,眿,0.7967683805577577
昹,昩,0.7914722631060662
昹,脉,0.7882041940504809
昹,叶,0.7638829449168013
昹,詠,0.7566177342822871
昹,昑,0.7478650715847871
昹,昁,0.7444108746236008
昹,昣,0.7439172511210196
昹,昿,0.7421947925929745
