char1,char2,similarity
昱,昱,1.0
昱,昗,0.8330837966926686
昱,旯,0.8316695080972041
昱,星,0.788820412907027
昱,旻,0.7696479864972287
昱,寻,0.7693497659368606
昱,垦,0.7612102707681287
昱,翌,0.7587118327245297
昱,旲,0.758528936951087
昱,雴,0.7574481878424554
