char1,char2,similarity
昰,昰,1.0
昰,旱,0.8186587812812851
昰,星,0.8045369003999528
昰,堊,0.7799962755751596
昰,呈,0.7793377643153862
昰,是,0.7792496270620857
昰,昃,0.7669937604149673
昰,壆,0.7657998279425233
昰,易,0.7631353193344764
昰,畕,0.7591637831270103
