char1,char2,similarity
昷,昷,1.0
昷,盀,0.8063682497817456
昷,盈,0.7746650814084012
昷,盁,0.7670138532919016
昷,昆,0.7670055456121071
昷,肙,0.7643274873889453
昷,益,0.7629000098586203
昷,衁,0.7613019799586821
昷,盂,0.7608864573414519
昷,泴,0.7550650280407732
