char1,char2,similarity
昼,昼,1.0
昼,匿,0.7607132396468023
昼,圼,0.7601102109255609
昼,疍,0.7588809153112867
昼,荁,0.7442424965529488
昼,匡,0.7398081411953075
昼,重,0.7384330124682966
昼,匩,0.7364890831893484
昼,显,0.736134903124318
昼,乬,0.736081719041997
