char1,char2,similarity
昺,昺,1.0
昺,昻,0.8030400629750121
昺,員,0.781980916398444
昺,帚,0.7762252088058651
昺,昊,0.7562674554710631
昺,狊,0.7562312935006774
昺,悬,0.7499787924694274
昺,曷,0.746147042439801
昺,巪,0.744341241295204
昺,塁,0.7433878306372788
