char1,char2,similarity
時,時,1.0
時,畤,0.8481715589939742
時,昑,0.7772053021885978
時,峙,0.7755505720520683
時,晇,0.7755231378653943
時,叶,0.7736016156503296
時,詩,0.7684603169343657
時,特,0.7666216035111151
時,昤,0.7577488613785542
時,晈,0.7570606566137504
