char1,char2,similarity
晀,晀,1.0
晀,烑,0.7893516434198355
晀,桃,0.7827471037212765
晀,垗,0.7805650967501101
晀,铫,0.7772930945652115
晀,跳,0.7710108656328025
晀,朓,0.7706869758774909
晀,晄,0.7704353370423114
晀,昽,0.7658815274986471
晀,姚,0.754973677313608
