char1,char2,similarity
晌,晌,1.0
晌,哃,0.7754814837623022
晌,暔,0.7504177621614958
晌,眮,0.7398682278433332
晌,哅,0.7311366980316221
晌,呴,0.7293461495219717
晌,豞,0.7273692737149344
晌,哨,0.7210890591498071
晌,晥,0.7195124186602347
晌,咰,0.7181134650799186
