char1,char2,similarity
晍,晍,1.0
晍,烔,0.7686764463902003
晍,昞,0.7542172829644834
晍,眮,0.7525803227994009
晍,皗,0.7493979014419819
晍,吶,0.7477532887895924
晍,睊,0.7379242684247613
晍,垌,0.7374735471783983
晍,粡,0.7342505338768044
晍,呐,0.732751473002111
