char1,char2,similarity
晇,晇,1.0
晇,咵,0.8040228313919232
晇,時,0.7755231378653943
晇,叶,0.7522022801130551
晇,昑,0.7494288798915376
晇,昤,0.7460455222667361
晇,磅,0.7441298882641527
晇,昳,0.7424072555581759
晇,晈,0.7383124099204246
晇,昣,0.7361070180836667
