char1,char2,similarity
晊,晊,1.0
晊,峌,0.8077462865172526
晊,晆,0.7855739349839607
晊,晅,0.7821163422560652
晊,眭,0.7804740650735078
晊,眰,0.7731879426320705
晊,咥,0.766930171863296
晊,睈,0.7592872394090943
晊,昛,0.7540560138749904
晊,硂,0.742400865715683
