char1,char2,similarity
晉,晉,1.0
晉,吾,0.7675644477456582
晉,曾,0.7637973602183427
晉,暜,0.7617306203211448
晉,哥,0.7604503441428404
晉,雪,0.7581485611083599
晉,胃,0.7574611465390998
晉,朁,0.7572999434464912
晉,皙,0.7566576277903884
晉,暂,0.755451177575305
