char1,char2,similarity
晖,晖,1.0
晖,眸,0.7740510385424064
晖,皔,0.7635629674709226
晖,晔,0.7535461582275251
晖,晬,0.7502825134523518
晖,阵,0.733389830988567
晖,哞,0.7333686234477972
晖,呯,0.7293289372690913
晖,哻,0.7251761608888982
晖,呞,0.7248570260823332
