char1,char2,similarity
晐,晐,1.0
晐,咳,0.8085550256739351
晐,垓,0.7889531648273109
晐,烗,0.7835205543502207
晐,晈,0.7799907912645728
晐,峐,0.7741463477637519
晐,皎,0.7601867058730692
晐,畡,0.7581393935047462
晐,该,0.751649449291977
晐,昿,0.7436453974862465
