char1,char2,similarity
晎,晎,1.0
晎,哄,0.8003601766541485
晎,栱,0.793744626565255
晎,珙,0.7901025792493792
晎,娂,0.7800686194243006
晎,烘,0.7587550908721957
晎,晪,0.7379997970648497
晎,垬,0.7296066509754894
晎,拱,0.7294770991988136
晎,岤,0.7254749063437649
