char1,char2,similarity
晕,晕,1.0
晕,犟,0.7695114443365125
晕,拳,0.7645053159992278
晕,羍,0.7528375683079541
晕,箪,0.746188658781575
晕,曅,0.745032303505334
晕,青,0.7430999696116934
晕,咠,0.738235626996208
晕,馽,0.7368306360180301
晕,韋,0.7368229101505737
