char1,char2,similarity
晗,晗,1.0
晗,唅,0.8100843114388612
晗,盻,0.7518127162421334
晗,啥,0.7509832203686299
晗,晤,0.7341208227810364
晗,梒,0.7292135478825363
晗,咕,0.7274669608134197
晗,眙,0.7264214386427907
晗,琀,0.7253218988792903
晗,唁,0.7243409956315618
