char1,char2,similarity
晔,晔,1.0
晔,晬,0.770907757836003
晔,骅,0.7687815969962349
晔,啐,0.7606124326178836
晔,哗,0.7585264237952619
晔,晖,0.7535461582275251
晔,铧,0.7516998885819106
晔,烨,0.7501948973369756
晔,咩,0.7425865311381289
晔,睁,0.7385359259546075
