char1,char2,similarity
晑,晑,1.0
晑,呙,0.7924865403282074
晑,曷,0.7786380563997851
晑,巪,0.7696699140203501
晑,閆,0.7681857448596067
晑,昊,0.7561430829992565
晑,昮,0.7535569041983534
晑,昻,0.7504040284701609
晑,峝,0.7491864733527123
晑,昘,0.7481811779410511
