char1,char2,similarity
晡,晡,1.0
晡,哺,0.7839892385047573
晡,陠,0.7662209683520408
晡,晿,0.7366155903218619
晡,啼,0.7349927224965708
晡,暔,0.7265480156349104
晡,映,0.7242779635700297
晡,哨,0.7241033694182262
晡,晩,0.7188000114235865
晡,悑,0.7174629451548663
