char1,char2,similarity
晠,晠,1.0
晠,珹,0.7932958493769329
晠,眓,0.7592155268689688
晠,铖,0.7545409494030766
晠,晧,0.7419027107512193
晠,械,0.737823261460623
晠,哌,0.7309204502495229
晠,诫,0.7288318316139171
晠,臧,0.7276998571686755
晠,城,0.7269331494124636
