char1,char2,similarity
晘,晘,1.0
晘,睅,0.8262421724207253
晘,哻,0.7809261093455726
晘,暍,0.7689153237261255
晘,咩,0.7676693075947497
晘,睈,0.7594813119239797
晘,眻,0.7520832591013759
晘,唕,0.7511692799425704
晘,盰,0.7453563427859946
晘,晹,0.7441088641615196
