char1,char2,similarity
晚,晚,1.0
晚,睌,0.8291878872317322
晚,晩,0.8008768964774378
晚,晥,0.7640243038455827
晚,唤,0.760026130126415
晚,挽,0.7578214282076853
晚,院,0.7568269013386721
晚,浼,0.7522525880808829
晚,堍,0.7448293635831987
晚,唍,0.7447105637245128
