char1,char2,similarity
晜,晜,1.0
晜,皇,0.7470157639325724
晜,巢,0.7425969328188998
晜,棄,0.7391904563435666
晜,昺,0.7330480615819963
晜,昬,0.7310193530165316
晜,員,0.7264107464241433
晜,羣,0.726134468636693
晜,阜,0.7242677249226814
晜,员,0.7179761812688809
