char1,char2,similarity
晞,晞,1.0
晞,琋,0.8172609151909505
晞,睎,0.7864482070975108
晞,脪,0.7763653163316766
晞,桸,0.7672718835205888
晞,狶,0.7648437484729119
晞,叶,0.7369519421025937
晞,豨,0.7358364256674373
晞,晛,0.7288905025168964
晞,唏,0.7287154833533525
