char1,char2,similarity
晧,晧,1.0
晧,哠,0.8153176687738827
晧,皓,0.799530403041947
晧,悎,0.7778108607745302
晧,喏,0.7650624985963256
晧,焅,0.7619475441752468
晧,锆,0.7465966280171771
晧,晠,0.7419027107512193
晧,昁,0.7407865765911292
晧,梏,0.7377825915314735
