char1,char2,similarity
晥,晥,1.0
晥,琓,0.824295877612446
晥,睆,0.8152408844998954
晥,捖,0.8066879929339994
晥,皖,0.8041310042580843
晥,院,0.7895924427680816
晥,晛,0.7822240928195591
晥,睍,0.7817631637679402
晥,梡,0.7690762235255941
晥,晚,0.7640243038455827
