char1,char2,similarity
晢,晢,1.0
晢,晳,0.840507372422575
晢,皙,0.8241424124616537
晢,乴,0.7963646826325065
晢,暂,0.7873572590058703
晢,哲,0.7602751911085943
晢,暜,0.7556433988891357
晢,曽,0.7548702481717071
晢,晉,0.7497649578177482
晢,朁,0.744460475639689
