char1,char2,similarity
晤,晤,1.0
晤,珸,0.77929790878262
晤,皓,0.7585240202928617
晤,娪,0.7540677838787035
晤,悟,0.7487405335900823
晤,牾,0.7431474680337493
晤,盰,0.7407763399490884
晤,峿,0.7399569647868299
晤,浯,0.738427238220023
晤,晧,0.7376128873530787
