char1,char2,similarity
晲,晲,1.0
晲,睨,0.7914287391994025
晲,眖,0.7694492812798986
晲,呪,0.7648109977965483
晲,唲,0.7560773955618015
晲,咣,0.7528491999545844
晲,晛,0.7525563955455568
晲,晪,0.7462444122348818
晲,晚,0.7422291781604166
晲,暇,0.7379115018070028
