char1,char2,similarity
晹,晹,1.0
晹,睗,0.8209987436881566
晹,暍,0.7981350053854802
晹,埸,0.7835295675107258
晹,喝,0.775840112573392
晹,焬,0.7504062242041132
晹,晿,0.7449283009780916
晹,锡,0.7444370381500126
晹,晘,0.7441088641615196
晹,惕,0.7335229568684728
