char1,char2,similarity
智,智,1.0
智,备,0.7557455724636891
智,菅,0.7541341790448668
智,普,0.7537535334752459
智,曽,0.749425737835445
智,春,0.7494089161781494
智,省,0.747790528808665
智,音,0.7464436048242559
智,替,0.7458329457395291
智,昚,0.7455948516414075
