char1,char2,similarity
晽,晽,1.0
晽,諃,0.7730688648189085
晽,碄,0.7584839528008187
晽,暙,0.7548900686010744
晽,暝,0.7156386244436183
晽,晔,0.7122740291846962
晽,烞,0.7119270803230352
晽,咩,0.7115529480169905
晽,晬,0.7098739853739314
晽,楙,0.7084210321582509
