char1,char2,similarity
晸,晸,1.0
晸,昦,0.7517958337661812
晸,勗,0.7423705090992698
晸,朂,0.7374249950785058
晸,悬,0.7356000087859413
晸,晟,0.7324241048042718
晸,昪,0.7263554094321119
晸,聂,0.7229845716525654
晸,昜,0.7216567190283775
晸,叒,0.7213011666672168
