char1,char2,similarity
晶,晶,1.0
晶,品,0.8034091484302602
晶,昌,0.7947891120688458
晶,昂,0.7858703690447633
晶,畐,0.7722147372022102
晶,是,0.7668628941110258
晶,畾,0.7588703047074669
晶,暃,0.7582262558842473
晶,呙,0.745579907151747
晶,旱,0.7396600659469058
