char1,char2,similarity
暅,暅,1.0
暅,嗤,0.734182151440842
暅,宿,0.717750864148217
暅,晿,0.7161707939397624
暅,症,0.7127190542276486
暅,疸,0.7123237477703306
暅,哬,0.7115228373833321
暅,堩,0.7103437776543757
暅,痽,0.7091219344231048
暅,咿,0.7058313955824841
