char1,char2,similarity
暈,暈,1.0
暈,翬,0.8300254872817813
暈,輋,0.7711559853902791
暈,暠,0.7590756662371739
暈,簟,0.7558902224339452
暈,賞,0.7553785302572826
暈,輩,0.7420196589898793
暈,髶,0.7401844923137976
暈,鼻,0.7399219155192246
暈,賫,0.7374204588935891
