char1,char2,similarity
暃,暃,1.0
暃,晁,0.7725472150440806
暃,旱,0.7670644273858287
暃,昂,0.7657316722270248
暃,昇,0.7606661532800486
暃,晶,0.7582262558842473
暃,昌,0.7577515154566974
暃,畕,0.7522689223170779
暃,黒,0.7434169109906006
暃,品,0.7401444589084347
