char1,char2,similarity
暌,暌,1.0
暌,睽,0.8111368397452454
暌,猤,0.7739433990633408
暌,暽,0.7474521670477495
暌,揆,0.7429568042354509
暌,啖,0.7296125715359262
暌,暝,0.729462102343574
暌,映,0.7254860296715423
暌,湀,0.7232934208331505
暌,晱,0.7223989218150934
