char1,char2,similarity
暋,暋,1.0
暋,冒,0.7831420191882595
暋,曾,0.7703168821270207
暋,暓,0.7677448718344736
暋,啓,0.7630322590160463
暋,暂,0.7623616040445658
暋,畬,0.7494544639320441
暋,昚,0.7460225331292114
暋,呇,0.7440599644698647
暋,咅,0.7432574171891086
