char1,char2,similarity
暊,暊,1.0
暊,崸,0.7917282178940492
暊,晛,0.7349382369912556
暊,昳,0.7310174128928364
暊,昕,0.730057412597873
暊,暻,0.7292456797199094
暊,岟,0.7283841123515825
暊,昅,0.7243744757012955
暊,眼,0.7226432237364131
暊,旸,0.7213872976427673
