char1,char2,similarity
暓,暓,1.0
暓,暼,0.7807126557126441
暓,暋,0.7677448718344736
暓,婺,0.7606052898632715
暓,曾,0.7549341879762823
暓,啔,0.7515360231015221
暓,冒,0.7496657468533194
暓,嗸,0.7466333369299578
暓,晉,0.7432044633695285
暓,暂,0.7408603713508553
