char1,char2,similarity
暑,暑,1.0
暑,署,0.7833728675361954
暑,曼,0.7661923042394335
暑,眚,0.745612427959289
暑,着,0.7337195108130206
暑,晷,0.7313688201314668
暑,胄,0.730580943742774
暑,尋,0.7287095565150714
暑,霍,0.7286796531167581
暑,晨,0.7252550080789412
