char1,char2,similarity
暚,暚,1.0
暚,嗂,0.8157246207054416
暚,愮,0.7727466337800405
暚,猺,0.7722487865329725
暚,滛,0.7560949436974752
暚,媱,0.748740793387267
暚,呵,0.7468648600348522
暚,喵,0.7399697021680816
暚,喢,0.7398033086603646
暚,熎,0.7313115476874595
