char1,char2,similarity
暛,暛,1.0
暛,嗟,0.843469217816083
暛,瑳,0.7874296301111585
暛,唴,0.7488793239223177
暛,嗴,0.7467932630985045
暛,蹉,0.7302137590510075
暛,嵯,0.7237557720750577
暛,啴,0.7217589971004461
暛,磋,0.713785505690942
暛,晹,0.7104939686419302
