char1,char2,similarity
暗,暗,1.0
暗,喑,0.7730261105179967
暗,唶,0.7615748936450442
暗,暏,0.7575374996869484
暗,味,0.7559726883344721
暗,堵,0.7435606271851921
暗,晻,0.7424524884967036
暗,腤,0.7421825970955749
暗,昧,0.7385860086126982
暗,哇,0.7371063619129491
