char1,char2,similarity
暘,暘,1.0
暘,啺,0.829286877413972
暘,場,0.7954120093769915
暘,暻,0.7672258691649599
暘,煬,0.7491198822318775
暘,婸,0.7485624713488055
暘,糃,0.7449712787202454
暘,暢,0.7424374255013051
暘,禓,0.7390318117500448
暘,畼,0.7371206299556209
