char1,char2,similarity
暠,暠,1.0
暠,暈,0.7590756662371739
暠,鼻,0.7543443155371846
暠,馽,0.7498192921518165
暠,彙,0.7442262672454738
暠,賞,0.7352313663536809
暠,疂,0.7347254310931884
暠,曧,0.730533293114812
暠,貝,0.7292519628270715
暠,寓,0.7289115035552856
