char1,char2,similarity
暞,暞,1.0
暞,镍,0.7843779734855886
暞,嗅,0.7419080576917868
暞,暐,0.7402450700023859
暞,喡,0.7373323844229297
暞,暭,0.7369248212048618
暞,呮,0.7360508371841914
暞,咀,0.7333593379991501
暞,喋,0.7333494830854379
暞,晻,0.7332952296387809
