char1,char2,similarity
暤,暤,1.0
暤,嗥,0.8317608962002355
暤,暭,0.7963614942258749
暤,皡,0.7519436607124192
暤,嗅,0.7448966256423009
暤,曎,0.7439252343645051
暤,噑,0.7432641655041307
暤,隝,0.7345854404554482
暤,暞,0.7327006349928602
暤,獆,0.7311969013773728
