char1,char2,similarity
暣,暣,1.0
暣,瓯,0.7199569109606906
暣,暩,0.7159265036467194
暣,喰,0.7072322419146642
暣,瓹,0.7052303511611085
暣,匩,0.7026543245596922
暣,犔,0.700851271214976
暣,哑,0.700203622196924
暣,暿,0.6992709587324334
暣,暤,0.6992501538407873
