char1,char2,similarity
暪,暪,1.0
暪,瞞,0.795314316083096
暪,嘩,0.7590954621291762
暪,慲,0.7353030353615544
暪,噧,0.7351126288542978
暪,嗚,0.7300630244602391
暪,嗃,0.7269658697712319
暪,曂,0.7248868454671924
暪,嗈,0.7222163454360293
暪,嘮,0.7143394157088099
