char1,char2,similarity
暰,暰,1.0
暰,摐,0.7742387757015669
暰,瞛,0.7649175148137625
暰,樅,0.7623507123882444
暰,磫,0.7510120323654884
暰,褷,0.7289612559000063
暰,嗋,0.7268757961030009
暰,瑽,0.7209909391608722
暰,喰,0.7178520100510454
暰,縱,0.7137768010580695
