char1,char2,similarity
暩,暩,1.0
暩,際,0.7488409795431354
暩,摖,0.7408011648451616
暩,磜,0.7302440967514717
暩,漈,0.7193236103480726
暩,暣,0.7159265036467194
暩,暭,0.7140337603415479
暩,暤,0.7100307706075704
暩,曗,0.7030269626281574
暩,曢,0.7013677506290227
