char1,char2,similarity
暬,暬,1.0
暬,書,0.7613259861172732
暬,暫,0.7603343583152655
暬,魯,0.744743116469191
暬,曺,0.7375379577945677
暬,營,0.7241890549348784
暬,罯,0.721604206477213
暬,蒈,0.7215120410775533
暬,誉,0.7214748651088372
暬,鲁,0.7182045069949917
