char1,char2,similarity
暨,暨,1.0
暨,舋,0.7483079872940477
暨,匼,0.7392892648815031
暨,萱,0.7351404127054707
暨,鲞,0.734743731805352
暨,臂,0.7328383298542935
暨,脅,0.7277173280476112
暨,匿,0.725105912600502
暨,置,0.7233442997277103
暨,腎,0.7222531880843512
