char1,char2,similarity
暭,暭,1.0
暭,曍,0.8643827462231547
暭,暤,0.7963614942258749
暭,獔,0.7900625198116207
暭,皡,0.7838598463666738
暭,噑,0.7710199866319598
暭,嘷,0.7606381766440145
暭,喗,0.7552504050873579
暭,皥,0.7506031699940877
暭,啍,0.7494859821998774
