char1,char2,similarity
暮,暮,1.0
暮,墓,0.7675328814380233
暮,薯,0.765194392700964
暮,鲁,0.7650374659327313
暮,箺,0.7601265080560246
暮,幕,0.747998923068818
暮,書,0.7415653997279703
暮,幂,0.739211240521085
暮,慕,0.733234522573689
暮,募,0.7331715858800212
