char1,char2,similarity
暹,暹,1.0
暹,遢,0.7723280337229562
暹,遦,0.7494264738622748
暹,逞,0.7443436912378234
暹,遏,0.7429156912932254
暹,遥,0.7357635904802494
暹,遈,0.7320822261303841
暹,邊,0.7311741018996126
暹,遛,0.731123699022676
暹,遁,0.7308189566540563
