char1,char2,similarity
暸,暸,1.0
暸,嘹,0.8243377678365787
暸,瞭,0.8236442287312782
暸,燎,0.8002529287547216
暸,獠,0.7979003192695544
暸,嫽,0.7833923844495504
暸,缭,0.7830794125827177
暸,憭,0.7722321042483047
暸,镣,0.765916826060833
暸,撩,0.7628306783152841
