char1,char2,similarity
暺,暺,1.0
暺,呷,0.7496226223110287
暺,喗,0.7484977665549591
暺,堚,0.7477776800040711
暺,曎,0.746026130287195
暺,睴,0.7454834185206747
暺,嗶,0.7432918536012627
暺,瞫,0.7419318521190543
暺,懌,0.7297614511516756
暺,墿,0.7275185422092975
