char1,char2,similarity
曀,曀,1.0
曀,噎,0.832395997986728
曀,嗔,0.797696265007373
曀,撎,0.7796485594310377
曀,啧,0.7451237368233584
曀,暿,0.7440705451448825
曀,嬄,0.7440343340971196
曀,唷,0.7407622854748984
曀,嘻,0.739843740388297
曀,嘪,0.7361311602551305
