char1,char2,similarity
曂,曂,1.0
曂,璜,0.8158547459984764
曂,彉,0.7592645715277673
曂,啃,0.7411817446108219
曂,嗔,0.7318154631050906
曂,暄,0.7304962601768737
曂,瞚,0.7284746050804652
曂,唁,0.7253444826681256
曂,暪,0.7248868454671924
曂,磺,0.7241037333546859
