char1,char2,similarity
暽,暽,1.0
暽,隣,0.8014842419583479
暽,璘,0.7915412245657573
暽,嫾,0.7759847464649977
暽,撛,0.7754421354674935
暽,膦,0.755565237587799
暽,橉,0.754936495272124
暽,繗,0.7481862090307658
暽,暌,0.7474521670477495
暽,燐,0.7469255819314266
