char1,char2,similarity
暿,暿,1.0
暿,嘻,0.8705188362466358
暿,瞦,0.8008592862068679
暿,熺,0.7821937256858623
暿,僖,0.766658763330158
暿,嗔,0.7507036140166733
暿,嗺,0.7447153490448907
暿,曀,0.7440705451448825
暿,憘,0.7419626792656702
暿,晴,0.7383140156112228
