char1,char2,similarity
暾,暾,1.0
暾,噋,0.8234973865750165
暾,獤,0.7994176961439076
暾,犜,0.7835164771072395
暾,譈,0.7831546195218555
暾,礅,0.7789590502349809
暾,憞,0.7679551757739738
暾,镦,0.7636305112165142
暾,橔,0.761326566053273
暾,潡,0.7527614617351283
