char1,char2,similarity
曅,曅,1.0
曅,蔁,0.7475234415342322
曅,晕,0.745032303505334
曅,馽,0.7440216147779782
曅,簞,0.7417391864793635
曅,櫐,0.7416044977325361
曅,菷,0.737934257875104
曅,畺,0.7357127540044419
曅,羣,0.7326682787877936
曅,霉,0.7315586542858361
