char1,char2,similarity
暼,暼,1.0
暼,暓,0.7807126557126441
暼,獘,0.7485928595471494
暼,曾,0.7435001089774057
暼,冒,0.7398724468865824
暼,誉,0.7368322700963916
暼,眥,0.7343134560503767
暼,雪,0.7278112218916699
暼,暋,0.7263112143362442
暼,管,0.7262254939744176
