char1,char2,similarity
曈,曈,1.0
曈,噇,0.7473418924892985
曈,萱,0.7193927895318569
曈,暲,0.7178917284705102
曈,漳,0.714299502345153
曈,曂,0.708139713216191
曈,晩,0.6998990568154286
曈,喹,0.6983351532401988
曈,咦,0.6972106628056752
曈,傽,0.6962118693615604
