char1,char2,similarity
曇,曇,1.0
曇,橐,0.725592852798985
曇,贔,0.7222214209626036
曇,羹,0.7155691939923772
曇,賣,0.7127266849193743
曇,藿,0.7114908478106805
曇,實,0.706153211434865
曇,薷,0.6989407053842474
曇,曑,0.6971699351196979
曇,籱,0.6951654587062975
