char1,char2,similarity
曆,曆,1.0
曆,暦,0.7759938040304334
曆,蜃,0.7164307698668577
曆,魘,0.7122199976530019
曆,麗,0.7104187189186307
曆,冒,0.7071105650102173
曆,磿,0.7051288961115044
曆,暋,0.7019264678672863
曆,夏,0.700498402355421
曆,冐,0.700228321341176
