char1,char2,similarity
曍,曍,1.0
曍,暭,0.8643827462231547
曍,皥,0.8202325711925927
曍,嘷,0.7764801668017539
曍,皡,0.7584970466770117
曍,呵,0.7525046315034036
曍,喡,0.7376560452590696
曍,瞕,0.732908895345923
曍,啤,0.7328979019543288
曍,哩,0.7301575930999187
