char1,char2,similarity
曌,曌,1.0
曌,瞾,0.7510840695867383
曌,琞,0.7326609443036738
曌,墏,0.726054066946867
曌,墾,0.7193804073096001
曌,墬,0.7190653188747048
曌,豐,0.7183576177336487
曌,壨,0.7175167452621407
曌,塦,0.7158552440053844
曌,堊,0.7138101995035206
