char1,char2,similarity
曙,曙,1.0
曙,喗,0.7404853466958827
曙,嗎,0.7384524184418384
曙,濖,0.7215894445224019
曙,嗝,0.7171807736604812
曙,暺,0.7169530947191779
曙,嗶,0.7162970385671849
曙,喟,0.715199380933506
曙,嘻,0.7143230453716997
曙,暿,0.712588238446791
