char1,char2,similarity
曗,曗,1.0
曗,礏,0.7577120504164828
曗,獛,0.7378197715003177
曗,曉,0.7312009545896365
曗,曕,0.7235431684693575
曗,噗,0.7131410415349249
曗,嗓,0.7101360949768182
曗,嗼,0.709551600926093
曗,嗪,0.7079136011500455
曗,曍,0.7071861212919683
