char1,char2,similarity
曕,曕,1.0
曕,瞻,0.8686174031783674
曕,憺,0.7548258075966952
曕,噜,0.7377771354298264
曕,噡,0.7373378002036787
曕,襜,0.7346999681436341
曕,檐,0.7301702049254751
曕,暲,0.7289438704599797
曕,曉,0.7276654146491213
曕,喠,0.7249136344952912
