char1,char2,similarity
曔,曔,1.0
曔,儆,0.7418835672824331
曔,噋,0.735065644708074
曔,嘬,0.7280706305588134
曔,暾,0.7224379891178465
曔,曒,0.7154354082880597
曔,嘞,0.7125834514625362
曔,驐,0.7085080122838842
曔,嘅,0.7076884265520267
曔,嘋,0.7070551040504367
