char1,char2,similarity
曢,曢,1.0
曢,哼,0.7167666663416703
曢,暞,0.7114525111860917
曢,暸,0.7064767705285626
曢,啶,0.7057873843043723
曢,曍,0.7056241049812708
曢,曚,0.7033426128150995
曢,暭,0.7019299799899784
曢,暩,0.7013677506290227
曢,瞋,0.7009254916764339
