char1,char2,similarity
曜,曜,1.0
曜,嬥,0.7480282559166385
曜,擢,0.7346859028375405
曜,瓘,0.7272990827118058
曜,啰,0.7256168066427684
曜,蠗,0.7255419056625974
曜,喟,0.7214854794286073
曜,暱,0.7184098663188665
曜,曛,0.7058527055397907
曜,曞,0.7046368987087472
