char1,char2,similarity
曛,曛,1.0
曛,壎,0.7784085234233875
曛,矄,0.7742821089788596
曛,獯,0.722817400516555
曛,燻,0.7224367104147816
曛,嚑,0.7178946344742592
曛,曯,0.7162005530262505
曛,暵,0.7143881740803308
曛,曘,0.7139918071042574
曛,噂,0.7090890223148976
