char1,char2,similarity
曡,曡,1.0
曡,疊,0.7720514323290474
曡,叠,0.7411110811946416
曡,霋,0.7204238182706585
曡,曟,0.7172303253766134
曡,疂,0.7111155653331942
曡,畳,0.7058624580215981
曡,曑,0.7056021159467009
曡,薑,0.7001589329862038
曡,讏,0.6993715247686655
