char1,char2,similarity
曦,曦,1.0
曦,犧,0.7827811485167029
曦,爔,0.7664699409693039
曦,曀,0.7144571350261661
曦,曉,0.7092381834626321
曦,曂,0.7049863319140973
曦,嗒,0.7024723772686718
曦,暄,0.7010087265694591
曦,暟,0.7009318513115432
曦,暾,0.7000277629897663
