char1,char2,similarity
曪,曪,1.0
曪,囉,0.7744770976504987
曪,欏,0.7296182623884166
曪,攞,0.7040454896252489
曪,儸,0.6951159643474935
曪,玀,0.6944035750901828
曪,曬,0.6942999779558403
曪,曭,0.6936849846078785
曪,嚺,0.6876919350357776
曪,曨,0.6818917364919507
