char1,char2,similarity
曭,曭,1.0
曭,攩,0.7658376196372615
曭,嚐,0.7389658879982011
曭,灙,0.7291559408748213
曭,曬,0.7123192185514488
曭,戃,0.7093375234615166
曭,曪,0.6936849846078785
曭,嚽,0.6909942391937592
曭,嘪,0.6906975593045167
曭,曈,0.6840085813838056
