char1,char2,similarity
曫,曫,1.0
曫,卛,0.7385798882443384
曫,攣,0.7290331159366289
曫,矕,0.727295389613858
曫,蠻,0.7140961194746683
曫,暂,0.7116836748379267
曫,暓,0.7077634677475668
曫,畬,0.7076915116476643
曫,耆,0.7046994282845579
曫,冒,0.7026562802542062
