char1,char2,similarity
曥,曥,1.0
曥,嚧,0.8056518680635736
曥,瓐,0.7718388467412431
曥,壚,0.7703148422024869
曥,噳,0.766559333296801
曥,攎,0.7640172826897809
曥,櫨,0.7515217403772293
曥,爐,0.7481968045626041
曥,攄,0.7437302588049657
曥,臚,0.7421514431987304
