char1,char2,similarity
曶,曶,1.0
曶,葘,0.7598939756215496
曶,曽,0.7589986774637127
曶,亯,0.7576698822699224
曶,菖,0.7507012610045033
曶,彗,0.7438997840212626
曶,啻,0.7432721095026853
曶,匍,0.7426964859324529
曶,菑,0.7405380682786784
曶,晢,0.7382031201541965
