char1,char2,similarity
曷,曷,1.0
曷,晑,0.7786380563997851
曷,昊,0.7585492900474498
曷,旱,0.7542940416190888
曷,狊,0.7513085105999603
曷,昙,0.7476835096481332
曷,昇,0.7468682304844757
曷,昺,0.746147042439801
曷,晃,0.7438194829412691
曷,昘,0.7380910556830258
