char1,char2,similarity
曱,曱,1.0
曱,甲,0.8399606890113138
曱,冃,0.7876539724665315
曱,不,0.7875092164584938
曱,丅,0.7765384550503176
曱,手,0.7756128319184787
曱,宇,0.7730759491185943
曱,了,0.7704338137343084
曱,冂,0.7642703389775576
曱,丨,0.7625045409816124
