char1,char2,similarity
曵,曵,1.0
曵,曳,0.8586355446030356
曵,臾,0.7626951787862981
曵,支,0.7478886198023552
曵,口,0.7468497222214557
曵,灵,0.7445377259306076
曵,少,0.7427574371636023
曵,虫,0.7407777963377971
曵,単,0.739385162904301
曵,屯,0.7384737428294379
