char1,char2,similarity
曯,曯,1.0
曯,曛,0.7162005530262505
曯,曘,0.7106763729150343
曯,晭,0.7032176819665926
曯,嗄,0.6979862222230306
曯,喁,0.6954061707413399
曯,曜,0.6944161578808932
曯,矋,0.6923426921724326
曯,啁,0.6910265730484687
曯,哕,0.6909984283003762
