char1,char2,similarity
替,替,1.0
替,音,0.7675934475599413
替,智,0.7458329457395291
替,备,0.7428318684220724
替,昚,0.7395721380375674
替,甘,0.7360824701756058
替,香,0.7314541515672175
替,彗,0.7313704310689394
替,害,0.73095087974659
替,售,0.7284758082940239
