char1,char2,similarity
朁,朁,1.0
朁,昋,0.760402313013291
朁,晉,0.7572999434464912
朁,普,0.7562978101417711
朁,萻,0.7561826854301236
朁,昚,0.7471692404043829
朁,啠,0.7450199491400616
朁,昬,0.7447988062346956
朁,晢,0.744460475639689
朁,晳,0.7419627231961847
