char1,char2,similarity
曺,曺,1.0
曺,青,0.823669268987176
曺,曹,0.8098227628258732
曺,眚,0.8079461148611066
曺,胄,0.8033251915916289
曺,事,0.7898688326757289
曺,萼,0.7825690681422358
曺,葍,0.7664500602063563
曺,冑,0.7635589796433303
曺,富,0.7602289907817302
