char1,char2,similarity
曾,曾,1.0
曾,曽,0.7827667975683054
曾,冒,0.7761731040203255
曾,暋,0.7703168821270207
曾,畬,0.765936619320493
曾,晉,0.7637973602183427
曾,管,0.762121506569785
曾,啔,0.7560162402396143
曾,咅,0.7552468594356035
曾,呰,0.7551875967673504
