char1,char2,similarity
曻,曻,1.0
曻,妟,0.7569117939730192
曻,星,0.7525169773817414
曻,旯,0.7508828569841787
曻,昃,0.7505094332157906
曻,禺,0.7479760140163567
曻,畕,0.7468534080449284
曻,晃,0.7435407287859503
曻,異,0.7431749787448669
曻,晁,0.7420708957954629
