char1,char2,similarity
朂,朂,1.0
朂,最,0.7988990729129729
朂,昦,0.7660629733366647
朂,昜,0.7417409499468601
朂,景,0.739411966554679
朂,晸,0.7374249950785058
朂,昻,0.7370377898656371
朂,螶,0.7245571334756606
朂,愚,0.7242033281879621
朂,畳,0.7185400183365674
