char1,char2,similarity
有,有,1.0
有,冇,0.8118048828319846
有,丆,0.7512442754268085
有,酋,0.7487571271415662
有,宇,0.7455513218878225
有,者,0.7437019272289631
有,审,0.7435762073565881
有,衣,0.7409047698103661
有,束,0.7406594604668285
有,巿,0.7406334981843274
