char1,char2,similarity
朊,朊,1.0
朊,肬,0.8143981946891714
朊,肰,0.8074107985695818
朊,肌,0.8035885544833895
朊,肵,0.8026922232419298
朊,胝,0.7822532165375534
朊,肒,0.7820698019726625
朊,肽,0.7808495725848918
朊,胼,0.7758482133354749
朊,肼,0.7736128706883264
