char1,char2,similarity
朅,朅,1.0
朅,幆,0.7624826721668515
朅,蝎,0.7434289508894154
朅,竭,0.7342259716072191
朅,楬,0.7236040831319622
朅,煶,0.7199124716647662
朅,餲,0.7196536645920537
朅,焻,0.7177965161834071
朅,鍻,0.7166014778703098
朅,偈,0.7152736439009133
