char1,char2,similarity
朆,朆,1.0
朆,甑,0.7632398654451221
朆,覅,0.7299698806710171
朆,訋,0.684277377467104
朆,勘,0.682467992464578
朆,魩,0.6788906151975657
朆,敌,0.6708617678713293
朆,虝,0.6695445411784233
朆,動,0.6670388339966945
朆,虳,0.6644227808256313
