char1,char2,similarity
月,月,1.0
月,片,0.8195480312697515
月,弓,0.8159677113884769
月,冄,0.8113267156678466
月,爿,0.8047396854367144
月,百,0.7992467087917132
月,目,0.7981109451934768
月,亏,0.793646790581613
月,卢,0.7901787199003822
月,卅,0.7845303340398161
