char1,char2,similarity
朋,朋,1.0
朋,崩,0.7812821691346689
朋,囲,0.7594628708707591
朋,団,0.7555068139600772
朋,斦,0.7529121035488403
朋,斨,0.7521153816610671
朋,朗,0.7508005237711504
朋,冂,0.7437689199563837
朋,册,0.7433816853818421
朋,股,0.7433530576201578
