char1,char2,similarity
服,服,1.0
服,胑,0.7812168407916186
服,胫,0.7634040593674429
服,股,0.7606301786373119
服,肊,0.7594169160481685
服,胀,0.7574520800866494
服,肝,0.756045390582318
服,肵,0.7547158413359437
服,肛,0.7530040709115847
服,肟,0.7477006355943004
