char1,char2,similarity
朐,朐,1.0
朐,胊,0.8479432305312803
朐,胞,0.8078442031604456
朐,驹,0.7764771093149879
朐,肳,0.7763950033375627
朐,肹,0.7727027680367599
朐,胢,0.7672869300375288
朐,肑,0.7671193198086902
朐,眗,0.7603862732176888
朐,姁,0.7586229800624297
