char1,char2,similarity
朏,朏,1.0
朏,胐,0.8049517941509556
朏,絀,0.7830547299649253
朏,肶,0.7658749543046176
朏,肺,0.7658436711540137
朏,炪,0.7640996087117415
朏,脞,0.7607081946879317
朏,胿,0.7606032094273638
朏,脒,0.7602769248290886
朏,胣,0.7582386126177817
