char1,char2,similarity
朑,朑,1.0
朑,紲,0.7886536694859858
朑,胟,0.7661485874897566
朑,脏,0.7640426250592279
朑,脯,0.7608112790999195
朑,脞,0.7599654818336122
朑,腺,0.7580687312295284
朑,脭,0.7551620101701328
朑,脨,0.7548803426147342
朑,腔,0.7543705383522937
