char1,char2,similarity
期,期,1.0
期,欺,0.7405292668114509
期,斯,0.7382946701630558
期,朙,0.7224063534162926
期,汕,0.7204772498324258
期,魛,0.7127515190602453
期,詗,0.6986882668877292
期,刑,0.6981174389081604
期,問,0.6978014050805464
期,湖,0.6975100453775869
