char1,char2,similarity
朝,朝,1.0
朝,斬,0.7787327722412931
朝,朔,0.7477943869832402
朝,躬,0.7349664216019097
朝,乹,0.7345369157830851
朝,靳,0.7331179841476789
朝,乾,0.7326749811180041
朝,朋,0.730546883225041
朝,鹌,0.7189175026462423
朝,靮,0.7142717151185152
