char1,char2,similarity
朗,朗,1.0
朗,鈅,0.7616274672045087
朗,朋,0.7508005237711504
朗,曰,0.7453812026937614
朗,胡,0.7442280359952824
朗,冏,0.7413813025870934
朗,闪,0.7380703065203306
朗,冂,0.7331606872241777
朗,门,0.7330453849953017
朗,印,0.732764580701335
