char1,char2,similarity
朞,朞,1.0
朞,綦,0.7614668268464908
朞,弿,0.7435664796735694
朞,蜝,0.7277189089305542
朞,暮,0.7262930708330145
朞,茖,0.7226091726264845
朞,簮,0.7224686546149053
朞,卄,0.7207410974205428
朞,腎,0.7175128009265858
朞,葎,0.7173081537058322
