char1,char2,similarity
朘,朘,1.0
朘,稄,0.7570803875544688
朘,朡,0.7542099195977888
朘,腅,0.749675757104936
朘,骏,0.7487430785076931
朘,脮,0.7475292138436769
朘,膢,0.7423845001956344
朘,陖,0.7412120789008894
朘,脹,0.7331354639029931
朘,脫,0.731394687215156
