char1,char2,similarity
朢,朢,1.0
朢,匩,0.7407087605527842
朢,匲,0.7240818587063176
朢,錖,0.7186278839387266
朢,鏨,0.7108256030388097
朢,篁,0.7068283061901468
朢,匾,0.7029111561259458
朢,焉,0.7016987962473266
朢,鑋,0.7005277332542683
朢,皨,0.6989340152286759
