char1,char2,similarity
朠,朠,1.0
朠,暎,0.8076539286450108
朠,媖,0.7879293665370648
朠,楧,0.7744029533297816
朠,煐,0.7580546510493142
朠,锳,0.7533776563159367
朠,瑛,0.7483486791045704
朠,膜,0.738594715879674
朠,脵,0.7368376895145275
朠,臈,0.7364701768597673
