char1,char2,similarity
朦,朦,1.0
朦,曚,0.7763360142123099
朦,艨,0.769331275193918
朦,檬,0.7651348927628919
朦,礞,0.7577179748039665
朦,幪,0.7566970718915749
朦,蠓,0.7209486821930194
朦,腞,0.7179560343588307
朦,媵,0.7162057323771963
朦,脆,0.7128178262751288
