char1,char2,similarity
朧,朧,1.0
朧,櫳,0.8026596703955338
朧,襱,0.7818659006072851
朧,瓏,0.7674464996086049
朧,爖,0.7635907478231363
朧,礲,0.7602174480748715
朧,隴,0.7522970835791796
朧,瀧,0.739870717192163
朧,膉,0.7302066468020161
朧,膮,0.726364739408922
