char1,char2,similarity
未,未,1.0
未,朱,0.8315322594667786
未,末,0.8259211089512078
未,十,0.8048621067719384
未,卡,0.793913026443076
未,求,0.7913009812707393
未,宋,0.7896330302428117
未,丨,0.7834460091615075
未,来,0.7824343656124204
未,丰,0.7709147431694685
