char1,char2,similarity
朲,朲,1.0
朲,杁,0.7994091434527727
朲,朷,0.7953136317051979
朲,从,0.7921455688321396
朲,扶,0.7874998748913508
朲,枤,0.7863603524277718
朲,杧,0.7854917290082225
朲,朹,0.7843106859409088
朲,枕,0.7828046737374369
朲,杕,0.7817849650663089
