char1,char2,similarity
本,本,1.0
本,木,0.8800136267654248
本,术,0.8105524473348606
本,朩,0.8090029482640633
本,巾,0.805962231470218
本,丨,0.804690757638833
本,中,0.7960138204001388
本,水,0.7886371630040074
本,氺,0.7879136952760529
本,彳,0.778163470935064
