char1,char2,similarity
末,末,1.0
末,朱,0.8495731115511409
末,未,0.8259211089512078
末,宋,0.8069304506910429
末,羊,0.7911019503433262
末,丨,0.7841543514019925
末,东,0.7827114077131172
末,来,0.7816581786313874
末,广,0.7793619633984157
末,求,0.7790683049807731
