char1,char2,similarity
朻,朻,1.0
朻,朼,0.7900371108047409
朻,朾,0.7846394882314052
朻,朴,0.7720150439673868
朻,札,0.7671381521660801
朻,虯,0.7668591044702361
朻,糾,0.7641986249648444
朻,杓,0.7636526299353821
朻,忄,0.7577377599205232
朻,纠,0.7572099057591463
