char1,char2,similarity
朹,朹,1.0
朹,朸,0.8196654710094751
朹,杋,0.7965450642823169
朹,杕,0.7863069392022521
朹,朲,0.7843106859409088
朹,朳,0.7842011964154374
朹,杧,0.7810216911760316
朹,杁,0.7744818622502416
朹,朷,0.7737335973152867
朹,杙,0.773700300095503
