char1,char2,similarity
朼,朼,1.0
朼,札,0.8130363496804988
朼,朾,0.8019261686242336
朼,化,0.7978407710039888
朼,朻,0.7900371108047409
朼,杁,0.7877113424450632
朼,扎,0.7874826224393358
朼,忄,0.7820552842428983
朼,朴,0.7803126860792529
朼,牤,0.7800573625246479
