char1,char2,similarity
朵,朵,1.0
朵,朶,0.8264437477699503
朵,苿,0.8085479628092059
朵,茉,0.8070098085373203
朵,筞,0.7819014630467191
朵,枈,0.7752321591087107
朵,荣,0.7742188327409109
朵,呆,0.7718958519729666
朵,杲,0.7712001455171017
朵,杗,0.7706084599028068
