char1,char2,similarity
杅,杅,1.0
杅,杄,0.888319829724262
杅,杍,0.865292178211723
杅,衧,0.8455868732598568
杅,朾,0.8400165052138875
杅,杇,0.8089716325616179
杅,杆,0.8066358792597891
杅,打,0.8055553114065527
杅,朽,0.8026712760012888
杅,杔,0.8015967905177255
