char1,char2,similarity
杇,杇,1.0
杇,朽,0.8180266551765524
杇,杅,0.8089716325616179
杇,杍,0.7964709081646367
杇,杔,0.790882583067353
杇,扝,0.7842736851329392
杇,杆,0.784001727986762
杇,杄,0.7829309260031556
杇,杓,0.7826223158507365
杇,杯,0.782433948106431
