char1,char2,similarity
权,权,1.0
权,枚,0.8191803317678117
权,杖,0.8011259072006247
权,杻,0.7950718121843456
权,杬,0.7925635082064965
权,机,0.7911209979219854
权,杈,0.7902747862790673
权,扠,0.7901820060996445
权,枅,0.7789101422158906
权,杞,0.778642951803441
