char1,char2,similarity
杄,杄,1.0
杄,杅,0.888319829724262
杄,杍,0.8301303581754639
杄,衦,0.8284424112611944
杄,扜,0.8189226173638147
杄,杔,0.8182014821448669
杄,粁,0.803985773105734
杄,圲,0.8033612461808444
杄,朾,0.8013314318222194
杄,扞,0.8001736956778297
