char1,char2,similarity
杁,杁,1.0
杁,朳,0.8064140094467331
杁,扖,0.8009745716415572
杁,朲,0.7994091434527727
杁,朼,0.7877113424450632
杁,杔,0.7806149940795951
杁,札,0.7804333310567478
杁,杅,0.7804047553233225
杁,朹,0.7744818622502416
杁,杫,0.7740461344728804
