char1,char2,similarity
杏,杏,1.0
杏,吉,0.8183758990444878
杏,夳,0.800716186426236
杏,呇,0.7998253683320641
杏,夻,0.797486041180222
杏,杢,0.7864626155660828
杏,亩,0.7755789100932228
杏,厺,0.7743191226032892
杏,告,0.7659002590704204
杏,卋,0.7649827310997197
