char1,char2,similarity
杉,杉,1.0
杉,衫,0.8304303644104488
杉,朽,0.7824884385430521
杉,村,0.7638324110238823
杉,杯,0.7590879326941452
杉,杫,0.758776036320446
杉,朾,0.758479566214447
杉,杍,0.7567148813762089
杉,忄,0.7548714129697139
杉,杓,0.7547679352329122
