char1,char2,similarity
杍,杍,1.0
杍,杅,0.865292178211723
杍,杄,0.8301303581754639
杍,杆,0.8250995321942404
杍,杔,0.8180070539001638
杍,秆,0.8099526281880199
杍,衦,0.8060022561746943
杍,扦,0.8049802476636532
杍,衧,0.8042004756394775
杍,杫,0.8034961074968864
