char1,char2,similarity
李,李,1.0
李,孛,0.8370006435469861
李,荢,0.7940398975001457
李,穻,0.7912104767465834
李,罕,0.7793471015763543
李,茡,0.7750852432383876
李,奔,0.7736377477869009
李,牢,0.7716258134362938
李,苹,0.7711595595181692
李,卒,0.7682259768904112
