char1,char2,similarity
杊,杊,1.0
杊,杫,0.8256172328584411
杊,朳,0.8210789537377818
杊,杣,0.8104882291732424
杊,杛,0.8011794509952758
杊,杋,0.7950222545656719
杊,杍,0.7904637060738733
杊,杅,0.787208768020985
杊,相,0.7747537496988601
杊,杁,0.7728556693557522
