char1,char2,similarity
杗,杗,1.0
杗,桒,0.8399926297640747
杗,宷,0.8035565445545233
杗,荣,0.7930638042950591
杗,柬,0.7825133886552622
杗,枈,0.7821542584986153
杗,杲,0.7803666650167621
杗,手,0.7780116077239324
杗,帝,0.7779411791503389
杗,棐,0.7763311689534925
