char1,char2,similarity
杒,杒,1.0
杒,枴,0.7847782610640195
杒,杬,0.7735168593364392
杒,朷,0.7674585078790122
杒,屻,0.7657375524808465
杒,杮,0.7653138738604487
杒,樀,0.7600544120672075
杒,杊,0.7592147427223321
杒,杧,0.7583788714516184
杒,杤,0.7568049264970129
