char1,char2,similarity
杚,杚,1.0
杚,忔,0.8201683494910119
杚,枃,0.8197426591233911
杚,杴,0.818864608168895
杚,杹,0.8087964799438341
杚,杦,0.8079691310061068
杚,枹,0.8011813194103855
杚,杝,0.7974174056943939
杚,枸,0.7958488598563926
杚,柂,0.7935735799344711
