char1,char2,similarity
杓,杓,1.0
杓,彴,0.815917320545956
杓,杛,0.8038423547668533
杓,朷,0.8032454608948735
杓,枃,0.8000169572309429
杓,扚,0.7946108879410388
杓,朸,0.7901834956774134
杓,杙,0.7866430708061148
杓,杇,0.7826223158507365
杓,朽,0.7810769794744132
