char1,char2,similarity
杕,杕,1.0
杕,朸,0.8100039342082549
杕,杫,0.7948547588675209
杕,朹,0.7863069392022521
杕,朳,0.7854250240086426
杕,朲,0.7817849650663089
杕,杙,0.7811427676537449
杕,秋,0.7809963674845817
杕,杜,0.7780889867242119
杕,枤,0.776962108393491
