char1,char2,similarity
杝,杝,1.0
杝,扡,0.8291669675590847
杝,杶,0.8113527063426034
杝,柜,0.8044087738392272
杝,杚,0.7974174056943939
杝,杹,0.7909659694587304
杝,枃,0.7891850244755931
杝,杞,0.7889102671662352
杝,栍,0.7886932148438534
杝,枯,0.7879102090066136
