char1,char2,similarity
束,束,1.0
束,耒,0.8478798259244568
束,朿,0.839700506184783
束,來,0.822708158535972
束,巿,0.8035659943927894
束,甫,0.7736670177237418
束,柬,0.7733451864070182
束,呆,0.7722694157344907
束,大,0.7667088302933696
束,串,0.7622116254949379
