char1,char2,similarity
杜,杜,1.0
杜,社,0.8644352880008118
杜,枉,0.8428321208265216
杜,杠,0.8357051909491215
杜,扗,0.8054634702746086
杜,壮,0.7917108611879837
杜,栏,0.789478504189025
杜,杆,0.785843375503116
杜,柱,0.7850677936114193
杜,杪,0.785004377416631
