char1,char2,similarity
条,条,1.0
条,务,0.7871102960758442
条,茶,0.7824890670087211
条,圣,0.7586679152915053
条,备,0.7583629963284753
条,泉,0.74752325718297
条,多,0.7423534232550794
条,某,0.7354798422358727
条,枀,0.73268931929665
条,架,0.7306733869380566
