char1,char2,similarity
杯,杯,1.0
杯,杆,0.8205462804709119
杯,杔,0.799980790902562
杯,杍,0.7974463907050016
杯,朽,0.7964119278798379
杯,坏,0.7950389595357459
杯,抔,0.7926019080943859
杯,杇,0.782433948106431
杯,杅,0.7756555778390852
杯,怀,0.7698827039189815
