char1,char2,similarity
杩,杩,1.0
杩,祃,0.8035263757824369
杩,枂,0.7787285087479738
杩,柏,0.7785089594406744
杩,杞,0.7767032033689164
杩,枸,0.7738417868914472
杩,柗,0.7726509558592721
杩,柠,0.7724482498156119
杩,桕,0.7721846198118872
杩,吗,0.7716753985292645
