char1,char2,similarity
杬,杬,1.0
杬,机,0.8126830723964554
杬,枅,0.802926949659233
杬,杤,0.7965778563890443
杬,权,0.7925635082064965
杬,杴,0.7866771892736798
杬,杹,0.7849067876857667
杬,枤,0.7838077860336796
杬,杦,0.7805489303513404
杬,柷,0.7781368698609239
