char1,char2,similarity
杦,杦,1.0
杦,杴,0.8658090686964196
杦,杚,0.8079691310061068
杦,枤,0.8059238811742154
杦,机,0.7967538177295592
杦,枎,0.794398369773553
杦,杹,0.7914075531847532
杦,枃,0.786281280170012
杦,杈,0.7833968698887764
杦,枖,0.7812812956081214
