char1,char2,similarity
杰,杰,1.0
杰,亽,0.7575588276814658
杰,冭,0.7540452600172672
杰,乛,0.7533146981343232
杰,击,0.7491393702268323
杰,亢,0.7470210024715777
杰,丨,0.7458201762275091
杰,广,0.7428031005540566
杰,户,0.741015537562785
杰,灬,0.7407693951521982
