char1,char2,similarity
杹,杹,1.0
杹,杚,0.8087964799438341
杹,机,0.7937339181073185
杹,杦,0.7914075531847532
杹,杝,0.7909659694587304
杹,杬,0.7849067876857667
杹,杴,0.7844041657752259
杹,栒,0.777437266286635
杹,杶,0.7744293158761942
杹,杞,0.7734505671709501
