char1,char2,similarity
東,東,1.0
東,柬,0.8367000411679231
東,隶,0.7848221183555075
東,肃,0.7823642934317308
東,叀,0.7821318848157457
東,泉,0.7796145319249441
東,栾,0.7748430039084667
東,夷,0.7745030067471441
東,杗,0.7724833977707962
東,枼,0.7713635668193163
