char1,char2,similarity
杳,杳,1.0
杳,奋,0.8345584245147897
杳,夻,0.7995660455722476
杳,官,0.7919049772035357
杳,旮,0.7746351812109811
杳,朰,0.770047256376384
杳,昔,0.7697286014020784
杳,夼,0.7624538031877333
杳,夯,0.7611248534011504
杳,帘,0.7588596986985475
