char1,char2,similarity
杼,杼,1.0
杼,忬,0.8491618151021674
杼,抒,0.8474344811372657
杼,柕,0.816484462586875
杼,纾,0.8116081523768326
杼,标,0.8007944877394071
杼,妤,0.799295039074669
杼,枰,0.7992440625135923
杼,扞,0.7985097248673121
杼,伃,0.7952902118438699
