char1,char2,similarity
板,板,1.0
板,扳,0.84781145393692
板,枙,0.809278287736442
板,柀,0.805767385844226
板,极,0.802806754138351
板,柅,0.7919348901542435
板,岅,0.7909016068239325
板,饭,0.7821120075660486
板,柤,0.7788391638589882
板,枑,0.7751626355997109
