char1,char2,similarity
枃,枃,1.0
枃,枸,0.8352054006572944
枃,构,0.8208498824857533
枃,杚,0.8197426591233911
枃,杶,0.8157011469861633
枃,杴,0.8151053386897625
枃,栒,0.8016445773667239
枃,杓,0.8000169572309429
枃,礿,0.7984450216140776
枃,抅,0.7958747253573013
