char1,char2,similarity
杻,杻,1.0
杻,柦,0.8141287857062814
杻,柤,0.8060048038546311
杻,杤,0.8022979837279174
杻,枅,0.7980169186165159
杻,柯,0.7976884538339334
杻,权,0.7950718121843456
杻,枂,0.7923328191642247
杻,妞,0.7922427532190903
杻,钮,0.7909296327714128
