char1,char2,similarity
枈,枈,1.0
枈,柋,0.7865024189577912
枈,杗,0.7821542584986153
枈,朵,0.7752321591087107
枈,棐,0.7688799558207513
枈,杲,0.7676478467208372
枈,茉,0.7670415970647652
枈,桒,0.7650692555425086
枈,荣,0.7642882703430958
枈,苿,0.7597861421925661
