char1,char2,similarity
构,构,1.0
构,枸,0.8465561669535615
构,枃,0.8208498824857533
构,抅,0.8076558106835545
构,栒,0.7891892132967129
构,扚,0.7862580702101267
构,柠,0.7839039195928866
构,抣,0.780490506453567
构,柞,0.7790037542283446
构,袧,0.7745309222061159
