char1,char2,similarity
枇,枇,1.0
枇,妣,0.8227525438317068
枇,批,0.8212080523810945
枇,秕,0.8084202959138529
枇,柷,0.8018757244479161
枇,棍,0.8018280418832398
枇,栕,0.7948311019278096
枇,粃,0.7933246976151354
枇,枻,0.7791404073735634
枇,桘,0.7779597126368766
