char1,char2,similarity
枉,枉,1.0
枉,杜,0.8428321208265216
枉,杠,0.8207480666704141
枉,杆,0.8112956792656623
枉,抂,0.8063518144520598
枉,柾,0.800898269337963
枉,彺,0.7987049063481955
枉,扗,0.7924007018466824
枉,样,0.7898038402133801
枉,枰,0.7891205988248505
