char1,char2,similarity
枆,枆,1.0
枆,杶,0.8045132358951604
枆,杽,0.8033406947977522
枆,杺,0.7952218534628015
枆,枃,0.7941357845704613
枆,杻,0.7873482763582176
枆,栝,0.7811637814450555
枆,杝,0.7806344230692277
枆,秏,0.7773470784108327
枆,桂,0.7730316635777652
