char1,char2,similarity
枊,枊,1.0
枊,抑,0.7973437580018365
枊,棡,0.7867304403527884
枊,柶,0.7821851359647993
枊,柙,0.77781242884705
枊,梆,0.7772166497939716
枊,栦,0.7670556793960748
枊,柨,0.7658762108778032
枊,椑,0.7652612354825084
枊,梙,0.7644199116790181
