char1,char2,similarity
枏,枏,1.0
枏,柎,0.8106055517812749
枏,柺,0.7854453374153145
枏,柑,0.785156602445023
枏,枒,0.7731690256578349
枏,枂,0.7724397306791658
枏,桪,0.7706066940648432
枏,枿,0.7705272972875106
枏,栴,0.7652909551940525
枏,栢,0.7644499281049872
