char1,char2,similarity
枔,枔,1.0
枔,衿,0.8341172111226621
枔,扲,0.8178301304205611
枔,岒,0.8104970375940039
枔,钤,0.8085199037071685
枔,坅,0.805456434818007
枔,枓,0.8050795231964878
枔,妗,0.7956226974628591
枔,枍,0.7932198054255575
枔,桛,0.7913359903826295
