char1,char2,similarity
枎,枎,1.0
枎,衭,0.8449545107514878
枎,柍,0.8357011751329485
枎,柣,0.8271574189909945
枎,枕,0.8121973574546433
枎,枤,0.8079615801065327
枎,枦,0.8062499655217104
枎,袟,0.8020764801576643
枎,杴,0.8001464702789973
枎,玞,0.7997468937330524
