char1,char2,similarity
枞,枞,1.0
枞,栿,0.7811888657087347
枞,纵,0.7639909542435876
枞,柧,0.7584860530120778
枞,枓,0.7537033313854924
枞,枛,0.7436605237897528
枞,桫,0.7435950872016048
枞,柪,0.7432320553100354
枞,槸,0.7430336246628934
枞,梑,0.7361672764835734
