char1,char2,similarity
枛,枛,1.0
枛,柧,0.8437082164238758
枛,枙,0.8270015088471367
枛,枻,0.7970948049550878
枛,柅,0.7869024621297896
枛,枟,0.7827004627302382
枛,柶,0.7819657607566014
枛,柇,0.7710792356159935
枛,枖,0.7699057228482772
枛,柮,0.7692881295470971
