char1,char2,similarity
枙,枙,1.0
枙,柅,0.8295292497199861
枙,枛,0.8270015088471367
枙,板,0.809278287736442
枙,柤,0.8052252610766288
枙,柧,0.7918211763344751
枙,柷,0.7881127990272626
枙,柾,0.7881035461728265
枙,枥,0.7867310708858973
枙,柯,0.7852587089009155
