char1,char2,similarity
果,果,1.0
果,杲,0.7876681970286669
果,禹,0.7742907409714506
果,平,0.7679452359759364
果,早,0.7675866295945595
果,朶,0.7622814187984847
果,凩,0.7592032854662822
果,乘,0.7563374378712449
果,畏,0.7548537249797368
果,凮,0.753265816289106
