char1,char2,similarity
枧,枧,1.0
枧,视,0.856282295649707
枧,梘,0.8086867412168135
枧,枕,0.7974341607752599
枧,杷,0.7953812863924219
枧,柺,0.7924389774109927
枧,柷,0.7852422620725543
枧,桄,0.777924413105911
枧,梚,0.7776253317904126
枧,棁,0.7745693413199546
