char1,char2,similarity
枢,枢,1.0
枢,柩,0.8068058091078542
枢,柜,0.803013892348216
枢,柤,0.7985870900823872
枢,柦,0.7983946967244329
枢,桓,0.7957272386504113
枢,抠,0.793427846889264
枢,杞,0.7917030293569602
枢,柯,0.7902305132442876
枢,祖,0.7820721408471352
