char1,char2,similarity
枲,枲,1.0
枲,臬,0.7885402722047604
枲,喿,0.7817466739240851
枲,桨,0.7805307850084613
枲,桌,0.7790953253036378
枲,筙,0.7723538584593399
枲,枽,0.7627735649040858
枲,髤,0.7615553179788858
枲,秉,0.7594411778250396
枲,渠,0.7562191816087857
