char1,char2,similarity
枭,枭,1.0
枭,泉,0.7794982512715523
枭,阜,0.7422483420612532
枭,吴,0.7324020068108136
枭,烏,0.7321443833710184
枭,兄,0.7274940968711388
枭,艮,0.7257181703974871
枭,東,0.7257161323798432
枭,岛,0.7255960734695853
枭,隶,0.7237346942393399
