char1,char2,similarity
枼,枼,1.0
枼,某,0.7927275869035058
枼,茱,0.7860451823532942
枼,東,0.7713635668193163
枼,柬,0.7704235691168814
枼,枀,0.7610778698852236
枼,夾,0.7609888864014043
枼,架,0.7498770889445199
枼,棨,0.7459506055470876
枼,泉,0.7402966356379127
