char1,char2,similarity
架,架,1.0
架,某,0.7942061724474362
架,茱,0.7741951716548783
架,粂,0.7671308529651351
架,莱,0.7649453746599563
架,棨,0.7638413248966862
架,粊,0.7634070313890937
架,棐,0.7616595652910777
架,琹,0.7567773277260397
架,枀,0.7548571591620346
