char1,char2,similarity
枻,枻,1.0
枻,怈,0.8214097706534569
枻,抴,0.8025088090400845
枻,柤,0.8011394833064919
枻,检,0.7981018813730714
枻,枛,0.7970948049550878
枻,桓,0.787653348874426
枻,桹,0.7847695526698767
枻,栕,0.7825387261317175
枻,柆,0.7809371733406822
