char1,char2,similarity
枸,枸,1.0
枸,构,0.8465561669535615
枸,枃,0.8352054006572944
枸,怐,0.8282999142689882
枸,袧,0.8257659453767591
枸,栒,0.8145399994757778
枸,拘,0.8052937452194061
枸,抅,0.8000382468032269
枸,枹,0.7979328750106289
枸,恂,0.7968075558769885
