char1,char2,similarity
枽,枽,1.0
枽,栞,0.7778957047395826
枽,梊,0.7758364322783798
枽,桌,0.765106600950994
枽,枲,0.7627735649040858
枽,樂,0.7616536219714892
枽,栥,0.7613735592380083
枽,萰,0.7600346585885521
枽,榮,0.7573779037861348
枽,梥,0.7571058528580027
