char1,char2,similarity
柈,柈,1.0
柈,柙,0.8096978898295534
柈,杶,0.8024366964455529
柈,栍,0.8014351351529582
柈,柛,0.7975442026209562
柈,枰,0.7914119840810695
柈,枔,0.7911769344000456
柈,柇,0.7899494378909048
柈,柮,0.7892318951389
柈,桪,0.7885185580192441
