char1,char2,similarity
柇,柇,1.0
柇,标,0.8129880110346454
柇,枺,0.7961929995615156
柇,枖,0.7936568296876884
柇,棶,0.7921291816000423
柇,柈,0.7899494378909048
柇,槔,0.7862140320307548
柇,栐,0.7799103903051661
柇,柕,0.7786206044674154
柇,枠,0.7780726656387471
