char1,char2,similarity
柋,柋,1.0
柋,枈,0.7865024189577912
柋,帒,0.7821436672788686
柋,杗,0.7689896879216125
柋,荣,0.7559974282125939
柋,杲,0.7491759322675704
柋,牮,0.7489789851268898
柋,桒,0.7485860634403065
柋,籴,0.744960341706824
柋,柬,0.7444197498567416
