char1,char2,similarity
柏,柏,1.0
柏,桕,0.842302492446128
柏,枮,0.8355885057987993
柏,柚,0.8301475367499125
柏,柠,0.8083003518399722
柏,枯,0.8054731546277024
柏,柗,0.8030328243900993
柏,柱,0.8006427675172385
柏,梢,0.7995284583997411
柏,袩,0.7987041404684391
