char1,char2,similarity
柎,柎,1.0
柎,枏,0.8106055517812749
柎,拊,0.803972996244418
柎,柑,0.7955155337547641
柎,栴,0.7949990408477092
柎,棈,0.7865201750407772
柎,咐,0.7818322574359734
柎,柟,0.7799181374336677
柎,枍,0.7793795397390249
柎,柯,0.778153321902524
