char1,char2,similarity
柗,柗,1.0
柗,柚,0.8038876059769686
柗,柏,0.8030328243900993
柗,桕,0.797628690999078
柗,楈,0.7974577262709327
柗,梒,0.7945476051664634
柗,枮,0.7942968465041012
柗,枦,0.7872284274815596
柗,栚,0.7854322687142559
柗,栢,0.7844581840775691
