char1,char2,similarity
柖,柖,1.0
柖,栢,0.8352644284213206
柖,柌,0.8073904575914982
柖,栕,0.8068325506407618
柖,柮,0.8025289814408018
柖,招,0.8020828984524312
柖,榗,0.7974366361537525
柖,梠,0.7929623840169001
柖,柙,0.7903907919642992
柖,柾,0.7893500744045161
