char1,char2,similarity
柚,柚,1.0
柚,抽,0.8359813422119794
柚,柏,0.8301475367499125
柚,枯,0.8255455838641322
柚,妯,0.824557493040341
柚,枘,0.8223998213021884
柚,枮,0.8207355476236301
柚,枾,0.816165292234622
柚,铀,0.8083348396992439
柚,桕,0.8075876019044467
