char1,char2,similarity
柜,柜,1.0
柜,柦,0.8245680436806426
柜,袓,0.8224007191577758
柜,柤,0.8222900388672687
柜,杞,0.8166704573241128
柜,枑,0.8057998377554928
柜,杝,0.8044087738392272
柜,枢,0.803013892348216
柜,柯,0.800329658882589
柜,栝,0.7997532011509574
