char1,char2,similarity
柕,柕,1.0
柕,杼,0.816484462586875
柕,栐,0.7966843830290439
柕,抒,0.7914762138727145
柕,桿,0.7908630121952516
柕,标,0.7902325974205995
柕,椂,0.7896323577880457
柕,柹,0.7889051128066052
柕,栎,0.78735638206915
柕,柉,0.7857391661773908
