char1,char2,similarity
柙,柙,1.0
柙,杽,0.8140157683853756
柙,押,0.812325767737583
柙,柈,0.8096978898295534
柙,梱,0.7994324268986873
柙,枰,0.7958921349302053
柙,栕,0.7947840218517206
柙,柖,0.7903907919642992
柙,柮,0.7900444842275891
柙,枔,0.7897941679350502
