char1,char2,similarity
柔,柔,1.0
柔,栗,0.7695527627439385
柔,梁,0.7654143322754119
柔,栔,0.7621336566806298
柔,栞,0.7596655467498804
柔,梨,0.7588765540161388
柔,梊,0.7585843324236217
柔,枽,0.7552310462490801
柔,梷,0.7525796757310366
柔,喿,0.751666008253103
