char1,char2,similarity
柘,柘,1.0
柘,杤,0.7924931893705941
柘,拓,0.7907240524627123
柘,妬,0.7818538054584716
柘,柯,0.7814476129497647
柘,坧,0.7785926476666859
柘,枅,0.7747789090256463
柘,桕,0.7729795866140455
柘,朽,0.7721588502194191
柘,枥,0.7719200069916068
