char1,char2,similarity
柢,柢,1.0
柢,忯,0.7870108580996311
柢,抵,0.7855944537521794
柢,袛,0.7849416552231517
柢,扺,0.7803249413458888
柢,祗,0.7761364784096889
柢,梖,0.7745663744661025
柢,棍,0.7744482002389769
柢,祇,0.7738399225229268
柢,枖,0.7735302265735436
