char1,char2,similarity
柤,柤,1.0
柤,柦,0.8300029195698639
柤,袓,0.8228008957211295
柤,柜,0.8222900388672687
柤,祖,0.8194621555514013
柤,柾,0.811194731745883
柤,杻,0.8060048038546311
柤,栕,0.8058283736029884
柤,枙,0.8052252610766288
柤,柯,0.8021136959371125
