char1,char2,similarity
柞,柞,1.0
柞,拃,0.8473071576108956
柞,怍,0.825141976008035
柞,祚,0.8172176964985726
柞,柠,0.792282467873152
柞,杵,0.7864931643281448
柞,炸,0.7864759803156612
柞,诈,0.7842037348466095
柞,杚,0.7806822063369486
柞,杧,0.780057232706893
