char1,char2,similarity
柦,柦,1.0
柦,柤,0.8300029195698639
柦,柜,0.8245680436806426
柦,担,0.821747542547174
柦,杻,0.8141287857062814
柦,桂,0.8104243470518678
柦,柯,0.8040448137561199
柦,柆,0.8011395105590013
柦,柾,0.7996975944248691
柦,袒,0.7986779462406138
