char1,char2,similarity
柟,柟,1.0
柟,桘,0.8158150465063098
柟,柮,0.7980921890482463
柟,枘,0.7975838301113525
柟,椇,0.7930212836862487
柟,柿,0.7909513924584524
柟,梒,0.7889273107329003
柟,梏,0.7883359790146724
柟,柯,0.7830913462370838
柟,桤,0.7822198898214504
