char1,char2,similarity
柠,柠,1.0
柠,柱,0.8333916256320452
柠,坾,0.8153009033557357
柠,柏,0.8083003518399722
柠,拧,0.8076229622680108
柠,杵,0.7976205520476697
柠,枦,0.7975079518061615
柠,柞,0.792282467873152
柠,护,0.7916057140019416
柠,杮,0.7905679093997996
