char1,char2,similarity
柧,柧,1.0
柧,枛,0.8437082164238758
柧,柶,0.7943706486361454
柧,枙,0.7918211763344751
柧,栃,0.7827170869474069
柧,柅,0.7782472909841778
柧,柷,0.7776560528822134
柧,枖,0.7761224606540482
柧,柲,0.774860205009329
柧,柩,0.77409903441679
