char1,char2,similarity
柩,柩,1.0
柩,框,0.8097286984356293
柩,枢,0.8068058091078542
柩,抠,0.8020237789545334
柩,桓,0.7934253636502124
柩,柄,0.7901929224369397
柩,梱,0.7815628601036518
柩,柧,0.77409903441679
柩,枻,0.7731128690298423
柩,杈,0.7716598219657927
