char1,char2,similarity
柪,柪,1.0
柪,椡,0.7788623490067019
柪,拗,0.7754748782086738
柪,岰,0.773643093245294
柪,袎,0.7733209485254241
柪,栁,0.7609845203224364
柪,椚,0.7557908958310534
柪,枊,0.7491212316779963
柪,枓,0.7491146788769628
柪,桸,0.7490182823229276
