char1,char2,similarity
柯,柯,1.0
柯,袔,0.8390664316015636
柯,枂,0.8110207766563724
柯,柦,0.8040448137561199
柯,柤,0.8021136959371125
柯,柜,0.800329658882589
柯,杻,0.7976884538339334
柯,杤,0.7942853818504658
柯,杞,0.7934753281180128
柯,枥,0.7904476958343046
