char1,char2,similarity
柨,柨,1.0
柨,抪,0.8033054456499037
柨,栫,0.7850562352324928
柨,梬,0.7767211802848308
柨,栯,0.7749588987018347
柨,椊,0.7721942916270179
柨,棓,0.7714564808342843
柨,柹,0.7707805416153086
柨,枊,0.7658762108778032
柨,梓,0.7655652124412814
