char1,char2,similarity
柬,柬,1.0
柬,東,0.8367000411679231
柬,荣,0.8033914308230525
柬,朿,0.8025925716334426
柬,汬,0.7953530596134367
柬,杗,0.7825133886552622
柬,來,0.77982803613499
柬,桒,0.779593853876228
柬,茱,0.775405449350244
柬,茉,0.773851816302991
