char1,char2,similarity
柱,柱,1.0
柱,柠,0.8333916256320452
柱,杶,0.8094525692041168
柱,枯,0.8067281911919529
柱,扗,0.8033117386565359
柱,柏,0.8006427675172385
柱,炷,0.7975746107717887
柱,柾,0.792823250625666
柱,柆,0.7928092999277212
柱,柚,0.7925450325267747
