char1,char2,similarity
柫,柫,1.0
柫,椣,0.8055523139599005
柫,梲,0.7813153539518883
柫,桺,0.7759282067321172
柫,梡,0.7738909135051769
柫,梛,0.7685442518533285
柫,咈,0.7657784869263443
柫,楢,0.7595495259602063
柫,紼,0.7595473960837376
柫,胇,0.7589095322143293
