char1,char2,similarity
柮,柮,1.0
柮,柾,0.8246702368145558
柮,栍,0.8192990501637203
柮,枾,0.8147135570671354
柮,柸,0.8111559517745068
柮,梱,0.8109117248342855
柮,绌,0.8028258126837094
柮,柖,0.8025289814408018
柮,柚,0.7997878542496419
柮,柹,0.7985622608034222
