char1,char2,similarity
柵,柵,1.0
柵,梄,0.8008081661366777
柵,桐,0.7948945316838497
柵,栶,0.7942869345337942
柵,梛,0.7909380683713346
柵,樋,0.7853058587856677
柵,椯,0.7830168936330351
柵,栭,0.7819442714748619
柵,棡,0.7786599655858674
柵,梋,0.7777156596963807
