char1,char2,similarity
査,査,1.0
査,查,0.820123477783063
査,育,0.8117599491302186
査,萓,0.8114030046700894
査,奆,0.8040578330125469
査,荁,0.79734322508635
査,直,0.7954104050534893
査,宣,0.7806345009236066
査,螙,0.7578810346337156
査,夿,0.7567308100982405
