char1,char2,similarity
柳,柳,1.0
柳,铆,0.8165660267721268
柳,椰,0.783356413247328
柳,揤,0.7793080173308009
柳,榔,0.7676113317126552
柳,榈,0.7585145750856038
柳,枊,0.7524860070130349
柳,樃,0.7512628282632539
柳,掤,0.7457114991734
柳,栩,0.7447390463743768
