char1,char2,similarity
柺,柺,1.0
柺,梠,0.8182116201100623
柺,拐,0.8157945018404654
柺,枴,0.8134732821541085
柺,柷,0.7957991370599153
柺,枂,0.7956488398330368
柺,枧,0.7924389774109927
柺,枖,0.7909923910476083
柺,栍,0.7894893607942775
柺,枤,0.7885235498085649
