char1,char2,similarity
柶,柶,1.0
柶,柧,0.7943706486361454
柶,柮,0.7889617421596753
柶,枊,0.7821851359647993
柶,枛,0.7819657607566014
柶,棡,0.7819004409508588
柶,枓,0.7810151352196882
柶,柼,0.7802546523897491
柶,柵,0.7771584829118975
柶,樆,0.774497688523191
