char1,char2,similarity
柸,柸,1.0
柸,柾,0.8424990816279007
柸,栍,0.8301900910954243
柸,柮,0.8111559517745068
柸,柦,0.792674149766469
柸,楻,0.7895961246695525
柸,杻,0.788818103814581
柸,極,0.7846540986159228
柸,枙,0.7838842111873614
柸,枾,0.7824448128892797
