char1,char2,similarity
柿,柿,1.0
柿,桔,0.8112857927524818
柿,杶,0.8018590116693007
柿,枺,0.7996936805653608
柿,柏,0.7961216680958985
柿,铈,0.7935018559191898
柿,柟,0.7909513924584524
柿,栋,0.7902136934576341
柿,拮,0.7898280725843191
柿,杮,0.7892917971642169
