char1,char2,similarity
柼,柼,1.0
柼,杭,0.8147093079386913
柼,枦,0.805054738698709
柼,枋,0.8000022501717609
柼,枎,0.7899373333616535
柼,柷,0.7870090642076846
柼,柶,0.7802546523897491
柼,楲,0.7781752461438182
柼,栒,0.7779880487381482
柼,杦,0.7766881955563166
