char1,char2,similarity
栄,栄,1.0
栄,呆,0.790821499984192
栄,失,0.7875623690767474
栄,泶,0.7832692307861554
栄,屮,0.772963465686356
栄,夫,0.7562307089418899
栄,采,0.7488819737565536
栄,中,0.7437698845038181
栄,罙,0.7423079450539177
栄,穼,0.7422620377163442
