char1,char2,similarity
栀,栀,1.0
栀,桅,0.8051453738565607
栀,桭,0.797068967057623
栀,桓,0.7863470352982778
栀,扼,0.7853519574945809
栀,框,0.784808670573661
栀,棿,0.7812719100163884
栀,梮,0.7791957511130271
栀,椆,0.7766767543374402
栀,梍,0.7706771581494154
