char1,char2,similarity
栏,栏,1.0
栏,拦,0.8528076926901945
栏,杜,0.789478504189025
栏,枯,0.7891879587695091
栏,栚,0.7824302572884617
栏,柱,0.7821442266782662
栏,枮,0.7792308563284404
栏,枉,0.7781142294571081
栏,杧,0.7773017248280112
栏,松,0.7719522109331697
