char1,char2,similarity
栋,栋,1.0
栋,栐,0.7966368972430842
栋,柿,0.7902136934576341
栋,柹,0.7892158590913242
栋,柕,0.7697889539870826
栋,栎,0.7694398312679652
栋,棕,0.7680716458173396
栋,枠,0.7621828541939647
栋,柠,0.7620289289566685
栋,柾,0.7619000624532015
