char1,char2,similarity
栉,栉,1.0
栉,杼,0.7732064225406174
栉,柿,0.7636376466997465
栉,桔,0.7559652806784066
栉,拤,0.751651526722435
栉,桂,0.7513642727443761
栉,枺,0.7512809583609247
栉,枟,0.7507988959329659
栉,枸,0.7498875973072818
栉,榙,0.7492791666857084
