char1,char2,similarity
栌,栌,1.0
栌,枦,0.791358774278436
栌,枤,0.7884716909639716
栌,杤,0.7814614593554027
栌,护,0.7730833333234666
栌,机,0.7727375954495862
栌,权,0.772707678750906
栌,杪,0.7722154742361054
栌,杞,0.7719839183592928
栌,扩,0.7688619137136885
