char1,char2,similarity
栖,栖,1.0
栖,梄,0.8095769242156352
栖,徆,0.7995156610244593
栖,栢,0.7972298819899185
栖,恓,0.7939084877896551
栖,桮,0.7909693109269362
栖,椢,0.7851137194419436
栖,桺,0.7811758398564166
栖,桠,0.7791307208940512
栖,柵,0.7766708986577187
