char1,char2,similarity
栐,栐,1.0
栐,栎,0.8142789328515085
栐,柕,0.7966843830290439
栐,栋,0.7966368972430842
栐,梓,0.7875433960883133
栐,枺,0.7834450717633333
栐,柹,0.7817632814830366
栐,柇,0.7799103903051661
栐,柾,0.7786145413319371
栐,柿,0.7784244564074847
