char1,char2,similarity
树,树,1.0
树,梅,0.7376725395616777
树,柎,0.7360772761323743
树,檄,0.7355292830565038
树,捃,0.7338727380128534
树,拊,0.7334232855153061
树,埘,0.7322997051126071
树,枫,0.7319276998167513
树,樹,0.7292846011230575
树,傠,0.7265032006658302
