char1,char2,similarity
栘,栘,1.0
栘,拸,0.8583637169783412
栘,袳,0.8158029313390542
栘,恀,0.8130374120568921
栘,梓,0.7821526763601392
栘,姼,0.7792289869430062
栘,栍,0.7707084707655802
栘,椮,0.7661637822711775
栘,栐,0.7638475180141708
栘,棦,0.7634607581657027
