char1,char2,similarity
栒,栒,1.0
栒,枸,0.8145399994757778
栒,枃,0.8016445773667239
栒,枹,0.7960813255667513
栒,怐,0.7953829574368839
栒,构,0.7891892132967129
栒,椈,0.779861814160648
栒,柌,0.778318612595257
栒,柼,0.7779880487381482
栒,杹,0.777437266286635
