char1,char2,similarity
栠,栠,1.0
栠,凭,0.7604635882073202
栠,枽,0.7530477739834038
栠,槃,0.7459878818089622
栠,渠,0.7398910523732269
栠,梊,0.7375322062937476
栠,奐,0.7365439009222149
栠,柔,0.7344458514092568
栠,栞,0.7334391715518355
栠,粱,0.7326191671746268
