char1,char2,similarity
栢,栢,1.0
栢,栕,0.8384935352785726
栢,柖,0.8352644284213206
栢,栝,0.8063373140357568
栢,桮,0.8061465364289395
栢,栖,0.7972298819899185
栢,梠,0.7910082574178907
栢,柄,0.7867176345552118
栢,榗,0.7865086908212795
栢,柌,0.7845621009339024
