char1,char2,similarity
栜,栜,1.0
栜,梀,0.823558348612091
栜,枾,0.8193875787070223
栜,椋,0.8094309245157971
栜,棶,0.8078126752935761
栜,枺,0.7957882617263385
栜,梙,0.7935129331998574
栜,桲,0.7858570971776967
栜,桏,0.7847917119143887
栜,柛,0.7839138801195651
