char1,char2,similarity
栝,栝,1.0
栝,栢,0.8063373140357568
栝,柜,0.7997532011509574
栝,枰,0.7972951214705786
栝,柝,0.7961900303671451
栝,栕,0.7916664602249509
栝,桔,0.7871183272730616
栝,杜,0.7825246466980462
栝,杞,0.7817048007352485
栝,枆,0.7811637814450555
