char1,char2,similarity
校,校,1.0
校,枝,0.8331426550307146
校,技,0.8023419871428201
校,挍,0.794559087399408
校,姣,0.7892768756926899
校,铰,0.7871909922529302
校,晈,0.7856066737689993
校,峧,0.7816785090753042
校,忮,0.7796637882408638
校,桔,0.7758038763417259
