char1,char2,similarity
栚,栚,1.0
栚,栟,0.83511430974023
栚,枖,0.8026513336318741
栚,柣,0.7996006528211763
栚,栍,0.7974603223290693
栚,枎,0.7959756192461249
栚,柍,0.7880377299892855
栚,柗,0.7854322687142559
栚,枮,0.7841217990404862
栚,栏,0.7824302572884617
