char1,char2,similarity
栞,栞,1.0
栞,梊,0.7844864068495118
栞,枽,0.7778957047395826
栞,梁,0.7679049958686683
栞,梷,0.7653864710440975
栞,柒,0.7630528474640951
栞,柔,0.7596655467498804
栞,棸,0.7577654420291727
栞,某,0.7527324403948935
栞,喿,0.748027970489606
