char1,char2,similarity
栧,栧,1.0
栧,桹,0.7905399443896497
栧,槐,0.7776319416438321
栧,拽,0.7750232740360052
栧,梡,0.7736915624252537
栧,楰,0.7729125566243306
栧,梎,0.7726436965657539
栧,捒,0.7705498260908001
栧,棙,0.7689886524957843
栧,樉,0.7656456645321619
