char1,char2,similarity
栦,栦,1.0
栦,椥,0.8042818677561065
栦,椚,0.7800366637801401
栦,梆,0.7763887818624492
栦,枇,0.7745713816535406
栦,楜,0.7679693757724706
栦,枊,0.7670556793960748
栦,栁,0.7633383535621296
栦,桞,0.7587008911903448
栦,栮,0.7554898571720119
