char1,char2,similarity
栩,栩,1.0
栩,椰,0.7563485561167872
栩,楣,0.7514474195184777
栩,恛,0.7503581362842352
栩,檩,0.7474518092033255
栩,桠,0.7464974359955951
栩,柳,0.7447390463743768
栩,榔,0.7434591136611163
栩,挧,0.7428348815232526
栩,梄,0.7419036433781772
