char1,char2,similarity
栱,栱,1.0
栱,拱,0.8050083446676969
栱,娂,0.8049968677025431
栱,晎,0.793744626565255
栱,椣,0.783168505717348
栱,梖,0.7756907166206305
栱,棁,0.7733270428110423
栱,桺,0.7729999994394106
栱,梹,0.7723201946422431
栱,珙,0.7702166420926585
