char1,char2,similarity
栲,栲,1.0
栲,拷,0.813950252189145
栲,楮,0.7989393732974096
栲,侤,0.7731039647182986
栲,栳,0.7717879488817724
栲,洘,0.7651932652015339
栲,抟,0.7511109559540357
栲,袴,0.7504762049398391
栲,桍,0.749464532601557
栲,侉,0.7493337035524784
