char1,char2,similarity
栵,栵,1.0
栵,桺,0.7715971188375715
栵,栱,0.769999832906405
栵,椚,0.7686504582483682
栵,椡,0.7675588707150849
栵,峢,0.7650884908745429
栵,楋,0.7613413437789248
栵,蛚,0.760734690254818
栵,橺,0.7599149113869407
栵,棡,0.7598422945139156
