char1,char2,similarity
栯,栯,1.0
栯,哊,0.7896487524417465
栯,栫,0.7807150883986833
栯,销,0.77913334907551
栯,桍,0.7774863623712377
栯,梡,0.776696081521763
栯,柨,0.7749588987018347
栯,铕,0.7735211793494573
栯,梋,0.7684001198805391
栯,枿,0.7620940566422445
