char1,char2,similarity
栴,栴,1.0
栴,柎,0.7949990408477092
栴,椬,0.7864250928117791
栴,梼,0.7855196890713894
栴,梹,0.7851873164254678
栴,棏,0.7848287216018237
栴,桹,0.7831644056973549
栴,栫,0.7798495068337464
栴,梎,0.7759816958826021
栴,柟,0.7748791840518404
