char1,char2,similarity
栶,栶,1.0
栶,柚,0.8015629912276627
栶,柵,0.7942869345337942
栶,柄,0.7869965003190802
栶,烟,0.7855944153971499
栶,棝,0.785419425951167
栶,栢,0.7806078899224947
栶,梱,0.7788668146940046
栶,柗,0.7743324268749108
栶,柶,0.7725100162960059
