char1,char2,similarity
样,样,1.0
样,祥,0.8632353788608926
样,咩,0.8014675384878323
样,梓,0.7942107856641298
样,枉,0.7898038402133801
样,柱,0.7852701218322065
样,忏,0.7830862348161426
样,烊,0.7786642833804998
样,羘,0.7775539688135729
样,柠,0.7772371196749023
