char1,char2,similarity
桀,桀,1.0
桀,臬,0.7538216746973326
桀,染,0.7514346869169792
桀,筙,0.7502609674427134
桀,桇,0.7495823223944517
桀,桌,0.7477013529418278
桀,枲,0.7465776178771646
桀,柒,0.7444910877247272
桀,梷,0.7434652542902173
桀,栾,0.7432261134345906
