char1,char2,similarity
栽,栽,1.0
栽,烖,0.7657452880478273
栽,叙,0.736826695203218
栽,載,0.7352026941713181
栽,裁,0.7350691438358351
栽,蛓,0.7313378069976998
栽,弐,0.7253684466119285
栽,哉,0.7213359618384307
栽,武,0.7203162174041189
栽,戟,0.7194223623116232
