char1,char2,similarity
栿,栿,1.0
栿,栰,0.8039081413047392
栿,梑,0.7952674963428199
栿,桹,0.7910966283019206
栿,栬,0.7870792489371561
栿,袱,0.7836580852627127
栿,枞,0.7811888657087347
栿,栺,0.7747627270435924
栿,梋,0.7689317678151639
栿,桘,0.7682353617408487
