char1,char2,similarity
桃,桃,1.0
桃,祧,0.8070112886822507
桃,棁,0.8059464047376634
桃,垗,0.8017151222892583
桃,棿,0.7991031488308304
桃,铫,0.7971892286071838
桃,梡,0.7863036636690616
桃,椀,0.7827638502621798
桃,晀,0.7827471037212765
桃,烑,0.7813577390184614
