char1,char2,similarity
桊,桊,1.0
桊,券,0.7648896380314857
桊,半,0.7335290068417194
桊,棠,0.7333276612485936
桊,灻,0.7311378513349253
桊,弄,0.7284644733748548
桊,丰,0.7231763943065517
桊,尜,0.7172056977821962
桊,橜,0.7172019294872699
桊,棊,0.7150616891230751
