char1,char2,similarity
桉,桉,1.0
桉,按,0.798962409608243
桉,枝,0.7854918883076007
桉,柁,0.7741448637302576
桉,校,0.7670461323329779
桉,梡,0.7641389590494526
桉,抭,0.7614178104845479
桉,垵,0.7578422120035236
桉,枎,0.7577342340454757
桉,枨,0.756304404960272
