char1,char2,similarity
框,框,1.0
框,桓,0.8241898034542362
框,椢,0.8109779586314457
框,柩,0.8097286984356293
框,梩,0.8084464443510548
框,恇,0.7969842449203064
框,桭,0.7943812835019036
框,棿,0.7877684880868113
框,梄,0.787529721574384
框,栀,0.784808670573661
