char1,char2,similarity
桄,桄,1.0
桄,柷,0.8213089873747937
桄,恍,0.8116981674860855
桄,枕,0.7935123929423463
桄,棿,0.7852876190747815
桄,枖,0.7834301803152212
桄,杭,0.7808218870019982
桄,桤,0.7792509328080592
桄,枝,0.7788780345753411
桄,枧,0.777924413105911
