char1,char2,similarity
桋,桋,1.0
桋,恞,0.834738185861428
桋,椟,0.8092300426505803
桋,梬,0.7907263161830606
桋,楰,0.7838466895108293
桋,桮,0.779182646538349
桋,樉,0.778809732412042
桋,桺,0.7778213625661355
桋,梈,0.7746891913049813
桋,姨,0.7735978289021359
