char1,char2,similarity
桍,桍,1.0
桍,挎,0.8105778687979676
桍,梬,0.8021796327620772
桍,梋,0.7960180488879318
桍,袴,0.7938635754629215
桍,桛,0.7858742073338453
桍,梈,0.7849155652352561
桍,侉,0.7806647354640585
桍,恗,0.7803217661108741
桍,绔,0.7778389512415502
