char1,char2,similarity
桎,桎,1.0
桎,柽,0.788476607169933
桎,挰,0.7744073253987726
桎,铚,0.7733143027126611
桎,桓,0.7726889242850707
桎,垤,0.7719915791238153
桎,杼,0.7701567718858465
桎,榅,0.7642612334906494
桎,桴,0.7627694847486786
桎,绖,0.7617770736826286
