char1,char2,similarity
桒,桒,1.0
桒,杗,0.8399926297640747
桒,荣,0.7884928599595395
桒,柬,0.779593853876228
桒,宷,0.776861439116017
桒,籴,0.7755212718917961
桒,東,0.7704018917780598
桒,尭,0.7687734377614928
桒,枈,0.7650692555425086
桒,苿,0.7639765299578165
