char1,char2,similarity
桕,桕,1.0
桕,柏,0.842302492446128
桕,抇,0.8105019699425788
桕,柚,0.8075876019044467
桕,枦,0.7991332216823213
桕,柗,0.797628690999078
桕,杞,0.791974629585956
桕,拍,0.7890017514413764
桕,柌,0.7886504867850134
桕,柜,0.7840256610100004
