char1,char2,similarity
桔,桔,1.0
桔,拮,0.8708065553837725
桔,恄,0.8287826971535736
桔,柿,0.8112857927524818
桔,祮,0.8047673917206571
桔,枝,0.7985848600090764
桔,棓,0.7982844300396235
桔,柏,0.793618364795149
桔,持,0.7932308661404973
桔,桂,0.7878239016897894
