char1,char2,similarity
桖,桖,1.0
桖,椪,0.7966892201569357
桖,恤,0.7945368459707486
桖,椨,0.7923196248590784
桖,椾,0.7851509117457682
桖,榅,0.7848367270629881
桖,棷,0.7841736166178553
桖,梔,0.7838890035687855
桖,椧,0.7823733631888244
桖,梘,0.7803908997657663
