char1,char2,similarity
桚,桚,1.0
桚,拶,0.7760760133421077
桚,梫,0.7672349014531662
桚,桵,0.7669188618764876
桚,桜,0.7655849288690991
桚,椤,0.7595074764314268
桚,梈,0.7579999312293285
桚,桹,0.7568639478975563
桚,梣,0.7531551209105785
桚,梹,0.7521488615853364
