char1,char2,similarity
桘,桘,1.0
桘,梏,0.822124090771014
桘,棓,0.8194697084541188
桘,柟,0.8158150465063098
桘,梠,0.8058102502608027
桘,栬,0.8053179977576254
桘,楢,0.7952678170448012
桘,柮,0.7949991631794816
桘,枘,0.7934716312174612
桘,桹,0.7927644063600034
