char1,char2,similarity
桙,桙,1.0
桙,椫,0.7949256604626581
桙,梙,0.792383293819747
桙,梣,0.7879546890773088
桙,桿,0.7867444376663675
桙,棹,0.7821822484460419
桙,椁,0.7805450690722825
桙,椲,0.7789258251832532
桙,桯,0.774809626621322
桙,梂,0.771360514987244
