char1,char2,similarity
桞,桞,1.0
桞,桝,0.7971233007582557
桞,桏,0.7670603738481236
桞,栦,0.7587008911903448
桞,榔,0.7547124195433154
桞,枊,0.7541045288322148
桞,郴,0.7492085769702944
桞,柨,0.7471178994132468
桞,梶,0.7451574865287973
桞,桸,0.744595663827054
