char1,char2,similarity
桝,桝,1.0
桝,桞,0.7971233007582557
桝,桾,0.7785186273339686
桝,柑,0.7624123204507323
桝,栴,0.7589371808404767
桝,椲,0.7576240146456419
桝,柎,0.7537617227620904
桝,桰,0.748987822854325
桝,梮,0.7476558990642487
桝,栮,0.7470198671680895
