char1,char2,similarity
桛,桛,1.0
桛,挊,0.8221994814293471
桛,拤,0.8134145800885254
桛,桳,0.8114475838366185
桛,梌,0.7987868804332432
桛,梈,0.7966359173095459
桛,枔,0.7913359903826295
桛,桿,0.789189201651378
桛,椫,0.7888844779332593
桛,桍,0.7858742073338453
