char1,char2,similarity
桜,桜,1.0
桜,桵,0.7874061272576713
桜,柣,0.7797407626639994
桜,桹,0.7781278700538525
桜,椄,0.7729455780632235
桜,桚,0.7655849288690991
桜,梣,0.7654645232970211
桜,梩,0.7609650829284206
桜,梫,0.76079850071468
桜,棿,0.7603658929930907
