char1,char2,similarity
桤,桤,1.0
桤,恺,0.8338113713850094
桤,柛,0.7866831769951754
桤,柟,0.7822198898214504
桤,榿,0.779671557765429
桤,桄,0.7792509328080592
桤,柿,0.7720994335310504
桤,枹,0.7706459423081372
桤,柮,0.7704451319536941
桤,枘,0.769535547973773
