char1,char2,similarity
桧,桧,1.0
桧,袷,0.803649563264122
桧,枱,0.7944567988114438
桧,绘,0.7830625992516739
桧,松,0.7727881330907582
桧,秴,0.7703895305609407
桧,杪,0.765024777161302
桧,扲,0.7618037157319255
桧,杜,0.7598990211236368
桧,杴,0.7590058917446217
