char1,char2,similarity
桨,桨,1.0
桨,浆,0.8229445052764217
桨,奖,0.8108079825271106
桨,栥,0.798562468215283
桨,枲,0.7805307850084613
桨,柴,0.7764786964315382
桨,桌,0.7755931109703879
桨,桬,0.7722622680311892
桨,楘,0.7699834320332789
桨,栾,0.7665305224423092
