char1,char2,similarity
桱,桱,1.0
桱,牼,0.7877438783365226
桱,桮,0.7842136515400853
桱,桯,0.7820300823751958
桱,梖,0.780249539330039
桱,栬,0.776794208827049
桱,梩,0.7716686774643989
桱,桏,0.7670028787365011
桱,梎,0.7669974723230434
桱,桭,0.7647510448556685
