char1,char2,similarity
桬,桬,1.0
桬,栥,0.7912108943133134
桬,娑,0.7843792490172145
桬,染,0.7765035132957885
桬,梷,0.7758358691202126
桬,桨,0.7722622680311892
桬,梁,0.7715472616238297
桬,栾,0.7666446992608401
桬,栔,0.7625647320680895
桬,楽,0.7615655255313798
