char1,char2,similarity
桫,桫,1.0
桫,挱,0.8727915190618126
桫,唦,0.7556378862927646
桫,猀,0.7485666667289812
桫,尠,0.7453578509358237
桫,枞,0.7435950872016048
桫,档,0.7338696163969136
桫,觘,0.7331972382960105
桫,渺,0.7325092177688894
桫,桖,0.7324715137001355
