char1,char2,similarity
桲,桲,1.0
桲,饽,0.8397374343105741
桲,梓,0.818828621194981
桲,椊,0.8160190282430867
桲,悖,0.8156667211164321
桲,綍,0.815343751746678
桲,椑,0.8152839783340488
桲,哱,0.8146435056227197
桲,挬,0.8130149512599962
桲,椟,0.8076208899471302
