char1,char2,similarity
桪,桪,1.0
桪,柈,0.7885185580192441
桪,楅,0.7856552924295868
桪,挦,0.785427138340455
桪,柕,0.784427021828777
桪,枔,0.7839450801443609
桪,桿,0.7811550784085551
桪,榋,0.7810621574289508
桪,枒,0.7793890978961883
桪,栕,0.7771437381114542
