char1,char2,similarity
桹,桹,1.0
桹,悢,0.7953193705937962
桹,梡,0.7938206080500546
桹,桘,0.7927644063600034
桹,栺,0.7920076194956441
桹,栿,0.7910966283019206
桹,栧,0.7905399443896497
桹,棺,0.7899129396720511
桹,棪,0.7897169178136991
桹,栰,0.7886184063243382
