char1,char2,similarity
桵,桵,1.0
桵,桜,0.7874061272576713
桵,椄,0.7870809651866815
桵,梪,0.7752554860487644
桵,挼,0.7748399047412237
桵,椳,0.7744844441898869
桵,梠,0.7727148520212406
桵,梈,0.7715373974054109
桵,棌,0.7676189514896276
桵,桚,0.7669188618764876
