char1,char2,similarity
桶,桶,1.0
桶,捅,0.8373221139122805
桶,柄,0.7920816320118348
桶,梱,0.7912287265283441
桶,梩,0.790168449859279
桶,椢,0.7876563637716072
桶,悀,0.7847615925190039
桶,梄,0.7766146803298943
桶,榴,0.7761556220599679
桶,怲,0.7759836965843909
