char1,char2,similarity
桼,桼,1.0
桼,泰,0.7591270453136217
桼,柬,0.7452446154048867
桼,東,0.7402218124978672
桼,柰,0.7387507211429458
桼,桒,0.737022493400533
桼,栾,0.7331932352448607
桼,羍,0.7322633356518853
桼,森,0.7306577720696875
桼,隶,0.7281098143326407
