char1,char2,similarity
桽,桽,1.0
桽,荎,0.7628855987931187
桽,室,0.7563693434865385
桽,坴,0.7548418749063255
桽,皇,0.7527257488041234
桽,窒,0.7519093302583879
桽,査,0.7459392043656305
桽,坓,0.7438072363890229
桽,王,0.7430269064588312
桽,莝,0.742919689369001
