char1,char2,similarity
桺,桺,1.0
桺,栁,0.7889905051371445
桺,桠,0.783449844543723
桺,枌,0.7827550016848721
桺,栖,0.7811758398564166
桺,桋,0.7778213625661355
桺,柫,0.7759282067321172
桺,栱,0.7729999994394106
桺,栵,0.7715971188375715
桺,栭,0.7704854360670901
