char1,char2,similarity
桷,桷,1.0
桷,梢,0.781674644423751
桷,捔,0.7805295432448394
桷,枘,0.7799954495351573
桷,枾,0.7790836440752533
桷,柚,0.7775366413204914
桷,樀,0.7761097688678517
桷,枸,0.7732447633124366
桷,柙,0.7705626000888659
桷,枃,0.7637138115184732
