char1,char2,similarity
梆,梆,1.0
梆,郴,0.7814915778930954
梆,挷,0.7808010624931244
梆,枊,0.7772166497939716
梆,栦,0.7763887818624492
梆,绑,0.7757745755407117
梆,綁,0.7708378318467072
梆,柷,0.7622721341279882
梆,椰,0.7568885861294973
梆,椥,0.7521040019283921
