char1,char2,similarity
梅,梅,1.0
梅,挴,0.826203074265706
梅,悔,0.7769720816243345
梅,烸,0.7661613260384447
梅,桁,0.7639188579653537
梅,柊,0.7572772529766684
梅,榉,0.753098146519178
梅,栴,0.7511631048604024
梅,栂,0.7509900643968063
梅,棒,0.7476171749142757
