char1,char2,similarity
梄,梄,1.0
梄,椢,0.8203743543331184
梄,栖,0.8095769242156352
梄,棝,0.8025050289079154
梄,柵,0.8008081661366777
梄,楢,0.799244927562019
梄,梱,0.7930940174540727
梄,桮,0.7922919978529918
梄,桐,0.7893775627333057
梄,框,0.787529721574384
