char1,char2,similarity
桿,桿,1.0
桿,悍,0.8515298464874392
桿,棹,0.8474629030689107
桿,椫,0.8327125026242788
桿,梙,0.8082598403182587
桿,棍,0.806618494580831
桿,桳,0.8044215267040782
桿,梋,0.8040995938854627
桿,梘,0.8023810572131
桿,椳,0.801037091638339
