char1,char2,similarity
梃,梃,1.0
梃,梴,0.8011973676143265
梃,铤,0.7734963011550461
梃,柉,0.7643657114907537
梃,椗,0.7623637111648313
梃,桓,0.7617061052296005
梃,梹,0.7578385693314014
梃,柧,0.7564010098119823
梃,椡,0.7558075938556206
梃,栣,0.7551581175985916
