char1,char2,similarity
梉,梉,1.0
梉,桖,0.7583547136843463
梉,栨,0.7552270998718607
梉,桭,0.7532672858297125
梉,椵,0.7505652715407083
梉,椲,0.7492985040869129
梉,棷,0.7492018254031636
梉,栛,0.7485391296386679
梉,桗,0.7478839641594497
梉,枌,0.7458177912850796
