char1,char2,similarity
梎,梎,1.0
梎,梍,0.8262561592639479
梎,椖,0.8028534601064935
梎,椑,0.7873330268330344
梎,栬,0.7865027210755821
梎,栺,0.785646171096293
梎,槐,0.785102218008681
梎,棦,0.7838901384124127
梎,梚,0.7838630360413732
梎,棙,0.7831549479281287
