char1,char2,similarity
梏,梏,1.0
梏,桘,0.822124090771014
梏,棓,0.8192854008035437
梏,悎,0.8002237962346591
梏,柟,0.7883359790146724
梏,枿,0.785073725755655
梏,桔,0.7832885796977846
梏,柿,0.7800763397449655
梏,株,0.7784583622606255
梏,枍,0.7770830293671998
