char1,char2,similarity
梔,梔,1.0
梔,梶,0.8279557627911311
梔,楃,0.8196225595498848
梔,梘,0.7921947374408651
梔,桖,0.7838890035687855
梔,梞,0.7834167676626896
梔,棍,0.7768490821944878
梔,梕,0.776837877157342
梔,楀,0.7757634685317637
梔,椂,0.7719375993331402
