char1,char2,similarity
梓,梓,1.0
梓,椊,0.8354831159299776
梓,枠,0.822267227021335
梓,桲,0.818828621194981
梓,祽,0.8149047597324779
梓,柾,0.8001104662435847
梓,椑,0.7998278540436758
梓,样,0.7942107856641298
梓,稡,0.7931384141814997
梓,樟,0.7891484447568478
