char1,char2,similarity
梙,梙,1.0
梙,梡,0.8087679253501867
梙,桿,0.8082598403182587
梙,栜,0.7935129331998574
梙,桙,0.792383293819747
梙,桏,0.7919851659509921
梙,梀,0.7891837116818988
梙,柛,0.7880068466094191
梙,梚,0.7870423973088615
梙,栙,0.7858581119430056
