char1,char2,similarity
梒,梒,1.0
梒,柗,0.7945476051664634
梒,柟,0.7889273107329003
梒,楕,0.7788501871978032
梒,枟,0.7783855025709372
梒,枪,0.7780864789274822
梒,桔,0.7768276613692126
梒,桂,0.7764802099217959
梒,槍,0.7762035827313085
梒,栓,0.774172622193346
