char1,char2,similarity
梟,梟,1.0
梟,臰,0.7581009244146353
梟,軣,0.7559099815383177
梟,裏,0.7395568556349135
梟,奊,0.7326001078571006
梟,稁,0.727278384587951
梟,禀,0.727275255397234
梟,書,0.7261738983808369
梟,專,0.7257395499025115
梟,瞏,0.7247352329341687
