char1,char2,similarity
梡,梡,1.0
梡,捖,0.8449124378825132
梡,梚,0.836376392637999
梡,梘,0.8205670752646725
梡,梲,0.8126069671542805
梡,棁,0.811915349061328
梡,梙,0.8087679253501867
梡,椀,0.8020632233575303
梡,梜,0.7988120758221534
梡,棿,0.7953031487255889
