char1,char2,similarity
梣,梣,1.0
梣,梬,0.8241150773912083
梣,梤,0.7962696466942001
梣,桙,0.7879546890773088
梣,桳,0.7862857558041468
梣,梙,0.7771602286893551
梣,桿,0.7760356270057147
梣,梈,0.7704612409830892
梣,桛,0.7682725278209815
梣,梩,0.7659729697789558
