char1,char2,similarity
梜,梜,1.0
梜,楰,0.807105964707244
梜,柍,0.8069992962796426
梜,梡,0.7988120758221534
梜,梾,0.7911743366357679
梜,枝,0.7873433398413971
梜,梀,0.7871833801109539
梜,椀,0.7851025319234192
梜,柣,0.778037513195798
梜,桹,0.7750423329760049
