char1,char2,similarity
梫,梫,1.0
梫,锓,0.8104510334836829
梫,椶,0.803273664349542
梫,橸,0.7925059978498251
梫,棏,0.7795406099868439
梫,楥,0.7780241209480252
梫,椃,0.7708973108827972
梫,桚,0.7672349014531662
梫,桵,0.7652108912269535
梫,綅,0.7627926594579764
