char1,char2,similarity
梭,梭,1.0
梭,捘,0.8221048180926868
梭,柭,0.7825815050350925
梭,稄,0.7729958103431466
梭,竣,0.770897324794777
梭,稜,0.7697300234532592
梭,俊,0.7663612491181263
梭,校,0.7645716866565317
梭,骏,0.7632743025782169
梭,焌,0.7632007524225196
