char1,char2,similarity
梬,梬,1.0
梬,梣,0.8241150773912083
梬,梼,0.8023162899326214
梬,桍,0.8021796327620772
梬,娉,0.798777956949147
梬,椁,0.7979034068067561
梬,椑,0.7948606725353264
梬,桲,0.7921447699644786
梬,桋,0.7907263161830606
梬,楻,0.7906573597594466
