char1,char2,similarity
梯,梯,1.0
梯,掸,0.795458211158511
梯,俤,0.7855865059914308
梯,惮,0.780300918718835
梯,锑,0.7741341504804115
梯,挮,0.7702434511989106
梯,棵,0.7626897473429455
梯,桛,0.7510655210205309
梯,悌,0.7492850714518721
梯,槌,0.7474226454893587
