char1,char2,similarity
梩,梩,1.0
梩,桯,0.832000915642293
梩,梐,0.8162601129589515
梩,框,0.8084464443510548
梩,梱,0.8060707380714741
梩,棿,0.804820316970303
梩,楒,0.8033804314861716
梩,椢,0.7986548362632536
梩,梪,0.795880887505906
梩,梕,0.7955051585485797
