char1,char2,similarity
梨,梨,1.0
梨,栔,0.7685890735324532
梨,柔,0.7588765540161388
梨,楘,0.7461204615042454
梨,栗,0.7436676180578131
梨,桨,0.7402725684772998
梨,悡,0.7382488166155657
梨,棃,0.7357641730593761
梨,柴,0.7354841884396267
梨,栥,0.7354678505683266
