char1,char2,similarity
梦,梦,1.0
梦,梵,0.7926964710282196
梦,婪,0.7775276605271724
梦,棼,0.7531244911252137
梦,焚,0.7457559821658467
梦,棽,0.7428247800453418
梦,芗,0.7400281560181053
梦,榃,0.7294980718340501
梦,禁,0.7260465632242817
梦,梺,0.7235133794217073
