char1,char2,similarity
梵,梵,1.0
梵,梦,0.7926964710282196
梵,苀,0.7701933425101108
梵,婪,0.7644049171082815
梵,焚,0.7451064342557298
梵,芁,0.7429338156084244
梵,榃,0.7329585995398641
梵,芃,0.7306469864429005
梵,棽,0.7295878355712415
梵,梺,0.727620430461714
