char1,char2,similarity
梲,梲,1.0
梲,梡,0.8126069671542805
梲,棁,0.8048143623512322
梲,梚,0.7958278059408576
梲,梘,0.7938001692289931
梲,挩,0.7864247581213135
梲,柫,0.7813153539518883
梲,栬,0.777390957611948
梲,柍,0.7688848156209246
梲,栱,0.7648656485914423
