char1,char2,similarity
械,械,1.0
械,悈,0.7956128603020935
械,诫,0.789350170564462
械,掝,0.7672484597797724
械,铖,0.7561255330210057
械,城,0.7516647006062772
械,域,0.7476995800623049
械,棫,0.7461378627989608
械,惐,0.7460698850065333
械,摵,0.7445986938938678
