char1,char2,similarity
梿,梿,1.0
梿,梍,0.780307633005413
梿,梪,0.7695606052721066
梿,栬,0.7677761903009812
梿,棓,0.7677003126950797
梿,梹,0.7654321405298599
梿,栴,0.7650014878686479
梿,椌,0.7625168238341229
梿,梐,0.761809851031683
梿,梖,0.7613400323785545
