char1,char2,similarity
棂,棂,1.0
棂,樮,0.8013542123113668
棂,梗,0.7916997577501319
棂,桢,0.7840109565611945
棂,椐,0.7826928569135082
棂,梖,0.7809939599764388
棂,模,0.7751830170529783
棂,榠,0.7720227177518041
棂,梧,0.7673095409295878
棂,楰,0.7667898605118194
