char1,char2,similarity
棃,棃,1.0
棃,楘,0.7848159654791148
棃,柒,0.7691796160573938
棃,梷,0.7624334160246542
棃,染,0.7517176601347074
棃,桨,0.7505369115181613
棃,桬,0.7486737601998211
棃,栾,0.7467950515505535
棃,柴,0.7455700835362554
棃,栞,0.7431527933481901
