char1,char2,similarity
棁,棁,1.0
棁,梘,0.8399733575936471
棁,棿,0.8374819296718087
棁,悦,0.8298132910598763
棁,祱,0.8288230939699198
棁,梡,0.811915349061328
棁,桃,0.8059464047376634
棁,梲,0.8048143623512322
棁,柷,0.8046973490868105
棁,梖,0.8032615003107852
