char1,char2,similarity
梺,梺,1.0
梺,榃,0.7724824284306102
梺,雫,0.764446543203279
梺,婪,0.751969194924269
梺,午,0.7476465209667548
梺,仐,0.7473591378280082
梺,平,0.7402681287039053
梺,棾,0.7376336434951125
梺,枈,0.7355029732479033
梺,夺,0.7350208325387199
