char1,char2,similarity
梼,梼,1.0
梼,帱,0.8305902939430707
梼,祷,0.8117940356198524
梼,梬,0.8023162899326214
梼,桲,0.7867272793516968
梼,栴,0.7855196890713894
梼,植,0.7798135411105698
梼,梎,0.7761505635485106
梼,梍,0.7744665839979534
梼,椑,0.7670808888126488
