char1,char2,similarity
棊,棊,1.0
棊,碁,0.7844882052346978
棊,蜝,0.7354407665673834
棊,惎,0.7344386550046895
棊,蒃,0.7328033782056372
棊,子,0.7290555197468268
棊,夈,0.7286985092974724
棊,干,0.721180281699396
棊,枽,0.7201465083233953
棊,罕,0.7166752322837717
