char1,char2,similarity
棆,棆,1.0
棆,椧,0.7991888129444009
棆,梋,0.7917822094313114
棆,椯,0.7914953344113073
棆,栓,0.7906707741548324
棆,梠,0.7873875409712503
棆,枪,0.7870694642373411
棆,桘,0.7826165764992704
棆,梄,0.7804827696498001
棆,棤,0.7768884266868619
