char1,char2,similarity
棌,棌,1.0
棌,梀,0.8281996794893529
棌,梾,0.811174630056578
棌,採,0.8061792442405309
棌,桿,0.7871811046403451
棌,椂,0.7871373734977702
棌,棎,0.7818068504733208
棌,柡,0.7717572463377984
棌,梌,0.771494885766227
棌,椲,0.7678038638135871
