char1,char2,similarity
棅,棅,1.0
棅,棏,0.7995649301307196
棅,梖,0.7920972518591355
棅,梚,0.7859964505085597
棅,檡,0.7857804166671444
棅,樑,0.7857488270160479
棅,楺,0.781249078439416
棅,樿,0.7727092212847992
棅,梘,0.7726213879587774
棅,梹,0.7706572909690761
