char1,char2,similarity
棏,棏,1.0
棏,椇,0.8176717887242873
棏,棖,0.814520648345845
棏,棅,0.7995649301307196
棏,楬,0.7942346019368673
棏,橲,0.7886150218608948
棏,栴,0.7848287216018237
棏,棦,0.7834593843703528
棏,梧,0.7813403893435615
棏,椙,0.7811920934733948
