char1,char2,similarity
棓,棓,1.0
棓,桘,0.8194697084541188
棓,梏,0.8192854008035437
棓,桔,0.7982844300396235
棓,椌,0.7976726081680741
棓,桮,0.7876430120280955
棓,拮,0.7868421753704025
棓,棤,0.7842918482287994
棓,锫,0.7784934240155982
棓,棛,0.7775683246068428
