char1,char2,similarity
棕,棕,1.0
棕,椋,0.8064734444772239
棕,榁,0.7936159228545581
棕,綜,0.7934314170301484
棕,枾,0.7856988822721176
棕,枺,0.7815735317075415
棕,榟,0.7808796946219089
棕,梙,0.7777642896802444
棕,琮,0.7723086898807434
棕,柿,0.7693726222019076
