char1,char2,similarity
棔,棔,1.0
棔,捪,0.8127779917920572
棔,棤,0.7974716671934854
棔,崏,0.7902447317775967
棔,楿,0.7890753560616723
棔,桰,0.788775389550551
棔,婚,0.7779694469453062
棔,梧,0.7748934842484281
棔,榙,0.7713933019051062
棔,榗,0.7688100079011466
