char1,char2,similarity
棠,棠,1.0
棠,常,0.7818905080870746
棠,具,0.7581510213978246
棠,嵓,0.757977128627358
棠,粜,0.7391625798878906
棠,洜,0.7359629081027237
棠,鲎,0.7348528108934936
棠,営,0.7340279178589468
棠,桊,0.7333276612485936
棠,秶,0.7318111112499058
