char1,char2,similarity
棘,棘,1.0
棘,餗,0.7501980159327393
棘,辢,0.7490691074478989
棘,鋉,0.7382692149723328
棘,觫,0.7345152711725854
棘,赖,0.7343445102175445
棘,駷,0.7292558762624857
棘,耙,0.7242238553906303
棘,鲸,0.7200007562175433
棘,耗,0.7197121285685225
