char1,char2,similarity
棜,棜,1.0
棜,枷,0.7595498938872803
棜,梖,0.7591786326032328
棜,梐,0.7531867009584503
棜,柢,0.7525478722271768
棜,棙,0.751301759142463
棜,桖,0.7500844856148805
棜,椾,0.7498017058309397
棜,桗,0.7495565505828792
棜,梕,0.7493880488771578
