char1,char2,similarity
棞,棞,1.0
棞,椚,0.799132155614325
棞,梱,0.7903187139722481
棞,椢,0.787290720991658
棞,橺,0.7848850328856386
棞,幗,0.77573373752095
棞,桶,0.7723075542882049
棞,橍,0.772199306175081
棞,怬,0.7695764809590471
棞,樞,0.7676528116425908
