char1,char2,similarity
棟,棟,1.0
棟,埬,0.8084447425485459
棟,捙,0.8026835903549816
棟,梈,0.7926690833419512
棟,棹,0.7820307322415865
棟,棙,0.7817413761929679
棟,楻,0.7811729741956107
棟,樟,0.7746764477960056
棟,捸,0.7744327059837607
棟,椫,0.7707338719116146
