char1,char2,similarity
棦,棦,1.0
棦,挣,0.8132836827453057
棦,铮,0.789701151248703
棦,枠,0.7841323790083236
棦,梎,0.7838901384124127
棦,棏,0.7834593843703528
棦,椑,0.777526182133984
棦,柎,0.7770808941781943
棦,栴,0.7733796877152824
棦,梌,0.7726881714332422
