char1,char2,similarity
棤,棤,1.0
棤,惜,0.8478707976366635
棤,措,0.8264549936295399
棤,棔,0.7974716671934854
棤,徣,0.7972257260497376
棤,棛,0.7929305381723915
棤,楮,0.792606244504189
棤,榙,0.7924311437659405
棤,错,0.7849204981634477
棤,棓,0.7842918482287994
