char1,char2,similarity
棫,棫,1.0
棫,稢,0.7867542180558772
棫,惐,0.7797663484001642
棫,椷,0.7788394422203326
棫,栻,0.7714415881015019
棫,悈,0.7623774588850226
棫,椾,0.7555448424918287
棫,掝,0.7553002999925196
棫,柀,0.7499518073947592
棫,椣,0.7496732383611124
