char1,char2,similarity
棥,棥,1.0
棥,椕,0.8194335476332841
棥,棇,0.7453759788580312
棥,栮,0.7403424168641031
棥,楙,0.7396721348406575
棥,栨,0.7341402183240437
棥,椫,0.7310569501104006
棥,梑,0.7289873936404325
棥,桙,0.7289277222343848
棥,梻,0.7274393307116886
