char1,char2,similarity
棧,棧,1.0
棧,綫,0.7811190427627662
棧,殘,0.7708732134336509
棧,枝,0.7612530696846905
棧,桂,0.7577857769201555
棧,梒,0.7566273312717828
棧,帴,0.7550362454419789
棧,枟,0.7514946909219631
棧,栒,0.7514853803899176
棧,枠,0.7506441583365093
