char1,char2,similarity
棨,棨,1.0
棨,某,0.7874500771877427
棨,楽,0.7673624336585675
棨,棸,0.7654122799890009
棨,架,0.7638413248966862
棨,柒,0.7590579312271829
棨,栾,0.7547184578075058
棨,枀,0.7526027986775129
棨,栥,0.7500016877628793
棨,桬,0.7474077679913993
