char1,char2,similarity
棵,棵,1.0
棵,裸,0.8050079303807617
棵,捰,0.8040608528498112
棵,惈,0.8024434650504356
棵,婐,0.7866001990186352
棵,梯,0.7626897473429455
棵,偶,0.7590381374033464
棵,悍,0.7551693658625049
棵,檑,0.7516600115504035
棵,橹,0.7502617439437769
