char1,char2,similarity
棲,棲,1.0
棲,棈,0.8392802583514364
棲,捿,0.8078996867636316
棲,楱,0.8068053586490439
棲,榡,0.8017176458450722
棲,橫,0.7821997338098571
棲,槁,0.7779844928194717
棲,椊,0.77276025295905
棲,檨,0.7717213853729189
棲,椱,0.7704670700801877
