char1,char2,similarity
棳,棳,1.0
棳,棿,0.7903269270335009
棳,梘,0.7820479034297004
棳,梖,0.7819793829532405
棳,梹,0.777461943813337
棳,桭,0.7707517018170326
棳,棁,0.7684517581721789
棳,椵,0.7679462793614353
棳,梡,0.7654832938228493
棳,梩,0.764552581810105
