char1,char2,similarity
棯,棯,1.0
棯,捻,0.791445798638629
棯,栓,0.7905813709522267
棯,梌,0.7855239486031828
棯,梽,0.7844983084036643
棯,梞,0.7796489347987144
棯,椧,0.7792184955362877
棯,棆,0.7757676129873023
棯,棶,0.7727471695709777
棯,枪,0.7713492930113783
