char1,char2,similarity
棰,棰,1.0
棰,捶,0.8233708518511457
棰,锤,0.7820903986651752
棰,悝,0.7562874214832658
棰,埵,0.7526170995355216
棰,楦,0.7524869068018712
棰,梩,0.750486542755215
棰,桯,0.7493504360374876
棰,楹,0.7429171048024333
棰,櫮,0.7409640100905704
