char1,char2,similarity
棭,棭,1.0
棭,棛,0.7956718841421083
棭,柾,0.7815292418566356
棭,枾,0.7678759414691327
棭,樎,0.765293947316688
棭,椁,0.7650691688514606
棭,椌,0.7617366542778214
棭,棓,0.7602162411375535
棭,椗,0.7599906424902375
棭,柦,0.7595709002508083
