char1,char2,similarity
棱,棱,1.0
棱,掕,0.7818530603602046
棱,祾,0.763683325885956
棱,倰,0.760867175085099
棱,堎,0.7596165203214053
棱,悛,0.7477344704398221
棱,婈,0.7386933774798374
棱,淩,0.7362711393618825
棱,搕,0.7357833291113596
棱,睖,0.7340019812714842
