char1,char2,similarity
棽,棽,1.0
棽,琴,0.7581041429390564
棽,棼,0.7491788612035006
棽,梦,0.7428247800453418
棽,梵,0.7295878355712415
棽,某,0.7277788248400553
棽,禁,0.7191224026367513
棽,銺,0.7187922942935426
棽,其,0.7178684105606469
棽,婪,0.7169351940065288
