char1,char2,similarity
棻,棻,1.0
棻,菓,0.7925839889428036
棻,菒,0.782377372385732
棻,菄,0.770328333453228
棻,案,0.7633912786000778
棻,荬,0.7573982677203354
棻,荢,0.7413510325957595
棻,秶,0.7403607638694532
棻,苹,0.7398354998573841
棻,槳,0.7398207450798284
