char1,char2,similarity
棾,棾,1.0
棾,矢,0.7384346472805509
棾,苎,0.7383543514983646
棾,梺,0.7376336434951125
棾,椘,0.7332117204619708
棾,焚,0.7307411560971641
棾,禁,0.7280889215688715
棾,婪,0.7237136956301063
棾,楚,0.7227668484423836
棾,壬,0.7179375491291298
