char1,char2,similarity
棹,棹,1.0
棹,掉,0.8578123507673148
棹,桿,0.8474629030689107
棹,悼,0.841719015334704
棹,椫,0.8355190878126231
棹,悍,0.808147397438393
棹,婥,0.7975924629894066
棹,揘,0.7929931306147409
棹,梈,0.7922523056140366
棹,捙,0.79190600356194
