char1,char2,similarity
棸,棸,1.0
棸,梷,0.7751021848229909
棸,栗,0.7698061107831689
棸,楽,0.7697670777031281
棸,棨,0.7654122799890009
棸,梁,0.7631086574836585
棸,喿,0.7624258155327593
棸,栾,0.7617169151964974
棸,栞,0.7577654420291727
棸,粢,0.7537922878674352
