char1,char2,similarity
椆,椆,1.0
椆,梮,0.8967458132250891
椆,棩,0.8249174715278021
椆,棝,0.8229845796528878
椆,椢,0.8191331790962278
椆,桐,0.8129014848145075
椆,棢,0.7966975899850052
椆,棡,0.7906512657081123
椆,榈,0.7887811311503121
椆,楇,0.7882967160352138
