char1,char2,similarity
椅,椅,1.0
椅,掎,0.8129827228935725
椅,裿,0.7906834231656606
椅,猗,0.7755494174428219
椅,栂,0.7667856440561264
椅,梈,0.7606492221286433
椅,楕,0.7589360868839776
椅,倚,0.7588725809685198
椅,棈,0.7581139451244099
椅,棟,0.7569615966082013
