char1,char2,similarity
椒,椒,1.0
椒,俶,0.7881764944584304
椒,掓,0.7689395760328693
椒,棷,0.7664163438993704
椒,埱,0.7637560140080533
椒,婌,0.7593625960146178
椒,怓,0.7484008027774521
椒,彬,0.742584755689655
椒,棭,0.7305569651218595
椒,檭,0.7299066392884913
