char1,char2,similarity
椓,椓,1.0
椓,椲,0.7700775754608137
椓,桓,0.7670342085818297
椓,柕,0.7666673739391715
椓,梕,0.7662506160985437
椓,标,0.7658341365766514
椓,榅,0.7654143056691306
椓,棌,0.7652270341287565
椓,棹,0.7626699651899338
椓,梠,0.7624567180919279
