char1,char2,similarity
植,植,1.0
植,值,0.8416405924626071
植,徝,0.8215092837145825
植,楦,0.8025932192235263
植,愃,0.7858973088592434
植,楂,0.7841322905416492
植,揎,0.7816943521133152
植,梼,0.7798135411105698
植,棣,0.7691397137619796
植,榇,0.7640085363962316
