char1,char2,similarity
椑,椑,1.0
椑,桲,0.8152839783340488
椑,梓,0.7998278540436758
椑,棿,0.7970216561705262
椑,梬,0.7948606725353264
椑,椖,0.7906860345730041
椑,榑,0.7906249178327025
椑,梎,0.7873330268330344
椑,槐,0.7854009653951778
椑,椊,0.7852217048329277
