char1,char2,similarity
椐,椐,1.0
椐,梧,0.7871322557193334
椐,楯,0.7857263341362842
椐,棂,0.7826928569135082
椐,婮,0.7813755268718887
椐,梖,0.7753583349824458
椐,棍,0.775127347827784
椐,梮,0.7716443429771032
椐,桭,0.7712813942565288
椐,杷,0.7687749371881691
