char1,char2,similarity
椙,椙,1.0
椙,楬,0.8427227815311457
椙,椔,0.8165613763416397
椙,梠,0.8030770180907325
椙,椇,0.7909183961207373
椙,檡,0.7906313881590098
椙,捛,0.790156912755716
椙,棖,0.7870624684014459
椙,棝,0.7863129949678943
椙,橸,0.7846693590358195
