char1,char2,similarity
椦,椦,1.0
椦,棬,0.7846956392906773
椦,椯,0.7833908861961202
椦,棈,0.7828714501737123
椦,梇,0.7691151919470168
椦,楑,0.7654110481720191
椦,楐,0.7607225771543447
椦,椿,0.7606336342222464
椦,椳,0.7567230180561096
椦,栴,0.7564702689316335
