char1,char2,similarity
椣,椣,1.0
椣,柫,0.8055523139599005
椣,梹,0.8050187463262364
椣,梖,0.8035438261928515
椣,栱,0.783168505717348
椣,楰,0.7816492865168586
椣,椇,0.7797545746682802
椣,腆,0.7772616808116614
椣,捵,0.7748248605134043
椣,柍,0.7732121158015299
