char1,char2,similarity
椧,椧,1.0
椧,棆,0.7991888129444009
椧,梌,0.7858809600551716
椧,桖,0.7823733631888244
椧,掵,0.7796315036140703
椧,棯,0.7792184955362877
椧,椙,0.7765451356167651
椧,梙,0.7711002390883962
椧,椥,0.7679180436911237
椧,桙,0.7678008587893432
