char1,char2,similarity
椠,椠,1.0
椠,堑,0.7370325389778734
椠,糱,0.7324649727109114
椠,築,0.7308868121128874
椠,桇,0.730794205172447
椠,葉,0.7253007772426874
椠,皁,0.7238167531958152
椠,楶,0.7173929757970788
椠,燊,0.714516794532078
椠,窠,0.7107553289100428
