char1,char2,similarity
椡,椡,1.0
椡,捯,0.7979095576148019
椡,栁,0.7871157136677982
椡,梸,0.7837989784304173
椡,柪,0.7788623490067019
椡,椚,0.777656419371532
椡,栭,0.7768775606889052
椡,椈,0.7725160958591577
椡,柶,0.7710699235550065
椡,栵,0.7675588707150849
