char1,char2,similarity
椪,椪,1.0
椪,椾,0.8044619395535847
椪,掽,0.8018387900664163
椪,桖,0.7966892201569357
椪,榏,0.7952048182169923
椪,椏,0.7867101013917961
椪,槛,0.7743479654656499
椪,棑,0.7736630763797165
椪,椌,0.7731622455176816
椪,棁,0.7721427225200564
