char1,char2,similarity
椭,椭,1.0
椭,棚,0.7481537704839044
椭,橄,0.7361424019235141
椭,概,0.7195168832469697
椭,撱,0.7112239046513336
椭,慲,0.7098861263954525
椭,樃,0.7087736539142558
椭,橼,0.7084940482168928
椭,樯,0.7082007685549498
椭,橛,0.7079419867943676
