char1,char2,similarity
椰,椰,1.0
椰,梛,0.7939964758400474
椰,瑘,0.7897395146245345
椰,柳,0.783356413247328
椰,鄊,0.7729705318320892
椰,榔,0.7615603130094811
椰,棷,0.7610621375077563
椰,梆,0.7568885861294973
椰,栩,0.7563485561167872
椰,桠,0.7518381460151491
