char1,char2,similarity
椮,椮,1.0
椮,樛,0.8011681786585989
椮,惨,0.785333543045265
椮,槮,0.7732980011096731
椮,栘,0.7661637822711775
椮,骖,0.7585811240417177
椮,榢,0.7562868023597967
椮,橰,0.7535186667253441
椮,梫,0.7532610990184021
椮,棦,0.7532453430346168
