char1,char2,similarity
椯,椯,1.0
椯,楀,0.8063094060139547
椯,椳,0.7999380966378009
椯,椢,0.7949017122082411
椯,棆,0.7914953344113073
椯,柮,0.790919420024523
椯,媏,0.7888729503235724
椯,棍,0.7853395603405569
椯,褍,0.7847002464234075
椯,椦,0.7833908861961202
