char1,char2,similarity
椺,椺,1.0
椺,褓,0.7899793564067226
椺,柵,0.7728330280299446
椺,媬,0.7698593512848532
椺,梎,0.7610825956492807
椺,桰,0.7590454394335819
椺,椖,0.7589837215117737
椺,棿,0.7582584055402215
椺,椙,0.7574016543228264
椺,楬,0.7551875521119278
