char1,char2,similarity
椹,椹,1.0
椹,愖,0.7946076525610657
椹,楂,0.7886744101211773
椹,媅,0.7769433128791751
椹,煁,0.7705054244375039
椹,楦,0.7618438511761703
椹,揕,0.7559733353390856
椹,栴,0.7479243531367649
椹,植,0.7477747843390211
椹,偡,0.738997983477338
