char1,char2,similarity
椳,椳,1.0
椳,楀,0.8083157737056423
椳,桿,0.801037091638339
椳,椯,0.7999380966378009
椳,梋,0.7949871046265716
椳,棍,0.7914664435186166
椳,梠,0.7787171024691744
椳,桹,0.776641114363869
椳,梗,0.7764528780539117
椳,椙,0.7748901998388308
