char1,char2,similarity
椴,椴,1.0
椴,缎,0.7319810676248519
椴,塅,0.7305838963809951
椴,橄,0.7249841524194345
椴,榄,0.7228558451926224
椴,楝,0.7219401686050474
椴,瑖,0.7214041142764617
椴,概,0.720038293769345
椴,橛,0.7199270223421907
椴,榧,0.7191411629454395
