char1,char2,similarity
椸,椸,1.0
椸,檹,0.7566270430835813
椸,榹,0.7400886541015592
椸,櫉,0.7308945213337499
椸,檛,0.7306824791692741
椸,榊,0.7286916384329749
椸,欏,0.7247548180306652
椸,樫,0.7246233549372562
椸,櫥,0.7231505736390342
椸,榧,0.7204829589682411
