char1,char2,similarity
楂,楂,1.0
楂,揸,0.7958572150579651
楂,椹,0.7886744101211773
楂,植,0.7841322905416492
楂,楦,0.7824566144413486
楂,愃,0.7595154101116876
楂,梳,0.7592118705788825
楂,猹,0.7485778737878124
楂,榇,0.7483099562067725
楂,揎,0.7428358980621833
