char1,char2,similarity
椿,椿,1.0
椿,樁,0.788076903352453
椿,楱,0.779190738777269
椿,偆,0.7789712905901105
椿,橏,0.7773673930971678
椿,梈,0.7765413324891259
椿,棬,0.7727362037040425
椿,棈,0.7668791761216167
椿,桍,0.766602341708771
椿,楕,0.7655982183503836
