char1,char2,similarity
楁,楁,1.0
楁,揢,0.8321383831028233
楁,椬,0.81851604171019
楁,椊,0.7851115978168705
楁,梪,0.7789557723792757
楁,樎,0.7779629763609803
楁,梈,0.7776479841099265
楁,椩,0.7754919955924225
楁,棙,0.7738896770546702
楁,楴,0.7736792060419273
