char1,char2,similarity
椾,椾,1.0
椾,椨,0.8298664948801776
椾,椪,0.8044619395535847
椾,楢,0.7893639163903263
椾,椫,0.7872935534484157
椾,桖,0.7851509117457682
椾,櫛,0.7787874870541561
椾,椚,0.7763549230948373
椾,椵,0.775648725456179
椾,柵,0.77496517965054
