char1,char2,similarity
楅,楅,1.0
楅,橊,0.8224811305646467
楅,福,0.8061492420705175
楅,榠,0.8040546645783541
楅,楎,0.7921985282159669
楅,幅,0.7877331281328261
楅,柚,0.7861616271653955
楅,桪,0.7856552924295868
楅,柖,0.7825295087761718
楅,栕,0.7806936233582197
