char1,char2,similarity
椽,椽,1.0
椽,橡,0.8045652258115683
椽,掾,0.7884007228760939
椽,缘,0.7743506512903541
椽,瑑,0.7570201154545285
椽,梘,0.7562046804618051
椽,襐,0.7560874679204312
椽,湪,0.7529115508928512
椽,猭,0.7528407392397427
椽,禒,0.7495621295360363
