char1,char2,similarity
楆,楆,1.0
楆,樮,0.7921543807071167
楆,喓,0.775916956199287
楆,桪,0.7741401277824473
楆,栕,0.7671833105829852
楆,榋,0.7641909978435608
楆,枟,0.7629584145032777
楆,柖,0.7627584028303159
楆,槚,0.7626129341458253
楆,榗,0.7592715971908021
