char1,char2,similarity
楋,楋,1.0
楋,棡,0.7743722200433072
楋,椈,0.7675691841124229
楋,樠,0.7625443022973679
楋,樐,0.7618001647345328
楋,椚,0.7617606990261768
楋,栵,0.7613413437789248
楋,棢,0.7607564367896155
楋,橺,0.7538314326153513
楋,橌,0.7523820057969038
