char1,char2,similarity
楏,楏,1.0
楏,楻,0.8078936148078315
楏,榁,0.7920992283737318
楏,揘,0.7801180665254063
楏,栍,0.7789407396939385
楏,梪,0.7777777170085849
楏,楴,0.7768886657332675
楏,桍,0.775364445655343
楏,梈,0.7725546904303121
楏,煃,0.7715747026984668
