char1,char2,similarity
楑,楑,1.0
楑,楧,0.8071018998894671
楑,楰,0.7865260115546618
楑,榚,0.7864369009901653
楑,揆,0.7802633049077736
楑,楐,0.7793395642805422
楑,楳,0.7748484916135319
楑,榏,0.7724282173016638
楑,枖,0.7723203184751006
楑,樮,0.7719980379474249
