char1,char2,similarity
楙,楙,1.0
楙,惏,0.7700451342485607
楙,榊,0.7452076158332988
楙,棥,0.7396721348406575
楙,椕,0.7382572751710365
楙,碄,0.7221299295189032
楙,橱,0.7112939091695646
楙,檊,0.7085700677808178
楙,晽,0.7084210321582509
楙,檆,0.7066197912309509
