char1,char2,similarity
楘,楘,1.0
楘,棃,0.7848159654791148
楘,桨,0.7699834320332789
楘,栥,0.7559649984472852
楘,桬,0.751908539825408
楘,檗,0.7482410287969836
楘,枲,0.7471711619392594
楘,梨,0.7461204615042454
楘,栔,0.7431301856457826
楘,橤,0.7397663962341651
