char1,char2,similarity
楓,楓,1.0
楓,槶,0.772838476345538
楓,枫,0.762773571651798
楓,颯,0.7610874969969761
楓,椷,0.7599746197073739
楓,楲,0.7575094955139957
楓,樑,0.7445077474637837
楓,欕,0.7440504775458326
楓,樼,0.7424124842611665
楓,椃,0.742180616547761
