char1,char2,similarity
楗,楗,1.0
楗,徤,0.8300785174511826
楗,键,0.8120999784087081
楗,揵,0.7887035895278561
楗,犍,0.7717551007850116
楗,踺,0.7470329110780399
楗,煡,0.7383866463952505
楗,撻,0.7365403778592706
楗,横,0.736338679514445
楗,栅,0.734421051434243
