char1,char2,similarity
楔,楔,1.0
楔,揳,0.8491053944493288
楔,禊,0.8379299048160129
楔,锲,0.8275708631125048
楔,稧,0.8113929544910723
楔,模,0.7682347907114293
楔,楱,0.7587215440546438
楔,棂,0.7471247570907137
楔,槿,0.7468424117986461
楔,検,0.7462634813520604
