char1,char2,similarity
楖,楖,1.0
楖,棢,0.7917416368737599
楖,橌,0.7902229378283686
楖,橍,0.7888422128848548
楖,椚,0.7874166553092637
楖,橺,0.7863954252928745
楖,榸,0.783596537372026
楖,楜,0.7825590984743891
楖,棑,0.7767544140141127
楖,楐,0.7761537844902814
