char1,char2,similarity
楛,楛,1.0
楛,楉,0.8277198492673731
楛,梧,0.7863534996756705
楛,梓,0.7763303770882919
楛,榗,0.7738692304426682
楛,棓,0.7737170025050055
楛,橏,0.7709011938901151
楛,柾,0.7707943990395594
楛,柟,0.7678982245136529
楛,橧,0.767193816951623
