char1,char2,similarity
楝,楝,1.0
楝,揀,0.7719249404653817
楝,媡,0.771496263177501
楝,湅,0.7527802691503228
楝,悚,0.7485362405205398
楝,楠,0.7446636455842224
楝,徚,0.7420449885951937
楝,捒,0.7390432218674313
楝,樯,0.7335191784648325
楝,榇,0.7331252046479302
