char1,char2,similarity
楣,楣,1.0
楣,镅,0.7828180113891612
楣,桭,0.7821659556620684
楣,榈,0.7816080330107157
楣,椢,0.7783375718419677
楣,梮,0.7740601754786726
楣,掮,0.7691771482946241
楣,楯,0.765255747517021
楣,椆,0.764906932729308
楣,梄,0.7605299024125874
