char1,char2,similarity
楢,楢,1.0
楢,梄,0.799244927562019
楢,桘,0.7952678170448012
楢,揂,0.7945156730723633
楢,梠,0.7938116941358961
楢,椾,0.7893639163903263
楢,煪,0.7887366972718723
楢,禉,0.7836940143946137
楢,棝,0.7824306249334121
楢,柶,0.7744856325742255
