char1,char2,similarity
楟,楟,1.0
楟,椊,0.7786407233953119
楟,停,0.7773957492655921
楟,柈,0.7763472830012021
楟,棈,0.7761918960793802
楟,槔,0.7714987445942062
楟,蝏,0.7692249343807028
楟,梈,0.7659566042419634
楟,諪,0.7652798351441789
楟,橭,0.7641532271785679
