char1,char2,similarity
楞,楞,1.0
楞,椤,0.7880545917376933
楞,榜,0.7744230302941439
楞,柵,0.7728785888635451
楞,椖,0.7726132570743518
楞,梩,0.7697395063385984
楞,棿,0.7690108821141224
楞,梧,0.7676784821664283
楞,棏,0.7676265713451862
楞,柺,0.7662397511795381
