char1,char2,similarity
楩,楩,1.0
楩,榗,0.7785449261271992
楩,鞭,0.7753570402488252
楩,缏,0.7713361265242193
楩,棝,0.7657095828359398
楩,緶,0.7642564585455248
楩,桐,0.7575552601600438
楩,柖,0.7573089285201599
楩,栕,0.7559323978617413
楩,楜,0.7513393850857771
