char1,char2,similarity
楫,楫,1.0
楫,缉,0.7768947235661401
楫,湒,0.7761466758834236
楫,樨,0.7756969214757974
楫,樵,0.7619252367895527
楫,橹,0.7521861877772127
楫,偮,0.7490797520537906
楫,揖,0.7466304691522909
楫,樗,0.745853145287217
楫,榻,0.7389167107469682
