char1,char2,similarity
楦,楦,1.0
楦,揎,0.8189217506655107
楦,植,0.8025932192235263
楦,愃,0.7913447710395305
楦,楂,0.7824566144413486
楦,煊,0.777358649869403
楦,揸,0.7753080813247152
楦,椹,0.7618438511761703
楦,塇,0.7609102495381351
楦,梪,0.7581107520811958
