char1,char2,similarity
楪,楪,1.0
楪,楳,0.8315311776607583
楪,榤,0.7958913192406258
楪,楺,0.7874438376560091
楪,橖,0.7764702927194659
楪,褋,0.767176267746033
楪,樔,0.7670614658066659
楪,椇,0.7654683613930973
楪,惵,0.7632790780765807
楪,榲,0.763246548264458
