char1,char2,similarity
楥,楥,1.0
楥,褑,0.8085295617169393
楥,锾,0.7839541172479053
楥,梫,0.7780241209480252
楥,榩,0.7629266147254201
楥,猨,0.7572466215607339
楥,煖,0.7571837483516122
楥,援,0.7558871896950168
楥,極,0.7525636153411611
楥,椶,0.750750108233399
