char1,char2,similarity
楳,楳,1.0
楳,楪,0.8315311776607583
楳,楧,0.8131962970167761
楳,禖,0.7906205485231892
楳,楺,0.7752654227375025
楳,梹,0.7751113094284168
楳,楑,0.7748484916135319
楳,榚,0.7731369446124502
楳,梖,0.7664005049958428
楳,枖,0.7663571576085885
