char1,char2,similarity
楲,楲,1.0
楲,椷,0.8226747207941972
楲,柼,0.7781752461438182
楲,樝,0.7761091054905604
楲,榩,0.7756530923842397
楲,檅,0.7610248795288979
楲,楓,0.7575094955139957
楲,檝,0.7490886010743716
楲,媙,0.7485035742329849
楲,棫,0.7471177436257136
