char1,char2,similarity
楴,楴,1.0
楴,揥,0.8224824691868351
楴,榡,0.8118805957592873
楴,禘,0.8060113923127014
楴,椊,0.795754587530677
楴,椗,0.791736284444854
楴,栙,0.7905328358231795
楴,梈,0.7897297126795584
楴,梓,0.787610677124872
楴,枔,0.7849341317642494
