char1,char2,similarity
楮,楮,1.0
楮,锗,0.8102107751025892
楮,栲,0.7989393732974096
楮,棤,0.792606244504189
楮,绪,0.7856205116235246
楮,枻,0.7798515188664824
楮,暏,0.7775788541161213
楮,枪,0.7767176045405236
楮,榙,0.7736174665697383
楮,堵,0.77138374814707
