char1,char2,similarity
楱,楱,1.0
楱,棲,0.8068053586490439
楱,棈,0.7949284373221257
楱,榡,0.794762777692568
楱,槁,0.7890989691287518
楱,椿,0.779190738777269
楱,榛,0.7726765447414177
楱,梈,0.7694473905479579
楱,椟,0.7658549083250071
楱,柣,0.7658088346106653
