char1,char2,similarity
楹,楹,1.0
楹,梪,0.762917201901061
楹,槿,0.7474771785905718
楹,棰,0.7429171048024333
楹,桖,0.741832808279076
楹,榅,0.7399481376177836
楹,梕,0.7373933946649335
楹,梖,0.7372473861104147
楹,梩,0.7360059468125547
楹,槌,0.7358589843851676
