char1,char2,similarity
楼,楼,1.0
楼,搂,0.8877517881243632
楼,捼,0.7547505946994908
楼,喽,0.7466217170290035
楼,梭,0.7450398558831084
楼,唩,0.7411590165190357
楼,梫,0.7339079140341074
楼,榩,0.7206774113413257
楼,柛,0.7183105964145566
楼,栫,0.7167238363791069
