char1,char2,similarity
楾,楾,1.0
楾,様,0.8073287891072433
楾,槹,0.7925420950395907
楾,槵,0.7877975371587782
楾,柡,0.7710859059437924
楾,棉,0.7688969061159682
楾,梈,0.76276796335944
楾,楨,0.7626724864550778
楾,槺,0.7611752955088907
楾,槗,0.7592794027379479
