char1,char2,similarity
榀,榀,1.0
榀,偘,0.7775508681727121
榀,橸,0.7750617196966197
榀,梠,0.7692735082856733
榀,梡,0.7663312430536855
榀,柺,0.7627312889912797
榀,梘,0.7561488934085175
榀,侣,0.7505167390430285
榀,椙,0.7465715172281788
榀,掄,0.7441800412774808
