char1,char2,similarity
榄,榄,1.0
榄,揽,0.822802380167112
榄,缆,0.805687888330068
榄,横,0.7622202967038324
榄,檑,0.7366123094183663
榄,橹,0.7346713490016961
榄,橙,0.7334391413077715
榄,楂,0.7325078365944646
榄,栅,0.7299732436176861
榄,楸,0.7281748622962501
