char1,char2,similarity
榊,榊,1.0
榊,梻,0.754959602467516
榊,楙,0.7452076158332988
榊,椕,0.733897610526355
榊,樅,0.7317107591604791
榊,椸,0.7286916384329749
榊,椼,0.7234661116278488
榊,栵,0.7231805675153798
榊,倂,0.7230936237282185
榊,檰,0.7218730685089706
