char1,char2,similarity
概,概,1.0
概,慨,0.8046942713708178
概,槪,0.7692593135782747
概,摡,0.7671291357688981
概,橛,0.7434045660928188
概,嘅,0.7422783010889172
概,椴,0.720038293769345
概,椭,0.7195168832469697
概,楸,0.715830190947292
概,橄,0.7154387668763744
