char1,char2,similarity
榃,榃,1.0
榃,焚,0.7728278563079282
榃,梺,0.7724824284306102
榃,雷,0.7581255375539157
榃,昝,0.7496094160514729
榃,婪,0.7480437191670279
榃,蛮,0.747546203615543
榃,皆,0.7470927830878465
榃,楚,0.7441986350817426
榃,沓,0.7439091369278866
