char1,char2,similarity
榕,榕,1.0
榕,搈,0.8081142966344351
榕,愹,0.7766264121544288
榕,塎,0.7756827377717792
榕,嫆,0.7703976726644161
榕,熔,0.7606444411200902
榕,镕,0.7486831903248551
榕,樯,0.7439490309966552
榕,愘,0.7411635363395517
榕,橹,0.7354662354944518
