char1,char2,similarity
榒,榒,1.0
榒,楜,0.775653148621077
榒,楇,0.7732726619642617
榒,楖,0.7688676519248673
榒,檌,0.7683537442901358
榒,栭,0.7641710226797673
榒,榗,0.7616769847636754
榒,椚,0.7613054350025265
榒,梮,0.7606520502449596
榒,柖,0.7604664511519763
