char1,char2,similarity
榏,榏,1.0
榏,榚,0.8070560880310924
榏,椪,0.7952048182169923
榏,榓,0.7806047716822268
榏,柆,0.7788266775227232
榏,棁,0.7769151910152406
榏,榗,0.776064653104249
榏,縊,0.774230729786136
榏,楑,0.7724282173016638
榏,楜,0.770892167464046
