char1,char2,similarity
榗,榗,1.0
榗,柖,0.7974366361537525
榗,楿,0.7952838820081447
榗,栢,0.7865086908212795
榗,楩,0.7785449261271992
榗,柌,0.7780336790578796
榗,榏,0.776064653104249
榗,橏,0.7747588251084996
榗,栕,0.7745432048561468
榗,榓,0.7739173069783671
