char1,char2,similarity
榜,榜,1.0
榜,膀,0.8371054161305724
榜,镑,0.8350149644524417
榜,磅,0.8051188035044338
榜,枅,0.7819628347967766
榜,搒,0.7786441748227092
榜,柯,0.7783872082269246
榜,楞,0.7744230302941439
榜,枤,0.772106011326464
榜,耪,0.7717460111120634
