char1,char2,similarity
榖,榖,1.0
榖,嗀,0.792853362146288
榖,殼,0.7921789048690051
榖,殾,0.7620244440865555
榖,殽,0.7444729332110327
榖,毇,0.744353393035829
榖,瑴,0.7435047820324893
榖,毂,0.7428097782554377
榖,瞉,0.7408026251740996
榖,殻,0.7401100111228602
