char1,char2,similarity
榝,榝,1.0
榝,樧,0.7590714134847564
榝,摋,0.7356081585742338
榝,柵,0.7330056030563343
榝,橔,0.7303248539687002
榝,榹,0.7287000581678942
榝,桁,0.7242330357032875
榝,棳,0.7226920637503305
榝,柊,0.716566669737484
榝,椣,0.715711244254126
