char1,char2,similarity
榘,榘,1.0
榘,槊,0.74556755188346
榘,鯧,0.7217229086314175
榘,槳,0.713932569081593
榘,棠,0.7108981395020042
榘,毕,0.7094844826379519
榘,梊,0.7060385446079503
榘,鲳,0.7058290596868277
榘,桇,0.7047318954230707
榘,辈,0.7038148581378171
