char1,char2,similarity
榩,榩,1.0
榩,樝,0.7846243756697332
榩,楲,0.7756530923842397
榩,楥,0.7629266147254201
榩,榳,0.7592445748174527
榩,椃,0.7583702990295019
榩,椩,0.7484381369892998
榩,梫,0.7476868008165855
榩,柼,0.7475054483601667
榩,楰,0.7468544503850724
