char1,char2,similarity
榡,榡,1.0
榡,楴,0.8118805957592873
榡,棲,0.8017176458450722
榡,棈,0.7992112013944863
榡,橑,0.7968798700730227
榡,楱,0.794762777692568
榡,膆,0.7943345305849661
榡,縤,0.7920664457222593
榡,梈,0.7848116481092119
榡,椊,0.7770343908400575
