char1,char2,similarity
榥,榥,1.0
榥,槅,0.7734149426636997
榥,椇,0.7723098302344967
榥,榲,0.7671095053729963
榥,杬,0.7609294561556912
榥,楬,0.7602453926969214
榥,棏,0.7593076140226422
榥,槚,0.757083598196887
榥,椙,0.7553640417195205
榥,槓,0.7533530714352087
