char1,char2,similarity
榧,榧,1.0
榧,橹,0.7532061620986762
榧,摆,0.7527316368801538
榧,嫟,0.7445688836563401
榧,槽,0.7431125942884709
榧,檑,0.7390803712732396
榧,楂,0.7388304108162608
榧,檀,0.7381468736053075
榧,恻,0.734869326594068
榧,檫,0.734632180699417
