char1,char2,similarity
榲,榲,1.0
榲,榓,0.8005919105948126
榲,榞,0.782735218105941
榲,樰,0.7772315630140616
榲,橿,0.7754084776268199
榲,媼,0.7725563844370456
榲,樋,0.7722305330843778
榲,榐,0.7711522124725507
榲,楇,0.7708894844693271
榲,縕,0.7708231840562901
