char1,char2,similarity
榫,榫,1.0
榫,惸,0.7665394515683895
榫,憚,0.7508727914381478
榫,樵,0.7494726172661365
榫,榻,0.748369589754341
榫,檑,0.7483471741208031
榫,樨,0.747795888101093
榫,橹,0.7456926097602393
榫,桦,0.7392870076732895
榫,襌,0.7391070812334616
