char1,char2,similarity
榱,榱,1.0
榱,槺,0.7889313670737866
榱,縗,0.7801471072024599
榱,榬,0.779791612387601
榱,柦,0.7794859866895436
榱,楨,0.7742662670012976
榱,棲,0.7669448651365456
榱,枟,0.7668593071193566
榱,槁,0.7643208521122196
榱,棈,0.7621845526629235
