char1,char2,similarity
榰,榰,1.0
榰,棈,0.8015365677228735
榰,枮,0.7787547319841424
榰,榼,0.7769400995170985
榰,構,0.7753567390551229
榰,榾,0.7750117003088226
榰,楕,0.7708654146976085
榰,槍,0.7651503393010829
榰,楨,0.7644558314821953
榰,格,0.7629231481790612
