char1,char2,similarity
榪,榪,1.0
榪,槈,0.7721666701816718
榪,梋,0.7659593108521766
榪,柺,0.7642143568214224
榪,楨,0.7627108385825262
榪,枂,0.7558547012084821
榪,枦,0.7517932195727468
榪,栒,0.7514209122006397
榪,杶,0.7513648319491159
榪,柅,0.7513334956934478
