char1,char2,similarity
榷,榷,1.0
榷,搉,0.8476223620471348
榷,棺,0.7811486399715584
榷,栯,0.7527988378236798
榷,桁,0.7487452654668251
榷,榛,0.739629529561407
榷,悺,0.7377748126569352
榷,柨,0.7371032431293532
榷,桍,0.7369702139499031
榷,惜,0.7368985362689138
