char1,char2,similarity
榽,榽,1.0
榽,槙,0.778898477092838
榽,榠,0.7698637478902343
榽,槄,0.7677452254475893
榽,縘,0.7652500875950828
榽,槚,0.7619940198621328
榽,槈,0.7612114304793633
榽,槅,0.7584899539411116
榽,槗,0.7578348082481146
榽,槓,0.7491467356950665
