char1,char2,similarity
榶,榶,1.0
榶,柮,0.7859748341227002
榶,楯,0.7823295574164995
榶,楻,0.7817454712034059
榶,枾,0.778051730313666
榶,棉,0.7711324965348311
榶,樔,0.7695354520226323
榶,枺,0.7692272252603568
榶,栍,0.7675953055247352
榶,柀,0.7672031757045322
