char1,char2,similarity
榼,榼,1.0
榼,槍,0.7860357552529053
榼,槰,0.7839714195384465
榼,熆,0.7781949835446861
榼,榰,0.7769400995170985
榼,槄,0.7767876680511864
榼,馌,0.7692376842005333
榼,榲,0.7642570917595897
榼,榓,0.763956059869494
榼,槣,0.7628382965120651
