char1,char2,similarity
榻,榻,1.0
榻,傝,0.7923442777674377
榻,塌,0.7828235211653491
榻,溻,0.7485271370306226
榻,榫,0.748369589754341
榻,栅,0.7483108994075417
榻,樨,0.7464530742007114
榻,愒,0.7392433001421725
榻,楫,0.7389167107469682
榻,愓,0.7382384116564619
