char1,char2,similarity
槂,槂,1.0
槂,梠,0.746079137921227
槂,楀,0.743425650154254
槂,柶,0.7414247341266634
槂,楐,0.7391682834529699
槂,柧,0.7389120259516315
槂,梱,0.7384576404789852
槂,桵,0.7377295761345746
槂,柮,0.7374710003115181
槂,柺,0.7347260682850116
