char1,char2,similarity
槄,槄,1.0
槄,榣,0.792445153700015
槄,柏,0.787321757411283
槄,栝,0.7780693503194952
槄,桕,0.7774574360677821
槄,榼,0.7767876680511864
槄,枮,0.769726052138621
槄,榽,0.7677452254475893
槄,柯,0.7662625961184892
槄,楅,0.7655232133581688
