char1,char2,similarity
榾,榾,1.0
榾,楈,0.8141665776276523
榾,棈,0.7984568630440756
榾,枬,0.786259649773917
榾,縎,0.7795053960912934
榾,棛,0.7783293495936319
榾,搰,0.7773736275441393
榾,榰,0.7750117003088226
榾,椇,0.7734721758217802
榾,棏,0.7691752275605116
