char1,char2,similarity
槅,槅,1.0
槅,槚,0.7887029429644812
槅,槈,0.7839607919517876
槅,楬,0.779125803747626
槅,榥,0.7734149426636997
槅,槓,0.7730966458514119
槅,鎘,0.7704437470387843
槅,樀,0.7665693788724416
槅,槗,0.7616359778285564
槅,槰,0.7607227110391368
