char1,char2,similarity
槀,槀,1.0
槀,稁,0.7454120975253212
槀,桑,0.7387244073644788
槀,褭,0.7313157725436384
槀,稟,0.7305055950310011
槀,業,0.7291544526450104
槀,裛,0.7280438103503455
槀,蠧,0.7275740548974166
槀,寶,0.7250102222409105
槀,鳬,0.7241334360825943
