char1,char2,similarity
槇,槇,1.0
槇,樻,0.7953252211875573
槇,樍,0.7830368456390857
槇,樌,0.7750786610794789
槇,檟,0.7674721958710011
槇,橨,0.766424234740989
槇,榎,0.7648796361995666
槇,櫕,0.752826334014808
槇,槈,0.7508297805771721
槇,槓,0.7499321237008638
