char1,char2,similarity
榿,榿,1.0
榿,楨,0.8214395224369218
榿,槾,0.7887101149550335
榿,皚,0.7885754729544385
榿,暟,0.7814918661433522
榿,桤,0.779671557765429
榿,楅,0.7713384172223681
榿,槵,0.7675901331528123
榿,榬,0.7673004372053489
榿,塏,0.7650660086717601
