char1,char2,similarity
構,構,1.0
構,様,0.7914745291746759
構,槆,0.7879962965351465
構,楕,0.7842519501319816
構,煹,0.7810591432850128
構,榵,0.7805891262308622
構,榰,0.7753567390551229
構,槗,0.7744773806775382
構,楨,0.7695258749456968
構,樀,0.7691781294425883
