char1,char2,similarity
槉,槉,1.0
槉,様,0.7637855890381549
槉,榟,0.7618709986849347
槉,槗,0.7613993511951787
槉,槏,0.7558706951909168
槉,栌,0.7537507514783054
槉,槣,0.7536956495666542
槉,槍,0.7520376890915288
槉,槆,0.7516805928437935
槉,机,0.7511392949149481
