char1,char2,similarity
槎,槎,1.0
槎,搓,0.8187818648254407
槎,椑,0.7801688036643459
槎,椌,0.7677202018281073
槎,棦,0.7662218560860986
槎,梩,0.7634935058446695
槎,椬,0.7630308027292027
槎,椖,0.762841932306409
槎,梎,0.7616019347928559
槎,槐,0.7572162352517509
