char1,char2,similarity
槊,槊,1.0
槊,榘,0.74556755188346
槊,愬,0.7390485221393907
槊,菓,0.7307885008983471
槊,案,0.7274074970944536
槊,桇,0.7238699858867972
槊,菒,0.7228593150514878
槊,槳,0.7213699956598371
槊,塑,0.7121603629550064
槊,粜,0.7110186162416734
