char1,char2,similarity
槑,槑,1.0
槑,堢,0.77068275280133
槑,罧,0.7305551992580563
槑,湺,0.72272494710548
槑,媬,0.7206663562003831
槑,祘,0.7182093879483583
槑,亐,0.7099357917322998
槑,朋,0.7096011889719915
槑,哭,0.7075521076751553
槑,愳,0.7070348750675632
