char1,char2,similarity
槈,槈,1.0
槈,槫,0.8057363665809311
槈,槅,0.7839607919517876
槈,槦,0.7730839940088963
槈,榪,0.7721666701816718
槈,柅,0.7676990454307813
槈,榞,0.7661448015283349
槈,槱,0.7644305321075362
槈,榽,0.7612114304793633
槈,榐,0.7568982045536247
