char1,char2,similarity
槌,槌,1.0
槌,搥,0.8037243048492491
槌,挞,0.754982354864473
槌,縋,0.7540129517106441
槌,楦,0.7504610455405386
槌,桯,0.7492161952815286
槌,桶,0.7484301116563037
槌,梯,0.7474226454893587
槌,梿,0.7432757785665044
槌,植,0.7405208699207048
