char1,char2,similarity
槏,槏,1.0
槏,縑,0.7757670923050969
槏,螊,0.7694389909340643
槏,様,0.7684321109568167
槏,槉,0.7558706951909168
槏,稴,0.7546573148805422
槏,樣,0.751700782994989
槏,槆,0.7450089848973295
槏,謙,0.7446659787948822
槏,檌,0.7435045189149152
