char1,char2,similarity
槛,槛,1.0
槛,椻,0.7783124967992021
槛,桖,0.7762383683274395
槛,椪,0.7743479654656499
槛,恤,0.7695012926096436
槛,褴,0.7638451110164993
槛,椾,0.7624522625573066
槛,桃,0.7560468597876067
槛,榯,0.755018064504567
槛,榅,0.7540504539042038
