char1,char2,similarity
槒,槒,1.0
槒,橧,0.777291125507626
槒,格,0.7768702427399217
槒,稸,0.7735831218469957
槒,棓,0.7624053504102362
槒,榼,0.7605065013933221
槒,槣,0.7573065168967702
槒,槞,0.7553156040695199
槒,柾,0.7466576259457945
槒,枯,0.7450271487550707
