char1,char2,similarity
槕,槕,1.0
槕,楨,0.7992405652404029
槕,槙,0.787795381377867
槕,橾,0.7804274978439433
槕,槚,0.7799276470166611
槕,槡,0.7795082513528293
槕,槓,0.7773623598556896
槕,槱,0.7726065977173441
槕,標,0.7680095108140815
槕,槹,0.7669315153317039
