char1,char2,similarity
槓,槓,1.0
槓,摃,0.8293156817890349
槓,槚,0.8132050223420301
槓,幊,0.8010938724373008
槓,槙,0.7897175914643444
槓,槍,0.779514674833593
槓,槕,0.7773623598556896
槓,榬,0.7758691035821017
槓,槅,0.7730966458514119
槓,榾,0.7592466770851334
