char1,char2,similarity
様,様,1.0
様,樣,0.8233875416574048
様,楾,0.8073287891072433
様,構,0.7914745291746759
様,槺,0.7898828186742072
様,橏,0.7712016184980964
様,槏,0.7684321109568167
様,槗,0.7664018342865825
様,槉,0.7637855890381549
様,枟,0.7631375238506194
