char1,char2,similarity
槠,槠,1.0
槠,楷,0.7557115003825813
槠,梯,0.7467524338570518
槠,榛,0.7463385473526901
槠,樯,0.7382563896438081
槠,潴,0.7304803819843468
槠,檑,0.7283454715329185
槠,储,0.724917380366932
槠,樇,0.724363377888656
槠,觰,0.7225804317204183
