char1,char2,similarity
槞,槞,1.0
槞,榟,0.7825539593070272
槞,榁,0.7775673440415835
槞,枆,0.770860618832432
槞,槣,0.7673571468317735
槞,樀,0.7662643109800469
槞,梓,0.7660248129000943
槞,樒,0.7627396025560215
槞,榵,0.7613767213115769
槞,槗,0.7611185491218564
