char1,char2,similarity
槜,槜,1.0
槜,槗,0.76601061524223
槜,榎,0.7615124474517524
槜,構,0.7535648337888146
槜,枸,0.747965568770396
槜,樈,0.7463108916607544
槜,槇,0.7449736170147618
槜,槾,0.7429999515971113
槜,槣,0.742721478775686
槜,槄,0.7425694648545981
