char1,char2,similarity
槣,槣,1.0
槣,樈,0.8002325654691478
槣,槗,0.7904594763498537
槣,槫,0.774490050878839
槣,槵,0.7735478257841658
槣,栌,0.7683596942076862
槣,槺,0.7677829991763593
槣,槞,0.7673571468317735
槣,柯,0.7669116088668739
槣,榟,0.7660118007852622
