char1,char2,similarity
槝,槝,1.0
槝,鳱,0.7817483477390056
槝,鴀,0.7745235553830774
槝,嶋,0.7687840130516562
槝,槗,0.7642455431501616
槝,鳴,0.761311963123449
槝,鴗,0.7591479925323011
槝,鳺,0.7586080242886218
槝,鳹,0.7570688514758396
槝,鳷,0.7569579456801994
