char1,char2,similarity
槤,槤,1.0
槤,橽,0.7877835954757826
槤,璉,0.7733094046246228
槤,樋,0.7528713129713679
槤,摙,0.7516780767573428
槤,柶,0.7483934648481826
槤,桖,0.7483708810971025
槤,鰱,0.7464985751329891
槤,樬,0.7460699323755755
槤,鏈,0.7454018529109213
