char1,char2,similarity
槨,槨,1.0
槨,楖,0.7649094278734877
槨,橏,0.7647703832100992
槨,柶,0.7630320253554345
槨,樚,0.7584610055962191
槨,栟,0.7547852026105288
槨,枟,0.7541033656331607
槨,榒,0.7528472986875973
槨,槥,0.7512622243257105
槨,槵,0.7504657216452647
