char1,char2,similarity
槧,槧,1.0
槧,槩,0.7851213556856763
槧,椞,0.7783485922066924
槧,槷,0.7730373692692611
槧,槳,0.7458365683905809
槧,櫫,0.7364369722481895
槧,椝,0.7358373043213038
槧,櫱,0.7257035286684649
槧,欒,0.7231575813513283
槧,橜,0.7221702547677974
