char1,char2,similarity
槦,槦,1.0
槦,槫,0.7834798370062565
槦,槱,0.7834301528690775
槦,樈,0.7812881696809374
槦,槈,0.7730839940088963
槦,榞,0.7706099230264045
槦,槯,0.7639445795708609
槦,槺,0.757534609817596
槦,樀,0.7546593924815148
槦,樚,0.7533408376724174
