char1,char2,similarity
槮,槮,1.0
槮,犙,0.8441942509456974
槮,糝,0.7780529081539646
槮,椮,0.7732980011096731
槮,格,0.7701336587009836
槮,樛,0.7596000794216818
槮,樀,0.7572401374867495
槮,樈,0.746179874018478
槮,権,0.74544127455136
槮,槯,0.7427657301013006
