char1,char2,similarity
槵,槵,1.0
槵,槺,0.7953680190427437
槵,楾,0.7877975371587782
槵,槫,0.7837338970426768
槵,槹,0.7828529926111071
槵,槣,0.7735478257841658
槵,楨,0.7692262662964465
槵,榿,0.7675901331528123
槵,構,0.7605196907260255
槵,樈,0.7585279461763843
