char1,char2,similarity
槴,槴,1.0
槴,橞,0.7769939237449726
槴,樢,0.7745583279628216
槴,樬,0.7721229970976644
槴,椃,0.7599861422566704
槴,樰,0.7592582631357034
槴,極,0.7581481888385593
槴,榗,0.7573300922423813
槴,柷,0.7570534653994732
槴,檔,0.755916944776951
