char1,char2,similarity
槸,槸,1.0
槸,褹,0.7480765532415509
槸,枞,0.7430336246628934
槸,櫆,0.7306561104819194
槸,橶,0.7290344517022334
槸,枫,0.7257607007512337
槸,楫,0.7255107315083942
槸,树,0.724782563779315
槸,槪,0.7242615504158316
槸,櫬,0.722790195574841
