char1,char2,similarity
槻,槻,1.0
槻,櫬,0.7911696365104417
槻,檡,0.7534783113900797
槻,檈,0.7490514911687906
槻,棅,0.7416682941311449
槻,梘,0.7413658334245047
槻,椙,0.7400159369631352
槻,杷,0.7383640245896338
槻,栰,0.7365496754774111
槻,梡,0.7359063692230327
