char1,char2,similarity
槺,槺,1.0
槺,槵,0.7953680190427437
槺,様,0.7898828186742072
槺,榱,0.7889313670737866
槺,糠,0.7879358509684984
槺,槹,0.7841102990628838
槺,構,0.7679776279223335
槺,槣,0.7677829991763593
槺,楨,0.7674266325567474
槺,楾,0.7611752955088907
