char1,char2,similarity
槼,槼,1.0
槼,椝,0.8083067543457675
槼,嫢,0.7657578221612259
槼,槩,0.7491242605261995
槼,梥,0.7428837347619854
槼,桇,0.7369220386345678
槼,樂,0.7346772634684927
槼,臬,0.7239870544403714
槼,巣,0.7239457091792256
槼,楘,0.7208529161215965
