char1,char2,similarity
樃,樃,1.0
樃,榔,0.8036448372736226
樃,掤,0.7721725185526775
樃,搁,0.7544625717355278
樃,柳,0.7512628282632539
樃,撋,0.7458562222169356
樃,櫩,0.7456725612962399
樃,檆,0.7452543372819799
樃,棚,0.7411710656931295
樃,撊,0.7399651782278125
