char1,char2,similarity
樁,樁,1.0
樁,摏,0.8109369578174179
樁,楿,0.7939338900311173
樁,椿,0.788076903352453
樁,槥,0.7827674435622743
樁,橎,0.7753996126469396
樁,橏,0.775385525287068
樁,柤,0.7747597446285346
樁,楅,0.7708267415372148
樁,榗,0.768945832002011
