char1,char2,similarity
槿,槿,1.0
槿,墐,0.8200011573762331
槿,桻,0.7874371241468702
槿,撞,0.7751246242891092
槿,馑,0.7710531716805336
槿,徸,0.7657590857554183
槿,嫤,0.7621889673537091
槿,僅,0.7548347626781191
槿,搆,0.7536294686384953
槿,瑾,0.7530806609931675
