char1,char2,similarity
槽,槽,1.0
槽,傮,0.7960414242563548
槽,嘈,0.782011575724408
槽,樽,0.7772897688454464
槽,慒,0.7618142099999753
槽,樯,0.7540145196681745
槽,漕,0.7479888261477802
槽,榧,0.7431125942884709
槽,櫡,0.7415140617100914
槽,橹,0.7393512063174682
