char1,char2,similarity
樇,樇,1.0
樇,樤,0.7813107447643964
樇,楠,0.7608967721766984
樇,櫉,0.7396886035501272
樇,樫,0.7334751463765438
樇,桶,0.7277411738767573
樇,槠,0.724363377888656
樇,櫨,0.7223541619883056
樇,椸,0.7198968550573063
樇,樹,0.7188338785758062
