char1,char2,similarity
樉,樉,1.0
樉,楰,0.813453081243853
樉,桋,0.778809732412042
樉,桢,0.7741016654800658
樉,梜,0.7709213320840678
樉,襫,0.7701173698681392
樉,檪,0.7683328523441966
樉,栧,0.7656456645321619
樉,柍,0.7595777148712312
樉,校,0.7575836935465926
