char1,char2,similarity
樍,樍,1.0
樍,樻,0.8941132807257657
樍,樌,0.8667299275940765
樍,檟,0.8484711821596099
樍,櫕,0.8380505941413019
樍,橨,0.8332235444441963
樍,橮,0.8137621023341657
樍,撌,0.7978199179450174
樍,櫍,0.792988228295675
樍,樓,0.7899220376661816
