char1,char2,similarity
樊,樊,1.0
樊,奦,0.7163452863377655
樊,臭,0.7161195113895517
樊,奨,0.7114051003231345
樊,奊,0.7104931549804178
樊,夑,0.7070917348495213
樊,毋,0.706790138159563
樊,贯,0.705820227048257
樊,狊,0.705551909071163
樊,燓,0.704413174623439
