char1,char2,similarity
樕,樕,1.0
樕,鏉,0.7663975906565014
樕,椷,0.7603091720950421
樕,樬,0.7480271534677772
樕,楋,0.7466938516999926
樕,棜,0.7437326935167781
樕,摗,0.7408427090986958
樕,楤,0.7402131700278993
樕,椾,0.7381415557031682
樕,枛,0.7365160681735288
