char1,char2,similarity
樑,樑,1.0
樑,棅,0.7857488270160479
樑,楺,0.7820978878727186
樑,樿,0.7696542865722639
樑,椇,0.7583574417065646
樑,橬,0.7558972068187948
樑,桗,0.7532123474386183
樑,椂,0.7518691086065993
樑,柈,0.7497260105771195
樑,棟,0.7488510545765475
