char1,char2,similarity
樎,樎,1.0
樎,楁,0.7779629763609803
樎,栺,0.7755497080049917
樎,樀,0.7705532022660486
樎,椊,0.7690406323721104
樎,栢,0.7685491235944594
樎,摍,0.7673311403680075
樎,枙,0.7657449257244405
樎,棭,0.765293947316688
樎,棺,0.7652141816048025
