char1,char2,similarity
樏,樏,1.0
樏,標,0.7905760629161226
樏,槱,0.7570843303325655
樏,槡,0.7564791789350268
樏,槚,0.7561262096515601
樏,槈,0.7552378669702728
樏,椇,0.7482836204627447
樏,槅,0.7460544096685267
樏,摞,0.7445852413212296
樏,槫,0.7434632859795739
