char1,char2,similarity
樐,樐,1.0
樐,塷,0.7809281791786491
樐,柮,0.771451069102135
樐,樠,0.7686838924268053
樐,桢,0.7683349086766144
樐,椈,0.7673747666110927
樐,極,0.7663765333760176
樐,楋,0.7618001647345328
樐,椢,0.7611338721080361
樐,樆,0.7587160720623253
