char1,char2,similarity
樒,樒,1.0
樒,榟,0.7867747644916777
樒,柮,0.768530713108879
樒,枾,0.7676785341846027
樒,樆,0.7627408578214373
樒,槞,0.7627396025560215
樒,樜,0.761880570042176
樒,柚,0.7614563535111336
樒,橏,0.7600469211803502
樒,椌,0.7593660714374302
