char1,char2,similarity
樠,樠,1.0
樠,樺,0.7851743916642278
樠,樭,0.7731138231974078
樠,樐,0.7686838924268053
樠,楋,0.7625443022973679
樠,樆,0.7615865155715346
樠,楳,0.758452741672283
樠,梓,0.7540032961834077
樠,橗,0.7529475530139575
樠,楛,0.7497171804165168
