char1,char2,similarity
標,標,1.0
標,槱,0.8029227826448305
標,樏,0.7905760629161226
標,槚,0.7856421817926598
標,骠,0.7711492008521428
標,徱,0.7711472476841974
標,膘,0.7703871161037236
標,槕,0.7680095108140815
標,幖,0.7672738337767213
標,嫖,0.7654114223922434
