char1,char2,similarity
樘,樘,1.0
樘,摚,0.7995649337160285
樘,梏,0.7525051238341277
樘,檉,0.7524679196439944
樘,桤,0.7518963641597077
樘,镗,0.7512057323603367
樘,榁,0.748224813084656
樘,棹,0.7448457964191982
樘,栂,0.7448267333349019
樘,柛,0.7448084991935778
