char1,char2,similarity
模,模,1.0
模,獏,0.8159040503916313
模,縸,0.8048962750894608
模,摸,0.795527768422916
模,幙,0.78530680157641
模,棹,0.7829167018189293
模,桢,0.782685707718892
模,镆,0.7814218734350401
模,榠,0.7776893979874202
模,梗,0.7760023938196621
