char1,char2,similarity
樛,樛,1.0
樛,椮,0.8011681786585989
樛,璆,0.7796135495701156
樛,穋,0.7784120037003964
樛,嫪,0.7714991051321566
樛,繆,0.7637429924840773
樛,槮,0.7596000794216818
樛,缪,0.753712487562457
樛,镠,0.7519741988897632
樛,熮,0.7510284739565184
