char1,char2,similarity
樥,樥,1.0
樥,橫,0.7735787440020514
樥,桓,0.7666753542548733
樥,檋,0.7588400258894624
樥,楳,0.7572949459470085
樥,橣,0.7570766200369751
樥,權,0.7545640324222951
樥,楧,0.7534864721210762
樥,柽,0.7469199073432994
樥,檧,0.7468540729169357
