char1,char2,similarity
横,横,1.0
横,僙,0.8058316875910279
横,慔,0.7793604184260925
横,撗,0.7723252442135292
横,榄,0.7622202967038324
横,潢,0.753499030931518
横,璜,0.7513419291687365
横,揽,0.7479118734718821
横,植,0.7467839115494646
横,掩,0.7436822033222581
