char1,char2,similarity
樨,樨,1.0
樨,楫,0.7756969214757974
樨,榍,0.7576632257774251
樨,榫,0.747795888101093
樨,榻,0.7464530742007114
樨,檑,0.7434645330761914
樨,榔,0.7394287912311929
樨,柳,0.7367113509722969
樨,栅,0.7362239368525593
樨,樗,0.7340584202030165
