char1,char2,similarity
樵,樵,1.0
樵,撨,0.7904895242028405
樵,楫,0.7619252367895527
樵,憔,0.7611530215810826
樵,僬,0.7568335056403278
樵,榫,0.7494726172661365
樵,榻,0.7364400882857038
樵,楂,0.7353569880040427
樵,樗,0.73422026956673
樵,嫶,0.7306596640591287
