char1,char2,similarity
樯,樯,1.0
樯,墙,0.7980718971288164
樯,槽,0.7540145196681745
樯,嫱,0.7513140027672046
樯,橼,0.7508911710664382
樯,擕,0.7497955819789243
樯,懎,0.7492515512408868
樯,擶,0.7468455749184619
樯,榕,0.7439490309966552
樯,榛,0.7387942625581163
