char1,char2,similarity
樰,樰,1.0
樰,橧,0.8011790603469512
樰,檔,0.7975339753609035
樰,榲,0.7772315630140616
樰,榓,0.7719324108559986
樰,橖,0.7619394755451296
樰,柂,0.7605743660967027
樰,槴,0.7592582631357034
樰,杶,0.7580657658076775
樰,樒,0.7560318699942367
