char1,char2,similarity
樳,樳,1.0
樳,撏,0.8147014809705831
樳,蟳,0.8081172073069369
樳,襑,0.7983996005522345
樳,榑,0.7801583835651302
樳,璕,0.7764149766503718
樳,樶,0.7660909062719181
樳,樴,0.7521161495173412
樳,桥,0.7517845568121339
樳,椑,0.7493594457240377
