char1,char2,similarity
樱,樱,1.0
樱,缨,0.7915719047556827
樱,撄,0.768227760052338
樱,櫻,0.7330840568151049
樱,璎,0.7287223579080795
樱,瘿,0.7287047111725578
樱,欗,0.727412063898666
樱,柳,0.7223551335585336
樱,栩,0.717790676168265
樱,掤,0.7171158108989448
