char1,char2,similarity
樲,樲,1.0
樲,樴,0.7881613721969946
樲,柫,0.7540915376994994
樲,樸,0.7490005173772821
樲,橵,0.7421918029674335
樲,檜,0.738855395958912
樲,樶,0.7377706596167942
樲,膩,0.736586299430203
樲,檂,0.7355822636666938
樲,栧,0.735530523511137
