char1,char2,similarity
樾,樾,1.0
樾,槭,0.7148761576671696
樾,概,0.7103150772665267
樾,橛,0.707927352679243
樾,挺,0.704898065664793
樾,楸,0.7034969089870576
樾,撷,0.7016454170698674
樾,擷,0.6987809771305796
樾,愀,0.696804457552449
樾,姬,0.6948856129596883
