char1,char2,similarity
樻,樻,1.0
樻,樍,0.8941132807257657
樻,檟,0.8206866609571446
樻,橨,0.8201763632044088
樻,樌,0.8190414403730794
樻,櫕,0.818725683195409
樻,撌,0.8120859481507451
樻,橮,0.8117349756058887
樻,槇,0.7953252211875573
樻,檳,0.7939177266102706
