char1,char2,similarity
樷,樷,1.0
樷,辳,0.7303412123553218
樷,棼,0.706353558423155
樷,蕞,0.7057884041604792
樷,檒,0.7001776917846257
樷,僼,0.6992265858642371
樷,壹,0.6981506676669496
樷,殪,0.6978369302160865
樷,弯,0.6961770307789895
樷,禁,0.6956590954688319
