char1,char2,similarity
橃,橃,1.0
橃,樛,0.7433351299150152
橃,橬,0.7253201445207857
橃,樴,0.7237012351649226
橃,橨,0.7231875086548409
橃,橾,0.721175737198974
橃,檳,0.7207786893995483
橃,楟,0.7196220364097771
橃,橫,0.7179466097502049
橃,檥,0.7177665030624676
