char1,char2,similarity
橉,橉,1.0
橉,撛,0.7888685918404286
橉,繗,0.7679508795007846
橉,橓,0.7644835496422483
橉,璘,0.7640246764952818
橉,枿,0.7553961456792162
橉,暽,0.754936495272124
橉,辚,0.7486594662456351
橉,楰,0.7458017016749549
橉,椦,0.7442629258909906
