char1,char2,similarity
橇,橇,1.0
橇,撬,0.8064129603957607
橇,椹,0.7190398780329255
橇,楂,0.7180044362675934
橇,檮,0.7153724358015475
橇,憒,0.7145808694400129
橇,榷,0.7109641840848111
橇,榉,0.709279765405224
橇,擢,0.7092663849929314
橇,愼,0.7073998214051646
