char1,char2,similarity
橆,橆,1.0
橆,檾,0.7348884464223331
橆,蕀,0.7117476338536342
橆,鰇,0.7091662863457294
橆,舞,0.7046188182654253
橆,梊,0.6943042543885836
橆,栞,0.6930307368736981
橆,罢,0.691391510663508
橆,枽,0.6882737185930952
橆,吴,0.6876985574494001
