char1,char2,similarity
橅,橅,1.0
橅,璑,0.8027357627209238
橅,幠,0.7721179949582383
橅,梆,0.7512736322396653
橅,嫵,0.7506848447690728
橅,檙,0.7445360302073614
橅,柶,0.7396246945295257
橅,櫛,0.737736186254116
橅,檇,0.7371796044466897
橅,墲,0.7367013159341961
