char1,char2,similarity
橂,橂,1.0
橂,樸,0.7651731345702869
橂,磸,0.7640809119410467
橂,橫,0.7613362418107622
橂,櫰,0.7601416799792403
橂,樽,0.7478107916963207
橂,櫗,0.7477651611569472
橂,燇,0.7471702493979665
橂,檱,0.7468027757980493
橂,檴,0.7464579964775006
