char1,char2,similarity
橁,橁,1.0
橁,樦,0.773356079206672
橁,椈,0.7660056657135922
橁,楢,0.762114800683951
橁,柶,0.7614132404025402
橁,檇,0.7559005841717638
橁,楜,0.7535435421454119
橁,椡,0.7531108103684521
橁,榏,0.7527021834910187
橁,槆,0.7521524405017319
