char1,char2,similarity
橌,橌,1.0
橌,橺,0.9133677437826937
橌,橍,0.9013428796991796
橌,椚,0.8440515524217592
橌,棢,0.8237311872914139
橌,棡,0.8124957188502961
橌,楖,0.7902229378283686
橌,襉,0.7835779072886271
橌,榴,0.7756313797512335
橌,楜,0.7755194863431987
