char1,char2,similarity
橎,橎,1.0
橎,楿,0.8206927668304312
橎,繙,0.7849283116661973
橎,榙,0.7784110754194772
橎,樁,0.7753996126469396
橎,楅,0.7745563690317726
橎,柖,0.7678703840883777
橎,枮,0.7667349970459129
橎,榗,0.75909131033597
橎,播,0.7589749417636702
