char1,char2,similarity
橍,橍,1.0
橍,橺,0.9033303183420849
橍,橌,0.9013428796991796
橍,椚,0.8380662467546134
橍,棢,0.8274551523023392
橍,棡,0.8123623728229691
橍,樞,0.7923280623891953
橍,楖,0.7888422128848548
橍,椔,0.7811247680981224
橍,楬,0.7779871103728924
