char1,char2,similarity
橏,橏,1.0
橏,槥,0.8158172315048133
橏,橧,0.7897080315292893
橏,楿,0.7859381973016115
橏,柮,0.7786657217966796
橏,椿,0.7773673930971678
橏,樁,0.775385525287068
橏,榗,0.7747588251084996
橏,柾,0.773422271134474
橏,枟,0.7726387735583989
