char1,char2,similarity
橘,橘,1.0
橘,棡,0.7625024697042877
橘,燏,0.7533502403918184
橘,桐,0.7526846845837095
橘,繘,0.7524374375861587
橘,椙,0.7497520852901233
橘,璚,0.7489388309507997
橘,僪,0.7478676262230091
橘,柵,0.7436515900858223
橘,捛,0.7412814437005256
