char1,char2,similarity
橚,橚,1.0
橚,璛,0.8263918892833797
橚,熽,0.7783549226315237
橚,櫘,0.7752615783708471
橚,橰,0.7697634236814117
橚,樻,0.7660046332137773
橚,樍,0.7592051795003067
橚,櫶,0.7591329664524696
橚,樿,0.7549158083881482
橚,樞,0.7539191221424341
