char1,char2,similarity
橖,橖,1.0
橖,檔,0.8026596782902102
橖,楪,0.7764702927194659
橖,椇,0.7714598601725328
橖,楺,0.76304639200501
橖,樰,0.7619394755451296
橖,榤,0.7602749515967432
橖,枤,0.7522818657628172
橖,杴,0.748353333060427
橖,枑,0.747504716418441
