char1,char2,similarity
橔,橔,1.0
橔,犜,0.8115279218849318
橔,镦,0.7945342435441075
橔,獤,0.7725242590938147
橔,譈,0.7657111302073655
橔,燉,0.7616394519339534
橔,暾,0.761326566053273
橔,橵,0.7570338767580781
橔,憞,0.7561666837542861
橔,礅,0.7560134869417969
