char1,char2,similarity
機,機,1.0
機,璣,0.7732028805531995
機,榶,0.7462150954309088
機,櫗,0.7442793937703988
機,橠,0.7437365895073327
機,栍,0.742355568530873
機,柮,0.7412239016905738
機,襪,0.7392662568362522
機,橎,0.7364822803129307
機,樓,0.7361075468832559
