char1,char2,similarity
橞,橞,1.0
橞,橲,0.8008402559514042
橞,樬,0.7781490299329681
橞,檍,0.7776039265830129
橞,槴,0.7769939237449726
橞,憓,0.7754456272973455
橞,樢,0.7730709786938184
橞,檧,0.7623220436398643
橞,桱,0.7616268590592444
橞,櫰,0.7600170722274934
