char1,char2,similarity
橧,橧,1.0
橧,樰,0.8011790603469512
橧,橏,0.7897080315292893
橧,竲,0.7871717727818724
橧,熷,0.7865488102417051
橧,繒,0.7795095032096264
橧,槒,0.777291125507626
橧,榗,0.7717717828277058
橧,缯,0.7690074548631132
橧,楛,0.767193816951623
