char1,char2,similarity
橡,橡,1.0
橡,椽,0.8045652258115683
橡,掾,0.763332714569166
橡,潒,0.7543720244466087
橡,襐,0.7488530432539912
橡,桁,0.7331895817952278
橡,柛,0.7324106149291294
橡,缘,0.7320861707719026
橡,猭,0.7312110273429269
橡,棵,0.7309929127682618
