char1,char2,similarity
橢,橢,1.0
橢,樄,0.7713290254443753
橢,檹,0.7541273325593228
橢,桻,0.7431879859927323
橢,櫙,0.7398007580480591
橢,槿,0.7326772900634175
橢,檇,0.7316415781535847
橢,榹,0.7227480514353065
橢,椲,0.7221543363126358
橢,棒,0.7216098728910992
