char1,char2,similarity
橣,橣,1.0
橣,橫,0.8070145662722856
橣,棈,0.7820399673692592
橣,橲,0.7723776464534704
橣,樎,0.7652091304356468
橣,橦,0.7645196555262848
橣,楕,0.7641733707525957
橣,樿,0.7622920850278324
橣,榡,0.7620717424697881
橣,檇,0.7619995458827923
