char1,char2,similarity
橩,橩,1.0
橩,櫿,0.8131764981506786
橩,橯,0.799294992818286
橩,橗,0.7437418870505469
橩,棡,0.7427164540931618
橩,椆,0.739939853113258
橩,橁,0.737124181418367
橩,桭,0.7369459117404399
橩,檂,0.7361516434045074
橩,椁,0.7354856639342839
