char1,char2,similarity
橬,橬,1.0
橬,鐕,0.7989848701026602
橬,梧,0.7701583052041627
橬,榾,0.7669838640617338
橬,楈,0.7656744824530538
橬,櫿,0.7628119066810948
橬,樑,0.7558972068187948
橬,捂,0.7544531427305635
橬,橮,0.7531809442201645
橬,榰,0.7530870369015527
