char1,char2,similarity
橱,橱,1.0
橱,櫉,0.8125703674232075
橱,棚,0.7348740551911326
橱,櫥,0.7320949789313753
橱,循,0.729740305227799
橱,慷,0.7276799444533014
橱,榧,0.7275402104341171
橱,槲,0.7234565785466067
橱,櫎,0.7223463365766426
橱,倔,0.7187479645889695
