char1,char2,similarity
橯,橯,1.0
橯,櫿,0.8046192688249006
橯,橩,0.799294992818286
橯,嘮,0.750798115184353
橯,枏,0.748895721015365
橯,樮,0.7487246367934833
橯,橓,0.746900994885916
橯,撈,0.7457052984153631
橯,枴,0.7456929024340585
橯,枍,0.7426228091160202
