char1,char2,similarity
橨,橨,1.0
橨,樍,0.8332235444441963
橨,樻,0.8201763632044088
橨,樌,0.80005681561634
橨,幩,0.7970019461866765
橨,檳,0.7933614102863694
橨,檟,0.7916924205105972
橨,橮,0.7909961324565242
橨,櫕,0.7843772075212487
橨,嫧,0.7766411866518913
