char1,char2,similarity
橮,橮,1.0
橮,樍,0.8137621023341657
橮,樻,0.8117349756058887
橮,檟,0.8064871961716622
橮,櫍,0.7929048615710439
橮,櫕,0.7917666066844549
橮,橨,0.7909961324565242
橮,楕,0.7897041485149503
橮,樌,0.7890630243354831
橮,檳,0.7890189933316549
