char1,char2,similarity
橹,橹,1.0
橹,撸,0.8288288722787509
橹,擼,0.7875815743574562
橹,噜,0.7768008052721129
橹,澛,0.7741245167008095
橹,懵,0.7609692600907235
橹,懀,0.759661021193719
橹,檑,0.7554753278949679
橹,櫓,0.7545373343661839
橹,榧,0.7532061620986762
