char1,char2,similarity
橳,橳,1.0
橳,櫉,0.7390511402602135
橳,櫦,0.7320991784134163
橳,櫎,0.7316645930175002
橳,櫪,0.7304287624117562
橳,櫥,0.7238146652401243
橳,櫬,0.721150056264281
橳,櫨,0.71969383574062
橳,橶,0.7154313709123291
橳,櫔,0.7137098114629621
