char1,char2,similarity
橺,橺,1.0
橺,橌,0.9133677437826937
橺,橍,0.9033303183420849
橺,椚,0.8635269418614833
橺,棢,0.84283664611039
橺,棡,0.8087670116643325
橺,棝,0.7875822313880227
橺,楖,0.7863954252928745
橺,棞,0.7848850328856386
橺,楬,0.7763950498565859
