char1,char2,similarity
橴,橴,1.0
橴,榡,0.7684601423317844
橴,櫒,0.7633022225720374
橴,檪,0.7495035979271886
橴,檏,0.7468463384894521
橴,棤,0.7447029175925503
橴,樦,0.7424095650944595
橴,楴,0.7410767664619575
橴,橍,0.741030170215129
橴,檧,0.7399663962901987
