char1,char2,similarity
檀,檀,1.0
檀,擅,0.8243516304741462
檀,儃,0.8115636954843204
檀,憻,0.8007013407291007
檀,檩,0.7981304635227764
檀,襢,0.7894662650756686
檀,嬗,0.7887337724943457
檀,壇,0.7716411032727938
檀,懔,0.7569993084479928
檀,撎,0.746397924412544
