char1,char2,similarity
檃,檃,1.0
檃,稾,0.7158898707409097
檃,槖,0.7114578307149573
檃,羮,0.7081747674516345
檃,藁,0.7031834955879014
檃,薁,0.7000834729724192
檃,屓,0.6947561170919235
檃,屟,0.692575021825691
檃,履,0.6923293699190746
檃,圍,0.6921143982268377
