char1,char2,similarity
檅,檅,1.0
檅,楲,0.7610248795288979
檅,獩,0.751827772911155
檅,穢,0.7479344512084961
檅,樴,0.7421157417279416
檅,椷,0.7369146926557922
檅,栻,0.7368422306959164
檅,橈,0.7365819285655877
檅,樶,0.7363739305064513
檅,楓,0.7346968212001648
