char1,char2,similarity
檄,檄,1.0
檄,儌,0.8133711073592212
檄,噭,0.7876925859966191
檄,缴,0.7678316560128802
檄,墽,0.7516938896174489
檄,徵,0.7420546727734381
檄,榔,0.7391757948504784
檄,撽,0.7389016610892774
檄,树,0.7355292830565038
檄,徼,0.7335572810783556
