char1,char2,similarity
橿,橿,1.0
橿,檯,0.7901673031194605
橿,礓,0.7868707078096148
橿,繮,0.779490441264914
橿,榲,0.7754084776268199
橿,櫝,0.7750636369814273
橿,榑,0.7692160727654811
橿,櫭,0.7642428858433501
橿,桪,0.763225999865314
橿,襢,0.7616511902410914
