char1,char2,similarity
橾,橾,1.0
橾,檪,0.7958859286550384
橾,槕,0.7804274978439433
橾,橸,0.7769790813146069
橾,操,0.7748410893436234
橾,椣,0.7609871677479577
橾,棖,0.7603882377584356
橾,椊,0.7587756211335805
橾,繰,0.7580818631508115
橾,梫,0.7570129481429402
