char1,char2,similarity
檏,檏,1.0
檏,樸,0.8385849135116626
檏,檋,0.7718535474249119
檏,嶫,0.7717870163301204
檏,模,0.7635697327466786
檏,棂,0.7609138353784219
檏,檁,0.7587249267697469
檏,梓,0.7530130253959663
檏,幞,0.7516704755315016
檏,棩,0.7502536795841983
