char1,char2,similarity
檋,檋,1.0
檋,檏,0.7718535474249119
檋,楕,0.7638900908929723
檋,椲,0.7630256518273228
檋,楴,0.7623327880026194
檋,樺,0.762235539361788
檋,樥,0.7588400258894624
檋,柾,0.7565884803996679
檋,榏,0.7559914962565261
檋,橰,0.7558498449647745
