char1,char2,similarity
檉,檉,1.0
檉,楖,0.7593601647060838
檉,桱,0.7587935442357919
檉,樰,0.753364891174309
檉,樿,0.7530159392003376
檉,樘,0.7524679196439944
檉,棢,0.7492480528572284
檉,橺,0.746865597550102
檉,棓,0.7442929983595937
檉,棬,0.7426872245118499
