char1,char2,similarity
檌,檌,1.0
檌,棩,0.7806192675455444
檌,榒,0.7683537442901358
檌,棑,0.7664670797880719
檌,榞,0.7629081213982176
檌,榲,0.7578103938660947
檌,橊,0.7545842569539765
檌,楖,0.7519856417208514
檌,槈,0.7438094276939491
檌,槏,0.7435045189149152
