char1,char2,similarity
檍,檍,1.0
檍,橦,0.7958864735596021
檍,棈,0.7943841883478436
檍,椲,0.7927267596272223
檍,镱,0.7798883012640683
檍,橞,0.7776039265830129
檍,燱,0.7764470522468016
檍,嬑,0.7738179475224363
檍,楕,0.7704985387320012
檍,櫘,0.7632990447138975
