char1,char2,similarity
檆,檆,1.0
檆,樃,0.7452543372819799
檆,櫧,0.7441354952025417
檆,榀,0.7304041684752318
檆,櫤,0.730215930578543
檆,桞,0.723064545264029
檆,櫡,0.7228137498227446
檆,榔,0.7227206379895011
檆,櫆,0.7156817105588036
檆,櫯,0.7149819383642472
