char1,char2,similarity
檇,檇,1.0
檇,棈,0.7726919547230646
檇,柶,0.7702242704677826
檇,柣,0.7673243265371623
檇,橣,0.7619995458827923
檇,槁,0.7616879063029203
檇,樆,0.7589055150707975
檇,携,0.7581681300927134
檇,檣,0.7568127736658206
檇,椱,0.7566533003341687
