char1,char2,similarity
檘,檘,1.0
檘,鐴,0.7643783062521772
檘,橺,0.7578976223436565
檘,椾,0.7559091328158727
檘,柵,0.7556462902250087
檘,梛,0.7527762652222749
檘,棢,0.7462430874361069
檘,楢,0.7459587656973481
檘,梉,0.7447642302255689
檘,橍,0.7447183926082831
