char1,char2,similarity
檑,檑,1.0
檑,擋,0.7918841601062812
檑,橹,0.7554753278949679
檑,棵,0.7516600115504035
檑,擂,0.7512214149286329
檑,榫,0.7483471741208031
檑,樗,0.7463453841697752
檑,樨,0.7434645330761914
檑,榧,0.7390803712732396
檑,楠,0.7384202742599473
