char1,char2,similarity
檒,檒,1.0
檒,富,0.7124791086082181
檒,复,0.7085657316192898
檒,麓,0.7075504400691718
檒,葍,0.7072124596012422
檒,荲,0.7058791588827489
檒,蒠,0.7048487479865946
檒,惠,0.7027388586074919
檒,巨,0.7024793578282207
檒,壹,0.7012588066391924
