char1,char2,similarity
檠,檠,1.0
檠,憼,0.7455703438214155
檠,蒅,0.7400530650642599
檠,集,0.7353471091197035
檠,菓,0.7197756527280864
檠,桑,0.7171867166183242
檠,菒,0.7146288945432028
檠,稁,0.7100553993686692
檠,案,0.7095800630220754
檠,椉,0.7088399775025926
