char1,char2,similarity
檟,檟,1.0
檟,樍,0.8484711821596099
檟,樌,0.8368556112371012
檟,櫍,0.8242889358793009
檟,樻,0.8206866609571446
檟,橮,0.8064871961716622
檟,櫕,0.7968624556521113
檟,橨,0.7916924205105972
檟,價,0.7892227790992368
檟,樮,0.7738643864489516
