char1,char2,similarity
檢,檢,1.0
檢,襝,0.7708914569115431
檢,檜,0.7648817391242356
檢,検,0.758414056440917
檢,柼,0.7535507122054396
檢,嬐,0.747020907692137
檢,枔,0.7452090343151855
檢,柶,0.7448025998309674
檢,梒,0.7447564703883559
檢,嶮,0.7442194762310969
