char1,char2,similarity
檡,檡,1.0
檡,橭,0.8234665810993091
檡,椙,0.7906313881590098
檡,棅,0.7857804166671444
檡,檈,0.777640564763704
檡,燡,0.7678202216104388
檡,楬,0.7645074294929346
檡,橺,0.7610279732830434
檡,橸,0.7595157994608779
檡,楞,0.7572508234691293
