char1,char2,similarity
檚,檚,1.0
檚,憷,0.7542825413374763
檚,樦,0.7476556779659547
檚,樫,0.7447749182053333
檚,槌,0.7384949400334213
檚,儊,0.7308290288823521
檚,梅,0.7291494147661319
檚,欉,0.7291414193421055
檚,柊,0.7272733551406374
檚,梙,0.7266688204520315
