char1,char2,similarity
檧,檧,1.0
檧,橞,0.7623220436398643
檧,櫘,0.761186808857663
檧,樺,0.7541442367867676
檧,橗,0.7510677948974834
檧,櫶,0.7507012885894324
檧,桺,0.7472743811501859
檧,樥,0.7468540729169357
檧,橰,0.7442558749674608
檧,橚,0.7429665639271381
