char1,char2,similarity
檦,檦,1.0
檦,檲,0.7462878617728348
檦,櫊,0.7372649281149147
檦,楋,0.7325944836040984
檦,櫩,0.7303807403900708
檦,櫪,0.7242206231045377
檦,梸,0.7201499124530254
檦,檷,0.7179770538531315
檦,櫚,0.7176008095640898
檦,栵,0.7175994309332185
