char1,char2,similarity
檫,檫,1.0
檫,擦,0.8070875948955463
檫,攃,0.7650433085600081
檫,榛,0.7554462218222979
檫,檩,0.7499741821374423
檫,撩,0.7441864769245978
檫,棵,0.7421967499561725
檫,愫,0.7383458921612971
檫,揨,0.7350296649542539
檫,榧,0.734632180699417
