char1,char2,similarity
檲,檲,1.0
檲,櫃,0.7551155230301928
檲,檷,0.748875920509124
檲,櫊,0.747447967909302
檲,檦,0.7462878617728348
檲,櫔,0.7345437875724196
檲,掆,0.7341312493148716
檲,櫪,0.7313819640560881
檲,攉,0.7271041107232386
檲,惬,0.7268101804033336
