char1,char2,similarity
檱,檱,1.0
檱,橫,0.7815200659652367
檱,櫍,0.7775427422397208
檱,櫕,0.7674309479016157
檱,樌,0.7504107810400228
檱,棈,0.7501982720955307
檱,橂,0.7468027757980493
檱,檳,0.7448002661521298
檱,櫅,0.7447156559902254
檱,櫡,0.7426186518528892
