char1,char2,similarity
檰,檰,1.0
檰,撧,0.754377134741937
檰,檊,0.7363419211615062
檰,檷,0.7260007443435482
檰,檭,0.7258018008926787
檰,欏,0.7229911462216386
檰,榊,0.7218730685089706
檰,梻,0.7208360333095352
檰,椸,0.7198418487445799
檰,檮,0.7116207618200027
