char1,char2,similarity
檽,檽,1.0
檽,壖,0.7976055514366274
檽,瓀,0.7966607647880863
檽,嬬,0.7763941735693336
檽,橒,0.7686597581053267
檽,襦,0.768024394845832
檽,櫄,0.7612151616465992
檽,欄,0.7599956572074561
檽,欉,0.7583859903221796
檽,懦,0.7520204376397648
