char1,char2,similarity
檻,檻,1.0
檻,櫭,0.7826764678237609
檻,爁,0.779603085947702
檻,桖,0.7615972963750155
檻,壏,0.7553224205998376
檻,繿,0.7459611441942539
檻,楃,0.740801598249905
檻,檉,0.7387242057188091
檻,槛,0.7354591294046511
檻,椾,0.7343017229297549
