char1,char2,similarity
檼,檼,1.0
檼,櫘,0.7864427040240297
檼,櫹,0.7583192292285248
檼,橞,0.7520149688174502
檼,檋,0.7480148176431798
檼,梚,0.7478717057837247
檼,梶,0.7478669558017086
檼,欃,0.7471127294176734
檼,梔,0.7458450003076327
檼,櫶,0.7413377019332991
