char1,char2,similarity
檸,檸,1.0
檸,擰,0.8366360238865366
檸,獰,0.8187496839674974
檸,嬣,0.7974685346482823
檸,懧,0.7808582914221759
檸,矃,0.7632583549490941
檸,柛,0.761853463551438
檸,嚀,0.7599353548769278
檸,椁,0.7531612389669512
檸,柈,0.7528739595730979
