char1,char2,similarity
櫋,櫋,1.0
櫋,棏,0.7437001009470027
櫋,擤,0.7411680710149027
櫋,櫝,0.7403963621605048
櫋,欍,0.7301270645711746
櫋,檁,0.7299183189802774
櫋,樲,0.7298563063445925
櫋,檜,0.7274858014541484
櫋,柫,0.726709876813267
櫋,橿,0.7252375083202641
