char1,char2,similarity
櫆,櫆,1.0
櫆,櫴,0.7410263676046621
櫆,櫃,0.7368264024803985
櫆,槸,0.7306561104819194
櫆,櫥,0.7291089285300918
櫆,橶,0.7280914717948759
櫆,櫉,0.7271306793712384
櫆,椒,0.7229260228885179
櫆,櫯,0.7222445315137188
櫆,檵,0.7220393924218457
