char1,char2,similarity
櫂,櫂,1.0
櫂,燿,0.8299440256036296
櫂,權,0.8165616718057506
櫂,擢,0.7945154164841376
櫂,欋,0.7797301484160394
櫂,樿,0.7741468649999204
櫂,柵,0.7694079265969398
櫂,梱,0.7690820220911315
櫂,椵,0.7645124405781157
櫂,嬥,0.7609378233718287
