char1,char2,similarity
櫇,櫇,1.0
櫇,櫎,0.7316881724513845
櫇,櫔,0.726854586163447
櫇,襭,0.7263993922692082
櫇,檷,0.723995803884489
櫇,檓,0.7197522602841259
櫇,檭,0.7179831370603558
櫇,樃,0.7155252095486884
櫇,橛,0.7154798616581883
櫇,擵,0.7134546521921015
