char1,char2,similarity
櫅,櫅,1.0
櫅,蠐,0.7852101278103228
櫅,纃,0.7764296751798903
櫅,穧,0.7752586719338442
櫅,棈,0.7692656583186663
櫅,櫁,0.7681699218799433
櫅,擠,0.7648927535232263
櫅,橣,0.7585432983892745
櫅,橫,0.7574874876810493
櫅,臍,0.7535318726638668
