char1,char2,similarity
櫄,櫄,1.0
櫄,燻,0.7834277193330732
櫄,纁,0.7824244451394672
櫄,檽,0.7612151616465992
櫄,櫍,0.7555798673114895
櫄,樌,0.7543337964885592
櫄,臐,0.749457357825171
櫄,嚑,0.7481075392245852
櫄,樼,0.7405609459862333
櫄,櫂,0.7403968863530914
