char1,char2,similarity
櫈,櫈,1.0
櫈,橷,0.7222970005671708
櫈,椹,0.7213612892489012
櫈,櫩,0.721350326845977
櫈,横,0.7163847859314244
櫈,愰,0.7134703146256004
櫈,榄,0.7127993324505628
櫈,櫊,0.7117612176303634
櫈,愖,0.7052446269864933
櫈,愓,0.7029248366673315
