char1,char2,similarity
櫓,櫓,1.0
櫓,穭,0.8420968548868276
櫓,擼,0.7835556406383797
櫓,撸,0.7779252275212265
櫓,橰,0.7723354568171734
櫓,樻,0.771119795583088
櫓,楁,0.7564473236736402
櫓,櫿,0.7554105293705666
櫓,梩,0.7551627734506606
櫓,椾,0.7548751006480688
