char1,char2,similarity
櫐,櫐,1.0
櫐,曅,0.7416044977325361
櫐,楶,0.738055653141524
櫐,馵,0.7334918143775129
櫐,曓,0.7320615618367189
櫐,曧,0.7308607130687932
櫐,桑,0.7292540523101523
櫐,菐,0.7264513756825826
櫐,曐,0.72389944084768
櫐,尋,0.7237876708807349
