char1,char2,similarity
櫕,櫕,1.0
櫕,樍,0.8380505941413019
櫕,樻,0.818725683195409
櫕,樌,0.8068338320701878
櫕,櫍,0.8031372330781148
櫕,檟,0.7968624556521113
櫕,橮,0.7917666066844549
櫕,檳,0.7872495221833349
櫕,襸,0.7852633539577925
櫕,橨,0.7843772075212487
