char1,char2,similarity
櫎,櫎,1.0
櫎,擴,0.8104375962094283
櫎,爌,0.7955648114098508
櫎,櫠,0.7608744748212164
櫎,儣,0.7565122305985448
櫎,獷,0.7549574103296273
櫎,彍,0.7500419187970528
櫎,懭,0.7493040036267188
櫎,櫉,0.7441868611322272
櫎,壙,0.7338229172267243
