char1,char2,similarity
櫑,櫑,1.0
櫑,櫺,0.7796598087323297
櫑,瓃,0.7556685784096865
櫑,礧,0.7404474885991283
櫑,梘,0.7404036058828227
櫑,椳,0.7344074659298685
櫑,棍,0.7336124422270431
櫑,梶,0.731574591034078
櫑,榀,0.7265761761614538
櫑,楃,0.7265188315850064
