char1,char2,similarity
櫚,櫚,1.0
櫚,櫩,0.899372077225648
櫚,櫊,0.8823917193805995
櫚,爓,0.7828480663846868
櫚,櫔,0.7752662137623757
櫚,檷,0.7616428091503308
櫚,欗,0.7564321209832503
櫚,僴,0.7547107120122546
櫚,撊,0.7464659822157531
櫚,燗,0.7463595868874515
