char1,char2,similarity
櫛,櫛,1.0
櫛,椾,0.7787874870541561
櫛,梛,0.7758825431233506
櫛,幯,0.773220042426352
櫛,柶,0.7731219337109042
櫛,柵,0.7720311108126872
櫛,枷,0.7685020388082224
櫛,椪,0.7625732219904404
櫛,栁,0.7601751032233706
櫛,椧,0.7597979182878281
