char1,char2,similarity
櫖,櫖,1.0
櫖,櫨,0.8198187572679284
櫖,攄,0.7868251671475027
櫖,爈,0.7819883515156507
櫖,爐,0.7696019867931967
櫖,獹,0.7654985337366939
櫖,濾,0.7602038858843689
櫖,儢,0.742043308353827
櫖,瓐,0.7374776870730582
櫖,擄,0.7371264171176692
