char1,char2,similarity
櫙,櫙,1.0
櫙,檵,0.7557152021749881
櫙,櫤,0.7498000270387181
櫙,櫃,0.749703148528678
櫙,撶,0.7428332938449793
櫙,櫉,0.7412322656814185
櫙,橢,0.7398007580480591
櫙,櫨,0.7397999497959068
櫙,撞,0.7374632842800303
櫙,櫥,0.7367132768132408
