char1,char2,similarity
櫘,櫘,1.0
櫘,櫶,0.8022129725301737
櫘,檼,0.7864427040240297
櫘,橚,0.7752615783708471
櫘,欀,0.7714720924225706
櫘,檍,0.7632990447138975
櫘,檧,0.761186808857663
櫘,櫕,0.7557213433297687
櫘,欉,0.752523297367028
櫘,檺,0.7479733720883366
