char1,char2,similarity
櫠,櫠,1.0
櫠,櫎,0.7608744748212164
櫠,櫦,0.7545010288091819
櫠,櫥,0.7488752641215567
櫠,櫔,0.7298416233776988
櫠,櫨,0.7152078424815892
櫠,櫪,0.7141051917765668
櫠,樄,0.7135867089188495
櫠,櫉,0.7111499434387267
櫠,橶,0.7083401420093581
