char1,char2,similarity
櫧,櫧,1.0
櫧,蠩,0.7999718079522219
櫧,檆,0.7441354952025417
櫧,儲,0.7252423241680308
櫧,槸,0.7208599327674255
櫧,梸,0.7174818604225541
櫧,櫪,0.717338918957781
櫧,樃,0.7172035083081103
櫧,櫨,0.7160640477068858
櫧,樄,0.7156501434133867
