char1,char2,similarity
櫩,櫩,1.0
櫩,櫊,0.9023922654973286
櫩,櫚,0.899372077225648
櫩,爓,0.8068670107260677
櫩,僴,0.7794340321985014
櫩,檷,0.7700464206002519
櫩,櫔,0.7552527980521051
櫩,欗,0.754665090299209
櫩,撊,0.7522151108962354
櫩,樃,0.7456725612962399
