char1,char2,similarity
櫥,櫥,1.0
櫥,櫉,0.8072869413890258
櫥,櫦,0.762882596306836
櫥,櫨,0.7577328417923352
櫥,櫠,0.7488752641215567
櫥,櫤,0.7390439073400216
櫥,棚,0.7378128575488244
櫥,櫔,0.7367372956906366
櫥,櫙,0.7367132768132408
櫥,慵,0.7329346316463822
