char1,char2,similarity
櫤,櫤,1.0
櫤,櫡,0.7905891369163597
櫤,擶,0.7786924969220995
櫤,櫙,0.7498000270387181
櫤,櫥,0.7390439073400216
櫤,檆,0.730215930578543
櫤,櫣,0.7288574011000429
櫤,櫦,0.727923072506068
櫤,檵,0.7223764505636967
櫤,梳,0.7222183417194328
