char1,char2,similarity
櫪,櫪,1.0
櫪,爏,0.7789045354779875
櫪,櫨,0.7701741849098612
櫪,櫃,0.7624176823264779
櫪,樫,0.7608633677152439
櫪,瓑,0.7498757544644278
櫪,櫦,0.7473170544526145
櫪,檵,0.7444988710933264
櫪,櫉,0.7395278357496331
櫪,棚,0.7342547094040647
