char1,char2,similarity
櫰,櫰,1.0
櫰,懷,0.8140976780218221
櫰,壞,0.8060456981881342
櫰,櫗,0.7769898142169681
櫰,瀤,0.7657314928842538
櫰,橠,0.7653113402586224
櫰,橂,0.7601416799792403
櫰,橞,0.7600170722274934
櫰,棲,0.7588123755757865
櫰,櫅,0.751581297646216
