char1,char2,similarity
櫬,櫬,1.0
櫬,槻,0.7911696365104417
櫬,襯,0.7841237655498564
櫬,儬,0.760435704184814
櫬,檭,0.747435380598917
櫬,嚫,0.7397866228702477
櫬,槪,0.7372731632678572
櫬,瀙,0.7245709524102394
櫬,槸,0.722790195574841
櫬,橳,0.721150056264281
