char1,char2,similarity
櫮,櫮,1.0
櫮,揰,0.7613025770433901
櫮,櫳,0.7563838523518136
櫮,桱,0.7417623288085755
櫮,棰,0.7409640100905704
櫮,櫲,0.7375080940825065
櫮,讍,0.7374874850637163
櫮,鑩,0.7373012286362843
櫮,槿,0.7321673946006649
櫮,檀,0.7320263427387741
