char1,char2,similarity
櫻,櫻,1.0
櫻,纓,0.7656988366822776
櫻,棲,0.7541009390128971
櫻,攖,0.7516604661930538
櫻,瓔,0.7493791162205854
櫻,椣,0.7407382640209571
櫻,櫌,0.7370006918430038
櫻,楱,0.7355630816073907
櫻,柵,0.7343872427671343
櫻,樱,0.7330840568151049
