char1,char2,similarity
欂,欂,1.0
欂,礴,0.7449578558053563
欂,橂,0.739990190577393
欂,檴,0.7371878562369066
欂,櫝,0.7354242734883929
欂,枫,0.7286859806831956
欂,檸,0.7283804119089189
欂,楃,0.7280705763779529
欂,梬,0.7278556041382205
欂,檮,0.7278414643714404
