char1,char2,similarity
櫾,櫾,1.0
櫾,梃,0.7228081915038445
櫾,梛,0.7160059941179501
櫾,樄,0.7153232386966816
櫾,桪,0.7151279188608041
櫾,椼,0.7124388545181415
櫾,柉,0.7115470384694758
櫾,楀,0.7104720442622146
櫾,棍,0.7104492151627262
櫾,椡,0.7100284591076771
