char1,char2,similarity
櫿,櫿,1.0
櫿,橩,0.8131764981506786
櫿,橯,0.8046192688249006
櫿,楕,0.7845838710052893
櫿,樻,0.773960047960652
櫿,橮,0.7646510301551146
櫿,橬,0.7628119066810948
櫿,檣,0.7611980988442033
櫿,橨,0.7587386048742988
櫿,樍,0.7555166339985083
