char1,char2,similarity
欄,欄,1.0
欄,襴,0.7899933659875241
欄,幱,0.7626323079306737
欄,鑭,0.7615886289192354
欄,檽,0.7599956572074561
欄,攔,0.7438882776151658
欄,橺,0.7430138517039314
欄,楋,0.7406316629115642
欄,橍,0.7386902417624549
欄,樠,0.7365748841158447
