char1,char2,similarity
權,權,1.0
權,櫂,0.8165616718057506
權,爟,0.7930121088678179
權,橲,0.7770365509647621
權,欋,0.7751794189101966
權,橫,0.7728684537736725
權,讙,0.7689095131398073
權,獾,0.7546015767007791
權,樥,0.7545640324222951
權,梱,0.7544441788247497
