char1,char2,similarity
欎,欎,1.0
欎,欝,0.7212471228821055
欎,貰,0.6885313898927365
欎,嗇,0.6821914669440191
欎,譼,0.6813552989450212
欎,峕,0.6762663120874335
欎,簧,0.674931805052418
欎,蠜,0.6745199671789104
欎,簀,0.6737966661786683
欎,嶨,0.6719445228131067
