char1,char2,similarity
欍,欍,1.0
欍,櫹,0.7677002431359753
欍,櫵,0.7631840122663787
欍,擭,0.7554224261462784
欍,檴,0.7545666495456425
欍,欑,0.7540892204898508
欍,檁,0.751826648255747
欍,櫗,0.7516198462291631
欍,穫,0.7507459261037579
欍,嚿,0.7474804467265117
