char1,char2,similarity
欌,欌,1.0
欌,檴,0.7334537271497958
欌,櫙,0.7272195362332967
欌,檭,0.7268111519476355
欌,檮,0.7245580986847634
欌,櫬,0.7191135332474313
欌,槸,0.7162503513509526
欌,櫎,0.7158641211865405
欌,檯,0.7122091034516953
欌,椲,0.7097685653754087
