char1,char2,similarity
欋,欋,1.0
欋,櫂,0.7797301484160394
欋,權,0.7751794189101966
欋,榰,0.7624505788488477
欋,権,0.7530011070940312
欋,躣,0.7524066251110881
欋,棈,0.7505074173926823
欋,臞,0.7426846927543265
欋,鑵,0.7417856510165486
欋,巏,0.7400366176241906
