char1,char2,similarity
欛,欛,1.0
欛,欗,0.7341423979372205
欛,梸,0.7310759765087322
欛,欖,0.7291147841099007
欛,檽,0.7289404370507577
欛,欇,0.7282647529005596
欛,櫃,0.7253028262385369
欛,梡,0.7222732927245226
欛,橋,0.721941107416166
欛,櫻,0.7219224698416477
