char1,char2,similarity
欚,欚,1.0
欚,欞,0.7550406129834512
欚,橾,0.7396631019735816
欚,橸,0.728596507952159
欚,欑,0.7278120804167116
欚,樬,0.7275537720219973
欚,檙,0.7261055964127654
欚,樻,0.7233294286839528
欚,橅,0.7230607166220918
欚,樝,0.7224097528191731
