char1,char2,similarity
欕,欕,1.0
欕,巗,0.7858018394286155
欕,孍,0.7731639190032664
欕,壧,0.7607983864620026
欕,樶,0.7488394849587862
欕,樼,0.7445119586612916
欕,楓,0.7440504775458326
欕,橿,0.7316411779847607
欕,櫄,0.7315538872464891
欕,樦,0.7301710739823816
