char1,char2,similarity
欗,欗,1.0
欗,爤,0.818711570593655
欗,櫃,0.7567616309419621
欗,櫚,0.7564321209832503
欗,櫩,0.754665090299209
欗,櫊,0.740595682138769
欗,欛,0.7341423979372205
欗,撋,0.7323123263605805
欗,欖,0.7276938230489882
欗,攔,0.7276427184388987
