char1,char2,similarity
欣,欣,1.0
欣,肷,0.8061890512825832
欣,肤,0.7812195218590546
欣,欤,0.7753935550418993
欣,頎,0.7588074232520893
欣,朕,0.7583907086204394
欣,欥,0.7566005294035596
欣,胦,0.7542763862279402
欣,钦,0.7508833209225692
欣,胅,0.7457196704587544
