char1,char2,similarity
欞,欞,1.0
欞,橦,0.7584444862868864
欞,欚,0.7550406129834512
欞,欓,0.7418366122314647
欞,椊,0.7354831209859538
欞,欜,0.7354414993081666
欞,槟,0.7349950068941464
欞,欐,0.7349534260857501
欞,榡,0.7345514180590287
欞,樟,0.7314151721732249
