char1,char2,similarity
欥,欥,1.0
欥,肷,0.7854422395934658
欥,砍,0.7807201404192513
欥,欢,0.7705881854746799
欥,软,0.7674236810431307
欥,欤,0.7648906859547832
欥,钦,0.7578571633254302
欥,欣,0.7566005294035596
欥,畉,0.7565379112064097
欥,炊,0.7490234786069009
