char1,char2,similarity
欧,欧,1.0
欧,軟,0.7728505735976502
欧,欽,0.7538960078053009
欧,欯,0.7530348644382125
欧,欸,0.7513465023036647
欧,欱,0.7493893414322347
欧,欵,0.7476428597147825
欧,欥,0.7468495077276615
欧,欴,0.7460996956256101
欧,欮,0.7436160320480062
