char1,char2,similarity
欮,欮,1.0
欮,欵,0.8131701495056995
欮,欸,0.8087725896096972
欮,欱,0.7914668701584748
欮,欽,0.7859694697289196
欮,欯,0.7828023385613979
欮,欴,0.7765619406629035
欮,歁,0.7765025882769161
欮,欭,0.7722008139091358
欮,欶,0.7590777474504097
