char1,char2,similarity
欨,欨,1.0
欨,欫,0.7900467600648061
欨,欪,0.7680205594500328
欨,欬,0.7581302387478533
欨,欩,0.755813908818768
欨,敂,0.7549488978044251
欨,欦,0.7541022262580506
欨,歇,0.7369731328548139
欨,歍,0.7363355154798397
欨,歡,0.7357554987991726
