char1,char2,similarity
欴,欴,1.0
欴,欯,0.8424010342464674
欴,欱,0.8224754490824361
欴,欶,0.812416904814584
欴,欻,0.7985446564244051
欴,欸,0.7966199107643018
欴,欭,0.7940823192572194
欴,欽,0.7937179374201847
欴,欰,0.7895353756626668
欴,歁,0.7832776794978028
