char1,char2,similarity
欰,欰,1.0
欰,欴,0.7895353756626668
欰,衂,0.7831674188152924
欰,歈,0.7821471219194583
欰,歅,0.7793594551808083
欰,欻,0.7766495526874684
欰,欯,0.772886009955644
欰,缼,0.7694521251693154
欰,欸,0.7678061749734276
欰,欳,0.7639235534351897
