char1,char2,similarity
欳,欳,1.0
欳,歈,0.8146725371670683
欳,歂,0.7970381159052973
欳,歄,0.7884229963399811
欳,欿,0.7802783950228648
欳,歒,0.7734102034144568
欳,絘,0.7660453296105433
欳,歍,0.7642552104344141
欳,欰,0.7639235534351897
欳,歉,0.7627162388875282
