char1,char2,similarity
欸,欸,1.0
欸,欮,0.8087725896096972
欸,欻,0.8011396133919538
欸,欴,0.7966199107643018
欸,欵,0.7958455500140523
欸,欽,0.794784463052391
欸,欱,0.7901804576327811
欸,欭,0.7843308811605837
欸,歁,0.7798776863496645
欸,欯,0.7779688449245108
