char1,char2,similarity
歂,歂,1.0
歂,歒,0.8041094313543113
歂,欳,0.7970381159052973
歂,歈,0.7881584066326801
歂,歕,0.7831065956090555
歂,歊,0.782074957509041
歂,欷,0.7766933711765132
歂,歄,0.775293481466335
歂,歚,0.7650029525707124
歂,欿,0.76434063492725
