char1,char2,similarity
欿,欿,1.0
欿,歊,0.7820662832091982
欿,歈,0.7813474174055242
欿,歄,0.7809405179919885
欿,欳,0.7802783950228648
欿,歒,0.7714356098466831
欿,缼,0.7709433640901084
欿,歏,0.7670255966027094
欿,歂,0.76434063492725
欿,欹,0.7609181742031388
