char1,char2,similarity
欻,欻,1.0
欻,欸,0.8011396133919538
欻,欴,0.7985446564244051
欻,欶,0.7940554250901708
欻,欯,0.7871397069877129
欻,欺,0.7829235031352655
欻,缼,0.7810098252679017
欻,欰,0.7766495526874684
欻,欽,0.7733807780662707
欻,欱,0.7727863489227218
