char1,char2,similarity
歀,歀,1.0
歀,欽,0.7767545415706396
歀,欸,0.7744519130963443
歀,欯,0.774157348191369
歀,欱,0.7740290960253102
歀,欴,0.7699909208686984
歀,欭,0.7684295623942657
歀,欵,0.7644302407649101
歀,欻,0.7617686346952808
歀,欶,0.7607232275341831
