char1,char2,similarity
歁,歁,1.0
歁,欯,0.7949950311471298
歁,欽,0.7878060384882941
歁,欴,0.7832776794978028
歁,欵,0.7801127753311289
歁,欸,0.7798776863496645
歁,欮,0.7765025882769161
歁,欶,0.7735143934940282
歁,欱,0.7733326056371159
歁,欭,0.7557969907815054
