char1,char2,similarity
歋,歋,1.0
歋,歛,0.7389731683058202
歋,歠,0.7306180012054602
歋,歙,0.7146063993566806
歋,歜,0.7087726697829919
歋,歞,0.7061757331071475
歋,欬,0.6978915771596133
歋,欪,0.6969552169785046
歋,掀,0.6959148541334625
歋,歝,0.6948774201269728
