char1,char2,similarity
歇,歇,1.0
歇,镹,0.7557363822205773
歇,歄,0.7533873115029011
歇,歌,0.7502208781225103
歇,絘,0.749300806802835
歇,歜,0.7492085496383187
歇,欷,0.7419147586663531
歇,欲,0.7402544094523545
歇,欨,0.7369731328548139
歇,飲,0.7353596136816611
