char1,char2,similarity
歆,歆,1.0
歆,欹,0.8261173866062237
歆,歚,0.7926062534025312
歆,韵,0.7764789169163869
歆,戠,0.7593968976470453
歆,欷,0.7533440201511127
歆,欿,0.7530082442232753
歆,欫,0.7520373875854521
歆,歕,0.7516299538408807
歆,歂,0.750804850474401
