char1,char2,similarity
歅,歅,1.0
歅,欰,0.7793594551808083
歅,歊,0.7601575188992531
歅,歞,0.755414312777993
歅,歀,0.7547242132116736
歅,欿,0.751415895099387
歅,欭,0.750559468111977
歅,欵,0.7464171782124608
歅,欻,0.745972126962409
歅,欺,0.7446664967856012
