char1,char2,similarity
歐,歐,1.0
歐,毆,0.7747378689891764
歐,欳,0.7457008916052468
歐,歒,0.7398273778583343
歐,歅,0.7398218502084892
歐,欱,0.734987845970273
歐,歞,0.7347664351792786
歐,欴,0.7335684670018077
歐,歚,0.7311689541166986
歐,歁,0.7298267003768244
