char1,char2,similarity
歞,歞,1.0
歞,歂,0.7598834646947965
歞,欰,0.756750127581552
歞,歅,0.755414312777993
歞,歜,0.7514688662580359
歞,欳,0.7476493803745909
歞,欼,0.7433968287967087
歞,欷,0.7432778765206272
歞,欿,0.7411357652498891
歞,歝,0.737932104550747
