char1,char2,similarity
歘,歘,1.0
歘,歔,0.7668557294797747
歘,歕,0.7618972290563083
歘,歒,0.7552094444039168
歘,歂,0.7546875907285698
歘,欼,0.7503239029177747
歘,歚,0.7497057516855068
歘,歖,0.7488112366206835
歘,欳,0.7445717452666133
歘,歓,0.7401591775852016
