char1,char2,similarity
歝,歝,1.0
歝,歜,0.8118948400363569
歝,歟,0.7694201980187872
歝,斁,0.7600580895274298
歝,歡,0.7491482786008089
歝,歞,0.737932104550747
歝,歅,0.7358323247862492
歝,欼,0.7322556073833649
歝,歕,0.7317956022612657
歝,歔,0.7277550909937657
