char1,char2,similarity
歪,歪,1.0
歪,玊,0.7922379401211475
歪,冝,0.7722764567683528
歪,豆,0.7696459858631345
歪,呈,0.7650224910892316
歪,里,0.7592554248569808
歪,弖,0.758713701255367
歪,巫,0.755631570466518
歪,仝,0.7550858963916658
歪,佱,0.7540849987193481
