char1,char2,similarity
正,正,1.0
正,王,0.8900865395906026
正,工,0.8547732047824673
正,止,0.8452654606894061
正,玉,0.8306673183997857
正,壬,0.826755261389369
正,互,0.8171091499636992
正,三,0.8118051080301124
正,乙,0.8061032042203211
正,亅,0.8057009640186145
