char1,char2,similarity
歩,歩,1.0
歩,尗,0.8098343450630698
歩,步,0.8038786354800159
歩,小,0.7751313909725382
歩,丨,0.7731853566654411
歩,亍,0.772581385699098
歩,士,0.7710129690709078
歩,灻,0.7668311467429351
歩,歨,0.761855710815334
歩,走,0.7611513058871676
