char1,char2,similarity
止,止,1.0
止,土,0.8580627220043195
止,上,0.8569407952631414
止,圡,0.8524885446589634
止,正,0.8452654606894061
止,亅,0.839516022665076
止,丄,0.8353627056563295
止,士,0.8191130815691094
止,辶,0.8101659581033327
止,工,0.809866594978623
