char1,char2,similarity
歮,歮,1.0
歮,齿,0.7447774428161202
歮,盎,0.7318157920961629
歮,坴,0.7313536913978962
歮,壵,0.7312464889487919
歮,且,0.7263083605071349
歮,歨,0.7223038558675142
歮,歰,0.7213419548407971
歮,辷,0.7188703164696592
歮,点,0.7179619144328891
