char1,char2,similarity
歳,歳,1.0
歳,歲,0.9011682568479737
歳,罭,0.7326579593537915
歳,箴,0.7221193232252188
歳,貞,0.7217489530287242
歳,康,0.7166714553379441
歳,屵,0.7108841890793619
歳,趇,0.7069462820496241
歳,虑,0.7024921868169328
歳,屇,0.7022035171787583
