char1,char2,similarity
歷,歷,1.0
歷,歴,0.7687207164520751
歷,塺,0.7483413348940849
歷,崖,0.7389356555114358
歷,朋,0.7317434518904611
歷,股,0.7195949065427435
歷,厜,0.7188952661588325
歷,厯,0.7183589627288366
歷,厚,0.7183277120111757
歷,叵,0.7178972322639913
