char1,char2,similarity
歹,歹,1.0
歹,丅,0.7800036413532004
歹,厂,0.772023227112558
歹,反,0.7675950555721329
歹,丁,0.7674599463285133
歹,了,0.7666585868204675
歹,厅,0.7659684526533352
歹,爫,0.761452404062741
歹,孑,0.7612940578438238
歹,及,0.7604936582181998
