char1,char2,similarity
歾,歾,1.0
歾,殈,0.7786977674068821
歾,殌,0.7682169890967214
歾,肳,0.7639841902122307
歾,圽,0.7615473244637746
歾,岉,0.7565973249873726
歾,殉,0.7507819880701289
歾,昒,0.7444615281666959
歾,殘,0.7421633019697853
歾,殅,0.7348566218914238
