char1,char2,similarity
殆,殆,1.0
殆,坮,0.7563248879694204
殆,跆,0.7485467246016534
殆,眙,0.7478964238293628
殆,炲,0.7434410266625016
殆,詒,0.7378022641376456
殆,孡,0.7372873712646622
殆,硆,0.7347175971831568
殆,吕,0.7269886129605276
殆,绐,0.7262623445572753
