char1,char2,similarity
殈,殈,1.0
殈,歾,0.7786977674068821
殈,殟,0.7624700827083963
殈,殅,0.7541234430472723
殈,裇,0.7489910111140751
殈,恤,0.7480390522543253
殈,殌,0.7420497877586442
殈,殐,0.7372517460072215
殈,桖,0.7367949401500995
殈,殘,0.7348380309724352
