char1,char2,similarity
殂,殂,1.0
殂,岨,0.7900641448664903
殂,俎,0.7751656477846177
殂,坥,0.7717903903600735
殂,珇,0.7571285070887401
殂,飱,0.7554298285881913
殂,袓,0.7515199123410066
殂,姖,0.7506273607713199
殂,手,0.7491382828980224
殂,川,0.747319498443152
