char1,char2,similarity
殀,殀,1.0
殀,跃,0.8147124466014843
殀,妖,0.7882685728574077
殀,殎,0.7882154244714402
殀,岆,0.772216091826773
殀,殜,0.7687647428241011
殀,殠,0.7586841445044855
殀,秗,0.7558996945238504
殀,饫,0.7548661797031697
殀,殑,0.7548164783298206
