char1,char2,similarity
殇,殇,1.0
殇,殒,0.7507322094816676
殇,殄,0.745414077293515
殇,荡,0.7446613912080129
殇,殉,0.7361683050309706
殇,歾,0.7181962407598275
殇,殚,0.7115724804093704
殇,殍,0.7100129025058344
殇,殥,0.707203669399402
殇,殈,0.7039006780625847
