char1,char2,similarity
殉,殉,1.0
殉,姰,0.7738068534724178
殉,姁,0.7528394669252965
殉,徇,0.7519316749125065
殉,珣,0.751420894772861
殉,歾,0.7507819880701289
殉,绚,0.7450288929363933
殉,驹,0.7425194145685575
殉,殚,0.7425038712809914
殉,殑,0.7415967321627734
