char1,char2,similarity
殐,殐,1.0
殐,殎,0.7901783002977115
殐,殑,0.7811432462090224
殐,疎,0.778784317140487
殐,脨,0.7768740736678464
殐,娕,0.7697023951788664
殐,殏,0.7629291384073615
殐,殗,0.7623555406585799
殐,殔,0.7617404423930018
殐,殜,0.7602858145393849
