char1,char2,similarity
殌,殌,1.0
殌,脛,0.816992520466804
殌,弳,0.7872488289394667
殌,硜,0.7847879365462788
殌,殅,0.7814795066965126
殌,歾,0.7682169890967214
殌,殟,0.7583505527718349
殌,娙,0.7569031734252546
殌,殰,0.7489540132050844
殌,殭,0.7472403197310064
