char1,char2,similarity
殓,殓,1.0
殓,硷,0.8115013474834986
殓,殖,0.7525043373124359
殓,姾,0.7474248366943662
殓,飱,0.7425064581668938
殓,硆,0.7364465112742292
殓,殂,0.7333420286802648
殓,殅,0.7326624977194498
殓,裣,0.7282116970332337
殓,碒,0.7238260368665946
