char1,char2,similarity
殑,殑,1.0
殑,娔,0.7958122058056032
殑,殎,0.7924047153425543
殑,殐,0.7811432462090224
殑,殀,0.7548164783298206
殑,硯,0.7504307573065532
殑,殜,0.7504150780880906
殑,琓,0.7487250821366421
殑,娊,0.7424959972303427
殑,殉,0.7415967321627734
