char1,char2,similarity
殎,殎,1.0
殎,殃,0.7950195199014819
殎,殑,0.7924047153425543
殎,殐,0.7901783002977115
殎,殀,0.7882154244714402
殎,殜,0.780821148276028
殎,陜,0.7658881300220921
殎,硤,0.7581807905543985
殎,硖,0.7551133539227459
殎,埉,0.7549583253021763
