char1,char2,similarity
殕,殕,1.0
殕,殗,0.7808021166512877
殕,婄,0.773945985797749
殕,踣,0.7725238147377246
殕,棓,0.7571759585705676
殕,犃,0.7527406219713667
殕,殘,0.7516807853247777
殕,碚,0.7509100428078658
殕,琣,0.7488495574194329
殕,焙,0.7486917817041563
