char1,char2,similarity
殙,殙,1.0
殙,碈,0.8149465508323459
殙,諙,0.8037232670114238
殙,崏,0.7983524007544447
殙,婚,0.7868108539124018
殙,錉,0.769802762922126
殙,殟,0.7596068038257806
殙,緍,0.7555777348607582
殙,棔,0.753434190680358
殙,殕,0.7484968287772666
