char1,char2,similarity
殖,殖,1.0
殖,殓,0.7525043373124359
殖,楦,0.7478280775878877
殖,犆,0.7475005235275792
殖,瑄,0.7426302660638664
殖,楂,0.7389321224488526
殖,工,0.7331044696188361
殖,飱,0.7322435690870527
殖,媗,0.7286391687661974
殖,淔,0.7284500597927052
