char1,char2,similarity
殥,殥,1.0
殥,殨,0.7602428833035668
殥,殡,0.7556687056806293
殥,殯,0.7518265951700429
殥,螾,0.7500418831199918
殥,殞,0.7472672062150523
殥,鏔,0.745845415882607
殥,殒,0.7394920503622493
殥,殝,0.7388781565090031
殥,殦,0.7382948144772713
