char1,char2,similarity
殢,殢,1.0
殢,殜,0.7493643310447873
殢,殫,0.7462241568673368
殢,殗,0.7436566789803705
殢,殕,0.741326798708527
殢,婦,0.7295195191996882
殢,殉,0.72940697032589
殢,殌,0.7137131383155113
殢,殐,0.711001041146002
殢,肂,0.7108852801947666
