char1,char2,similarity
殣,殣,1.0
殣,瑾,0.7566211337295016
殣,殝,0.7489630847654871
殣,殗,0.7466838429220144
殣,殐,0.7463622726211372
殣,殟,0.7362760983558403
殣,殘,0.7360346126766384
殣,殭,0.7352058056912032
殣,殅,0.7253838760226669
殣,墥,0.7233527394429629
