char1,char2,similarity
殱,殱,1.0
殱,殲,0.9026668190154701
殱,孅,0.7528873928049964
殱,纎,0.7420119703556574
殱,殧,0.7274774799354373
殱,繊,0.7136955869118502
殱,襳,0.7052182734620582
殱,斌,0.7015497788734596
殱,讖,0.6978423812681419
殱,懺,0.6974583782360478
