char1,char2,similarity
殮,殮,1.0
殮,殎,0.745642558408831
殮,殑,0.7391606052520071
殮,殕,0.7366096172662734
殮,殜,0.7358914241674791
殮,殥,0.735394081801146
殮,殀,0.7342935818366422
殮,殞,0.7289604131448599
殮,殐,0.7281361848340503
殮,殫,0.7252947405500608
