char1,char2,similarity
殭,殭,1.0
殭,繮,0.7839889587402593
殭,殰,0.7686266417755037
殭,礓,0.7492900646468725
殭,殤,0.748525513271007
殭,殌,0.7472403197310064
殭,缰,0.7470087615385868
殭,殬,0.7352647123561734
殭,殣,0.7352058056912032
殭,殟,0.7347896149247761
