char1,char2,similarity
殨,殨,1.0
殨,嫧,0.8049383723487957
殨,璝,0.793126472119776
殨,殯,0.7691914908267661
殨,殥,0.7602428833035668
殨,磧,0.7597528455958898
殨,鐀,0.754082305171163
殨,殃,0.7516774833229063
殨,皟,0.7511129568678743
殨,歵,0.7508846990590976
