char1,char2,similarity
殫,殫,1.0
殫,殜,0.7658907227627544
殫,殬,0.7637169996756628
殫,磾,0.7530161441729903
殫,殢,0.7462241568673368
殫,殞,0.7415300414922457
殫,嚲,0.7407521058334268
殫,殉,0.739247992714988
殫,肂,0.7373157774065977
殫,繟,0.7345510009525712
