char1,char2,similarity
殷,殷,1.0
殷,股,0.8097625402823629
殷,般,0.7677630403467388
殷,骰,0.7632750461989444
殷,鈠,0.7407351276957421
殷,毁,0.7406718882305079
殷,厓,0.7219998825614821
殷,段,0.7219306158720021
殷,殴,0.7213033460581957
殷,辰,0.7179603181106806
