char1,char2,similarity
殶,殶,1.0
殶,杸,0.8026415819311387
殶,祋,0.7729710271048795
殶,投,0.7710691866124911
殶,坄,0.7660617375793964
殶,竐,0.7568035461930784
殶,設,0.7541000185938732
殶,段,0.7446161211189212
殶,炈,0.7421058411695438
殶,吺,0.7416357996506829
