char1,char2,similarity
殴,殴,1.0
殴,殹,0.7658859714187817
殴,殸,0.7603350648923587
殴,毀,0.7601562108292049
殴,酘,0.7574085135133061
殴,骰,0.7493707359541082
殴,股,0.749338121305064
殴,毁,0.7489052423956943
殴,軗,0.7466265791321807
殴,毃,0.7463607336166125
