char1,char2,similarity
殻,殻,1.0
殻,殸,0.8046685314502248
殻,殼,0.8016526361820846
殻,毃,0.7590701516681329
殻,毀,0.7585227237487925
殻,殹,0.7550156637401991
殻,毄,0.7501307795743583
殻,榖,0.7401100111228602
殻,殺,0.7387420032648717
殻,毅,0.7340004105747517
