char1,char2,similarity
殼,殼,1.0
殼,殻,0.8016526361820846
殼,榖,0.7921789048690051
殼,殽,0.7873143902649857
殼,殹,0.7717949412135034
殼,骰,0.7612107221057368
殼,毄,0.760293975475765
殼,瑴,0.7559900176142365
殼,嗀,0.7528330560139793
殼,毃,0.7461164417387174
