char1,char2,similarity
毀,毀,1.0
毀,殹,0.7787532515440859
毀,殺,0.774045287877135
毀,毃,0.770737110292374
毀,毇,0.7691495766238349
毀,殴,0.7601562108292049
毀,殻,0.7585227237487925
毀,殸,0.7535092038862736
毀,殽,0.7451491433999985
毀,毄,0.7427052105570668
