char1,char2,similarity
毄,毄,1.0
毄,瑴,0.8072421870297037
毄,瞉,0.780670604541629
毄,殼,0.760293975475765
毄,殸,0.7548121678091299
毄,殹,0.7533123371955408
毄,縠,0.7528067573093113
毄,殻,0.7501307795743583
毄,毇,0.7451422156071587
毄,殾,0.7430155589350339
