char1,char2,similarity
毃,毃,1.0
毃,殺,0.7843653935288099
毃,毀,0.770737110292374
毃,殽,0.760574241188692
毃,殻,0.7590701516681329
毃,殸,0.7582900479066798
毃,歊,0.7553868882481682
毃,殹,0.7519924904926631
毃,骰,0.751147193215341
毃,殴,0.7463607336166125
