char1,char2,similarity
殾,殾,1.0
殾,殽,0.7679183956754382
殾,嗀,0.7663044228060528
殾,榖,0.7620244440865555
殾,瑴,0.7437292965353897
殾,毄,0.7430155589350339
殾,殼,0.7320486464891558
殾,轂,0.729270659173699
殾,瞉,0.7255585280736196
殾,毇,0.7245231964150782
