char1,char2,similarity
毆,毆,1.0
毆,殹,0.7855615552367975
毆,歐,0.7747378689891764
毆,殽,0.7482347202424905
毆,轂,0.7365770247609781
毆,毇,0.7330289764531597
毆,毀,0.7328356558714804
毆,毄,0.7320885317085676
毆,殾,0.7241979053452097
毆,酘,0.7240035871929847
