char1,char2,similarity
毈,毈,1.0
毈,贕,0.7046033723682823
毈,嘂,0.6730822590283049
毈,蝂,0.6707219370266371
毈,巗,0.6688375558446286
毈,噸,0.6672820783194879
毈,燬,0.6671899627897288
毈,瞃,0.6670157606128397
毈,洲,0.666203069903805
毈,恇,0.6659427834653996
