char1,char2,similarity
毊,毊,1.0
毊,薷,0.6759866783350225
毊,驁,0.6742267933766075
毊,驇,0.6731071428218796
毊,騺,0.6725715673436712
毊,覱,0.6717941030842196
毊,罍,0.671606241550008
毊,鼞,0.6684834527980735
毊,蟿,0.6683894445563392
毊,蕾,0.6647231894924778
