char1,char2,similarity
毌,毌,1.0
毌,亠,0.7796519948906064
毌,千,0.7727384509899666
毌,彐,0.766981468023423
毌,干,0.763439283491014
毌,争,0.7578072606155295
毌,缶,0.7566433447586252
毌,子,0.7542277493234528
毌,一,0.7514048281851474
毌,川,0.7499535538773668
