char1,char2,similarity
母,母,1.0
母,丗,0.7616443588416087
母,卪,0.7615467319828878
母,于,0.7596028106093704
母,毋,0.7583204524634184
母,卅,0.7550783274583365
母,尽,0.7495113743068278
母,丂,0.747826969589453
母,尸,0.7442953473970301
母,日,0.7413761837318951
