char1,char2,similarity
毕,毕,1.0
毕,丰,0.7857993828826991
毕,癷,0.7856480051281243
毕,早,0.772299048830077
毕,丫,0.7701245049410849
毕,孕,0.7695300906216361
毕,羊,0.7679632810974774
毕,卒,0.7648899546152899
毕,年,0.7640956269925159
毕,坒,0.7601872110763408
