char1,char2,similarity
毖,毖,1.0
毖,忠,0.7214960918987782
毖,忈,0.7209216830477293
毖,志,0.7148088014047675
毖,忐,0.7133409850031119
毖,怂,0.708913678852132
毖,応,0.7069606554416057
毖,老,0.7058090128301556
毖,毕,0.7054638471816231
毖,瑟,0.7035828774334716
