char1,char2,similarity
毘,毘,1.0
毘,昆,0.7703383163185716
毘,臣,0.7463987712530257
毘,昃,0.7444359605105342
毘,旻,0.7443257536892477
毘,昗,0.7423164944596512
毘,黒,0.740310961563713
毘,禺,0.7392986867401873
毘,巨,0.7374715923244431
毘,灵,0.7367189174052485
