char1,char2,similarity
毒,毒,1.0
毒,靑,0.8099258575045005
毒,冓,0.7364245697499998
毒,喜,0.7353094643344318
毒,牽,0.73486430985407
毒,乓,0.7344626526565224
毒,専,0.7320426739114473
毒,搴,0.7272115658769048
毒,疐,0.7257245199646439
毒,竒,0.7251665075039131
