char1,char2,similarity
毝,毝,1.0
毝,毜,0.7981552568002824
毝,毡,0.7456052732249593
毝,毬,0.74284223451214
毝,毪,0.7416253558555006
毝,氁,0.7349250391973081
毝,毥,0.7341534084736083
毝,毰,0.7335179201473261
毝,毧,0.7324431507538984
毝,毸,0.7314169680611653
