char1,char2,similarity
毠,毠,1.0
毠,毣,0.8219065137947312
毠,毟,0.7879903057324326
毠,毞,0.7723318421232415
毠,弯,0.7366760445711773
毠,皇,0.7360885335987393
毠,竜,0.7298214271861168
毠,阜,0.7192493157164035
毠,芞,0.7172457772115592
毠,窀,0.7169155814579453
