char1,char2,similarity
毡,毡,1.0
毡,毪,0.7949260583345712
毡,毨,0.7916531413351751
毡,毧,0.765509406671942
毡,毩,0.762124260715751
毡,氇,0.755052589263808
毡,包,0.7538344723078433
毡,也,0.75362666941985
毡,毯,0.7526280909532628
毡,氁,0.7467607599887752
