char1,char2,similarity
毢,毢,1.0
毢,毥,0.7545068333237316
毢,毸,0.7535045247324538
毢,毰,0.751400335689804
毢,毜,0.742349983969317
毢,毬,0.7309496697765084
毢,毱,0.7289427173609705
毢,毺,0.7249917773351665
毢,氊,0.7187030658186956
毢,毶,0.7151182329809914
