char1,char2,similarity
毚,毚,1.0
毚,鼻,0.7245829775751831
毚,霌,0.7005339581502974
毚,賞,0.700038452096648
毚,蒷,0.696895474913278
毚,貰,0.6916079774483057
毚,鼂,0.6905502384411939
毚,賃,0.6888720983643536
毚,覺,0.6886406124568581
毚,譶,0.688225153891016
