char1,char2,similarity
毩,毩,1.0
毩,毬,0.8165676088572795
毩,毨,0.812297681683225
毩,毧,0.7955090905525722
毩,毰,0.7773589875852467
毩,毪,0.7660305674958321
毩,毯,0.7631945751675846
毩,毡,0.762124260715751
毩,毺,0.7543665056821993
毩,氇,0.7534357042420328
