char1,char2,similarity
毨,毨,1.0
毨,毧,0.8267762047186158
毨,毩,0.812297681683225
毨,毡,0.7916531413351751
毨,毥,0.7725395707219922
毨,氇,0.7669007612636933
毨,毪,0.7660972930989527
毨,毬,0.7659012002702377
毨,氊,0.7640096077205801
毨,毯,0.7631335322407111
