char1,char2,similarity
毬,毬,1.0
毬,毩,0.8165676088572795
毬,毸,0.7990010325501903
毬,毰,0.7875225033371047
毬,毱,0.7788583128698818
毬,毧,0.7733781163483066
毬,毥,0.7694877611299995
毬,毨,0.7659012002702377
毬,毜,0.7650926775592911
毬,毺,0.7577830992398441
