char1,char2,similarity
毥,毥,1.0
毥,毰,0.7982626506231844
毥,毱,0.7962260875036642
毥,毺,0.7955443287423611
毥,毨,0.7725395707219922
毥,毬,0.7694877611299995
毥,毯,0.7673765458483998
毥,氇,0.7631324889059128
毥,毸,0.7623540720750637
毥,毧,0.7612348954947779
