char1,char2,similarity
毭,毭,1.0
毭,毦,0.7799269809188194
毭,竓,0.7365916243271137
毭,牦,0.7298825372146603
毭,蚝,0.7272047456886048
毭,屁,0.7102540433721932
毭,秏,0.7095961783229768
毭,亄,0.7095419306849182
毭,弪,0.7078492850705577
毭,豇,0.702990702506386
