char1,char2,similarity
毪,毪,1.0
毪,毡,0.7949260583345712
毪,毜,0.7691289105354776
毪,氁,0.7679916256861263
毪,毨,0.7660972930989527
毪,毩,0.7660305674958321
毪,毴,0.7547418972699352
毪,氇,0.7505397457877422
毪,毧,0.746004516207676
毪,毬,0.74577613807419
