char1,char2,similarity
毤,毤,1.0
毤,馗,0.7145258244886359
毤,弖,0.7031023541402429
毤,砼,0.7006567568002179
毤,尰,0.6995409700117271
毤,叿,0.6991070862234973
毤,胜,0.6990224638925997
毤,蚟,0.6982850022190098
毤,覐,0.697696222205353
毤,凥,0.6961758466717088
