char1,char2,similarity
毳,毳,1.0
毳,亴,0.7214258349314183
毳,雮,0.7183929494528613
毳,霊,0.700073497786825
毳,霆,0.6942732622479099
毳,霍,0.6939984133993711
毳,蕁,0.6937783685796982
毳,壽,0.693389455313285
毳,罼,0.6929112824906285
毳,雩,0.6901769736588195
