char1,char2,similarity
毵,毵,1.0
毵,氍,0.7301352136098727
毵,毿,0.7201117190000962
毵,毼,0.711429665273199
毵,毾,0.7111694380756305
毵,氃,0.7023545158718527
毵,毹,0.7015320303659413
毵,剹,0.698753162067991
毵,氄,0.6966109505688355
毵,氈,0.6964027718859562
