char1,char2,similarity
毾,毾,1.0
毾,毼,0.7798483704740572
毾,氀,0.7583841147818444
毾,氄,0.7498188512888975
毾,氈,0.7270715553927606
毾,氉,0.726687611008212
毾,毿,0.7227997572781045
毾,毻,0.722147176173187
毾,毷,0.7188603557183515
毾,毹,0.7143456527837502
