char1,char2,similarity
毸,毸,1.0
毸,毬,0.7990010325501903
毸,毰,0.7641170785805123
毸,毥,0.7623540720750637
毸,毱,0.7566351885106418
毸,毢,0.7535045247324538
毸,毩,0.7511545992965206
毸,氇,0.7503024317069722
毸,毺,0.7499890792919679
毸,毧,0.7431563939517992
