char1,char2,similarity
毽,毽,1.0
毽,氌,0.7164707760786172
毽,愎,0.7076567858027031
毽,壅,0.7037766890955107
毽,世,0.7008658631953236
毽,氁,0.7005942228947134
毽,乶,0.6996621294087837
毽,琶,0.6983063842992957
毽,瓏,0.6981572229353615
毽,愯,0.6967519465152058
