char1,char2,similarity
毼,毼,1.0
毼,毾,0.7798483704740572
毼,氄,0.7589646812273501
毼,鹖,0.7309097530897536
毼,毻,0.7286807675458163
毼,歇,0.7144500723638421
毼,氉,0.7143544704616496
毼,毵,0.711429665273199
毼,氍,0.7108187484582428
毼,毲,0.7064594077009972
