char1,char2,similarity
毻,毻,1.0
毻,氃,0.7383305736027609
毻,毿,0.7363376714760642
毻,毼,0.7286807675458163
毻,飪,0.7255360499278939
毻,毾,0.722147176173187
毻,氀,0.7191507105699416
毻,巨,0.7156830085975203
毻,氄,0.7132216630280677
毻,飦,0.7124602788159705
