char1,char2,similarity
氆,氆,1.0
氆,氇,0.7573126474234866
氆,毰,0.7519329193624775
氆,氁,0.7463050156272969
氆,丗,0.7398294397702965
氆,毴,0.7395361215662152
氆,氌,0.7366226001187731
氆,毥,0.7321401996222215
氆,毩,0.7185221928432425
氆,毱,0.7168263701025178
