char1,char2,similarity
氋,氋,1.0
氋,氃,0.7497507975119216
氋,鸏,0.7360837187228445
氋,鹲,0.7342140174517858
氋,氈,0.7315522534899507
氋,毿,0.7305650261561817
氋,氄,0.6981242677342757
氋,毾,0.6975718795219363
氋,毻,0.696462756523285
氋,氉,0.6889566594041782
