char1,char2,similarity
氊,氊,1.0
氊,毨,0.7640096077205801
氊,氁,0.7599207619920069
氊,毺,0.7513297728718538
氊,毧,0.7479825566790621
氊,毡,0.7456134093610552
氊,毬,0.742287622924747
氊,毥,0.7386221472241316
氊,毩,0.7368328346073264
氊,毯,0.731161358783262
