char1,char2,similarity
氈,氈,1.0
氈,氃,0.7932287621440509
氈,毿,0.7673009848886411
氈,氉,0.7594359124408538
氈,勯,0.7487659851636532
氈,氀,0.7317460254349737
氈,氋,0.7315522534899507
氈,毾,0.7270715553927606
氈,鹯,0.7184629982060509
氈,氄,0.7142032703284612
