char1,char2,similarity
氒,氒,1.0
氒,罕,0.7881525814255191
氒,芈,0.7705678493349759
氒,羊,0.7684715715276829
氒,毕,0.7556535042861912
氒,千,0.7536102589274101
氒,干,0.7534890167417927
氒,旱,0.7528960568795287
氒,再,0.7514056551807292
氒,癷,0.7503402303258039
