char1,char2,similarity
氎,氎,1.0
氎,氈,0.7100631897047667
氎,氉,0.6921175278953415
氎,毿,0.6893940708976096
氎,氃,0.6754008837852006
氎,毾,0.674134565752188
氎,氀,0.6717848317317906
氎,鬇,0.6679595508264783
氎,臺,0.6675582762373655
氎,屼,0.6673279963896899
