char1,char2,similarity
氐,氐,1.0
氐,氏,0.8554178515540347
氐,天,0.767170341523817
氐,厂,0.7602769542777504
氐,历,0.7601787585788253
氐,尸,0.7586422211252144
氐,土,0.758255849636981
氐,无,0.7580968988344643
氐,元,0.7512844636044947
氐,夭,0.7498676209499635
