char1,char2,similarity
氌,氌,1.0
氌,氇,0.7595528117810256
氌,氆,0.7366226001187731
氌,毥,0.7325624045030058
氌,毴,0.725035093231662
氌,氊,0.7167774688101586
氌,氁,0.7165288394294947
氌,毽,0.7164707760786172
氌,毱,0.7084751880631354
氌,毧,0.708444600895164
