char1,char2,similarity
氕,氕,1.0
氕,氘,0.8620152693957798
氕,气,0.8309739681096107
氕,氙,0.7825398525251341
氕,罒,0.7680632699350353
氕,艹,0.7542951876691426
氕,飣,0.7529115073723164
氕,寅,0.7512246695688338
氕,罓,0.7495272749584226
氕,阜,0.7492665925207402
