char1,char2,similarity
气,气,1.0
气,氕,0.8309739681096107
气,氘,0.8142685222341254
气,艹,0.7943297007673747
气,覀,0.7938944541171352
气,亠,0.7872396942794563
气,乁,0.7857028682378449
气,冖,0.7813919750654224
气,巳,0.7798222464217711
气,罓,0.7777034414961617
