char1,char2,similarity
氓,氓,1.0
氓,姄,0.7908482414373736
氓,珉,0.7790046772537115
氓,怋,0.7700802818435746
氓,呡,0.7584839001250128
氓,抿,0.756278459662026
氓,垊,0.7424685463069591
氓,坁,0.7414874910037352
氓,帀,0.7340196415740723
氓,岷,0.731912341606703
