char1,char2,similarity
氙,氙,1.0
氙,氚,0.8141626714018844
氙,氕,0.7825398525251341
氙,氖,0.7723293995554961
氙,氘,0.7481247274337084
氙,壴,0.7448116133287005
氙,飣,0.7420848578905355
氙,云,0.7360316791753174
氙,忥,0.7299211247285058
氙,气,0.7294243623547086
