char1,char2,similarity
氞,氞,1.0
氞,氝,0.8299827729394049
氞,氤,0.8286305873509818
氞,氜,0.8184907561704885
氞,氦,0.7917830703220914
氞,氪,0.780325406927635
氞,氢,0.7792266424667029
氞,氣,0.7788890732948482
氞,氠,0.7770975907445206
氞,氲,0.7693811431159768
