char1,char2,similarity
氛,氛,1.0
氛,氧,0.7806604113797676
氛,氢,0.7743905401529999
氛,氤,0.7661236058702675
氛,氩,0.7627034752651655
氛,気,0.7591523267720978
氛,氪,0.757941840028714
氛,氜,0.7529175353646421
氛,氦,0.7493674028893196
氛,氲,0.7474961582959975
