char1,char2,similarity
氘,氘,1.0
氘,氕,0.8620152693957798
氘,气,0.8142685222341254
氘,氖,0.7721981154194948
氘,每,0.7492839129742999
氘,氙,0.7481247274337084
氘,阜,0.7472049672001183
氘,罒,0.7440291439674472
氘,寅,0.7390319421574367
氘,万,0.7342237969658196
