char1,char2,similarity
氤,氤,1.0
氤,氞,0.8286305873509818
氤,氪,0.8148577556657285
氤,氦,0.8089223114980153
氤,氲,0.8010843825956205
氤,氢,0.7947676639108553
氤,氟,0.7914334289272031
氤,氜,0.7834428171303889
氤,氨,0.7704717590025163
氤,氮,0.7670233271939226
