char1,char2,similarity
氣,氣,1.0
氣,氬,0.824031084409005
氣,氠,0.8218561128092764
氣,氯,0.7899745769499721
氣,氥,0.7852960690282157
氣,氫,0.7849300620748962
氣,氞,0.7788890732948482
氣,氝,0.7684210052620283
氣,氜,0.7635444099283264
氣,氭,0.762148590240213
