char1,char2,similarity
氠,氠,1.0
氠,氥,0.8415794811983088
氠,氫,0.8246712090827986
氠,氣,0.8218561128092764
氠,氭,0.798688163845735
氠,氬,0.7843559461281688
氠,氝,0.7782139191657655
氠,氞,0.7770975907445206
氠,氜,0.7614761260276763
氠,氯,0.7405375185291099
