char1,char2,similarity
氥,氥,1.0
氥,氠,0.8415794811983088
氥,氫,0.8414045364161928
氥,氬,0.8332909173915223
氥,氭,0.7939035548049636
氥,氣,0.7852960690282157
氥,氝,0.7787952482648073
氥,氜,0.7768218307110321
氥,氮,0.7462414530093466
氥,氯,0.7386530600141803
