char1,char2,similarity
氨,氨,1.0
氨,氦,0.787963849243758
氨,氲,0.7836121168352356
氨,氢,0.7762037689479461
氨,氤,0.7704717590025163
氨,氟,0.7688223993369965
氨,氪,0.7597782248359322
氨,氞,0.7538292131437008
氨,氜,0.7473905019480716
氨,氡,0.7397472770625807
