char1,char2,similarity
氳,氳,1.0
氳,氱,0.8117804521134011
氳,凮,0.7257117768201697
氳,氭,0.7159192656803159
氳,氝,0.7153142725994299
氳,凧,0.7121029482300703
氳,賮,0.7098324617250565
氳,氰,0.7097336129192371
氳,羣,0.7097250762226249
氳,嘗,0.7078546194786817
