char1,char2,similarity
氭,氭,1.0
氭,氫,0.824776768450229
氭,氠,0.798688163845735
氭,氥,0.7939035548049636
氭,氬,0.7668583375112943
氭,氣,0.762148590240213
氭,氯,0.7475478815477148
氭,蕈,0.7350078826957998
氭,責,0.7347579789514972
氭,氱,0.7322043547904179
