char1,char2,similarity
氪,氪,1.0
氪,氟,0.8198619894390691
氪,氤,0.8148577556657285
氪,氡,0.8065076976213464
氪,氦,0.7989328389325052
氪,氢,0.7936516195952377
氪,氲,0.7911301235755938
氪,氞,0.780325406927635
氪,氜,0.7691279338658497
氪,氝,0.7654072294150135
