char1,char2,similarity
氯,氯,1.0
氯,氣,0.7899745769499721
氯,氫,0.7767652295275347
氯,氬,0.7685295714949097
氯,氮,0.7505787844105948
氯,氭,0.7475478815477148
氯,氠,0.7405375185291099
氯,氥,0.7386530600141803
氯,裏,0.7305591434645609
氯,熹,0.7300881092070194
