char1,char2,similarity
氱,氱,1.0
氱,氳,0.8117804521134011
氱,氝,0.7457601822143485
氱,凮,0.734889001578865
氱,氭,0.7322043547904179
氱,氞,0.7186699524487455
氱,氜,0.7159026383295882
氱,凬,0.7134990381428559
氱,氠,0.710097832061256
氱,氰,0.7090782319173825
