char1,char2,similarity
氲,氲,1.0
氲,氤,0.8010843825956205
氲,氟,0.7977368076781448
氲,氢,0.7971544527433487
氲,氪,0.7911301235755938
氲,氨,0.7836121168352356
氲,氞,0.7693811431159768
氲,氦,0.7629361285993967
氲,氡,0.7597161067703403
氲,氝,0.7589935127447898
