char1,char2,similarity
氷,氷,1.0
氷,水,0.8382459670933151
氷,尗,0.819575315301099
氷,氺,0.8171109790940383
氷,木,0.8115158130979528
氷,氶,0.7976240391589888
氷,丨,0.7909002662122635
氷,术,0.7888897515150883
氷,示,0.7869248833792563
氷,朩,0.7777632512273731
