char1,char2,similarity
氽,氽,1.0
氽,汆,0.8818077679287105
氽,汖,0.8023186113733216
氽,佘,0.7845042943264428
氽,尒,0.7747187508466487
氽,余,0.7733250419795151
氽,伞,0.7698808240582514
氽,亅,0.7564821549651614
氽,糸,0.7557312803950936
氽,丨,0.7539832201380096
