char1,char2,similarity
汅,汅,1.0
汅,汈,0.8116460459648899
汅,氵,0.8033166635359009
汅,汘,0.8010616277630996
汅,沰,0.7991858583729069
汅,円,0.7931490449187486
汅,厂,0.7879709653451036
汅,汙,0.7855958717343798
汅,汚,0.7844237519929562
汅,汗,0.7836761736544674
