char1,char2,similarity
汍,汍,1.0
汍,汣,0.7918342689691131
汍,氿,0.7909867319409611
汍,汏,0.7881963568705718
汍,汷,0.7786411145187102
汍,汫,0.774028170361361
汍,汄,0.772080359360985
汍,沇,0.7716178157094077
汍,汸,0.77036660764741
汍,泬,0.77030770200792
