char1,char2,similarity
汉,汉,1.0
汉,汊,0.8413265835895548
汉,仅,0.7977696809085257
汉,沅,0.7835799590115803
汉,沃,0.7824357585961247
汉,汲,0.7816053323494115
汉,汶,0.777935040273151
汉,沂,0.7724762855651474
汉,汣,0.7721812378001182
汉,況,0.7644913302652839
