char1,char2,similarity
汏,汏,1.0
汏,汄,0.8392620838528935
汏,汰,0.8292381346011374
汏,汱,0.8156684478282101
汏,沋,0.8080002126214194
汏,呔,0.7945424136877904
汏,沇,0.7929799336001556
汏,认,0.7927118534444598
汏,汣,0.7901136071877601
汏,汍,0.7881963568705718
