char1,char2,similarity
汋,汋,1.0
汋,汮,0.8902274036172142
汋,泃,0.8542747216098324
汋,沕,0.8392749704070093
汋,沟,0.8231435582179322
汋,泎,0.8004071383900903
汋,氵,0.7833910193572671
汋,沖,0.7807300991972802
汋,沵,0.7778288259774285
汋,沪,0.7735854516178177
