char1,char2,similarity
汌,汌,1.0
汌,洲,0.8115115391769109
汌,沖,0.8073452749936739
汌,圳,0.7784259359437193
汌,沞,0.773923701938062
汌,汼,0.7719025545512954
汌,氵,0.7686660011222517
汌,汨,0.7683581782099956
汌,泟,0.7673340279206865
汌,沺,0.7644718009785753
