char1,char2,similarity
汑,汑,1.0
汑,汘,0.793212247330298
汑,讬,0.789194510162609
汑,氾,0.7805930412367701
汑,氵,0.7773289159617622
汑,仛,0.7761965518023873
汑,兄,0.7706220513468499
汑,汓,0.7694473995320478
汑,玌,0.769016717172831
汑,汜,0.7588799836297007
