char1,char2,similarity
汎,汎,1.0
汎,氿,0.8007330261671473
汎,沢,0.7940304122484233
汎,汧,0.7903960449435666
汎,沜,0.7881371902040122
汎,忛,0.7870132680608082
汎,氾,0.7828962752766342
汎,汃,0.7791318649824637
汎,沂,0.7787541193681605
汎,沍,0.7742878331129258
