char1,char2,similarity
汘,汘,1.0
汘,汙,0.9034098729223091
汘,汗,0.8698613302341739
汘,汓,0.8641106492995299
汘,汿,0.8539512272175657
汘,仟,0.8223895847883906
汘,泙,0.8088624929311855
汘,斤,0.8028050079013211
汘,氵,0.8027487850422401
汘,泘,0.8010640570686144
