char1,char2,similarity
汛,汛,1.0
汛,讯,0.8372917738214615
汛,干,0.7796140531270304
汛,千,0.7776415458585267
汛,丅,0.7709588485342628
汛,汽,0.7682917736948506
汛,丨,0.765426126206957
汛,氶,0.762182893646754
汛,汉,0.7592829230753322
汛,沰,0.758462401562921
