char1,char2,similarity
汓,汓,1.0
汓,汙,0.9109796585877123
汓,汿,0.879798153746577
汓,汘,0.8641106492995299
汓,汗,0.8494127583849159
汓,讦,0.8104874910900961
汓,泘,0.804028006303776
汓,氵,0.7955291654485497
汓,泟,0.7902214717037842
汓,汧,0.7877844694964983
