char1,char2,similarity
汒,汒,1.0
汒,氵,0.8095382663623039
汒,汇,0.7983370237942656
汒,氾,0.7947785312803949
汒,沚,0.7914770331490419
汒,氿,0.7854278879800145
汒,辶,0.7817997404465064
汒,泟,0.780983892394068
汒,氻,0.7809334369524619
汒,卞,0.7709883101694608
