char1,char2,similarity
汢,汢,1.0
汢,汁,0.838685993283048
汢,江,0.813488409979509
汢,氵,0.8058762277833867
汢,让,0.7990410667146035
汢,什,0.7990251098304725
汢,计,0.7970282653561526
汢,汕,0.7917030074466282
汢,迁,0.7901336116008385
汢,圵,0.7895219897158715
