char1,char2,similarity
汝,汝,1.0
汝,汰,0.7601053022341432
汝,妀,0.7504265741432228
汝,氵,0.7480137934753326
汝,湌,0.7467117401457052
汝,浓,0.7449527762363676
汝,冫,0.7419910225287276
汝,汐,0.7417426407117852
汝,汁,0.7412925074214608
汝,汏,0.7408366589075247
