char1,char2,similarity
汤,汤,1.0
汤,沕,0.7455052803873907
汤,沰,0.7366960869074284
汤,饧,0.735019756622581
汤,汿,0.7331377726768201
汤,汅,0.7324005566774773
汤,汈,0.73138493419042
汤,玚,0.7305105034762055
汤,沅,0.7303718574636455
汤,尸,0.7281209426236651
