char1,char2,similarity
汥,汥,1.0
汥,洨,0.8119715916607476
汥,注,0.7890607869455103
汥,沒,0.7890221986014457
汥,沆,0.7724574482186064
汥,泋,0.7714394894128951
汥,沬,0.7699039489185623
汥,洸,0.7693475948404276
汥,沈,0.7691038717989298
汥,泣,0.7685430458440243
