char1,char2,similarity
汣,汣,1.0
汣,沇,0.7967653922912287
汣,汍,0.7918342689691131
汣,汷,0.7906104884300433
汣,汏,0.7901136071877601
汣,泆,0.7792120752309973
汣,汄,0.7771291803470498
汣,汶,0.7742484957148629
汣,汉,0.7721812378001182
汣,汃,0.7717493789668946
