char1,char2,similarity
汩,汩,1.0
汩,潤,0.7662889225872656
汩,泞,0.7584114455725192
汩,丆,0.7532575593439231
汩,氵,0.7515264418345868
汩,冫,0.7511040433636199
汩,洶,0.7503704076061763
汩,泲,0.7478223867508434
汩,洞,0.7474963884745823
汩,汨,0.7471614842363926
