char1,char2,similarity
汯,汯,1.0
汯,注,0.7397334818775252
汯,泫,0.7343450041554294
汯,泍,0.7330973197761034
汯,氵,0.7322006821265044
汯,涋,0.7319289774542946
汯,沴,0.7300038551814214
汯,炫,0.7297571876601445
汯,洼,0.7295820685910056
汯,沣,0.7287794888876288
