char1,char2,similarity
汪,汪,1.0
汪,江,0.8698765025319208
汪,忹,0.8126068574834996
汪,仼,0.8088983368409586
汪,汇,0.8015607019219867
汪,注,0.8003701033560897
汪,氵,0.7866782551593751
汪,任,0.7775629473171963
汪,泛,0.7752730632161022
汪,证,0.774952395023859
