char1,char2,similarity
汳,汳,1.0
汳,泝,0.7891113454106055
汳,洉,0.7835443543970276
汳,汲,0.7708339710111908
汳,汎,0.769428487449648
汳,沢,0.7692263516531975
汳,洰,0.7655832240263836
汳,泹,0.7601494874533163
汳,沍,0.758207291717361
汳,氾,0.7501710921918502
