char1,char2,similarity
汱,汱,1.0
汱,汏,0.8156684478282101
汱,沋,0.8136435261820332
汱,伏,0.8062466597383972
汱,认,0.7931519193867956
汱,沃,0.7868500817045281
汱,汄,0.7764362265776429
汱,沚,0.7684074727619242
汱,決,0.7671613532689086
汱,氵,0.7657836843206792
