char1,char2,similarity
汲,汲,1.0
汲,汉,0.7816053323494115
汲,汳,0.7708339710111908
汲,沂,0.7472500204122471
汲,沷,0.7432424022609884
汲,圾,0.7383750373840388
汲,沿,0.7380426178534659
汲,诐,0.7357739893607539
汲,伋,0.7347153322486342
汲,级,0.7343621295355289
