char1,char2,similarity
汶,汶,1.0
汶,伩,0.8236303723816039
汶,沆,0.8036000835045763
汶,议,0.784137236757549
汶,抆,0.782935056470598
汶,汊,0.7818567390509922
汶,汉,0.777935040273151
汶,汣,0.7742484957148629
汶,纹,0.7700329087519462
汶,汷,0.7636845152255349
