char1,char2,similarity
沃,沃,1.0
沃,仸,0.8264495127045975
沃,扷,0.8063283456552863
沃,沅,0.7920506170530363
沃,汱,0.7868500817045281
沃,汉,0.7824357585961247
沃,涜,0.7667542100637589
沃,況,0.7661846623727905
沃,认,0.7659288128594616
沃,乁,0.7647936272155587
