char1,char2,similarity
汾,汾,1.0
汾,份,0.7957702660898841
汾,洸,0.7628555525229332
汾,淓,0.7621608711082077
汾,汧,0.7618628961367981
汾,汛,0.750693678295135
汾,坋,0.7506319654163747
汾,氵,0.7505428382146212
汾,沧,0.7470216777252383
汾,洴,0.7434841619131121
