char1,char2,similarity
沂,沂,1.0
沂,伒,0.803539803084422
沂,沅,0.7878206609394799
沂,沪,0.783498913904287
沂,汎,0.7787541193681605
沂,洐,0.7761170961580793
沂,汉,0.7724762855651474
沂,浐,0.77103413627184
沂,诉,0.7690220920663415
沂,近,0.7624853905290215
