char1,char2,similarity
汿,汿,1.0
汿,汓,0.879798153746577
汿,汙,0.8737178041783791
汿,汘,0.8539512272175657
汿,汗,0.8151644113352866
汿,抒,0.7915115567253919
汿,泙,0.7913612281448372
汿,斤,0.7903847332676803
汿,泘,0.7832977884747588
汿,氵,0.778766438138424
