char1,char2,similarity
沁,沁,1.0
沁,氵,0.7772123672258667
沁,伈,0.756629051622652
沁,冫,0.7465122570279021
沁,氻,0.7421756954466852
沁,丶,0.74180721801872
沁,汅,0.7408661167289002
沁,洂,0.7407592929516319
沁,乙,0.7406805655399289
沁,渄,0.7392390806577293
