char1,char2,similarity
沉,沉,1.0
沉,伔,0.7990670227007991
沉,沆,0.7890439650110058
沉,沅,0.785186407690339
沉,坈,0.7830943331836063
沉,伉,0.7580423297062707
沉,汇,0.7567417006649915
沉,讥,0.7567333423575414
沉,況,0.7547044433757946
沉,丁,0.7520995556863156
