char1,char2,similarity
沌,沌,1.0
沌,沛,0.8082474098455413
沌,饨,0.7939231896913046
沌,注,0.7886616882107411
沌,沫,0.7796701946602759
沌,洼,0.7756327762603082
沌,沖,0.7750828966085093
沌,吨,0.7744292424455971
沌,伅,0.7731305668655324
沌,沣,0.7711074022413129
