char1,char2,similarity
沄,沄,1.0
沄,沑,0.8006712618092633
沄,抎,0.780876176527293
沄,呍,0.7807428747772566
沄,汈,0.780535578579811
沄,汿,0.7734462255859822
沄,眃,0.7716449778644494
沄,汅,0.7699589297339589
沄,示,0.7690024884221257
沄,汙,0.7685252762980708
