char1,char2,similarity
沍,沍,1.0
沍,洰,0.8101308635619512
沍,氾,0.8045915857816842
沍,汚,0.7880483316393865
沍,沑,0.7865544091760612
沍,泟,0.7851935655859636
沍,坘,0.7811466843014787
沍,汧,0.7803693666005976
沍,沮,0.780191993841073
沍,汎,0.7742878331129258
