char1,char2,similarity
沊,沊,1.0
沊,尪,0.7423074115740482
沊,奿,0.7369027505734622
沊,虵,0.7236609352436416
沊,旭,0.7193958229351789
沊,兙,0.714824178338011
沊,畑,0.7083616333615795
沊,卄,0.7074425831361192
沊,炪,0.7071199718085306
沊,尥,0.7068203134858605
