char1,char2,similarity
沏,沏,1.0
沏,肕,0.7549563985172348
沏,劢,0.7532013934684408
沏,舠,0.7520375280811734
沏,刼,0.7459914329189274
沏,助,0.7405401953390817
沏,沥,0.7363843616709342
沏,劲,0.7252226636826743
沏,旫,0.7245747826849762
沏,动,0.723786349975494
