char1,char2,similarity
沖,沖,1.0
沖,仲,0.8308891247282733
沖,沣,0.812768172508632
沖,汼,0.808807277994023
沖,汭,0.8086398530260552
沖,汌,0.8073452749936739
沖,汕,0.7946796210890325
沖,汋,0.7807300991972802
沖,泞,0.7793372028616526
沖,氵,0.7757129578660884
