char1,char2,similarity
沔,沔,1.0
沔,洦,0.7599379444982977
沔,严,0.7575495936295542
沔,泾,0.7534222429327069
沔,沼,0.7522689420818975
沔,冃,0.7513352057095679
沔,汈,0.7505678519763037
沔,戼,0.7448129368149805
沔,冂,0.7436202418011854
沔,泸,0.7412373282342798
