char1,char2,similarity
沒,沒,1.0
沒,汥,0.7890221986014457
沒,没,0.7722024066657136
沒,汷,0.7699406489112315
沒,泼,0.7676899844953362
沒,洨,0.761704005881699
沒,汍,0.7523826590021895
沒,汧,0.7495263293802521
沒,淊,0.7487500380113463
沒,汋,0.7474650881776546
