char1,char2,similarity
沎,沎,1.0
沎,沘,0.8072734746822519
沎,讹,0.8048149908173087
沎,沚,0.7961792745478631
沎,況,0.7761698574881621
沎,泩,0.7727586719127598
沎,洕,0.7698927964212241
沎,汼,0.7696481631600849
沎,汒,0.7639159178316384
沎,沋,0.7630197302786109
