char1,char2,similarity
沠,沠,1.0
沠,泒,0.8268376406551795
沠,汎,0.77056239642985
沠,汑,0.754255912836283
沠,汳,0.7474325085415799
沠,汇,0.744959321527648
沠,汏,0.7423196782968879
沠,氵,0.7418171428577239
沠,泤,0.739123212125905
沠,泿,0.7370570702844202
