char1,char2,similarity
沞,沞,1.0
沞,沺,0.810605056641426
沞,汘,0.7948818293600419
沞,泟,0.7879758133390876
沞,汙,0.7869430771673482
沞,汗,0.7837817850438504
沞,汈,0.7811400550802463
沞,汓,0.7804223237446395
沞,汿,0.77573816426981
沞,沶,0.7745334012819225
