char1,char2,similarity
沜,沜,1.0
沜,汚,0.7898405402231707
沜,汎,0.7881371902040122
沜,氵,0.7808388624739625
沜,沪,0.7766809055543978
沜,沚,0.7737146621320028
沜,汫,0.7665530405694612
沜,泔,0.7654690137829164
沜,汒,0.7630840223514244
沜,沿,0.7607711078839076
