char1,char2,similarity
没,没,1.0
没,伇,0.7870948711695182
没,设,0.7864988534997399
没,沒,0.7722024066657136
没,洨,0.7672894708112443
没,汎,0.7621144275657203
没,汷,0.7601282667550152
没,洩,0.752530678993403
没,叐,0.7505222027584548
没,沇,0.7502324106698676
