char1,char2,similarity
沝,沝,1.0
沝,卄,0.752694294946334
沝,沀,0.74026163501591
沝,祘,0.736196927834981
沝,秝,0.7309711542771709
沝,廿,0.7198569302672572
沝,栤,0.714363322033303
沝,昹,0.7119988384023003
沝,牡,0.7107725109333447
沝,丩,0.707752985785544
