char1,char2,similarity
沛,沛,1.0
沛,伂,0.8108877534292581
沛,沌,0.8082474098455413
沛,洼,0.7979246060629284
沛,泲,0.788064731605785
沛,洁,0.7876511629985307
沛,汁,0.7864301946739204
沛,沫,0.7858066673714309
沛,沣,0.7792768060010602
沛,伸,0.7756430612779449
