char1,char2,similarity
沘,沘,1.0
沘,沚,0.8084385809665253
沘,沎,0.8072734746822519
沘,汇,0.7873395603851637
沘,沋,0.7854652137416088
沘,況,0.770832026121019
沘,仳,0.7699002130050627
沘,氵,0.7659398170296403
沘,泜,0.7620597888635361
沘,汦,0.7590895062420214
