char1,char2,similarity
沦,沦,1.0
沦,论,0.7951498648367227
沦,沧,0.7935440491822133
沦,洽,0.7871898084390521
沦,伧,0.7757123472286052
沦,伦,0.756800166263083
沦,氵,0.7535483282302166
沦,丨,0.7504379445472215
沦,汁,0.7499084927575704
沦,沴,0.7491549129354025
