char1,char2,similarity
沤,沤,1.0
沤,伛,0.8010499219474682
沤,洰,0.7963150264347892
沤,洭,0.7954110430192182
沤,洍,0.7810156349696838
沤,汇,0.7740218895810206
沤,泄,0.7566054887528826
沤,洷,0.7548503197711309
沤,涯,0.7518181790844968
沤,沮,0.7487829962298177
