char1,char2,similarity
沨,沨,1.0
沨,洬,0.8144518815767327
沨,飒,0.8010683111339597
沨,讽,0.787379545530335
沨,浘,0.7749228726919147
沨,泦,0.7564803869503968
沨,況,0.7522677529445471
沨,汍,0.7515827975186393
沨,泿,0.7478769563894573
沨,泯,0.7470960341175619
