char1,char2,similarity
沥,沥,1.0
沥,坜,0.7636563554984738
沥,呖,0.748793801509761
沥,泺,0.7397056279286328
沥,沏,0.7363843616709342
沥,迂,0.72850786553647
沥,淀,0.7263008618786708
沥,沺,0.7258503421432377
沥,汌,0.725777768693748
沥,浞,0.724199788061632
