char1,char2,similarity
沫,沫,1.0
沫,沬,0.8330815661000057
沫,洙,0.8186669482073152
沫,洡,0.8100501919210081
沫,佅,0.8081253439377013
沫,淶,0.8041208412183923
沫,洣,0.790409635239472
沫,泲,0.7889727717362535
沫,沛,0.7858066673714309
沫,沣,0.7828904664222626
