char1,char2,similarity
沧,沧,1.0
沧,沦,0.7935440491822133
沧,论,0.7890456554053691
沧,怆,0.7799819387421961
沧,洽,0.7791382739157652
沧,沚,0.7716133479871402
沧,汒,0.7662829747709348
沧,伧,0.7656129991224151
沧,氵,0.7607011462616006
沧,汔,0.7598856171746247
