char1,char2,similarity
沢,沢,1.0
沢,汎,0.7940304122484233
沢,汄,0.7850831756248076
沢,汏,0.7824219739503631
沢,氾,0.782244255981337
沢,泝,0.7725292185247035
沢,泹,0.7723763036053987
沢,汳,0.7692263516531975
沢,呎,0.7688646387710196
沢,汌,0.7641284362476349
