char1,char2,similarity
河,河,1.0
河,何,0.7978516749506774
河,珂,0.7888544337440826
河,坷,0.7750610638988079
河,泭,0.7614114964719155
河,厂,0.7603822310081828
河,海,0.7592053156448026
河,污,0.7567175799187943
河,而,0.7529977813564237
河,习,0.7514046586291171
