char1,char2,similarity
沮,沮,1.0
沮,洰,0.8399422417617258
沮,泹,0.829234468210844
沮,伹,0.8031802741838989
沮,抯,0.7874620659121359
沮,迟,0.787274444953984
沮,氾,0.7864317923206834
沮,汇,0.7861793311131627
沮,沍,0.780191993841073
沮,汜,0.7758021738889409
