char1,char2,similarity
沲,沲,1.0
沲,泡,0.8006025010188241
沲,池,0.7525952189361245
沲,迩,0.7469788777862767
沲,涉,0.7392471697201048
沲,浄,0.7376455230536986
沲,淕,0.7327578962876736
沲,佨,0.7307163997217738
沲,海,0.7304221788224542
沲,涳,0.7297252823596516
