char1,char2,similarity
沰,沰,1.0
沰,汅,0.7991858583729069
沰,汈,0.7656534423025793
沰,汙,0.7649194531075592
沰,沼,0.7633814851665331
沰,佦,0.7609376261456184
沰,沑,0.7585932231763722
沰,汛,0.758462401562921
沰,汗,0.7541663367159716
沰,拓,0.7538904771242528
