char1,char2,similarity
沯,沯,1.0
沯,沓,0.8002870850070032
沯,泴,0.7583919626099376
沯,砻,0.7532962256694937
沯,音,0.7481613266165354
沯,畓,0.740585678865517
沯,宭,0.7370983324162655
沯,碧,0.7307944563484615
沯,莙,0.7255428576631449
沯,森,0.72308874158726
