char1,char2,similarity
沶,沶,1.0
沶,沵,0.7796236100382214
沶,沞,0.7745334012819225
沶,氵,0.7619519197659651
沶,污,0.7608650231735568
沶,汀,0.7601598980365248
沶,汌,0.754064607618033
沶,际,0.7526289081846639
沶,亓,0.7522537452249947
沶,活,0.7501273702450677
