char1,char2,similarity
沾,沾,1.0
沾,佔,0.8233575010698855
沾,泊,0.7841512125213539
沾,氵,0.7822706006957953
沾,沽,0.7791571707744819
沾,伯,0.7719055256887046
沾,治,0.7683460460798851
沾,注,0.7666062045206778
沾,油,0.7594057579721063
沾,沪,0.7580779906504824
