char1,char2,similarity
油,油,1.0
油,沽,0.7831454247130767
油,汢,0.7793227844873406
油,汕,0.774780708634093
油,沐,0.7681444083672654
油,伷,0.7617701293562023
油,泩,0.7607367857707132
油,仙,0.759731677196634
油,曲,0.7595028959193112
油,沾,0.7594057579721063
