char1,char2,similarity
沸,沸,1.0
沸,佛,0.8040061571469757
沸,怫,0.7827111504599694
沸,拂,0.7762434728123502
沸,涕,0.7628002157293411
沸,彿,0.7538975111350313
沸,坲,0.7361011656785844
沸,泖,0.7315639746772984
沸,洫,0.7302695634284424
沸,淟,0.7281309948205085
