char1,char2,similarity
沺,沺,1.0
沺,泂,0.8343169829417246
沺,沞,0.810605056641426
沺,泟,0.7878199677348315
沺,汨,0.7813133304581455
沺,泀,0.7800922067505606
沺,汦,0.7752350060408736
沺,涃,0.7712707487117484
沺,泿,0.7690495973203675
沺,汙,0.767381442971565
