char1,char2,similarity
沷,沷,1.0
沷,浝,0.7715590658069279
沷,冹,0.7673042571051657
沷,汥,0.7551385309247527
沷,泼,0.751983993031807
沷,浂,0.7503157447629574
沷,拔,0.7492730906141172
沷,汲,0.7432424022609884
沷,洴,0.742919695598376
沷,泿,0.7379386426112703
