char1,char2,similarity
泇,泇,1.0
泇,洳,0.738904116054282
泇,伽,0.7300060199970966
泇,漰,0.7267401581554664
泇,湴,0.7197769839895061
泇,浀,0.7189167741954072
泇,汭,0.7132981629764511
泇,泒,0.7131864676344462
泇,渆,0.7116735532637058
泇,洃,0.709870308892406
