char1,char2,similarity
泄,泄,1.0
泄,伳,0.8085941163737083
泄,汇,0.7872125816099818
泄,洰,0.7848966138149902
泄,泭,0.772608043302481
泄,池,0.7686561042529855
泄,沤,0.7566054887528826
泄,泹,0.7559134165203791
泄,沮,0.75543449579546
泄,卫,0.7527704934887386
