char1,char2,similarity
泉,泉,1.0
泉,隶,0.7894522037942063
泉,東,0.7796145319249441
泉,枭,0.7794982512715523
泉,宲,0.778988027205807
泉,淾,0.7735121275520289
泉,肃,0.7728217815547732
泉,帛,0.7650735107025181
泉,楽,0.7612649238478973
泉,臬,0.7610365600643891
