char1,char2,similarity
泅,泅,1.0
泅,涃,0.7956565994458762
泅,浻,0.7779060956666114
泅,洏,0.7687243452312016
泅,洇,0.7652331304766012
泅,洞,0.7646074899422786
泅,滔,0.7613711415637846
泅,涸,0.7575883271345286
泅,汹,0.7444369468923836
泅,汩,0.7441412479476084
