char1,char2,similarity
泈,泈,1.0
泈,佟,0.7951607795016469
泈,柊,0.7719823376308607
泈,咚,0.7655165404820012
泈,洺,0.758288996799129
泈,泩,0.7562196085636382
泈,氵,0.7541807896539628
泈,汻,0.7541542165026016
泈,终,0.7535081457850914
泈,洘,0.7521636343459069
