char1,char2,similarity
泀,泀,1.0
泀,泂,0.8383675465782859
泀,伺,0.8030539003663918
泀,泃,0.7833099807851208
泀,词,0.7831195180269582
泀,沺,0.7800922067505606
泀,洏,0.7751839329184328
泀,洹,0.7725281634842052
泀,润,0.7685133308495012
泀,洞,0.7683544946273766
