char1,char2,similarity
泏,泏,1.0
泏,汕,0.8116527884666983
泏,沣,0.7775284920751557
泏,沖,0.7685154878629489
泏,沛,0.7675085462995425
泏,泩,0.7646044797300466
泏,泲,0.7634664833484756
泏,泞,0.760869525751867
泏,沺,0.760444933041853
泏,汇,0.7596260829761176
