char1,char2,similarity
泊,泊,1.0
泊,沽,0.7948492165880919
泊,沾,0.7841512125213539
泊,沪,0.7690857667740841
泊,洁,0.7625840489169897
泊,治,0.7620807045863675
泊,伯,0.7588491904436486
泊,汌,0.7565386321333027
泊,柏,0.7554219244062187
泊,油,0.7550708031002543
