char1,char2,similarity
泍,泍,1.0
泍,沐,0.8385287456258967
泍,汴,0.7792583882896345
泍,呠,0.7731353299231146
泍,沽,0.7713083895933851
泍,沣,0.7700518852191267
泍,汁,0.7626823905184081
泍,沖,0.7609932534826381
泍,汼,0.7585168487961623
泍,淖,0.7565513967642673
