char1,char2,similarity
泌,泌,1.0
泌,佖,0.7450329303654825
泌,泓,0.720545150302309
泌,澠,0.7194591493203807
泌,洄,0.7192167570424135
泌,怭,0.7188415947596772
泌,溡,0.7187568682543644
泌,涚,0.7183488013313566
泌,沁,0.7176220469880317
泌,汔,0.716424143222864
