char1,char2,similarity
泋,泋,1.0
泋,沪,0.7734042710038758
泋,沫,0.7718478648500654
泋,汥,0.7714394894128951
泋,泬,0.7695899032923244
泋,沆,0.7674258823537938
泋,洔,0.7667457950178028
泋,沣,0.7637094189305652
泋,浹,0.7629361715807613
泋,注,0.7607523137190012
