char1,char2,similarity
泐,泐,1.0
泐,湔,0.7350279916775309
泐,测,0.7297625446980006
泐,劬,0.7272556820824185
泐,满,0.7265745636659209
泐,洄,0.7228173760704087
泐,涧,0.7191518704187382
泐,勐,0.7188781784869045
泐,肳,0.7148509261345549
泐,渤,0.7146729786793083
