char1,char2,similarity
泓,泓,1.0
泓,洒,0.7239742004905834
泓,泌,0.720545150302309
泓,泾,0.7193372950729391
泓,洫,0.7179500802474326
泓,滥,0.7175440465134905
泓,泗,0.716388693721657
泓,厂,0.7160843443106375
泓,汛,0.7155756522378958
泓,汝,0.7115636192493054
