char1,char2,similarity
泒,泒,1.0
泒,沠,0.8268376406551795
泒,呱,0.8050027817937973
泒,洉,0.7551249600563267
泒,汦,0.7481293040691535
泒,泤,0.7471846824657787
泒,汇,0.7452783392792277
泒,泝,0.7451288438722675
泒,泂,0.7394062453434602
泒,汎,0.7391149372015439
