char1,char2,similarity
泑,泑,1.0
泑,眑,0.7816694953460301
泑,怮,0.7710908768351321
泑,狕,0.7595363569432814
泑,泃,0.7554733531548994
泑,拗,0.7440915762446937
泑,洶,0.7440855165724274
泑,泀,0.7427967541962298
泑,泂,0.7378177187051388
泑,坳,0.7349810964853495
