char1,char2,similarity
泗,泗,1.0
泗,洒,0.8101085760969211
泗,洄,0.780197728066881
泗,泖,0.7601012101058154
泗,润,0.7564282072751835
泗,洞,0.7545811593545344
泗,洏,0.7450352754530986
泗,泅,0.7440607479432358
泗,灛,0.7348473785382869
泗,濶,0.7338413142698409
