char1,char2,similarity
泘,泘,1.0
泘,泙,0.8414727255048645
泘,汗,0.8200928548410058
泘,汙,0.8148866373030325
泘,汓,0.804028006303776
泘,汘,0.8010640570686144
泘,浖,0.7991711894634969
泘,泞,0.7970646321717626
泘,汿,0.7832977884747588
泘,汻,0.7814961296187881
