char1,char2,similarity
法,法,1.0
法,佉,0.8156895439254912
法,珐,0.7753379437168528
法,泣,0.7735408493636458
法,伕,0.7708346257541052
法,注,0.7699112893491216
法,泆,0.7680044606652584
法,汪,0.7647944782734055
法,沫,0.7605501036097069
法,汥,0.7571303386811473
