char1,char2,similarity
泞,泞,1.0
泞,泘,0.7970646321717626
泞,佇,0.7937987692921814
泞,汻,0.7895376213329904
泞,泲,0.78854215416916
泞,浄,0.78516631839602
泞,浶,0.7837770457043693
泞,沱,0.782159017938694
泞,沪,0.7817707667826246
泞,氵,0.7794908405274005
