char1,char2,similarity
泣,泣,1.0
泣,位,0.7920684188823962
泣,沆,0.7899455077366955
泣,汢,0.7848603891229634
泣,法,0.7735408493636458
泣,泬,0.7704682780978885
泣,汥,0.7685430458440243
泣,氵,0.764224971430784
泣,汶,0.763075160516196
泣,洨,0.7595134588072359
