char1,char2,similarity
泠,泠,1.0
泠,淪,0.7851402437831843
泠,冷,0.781883261659185
泠,沴,0.7770131995939822
泠,浍,0.7743067988709329
泠,伶,0.7607827347387744
泠,洽,0.7525234683175568
泠,汻,0.7515469067999312
泠,氵,0.7505859415158431
泠,怜,0.750068469448149
