char1,char2,similarity
波,波,1.0
波,彼,0.7721674060023591
波,忮,0.7643891020555053
波,吱,0.7641037057476616
波,枝,0.7515209078718167
波,汥,0.7502205723324146
波,技,0.7397105400857813
波,浹,0.7387314943405843
波,铰,0.7356187576063807
波,泼,0.7314597937471473
