char1,char2,similarity
泫,泫,1.0
泫,洁,0.760295511037679
泫,浃,0.7580533658543414
泫,洎,0.7455139189358237
泫,涫,0.7431808412972659
泫,涪,0.7418206750200415
泫,洃,0.7395119319703548
泫,浹,0.7394767169077321
泫,泊,0.7373435032416151
泫,庅,0.7371074815309056
