char1,char2,similarity
泱,泱,1.0
泱,浃,0.8501394421879132
泱,決,0.8145965054506709
泱,浹,0.7861179420327457
泱,涋,0.7771424126340574
泱,浊,0.774516498354861
泱,俠,0.7735128934803451
泱,块,0.7682348318014632
泱,侠,0.7671927051592381
泱,佒,0.7626363901706009
