char1,char2,similarity
泮,泮,1.0
泮,汁,0.832339999468951
泮,冸,0.7907118040852688
泮,伴,0.7877523056023757
泮,计,0.7733306915365341
泮,涉,0.7723886739789234
泮,沣,0.7695317941183557
泮,汢,0.7556776267734269
泮,怑,0.7518314200607961
泮,沛,0.7512178588151146
