char1,char2,similarity
泩,泩,1.0
泩,汼,0.8456855848546933
泩,性,0.7921791223752573
泩,泟,0.7870040843713034
泩,淽,0.7859086468049986
泩,汇,0.7813123238167364
泩,注,0.7801401777433176
泩,栍,0.7799705334069251
泩,洤,0.7765377497753212
泩,徃,0.7758638790509531
