char1,char2,similarity
注,注,1.0
注,住,0.8290958552017111
注,汪,0.8003701033560897
注,江,0.79288573333213
注,決,0.790083824903106
注,汥,0.7890607869455103
注,沌,0.7886616882107411
注,汴,0.7808287777388148
注,泩,0.7801401777433176
注,氵,0.7787703173196654
