char1,char2,similarity
泳,泳,1.0
泳,泺,0.7633407250751495
泳,沭,0.752254802181004
泳,沐,0.7493773359343344
泳,汁,0.7429717278084819
泳,沣,0.7356396244538402
泳,涉,0.7346006625523296
泳,沖,0.7312071797276568
泳,汗,0.7289560099415029
泳,咏,0.7285176258357962
