char1,char2,similarity
泶,泶,1.0
泶,栄,0.7832692307861554
泶,汞,0.7792782836314038
泶,荥,0.7769894881770366
泶,呆,0.7534283776337842
泶,汖,0.7501925415267491
泶,太,0.7475809729652235
泶,氽,0.7386864222071673
泶,汬,0.7329627229892294
泶,汆,0.729255385778055
