char1,char2,similarity
泵,泵,1.0
泵,栗,0.7467643795148272
泵,果,0.7464765259253275
泵,乭,0.7431163632824751
泵,乗,0.7417271210715272
泵,泉,0.7396374837538592
泵,余,0.7360080673229573
泵,兲,0.7341666735083295
泵,琹,0.7341605062219891
泵,录,0.7308334200824778
