char1,char2,similarity
泷,泷,1.0
泷,沐,0.738278023221072
泷,沭,0.7317307514590635
泷,泥,0.7306640415952527
泷,汝,0.7273175957984656
泷,池,0.7264145742244162
泷,浝,0.725222116603239
泷,湋,0.7216906002946178
泷,氿,0.7207533215043402
泷,沽,0.7204244844685594
