char1,char2,similarity
泹,泹,1.0
泹,沮,0.829234468210844
泹,洰,0.8228132578858927
泹,泟,0.8096431148730385
泹,浢,0.8061538033442376
泹,浧,0.8044190495786776
泹,氾,0.8040053060639241
泹,洍,0.7896328380515888
泹,洷,0.7878551420381963
泹,浬,0.7824708421634297
