char1,char2,similarity
泲,泲,1.0
泲,洡,0.7934913089550443
泲,沫,0.7889727717362535
泲,泞,0.78854215416916
泲,沛,0.788064731605785
泲,淶,0.7754574343870011
泲,泏,0.7634664833484756
泲,浨,0.7609489829548202
泲,浄,0.7604697581862422
泲,洓,0.758278731541724
