char1,char2,similarity
泼,泼,1.0
泼,沒,0.7676899844953362
泼,沷,0.751983993031807
泼,没,0.7345271704871762
泼,汥,0.7327311641123581
泼,波,0.7314597937471473
泼,汒,0.7272191252368461
泼,泍,0.7267319743275915
泼,汸,0.7264362384889911
泼,汳,0.7232729594485398
