char1,char2,similarity
泾,泾,1.0
泾,洷,0.7692148984741662
泾,弪,0.7684868618095562
泾,泽,0.7672937096022269
泾,烃,0.7591970275869769
泾,涳,0.7573658580178089
泾,洍,0.7535790782435768
泾,沔,0.7534222429327069
泾,涵,0.7514896641751864
泾,汪,0.7499415785708647
