char1,char2,similarity
泿,泿,1.0
泿,珢,0.8047864392420045
泿,況,0.7838927731955435
泿,汜,0.7811795562601069
泿,洰,0.7765856525256608
泿,拫,0.7695883840734896
泿,沺,0.7690495973203675
泿,佷,0.7631263371830719
泿,泟,0.7614425579580884
泿,氾,0.7589913688866713
