char1,char2,similarity
洁,洁,1.0
洁,佶,0.8345439559805692
洁,浩,0.7932328321492633
洁,沽,0.7919105308840483
洁,沛,0.7876511629985307
洁,洎,0.7714432528373834
洁,涪,0.7647126381669888
洁,泊,0.7625840489169897
洁,洼,0.761275513597537
洁,泫,0.760295511037679
