char1,char2,similarity
泽,泽,1.0
泽,泾,0.7672937096022269
泽,译,0.7645324053727096
泽,淖,0.7617248741754388
泽,择,0.7591114234845608
泽,浑,0.7544813154943686
泽,洚,0.7517295212326395
泽,滓,0.7511988226605604
泽,怿,0.747755442570254
泽,汿,0.744585815804694
