char1,char2,similarity
洀,洀,1.0
洀,沪,0.7779740700613198
洀,珘,0.7769153873369002
洀,渏,0.7746754906327571
洀,浖,0.7743773851982437
洀,烐,0.7629520377043489
洀,淔,0.7614295856434616
洀,洊,0.76067337441508
洀,泙,0.7595684130174096
洀,沜,0.7575295805496147
