char1,char2,similarity
洎,洎,1.0
洎,洁,0.7714432528373834
洎,沛,0.765945779973579
洎,涪,0.7647434421448527
洎,涫,0.7576266555891611
洎,浩,0.7522917263285375
洎,湭,0.7510543737085199
洎,汨,0.7472317471833421
洎,渵,0.747078607799339
洎,泫,0.7455139189358237
