char1,char2,similarity
洍,洍,1.0
洍,洰,0.8504123434437364
洍,洭,0.8302409649388559
洍,泹,0.7896328380515888
洍,洦,0.7811416215312601
洍,沤,0.7810156349696838
洍,洷,0.7764090594067803
洍,洏,0.7759808302645798
洍,泟,0.771575471163111
洍,涃,0.7590449927913239
