char1,char2,similarity
洇,洇,1.0
洇,涸,0.844068752644636
洇,洄,0.7952485403824544
洇,湎,0.7801596052015927
洇,泅,0.7652331304766012
洇,洒,0.7508705167873211
洇,凅,0.7494261832267929
洇,滔,0.7477645612631205
洇,汹,0.7464591576913407
洇,囬,0.7463477257611305
