char1,char2,similarity
洌,洌,1.0
洌,浏,0.7686158989132422
洌,剅,0.7415175022456499
洌,例,0.739826934325177
洌,测,0.735858780124685
洌,涧,0.7342505894242193
洌,浰,0.7333687887468967
洌,渕,0.731199038326506
洌,剜,0.7280360926330247
洌,淘,0.7213499844850051
