char1,char2,similarity
洊,洊,1.0
洊,洐,0.7791000349337217
洊,渀,0.7746361932564138
洊,拵,0.7615375372558448
洊,洀,0.76067337441508
洊,浳,0.7578946259743454
洊,洿,0.7533754740016623
洊,洔,0.7498851417414683
洊,浾,0.7481010345640621
洊,珔,0.7471990595040826
