char1,char2,similarity
洐,洐,1.0
洐,洊,0.7791000349337217
洐,沂,0.7761170961580793
洐,沿,0.7718743506002582
洐,哘,0.7705908644252325
洐,汅,0.757874839165542
洐,汒,0.7550032787666348
洐,浴,0.7530524419016311
洐,氵,0.752719750206205
洐,泹,0.7495615683187142
