char1,char2,similarity
洗,洗,1.0
洗,诜,0.7788406442751187
洗,洙,0.7727901041127077
洗,沆,0.7686535755787266
洗,侁,0.7623404224988988
洗,況,0.7614872345810001
洗,沫,0.7599406650358392
洗,沈,0.7591699700373877
洗,浩,0.7551241120985382
洗,洸,0.7544761119627116
