char1,char2,similarity
洔,洔,1.0
洔,侍,0.8172447851887611
洔,持,0.8043129052859148
洔,浾,0.7933075432709915
洔,恃,0.7824342678978852
洔,待,0.7788178460521324
洔,渋,0.7696345627171571
洔,泋,0.7667457950178028
洔,涉,0.7645937649000908
洔,洽,0.7635505705458262
