char1,char2,similarity
洕,洕,1.0
洕,佾,0.7809379211556583
洕,沎,0.7698927964212241
洕,洑,0.7579817263271537
洕,洐,0.7480152987770721
洕,沜,0.747497577858256
洕,洿,0.7462406052676478
洕,沿,0.7449607991009896
洕,泭,0.7434007561647468
洕,汻,0.7428227614345277
