char1,char2,similarity
洙,洙,1.0
洙,沫,0.8186669482073152
洙,洗,0.7727901041127077
洙,侏,0.7725643667758284
洙,浗,0.7656198988782963
洙,佅,0.7573982289332777
洙,沬,0.7548842697554687
洙,浊,0.7448170837372537
洙,浩,0.744675209157843
洙,诛,0.7425812775526747
