char1,char2,similarity
洑,洑,1.0
洑,洕,0.7579817263271537
洑,沘,0.751864015588757
洑,沎,0.7481258583575109
洑,沚,0.7475059505327261
洑,浌,0.747400255285967
洑,沮,0.745075815194406
洑,洰,0.7438748911856389
洑,洢,0.7433990141367381
洑,泿,0.7432341563255079
