char1,char2,similarity
洡,洡,1.0
洡,浨,0.8192409541055387
洡,沫,0.8100501919210081
洡,泲,0.7934913089550443
洡,洓,0.7913018519808644
洡,洣,0.7826457543871991
洡,涼,0.78065880031105
洡,沬,0.7777465548814442
洡,诔,0.7755340364972063
洡,淶,0.7726736345830779
