char1,char2,similarity
洝,洝,1.0
洝,涋,0.7956553629752464
洝,浤,0.7815900611550117
洝,浶,0.7791855616277858
洝,侒,0.7650786286614248
洝,洨,0.7641378095064897
洝,按,0.764094410557613
洝,泞,0.7618457727563033
洝,汥,0.7617190190126921
洝,渂,0.7604550640442448
