char1,char2,similarity
洟,洟,1.0
洟,侇,0.8093752647086481
洟,洸,0.7767357124472247
洟,湅,0.7687088916889852
洟,湵,0.7631793018053729
洟,恞,0.759800003345264
洟,洖,0.7587899942320736
洟,洓,0.7567531631982803
洟,淔,0.7561191546042617
洟,咦,0.7543604573184634
