char1,char2,similarity
洣,洣,1.0
洣,侎,0.829877637854815
洣,沬,0.7963985122633163
洣,沫,0.790409635239472
洣,咪,0.7894714984109411
洣,洸,0.7854690931337328
洣,洡,0.7826457543871991
洣,淶,0.7743776611958301
洣,伴,0.7691731950920259
洣,沛,0.7656931210882469
