char1,char2,similarity
洢,洢,1.0
洢,浌,0.7817887081270481
洢,洍,0.7543684911917787
洢,洰,0.7533575629745923
洢,沺,0.7468648434332624
洢,洑,0.7433990141367381
洢,涖,0.7428666655634665
洢,汨,0.7409714629536264
洢,泘,0.7386640691391312
洢,泙,0.7379185483629717
