char1,char2,similarity
洤,洤,1.0
洤,恮,0.8388096692485512
洤,浛,0.83096433869073
洤,洷,0.8227648753185984
洤,拴,0.7938614949343544
洤,佺,0.7921479748981477
洤,洽,0.7810928556910961
洤,泩,0.7765377497753212
洤,诠,0.7691830411169583
洤,惍,0.7683427879739165
