char1,char2,similarity
洪,洪,1.0
洪,供,0.775874081283857
洪,淟,0.7546068227317207
洪,讲,0.7449052205838286
洪,垬,0.7393505310812318
洪,湈,0.7321672311715745
洪,沉,0.7308127440785372
洪,汝,0.7283397129789356
洪,讥,0.7264823794782447
洪,烘,0.7261514524912058
