char1,char2,similarity
洭,洭,1.0
洭,洍,0.8302409649388559
洭,沤,0.7954110430192182
洭,洰,0.7928167174470564
洭,泹,0.7783326525667887
洭,洷,0.7745303919701277
洭,浘,0.7683029638937534
洭,浧,0.7668888204939449
洭,浢,0.7666378498049045
洭,泀,0.7659690750426139
