char1,char2,similarity
洧,洧,1.0
洧,渮,0.7640822496608475
洧,侑,0.762447148137181
洧,溚,0.7614391920171782
洧,渚,0.7590845410218402
洧,洘,0.75516317187063
洧,洊,0.7458101193775244
洧,湆,0.7455802367621551
洧,涫,0.7393094720073832
洧,洀,0.7390046654415228
