char1,char2,similarity
洴,洴,1.0
洴,浂,0.8129135368152577
洴,汫,0.8032137076244567
洴,恲,0.7870018348865551
洴,拼,0.784282438040824
洴,姘,0.7830417851521375
洴,垪,0.781913318200028
洴,讲,0.7694413519246003
洴,汧,0.7668829445318391
洴,饼,0.7565376157334857
