char1,char2,similarity
洰,洰,1.0
洰,洍,0.8504123434437364
洰,沮,0.8399422417617258
洰,泹,0.8228132578858927
洰,沍,0.8101308635619512
洰,汇,0.8023715322240662
洰,沤,0.7963150264347892
洰,洭,0.7928167174470564
洰,洦,0.7927695554917216
洰,泟,0.790744201696655
