char1,char2,similarity
洯,洯,1.0
洯,栔,0.7790083968578654
洯,契,0.7509168459646344
洯,滎,0.7483647940381705
洯,湬,0.7334341619099695
洯,泉,0.7320690648447223
洯,泰,0.7314462071188905
洯,澩,0.7287078950708519
洯,汬,0.7279719222959184
洯,条,0.7271278468240837
