char1,char2,similarity
洲,洲,1.0
洲,汌,0.8115115391769109
洲,汕,0.7554117744732793
洲,圳,0.7495584735204677
洲,佣,0.7397813056274084
洲,泪,0.7364491601184161
洲,泏,0.7362719851316489
洲,池,0.7347866310749552
洲,汁,0.7340417382251665
洲,沛,0.7330711390206838
