char1,char2,similarity
洵,洵,1.0
洵,询,0.8296220021225077
洵,珣,0.7649088001914819
洵,徇,0.755886823860599
洵,泃,0.75333442469315
洵,恂,0.751675980173682
洵,玽,0.7449369695779118
洵,汩,0.7394961051816973
洵,浰,0.7371346540328576
洵,坸,0.7366780809567977
