char1,char2,similarity
流,流,1.0
流,溛,0.7475930647896156
流,浐,0.7450972772720279
流,涜,0.7450086755538852
流,淔,0.7395926607134834
流,湶,0.7386845044734779
流,濇,0.7383265034898544
流,淀,0.7367313637387514
流,濟,0.735442562464472
流,湆,0.735408485440646
