char1,char2,similarity
洽,洽,1.0
洽,冾,0.8274223989624814
洽,治,0.7956808827623705
洽,佁,0.7942043240599364
洽,佮,0.7912851351384913
洽,沦,0.7871898084390521
洽,洤,0.7810928556910961
洽,沴,0.779834521784495
洽,沧,0.7791382739157652
洽,浛,0.7763661589450389
