char1,char2,similarity
派,派,1.0
派,浱,0.7620904833672032
派,湹,0.7470057720739502
派,涯,0.7445877885956762
派,淈,0.7428078245376859
派,洭,0.7369794673220048
派,洬,0.7322872463583127
派,洞,0.7316526371120955
派,沨,0.7216957233282538
派,泯,0.7211180553056935
