char1,char2,similarity
洿,洿,1.0
洿,侉,0.8387420701608813
洿,渏,0.7998403515003757
洿,涄,0.7995269007636179
洿,垮,0.7984810822692237
洿,恗,0.7851676649240626
洿,挎,0.7816931655431011
洿,洔,0.7628595969021924
洿,汵,0.7627305063193315
洿,沧,0.7594188323640344
