char1,char2,similarity
浀,浀,1.0
浀,泚,0.7636433112302212
浀,淵,0.7621081940106473
浀,泂,0.7604098817951065
浀,洏,0.742195886899635
浀,洂,0.7404313890827328
浀,浂,0.7395846489464423
浀,油,0.7355737506247023
浀,洴,0.7354644067505087
浀,沾,0.7348033592384747
