char1,char2,similarity
洸,洸,1.0
洸,珖,0.8033934258839651
洸,咣,0.7955940476705154
洸,洣,0.7854690931337328
洸,況,0.7835332023744326
洸,涜,0.7831209605451965
洸,沈,0.7790217077048958
洸,洟,0.7767357124472247
洸,恍,0.7745622163432183
洸,沇,0.773588539153075
