char1,char2,similarity
浇,浇,1.0
浇,侥,0.7969730738922831
浇,洮,0.75111155736218
浇,浣,0.7433226449920527
浇,绕,0.7419926860700987
浇,涗,0.7384518976810327
浇,淺,0.7314316538476785
浇,淠,0.7277337531641415
浇,涴,0.7259212086666984
浇,渷,0.7216386620886633
