char1,char2,similarity
浉,浉,1.0
浉,溮,0.8044028332793831
浉,润,0.7519370820615419
浉,狮,0.7496346222486513
浉,滼,0.7449920897413982
浉,渰,0.7398592025961673
浉,濶,0.7365125225271284
浉,涸,0.7360676485379377
浉,灁,0.7333121752158172
浉,瀾,0.7316358541346402
