char1,char2,similarity
测,测,1.0
测,侧,0.9095870264476305
测,洌,0.735858780124685
测,浰,0.7353180605686308
测,剝,0.731522557652486
测,泐,0.7297625446980006
测,捌,0.7261688785185438
测,渊,0.7254254014223066
测,剩,0.7251268674621382
测,渕,0.7241485009469589
