char1,char2,similarity
浆,浆,1.0
浆,桨,0.8229445052764217
浆,奖,0.7584467771823408
浆,栥,0.7388174157837126
浆,楽,0.732832935473629
浆,泉,0.7287344395425644
浆,某,0.7201973049667934
浆,臬,0.7113966883442062
浆,柬,0.7102029718993551
浆,棨,0.7099328440431982
