char1,char2,similarity
浃,浃,1.0
浃,泱,0.8501394421879132
浃,侠,0.8089840232221449
浃,浹,0.7950950248819751
浃,決,0.7793095471900664
浃,涋,0.7734577209545646
浃,俠,0.7716523522669877
浃,泫,0.7580533658543414
浃,湥,0.7566310627442407
浃,渋,0.7511018733147488
