char1,char2,similarity
浐,浐,1.0
浐,涥,0.7925797233890837
浐,渏,0.7895862944439327
浐,氵,0.787549824089372
浐,淿,0.7746614974868637
浐,沂,0.77103413627184
浐,涷,0.7700782795375689
浐,涜,0.7689181551553769
浐,涄,0.7687083078167778
浐,済,0.7683237295479939
