char1,char2,similarity
浓,浓,1.0
浓,侬,0.786524103669961
浓,涑,0.7567340690296713
浓,汝,0.7449527762363676
浓,漃,0.734205276497698
浓,湅,0.7298120996086562
浓,泫,0.7283556664548665
浓,沽,0.7283488505293996
浓,沙,0.726377511547428
浓,洃,0.7262812513839265
