char1,char2,similarity
浒,浒,1.0
浒,浺,0.7449124708459308
浒,济,0.7264293697540185
浒,涑,0.7231987560257818
浒,涔,0.7193045086452153
浒,浾,0.718791996629456
浒,泫,0.7174360518612269
浒,浃,0.7129668848005004
浒,丶,0.7110002301887761
浒,湳,0.7102953985347282
