char1,char2,similarity
浕,浕,1.0
浕,洖,0.7647882365230485
浕,泹,0.7624571282697268
浕,烬,0.7624160825294822
浕,泙,0.7578583696563161
浕,洰,0.75681473890097
浕,泯,0.746558080365825
浕,泝,0.7447758921507103
浕,洦,0.7423740471229668
浕,浘,0.7421510647945041
