char1,char2,similarity
浌,浌,1.0
浌,洢,0.7817887081270481
浌,泧,0.767624243806112
浌,泜,0.7627702913868065
浌,洰,0.7567027588119061
浌,洑,0.747400255285967
浌,泿,0.7462239257526144
浌,沺,0.7454308134263982
浌,戝,0.7443277366691976
浌,涖,0.742692264681035
