char1,char2,similarity
浏,浏,1.0
浏,洌,0.7686158989132422
浏,渕,0.7582383513738404
浏,淘,0.7428297234385091
浏,涧,0.7403722160542489
浏,刯,0.732810832142059
浏,湖,0.7297594657959686
浏,涮,0.7219935934352043
浏,刞,0.7174803407806792
浏,剄,0.7167730351724804
