char1,char2,similarity
浑,浑,1.0
浑,挥,0.7897684748923087
浑,涬,0.7794023769364072
浑,滓,0.7685445471371075
浑,诨,0.7619053341011719
浑,恽,0.761332898890482
浑,泻,0.7605022306241017
浑,淖,0.7571237985203149
浑,汚,0.7565835963981348
浑,泽,0.7544813154943686
