char1,char2,similarity
浖,浖,1.0
浖,埒,0.815625410181773
浖,泙,0.8072588005086886
浖,泘,0.7991711894634969
浖,浽,0.7852665649395975
浖,捋,0.7827604729223671
浖,洀,0.7743773851982437
浖,锊,0.7666639961812258
浖,汗,0.7596159204981604
浖,汻,0.7588414792213564
