char1,char2,similarity
浞,浞,1.0
浞,促,0.761887619274725
浞,泹,0.7556502863430501
浞,沢,0.7547433992606916
浞,淀,0.7487868982398097
浞,捉,0.7484881754483952
浞,浜,0.7419824518241539
浞,泥,0.7409526384587052
浞,氾,0.7386278836649847
浞,湜,0.7369121036846858
