char1,char2,similarity
浛,浛,1.0
浛,洤,0.83096433869073
浛,涻,0.8097175553043079
浛,洽,0.7763661589450389
浛,治,0.7715280898785719
浛,倽,0.7519577154774287
浛,泬,0.7474243786505657
浛,淰,0.7465585391599209
浛,淊,0.7444921503788903
浛,汒,0.7443702635018896
