char1,char2,similarity
浗,浗,1.0
浗,俅,0.7910743001014138
浗,沫,0.7785686595248568
浗,洙,0.7656198988782963
浗,泤,0.764568678071306
浗,洣,0.7593066886567252
浗,注,0.7561368142886141
浗,沬,0.754335406206302
浗,浊,0.7532531188018532
浗,沭,0.7522348574229557
