char1,char2,similarity
浚,浚,1.0
浚,淩,0.7647221826925997
浚,洨,0.7620297683154014
浚,俊,0.758640417547992
浚,沒,0.7438576956432702
浚,汐,0.7411062970022698
浚,涭,0.7359580889023469
浚,汥,0.7345994449219336
浚,涘,0.7341479739033714
浚,洃,0.7292698198683607
