char1,char2,similarity
浜,浜,1.0
浜,浞,0.7419824518241539
浜,浿,0.7400420291680367
浜,湨,0.7357437893064595
浜,汊,0.7247908187591028
浜,诟,0.7246008927565077
浜,滉,0.7218942929975164
浜,沢,0.7213223176412511
浜,淏,0.7152256496296506
浜,女,0.7149151995631975
