char1,char2,similarity
浟,浟,1.0
浟,敚,0.7443607416761759
浟,滧,0.7330752331362599
浟,漵,0.7291026970179191
浟,滶,0.7281381679057874
浟,漖,0.725261963879676
浟,敟,0.7246389998872175
浟,敄,0.7231791139766987
浟,漚,0.7224273485401738
浟,洫,0.7203699786510249
