char1,char2,similarity
浙,浙,1.0
浙,淅,0.7676707608723279
浙,洲,0.7315423420197386
浙,汁,0.7294648926507943
浙,洹,0.7293331159095743
浙,汕,0.7282281881381292
浙,池,0.7265902608825991
浙,沮,0.7265116936458391
浙,渔,0.7189197089508043
浙,泄,0.7186432450787549
