char1,char2,similarity
浩,浩,1.0
浩,诰,0.8026042343175295
浩,洁,0.7932328321492633
浩,汥,0.7661428813384454
浩,沽,0.7597707538222863
浩,渻,0.7557035568763207
浩,洗,0.7551241120985382
浩,涪,0.7538191312700109
浩,洼,0.7537317397033532
浩,洎,0.7522917263285375
