char1,char2,similarity
浡,浡,1.0
浡,悖,0.8313079942046424
浡,浶,0.7995132046576663
浡,饽,0.7957660392487851
浡,渒,0.7910666313099791
浡,浄,0.7863593499633609
浡,侼,0.7842713152411641
浡,涍,0.7766887131513464
浡,桲,0.7765026384661424
浡,洠,0.7729178822381071
