char1,char2,similarity
浦,浦,1.0
浦,湳,0.8095819710405179
浦,消,0.794753385661276
浦,埔,0.7656958930056613
浦,滍,0.7544492863460046
浦,淕,0.7513890528541575
浦,悑,0.7499759995385421
浦,涓,0.749795212844396
浦,湢,0.7480411494000885
浦,涼,0.7474935903910297
