char1,char2,similarity
浨,浨,1.0
浨,洡,0.8192409541055387
浨,涋,0.790642419479796
浨,沬,0.7864416129642282
浨,洓,0.7787913668982231
浨,泞,0.7766139915085234
浨,汻,0.7696907335989818
浨,浤,0.7667646363416315
浨,泬,0.7656029481877222
浨,浶,0.7649980662581046
