char1,char2,similarity
浣,浣,1.0
浣,垸,0.7872914411752545
浣,洮,0.7687514947873899
浣,涴,0.747980659102402
浣,庑,0.7471573432208167
浣,浇,0.7433226449920527
浣,浃,0.7420266467236287
浣,淀,0.7418557120232253
浣,琓,0.7381822617959513
浣,沉,0.7369047800528818
