char1,char2,similarity
浱,浱,1.0
浱,涺,0.7827721997903855
浱,派,0.7620904833672032
浱,浿,0.7616152401665282
浱,淍,0.7532625028897918
浱,淵,0.7510299031351008
浱,浫,0.7486138881737479
浱,浘,0.7438123012879153
浱,沨,0.7430314433556638
浱,浢,0.7411959881598045
