char1,char2,similarity
浫,浫,1.0
浫,渾,0.7605366996425834
浫,沣,0.753480265913728
浫,汿,0.7533420633703319
浫,洷,0.7524448481275839
浫,烰,0.7497064830901624
浫,渜,0.7491541365950602
浫,浱,0.7486138881737479
浫,浥,0.7485184447762282
浫,浶,0.7453718511355697
