char1,char2,similarity
浭,浭,1.0
浭,湡,0.7824506870034956
浭,湏,0.780907468120198
浭,涢,0.7761020346565498
浭,淉,0.7700186727221748
浭,湦,0.7633203736390425
浭,便,0.7632023246526124
浭,泜,0.7576177411993444
浭,浬,0.7523914033902643
浭,挭,0.7505123641117808
