char1,char2,similarity
浳,浳,1.0
浳,滑,0.7582144406067877
浳,洊,0.7578946259743454
浳,淯,0.7573560233302136
浳,浖,0.7531759581038112
浳,淔,0.7507222491491994
浳,泭,0.7436113183912796
浳,潧,0.7399945813596169
浳,洔,0.7360170066125777
浳,涻,0.7345912979697597
