char1,char2,similarity
浰,浰,1.0
浰,俐,0.7594994838057315
浰,淛,0.7510700796059072
浰,洵,0.7371346540328576
浰,测,0.7353180605686308
浰,洌,0.7333687887468967
浰,泂,0.7326181456416435
浰,润,0.7322725301210191
浰,唎,0.7320735139158663
浰,渕,0.7309100529992226
