char1,char2,similarity
浸,浸,1.0
浸,渂,0.7743636897360989
浸,漞,0.7556244579381011
浸,侵,0.7553270690656038
浸,涭,0.7532358390763925
浸,淂,0.7477627228839835
浸,湲,0.7466199056962398
浸,滒,0.7445513685187825
浸,溭,0.7441752062591225
浸,涀,0.7411026793189448
