char1,char2,similarity
浶,浶,1.0
浶,洠,0.823779089276734
浶,浡,0.7995132046576663
浶,汻,0.7957083010614021
浶,沣,0.7907655900954061
浶,浤,0.7890867359852782
浶,泞,0.7837770457043693
浶,洝,0.7791855616277858
浶,沖,0.7709775318852419
浶,沪,0.7692657136010886
