char1,char2,similarity
浺,浺,1.0
浺,浒,0.7449124708459308
浺,耻,0.7321475791763392
浺,翀,0.7260052375737357
浺,浀,0.7233269821496523
浺,淋,0.7162696351634353
浺,漇,0.7146727690930691
浺,艸,0.7144747536630096
浺,舛,0.7140636250359076
浺,漷,0.7134683317358416
