char1,char2,similarity
浵,浵,1.0
浵,涁,0.7454772077961374
浵,漽,0.7201265755366815
浵,烿,0.7182611534089313
浵,湹,0.7141918917132115
浵,淈,0.7096846663109174
浵,滣,0.7086619313276425
浵,滒,0.7084595483538725
浵,潳,0.7080161309427476
浵,渜,0.7079921034485543
