char1,char2,similarity
浽,浽,1.0
浽,浖,0.7852665649395975
浽,渂,0.7795922574419334
浽,溇,0.7661369601967328
浽,泙,0.7571229432515862
浽,渓,0.7539925983502174
浽,涹,0.749156631748016
浽,泘,0.7473356856278852
浽,淁,0.7435602280088109
浽,洝,0.7403206533458031
