char1,char2,similarity
海,海,1.0
海,诲,0.8395160583618547
海,侮,0.7815128549652579
海,河,0.7592053156448026
海,挴,0.7585067757578696
海,湋,0.7574321517234835
海,渹,0.7565717073143865
海,脢,0.7543408023582194
海,珻,0.7541428246372258
海,洛,0.7478813217326009
