char1,char2,similarity
浻,浻,1.0
浻,涃,0.8239319294859643
浻,洏,0.8161414396072952
浻,洞,0.8025341443947861
浻,泅,0.7779060956666114
浻,墹,0.773206360745635
浻,泀,0.7608140702666929
浻,泂,0.7598977830942465
浻,滳,0.758694665244748
浻,渕,0.7553265037164099
