char1,char2,similarity
涁,涁,1.0
涁,泔,0.7505060488802142
涁,浵,0.7454772077961374
涁,洊,0.7368720247617682
涁,泃,0.7340572082042071
涁,洐,0.7319455284374325
涁,彬,0.7305251850652708
涁,洺,0.7275019400532571
涁,氵,0.726098252326773
涁,洠,0.7234641500550155
