char1,char2,similarity
涄,涄,1.0
涄,洿,0.7995269007636179
涄,涥,0.7939686356234401
涄,渏,0.787169830584249
涄,淿,0.7829978712870571
涄,渒,0.7783143041919642
涄,涜,0.7778395742747665
涄,涷,0.7748466268447589
涄,淸,0.7691944872807468
涄,浐,0.7687083078167778
