char1,char2,similarity
涅,涅,1.0
涅,淫,0.80010775754334
涅,洹,0.7881600843994463
涅,湼,0.7805945812465078
涅,漜,0.778142184026837
涅,涩,0.775571927945232
涅,浬,0.7701171274634301
涅,浧,0.7675127121731983
涅,洼,0.7675111341588023
涅,垤,0.7634076410482787
