char1,char2,similarity
涃,涃,1.0
涃,浻,0.8239319294859643
涃,泅,0.7956565994458762
涃,沺,0.7712707487117484
涃,洏,0.7593412794843565
涃,洍,0.7590449927913239
涃,洭,0.7523877953337514
涃,泏,0.7466129360098466
涃,泯,0.739836461955412
涃,洰,0.7355321496269397
