char1,char2,similarity
涂,涂,1.0
涂,浍,0.7977469564578823
涂,淦,0.783972662705484
涂,淪,0.7676247458166358
涂,凃,0.7551780037144007
涂,俆,0.7549825919564619
涂,汁,0.7521306019011978
涂,淹,0.7509496269675088
涂,沦,0.7431798837881931
涂,俭,0.739496673418427
