char1,char2,similarity
涉,涉,1.0
涉,渉,0.8163811658554994
涉,渋,0.7908092976611026
涉,汁,0.7800389107469463
涉,泮,0.7723886739789234
涉,洔,0.7645937649000908
涉,沛,0.7549228647532752
涉,计,0.7536356554736101
涉,泏,0.7503292700718959
涉,洼,0.7484952785596712
