char1,char2,similarity
涑,涑,1.0
涑,凁,0.8335106376104268
涑,浓,0.7567340690296713
涑,溁,0.751240555875927
涑,谅,0.7468581755308352
涑,涼,0.7437175876835204
涑,淙,0.7432100401090871
涑,涞,0.7380334814704042
涑,淶,0.7374733244132675
涑,浃,0.736520848733332
