char1,char2,similarity
涊,涊,1.0
涊,浧,0.7691760870685831
涊,泹,0.7577333855899073
涊,浬,0.7488278653201813
涊,氾,0.7439804020711254
涊,浢,0.7430164945951437
涊,愢,0.7408910481845161
涊,涀,0.7337448543353423
涊,沑,0.7263913574521713
涊,泝,0.7250714151778449
