char1,char2,similarity
涏,涏,1.0
涏,侹,0.7578720959171503
涏,湜,0.7471812086068975
涏,挺,0.7438961574475041
涏,泹,0.7390410344712557
涏,涎,0.7383913996036059
涏,溼,0.7358545470418724
涏,涭,0.7324002767091718
涏,诞,0.7320651943311176
涏,沂,0.7302392997306834
