char1,char2,similarity
涍,涍,1.0
涍,洘,0.8168304721499674
涍,侾,0.797728948037835
涍,浡,0.7766887131513464
涍,渒,0.7757339830594967
涍,涬,0.7714196333354278
涍,浄,0.7633094416085204
涍,淕,0.7579689509019609
涍,泞,0.7553826677283483
涍,挬,0.7493352453600373
