char1,char2,similarity
消,消,1.0
消,诮,0.8535187910709148
消,浦,0.794753385661276
消,俏,0.7921945572338034
消,湳,0.7632535847216542
消,埔,0.7546659074041088
消,泊,0.7513948671880188
消,涌,0.7462977695928998
消,泸,0.7366954444807459
消,涾,0.7365565438434748
