char1,char2,similarity
涌,涌,1.0
涌,浻,0.7517856129306397
涌,俑,0.7501406412408915
涌,溜,0.7494144159635948
涌,濔,0.7492109803584649
涌,消,0.7462977695928998
涌,洞,0.7444437474318757
涌,浦,0.7440147595167649
涌,湺,0.7405316761241697
涌,湢,0.73974321479923
