char1,char2,similarity
涔,涔,1.0
涔,渟,0.7558951669858874
涔,埁,0.7388955548418631
涔,浶,0.7334599646261981
涔,庈,0.7315156724370437
涔,沣,0.7299877896727891
涔,侺,0.7293284652452994
涔,汗,0.7231625064768868
涔,浔,0.7227022657998798
涔,漙,0.7216844295702695
