char1,char2,similarity
涙,涙,1.0
涙,淚,0.8569194914791511
涙,淭,0.8086748330664963
涙,瀇,0.757034875869112
涙,唳,0.7538641023293711
涙,浐,0.7528060157185631
涙,涥,0.7472754776110543
涙,溩,0.7453002030822705
涙,涷,0.7452428662179963
涙,涄,0.7448018720475713
