char1,char2,similarity
涘,涘,1.0
涘,诶,0.803263741878126
涘,埃,0.7971247411468638
涘,俟,0.791830660643981
涘,渶,0.7882443976401073
涘,洖,0.7866770427866062
涘,渜,0.7817239155183452
涘,湙,0.7788006026058462
涘,淏,0.7765502765859157
涘,湨,0.772450646106391
