char1,char2,similarity
涚,涚,1.0
涚,淣,0.8180886285739895
涚,说,0.7903079179880662
涚,況,0.7810047691322437
涚,捝,0.7644656146909325
涚,涴,0.76441049315977
涚,涀,0.7607552097602306
涚,沅,0.7606289282800222
涚,侻,0.7606268329386434
涚,洗,0.7518114266496407
