char1,char2,similarity
涛,涛,1.0
涛,俦,0.750743432796797
涛,渼,0.7386428484539272
涛,毌,0.737516570828201
涛,淂,0.7343859140504646
涛,育,0.7327063564248789
涛,渲,0.7310983337364888
涛,洊,0.7276341176561962
涛,产,0.7258986610883434
涛,哿,0.7258608888859586
