char1,char2,similarity
涝,涝,1.0
涝,淓,0.7547437548533573
涝,渮,0.7538323425329316
涝,湀,0.731519854742614
涝,澇,0.729267171540318
涝,渃,0.7276179133620215
涝,店,0.7250262750263506
涝,唠,0.724289203430974
涝,洧,0.7233316789930142
涝,溡,0.716978467817381
