char1,char2,similarity
涜,涜,1.0
涜,滈,0.7892865910052769
涜,湸,0.7887981528555222
涜,洸,0.7831209605451965
涜,淁,0.778037243933199
涜,涄,0.7778395742747665
涜,涥,0.7705769616180869
涜,淩,0.7691243324718048
涜,浐,0.7689181551553769
涜,涷,0.7676804346614655
