char1,char2,similarity
涥,涥,1.0
涥,淳,0.8146862094497682
涥,涷,0.794651824431158
涥,滈,0.7945725337378794
涥,湻,0.7939960447662298
涥,涄,0.7939686356234401
涥,浐,0.7925797233890837
涥,淿,0.790014162504645
涥,梈,0.7825906273456918
涥,渏,0.7795665455778393
