char1,char2,similarity
涟,涟,1.0
涟,漣,0.7204117331882506
涟,五,0.7133866827328772
涟,苷,0.7111490191406634
涟,逈,0.7030635713144768
涟,肨,0.7024501390312458
涟,苦,0.7014634187066987
涟,赶,0.7008385111614893
涟,濄,0.7007613844604172
涟,艼,0.7005992295387468
