char1,char2,similarity
涤,涤,1.0
涤,洚,0.7794435596817221
涤,湶,0.7671236386404648
涤,洛,0.7554497493112555
涤,湰,0.7456514383147395
涤,濚,0.7438346842752432
涤,滐,0.7436283921596928
涤,渿,0.743620940404569
涤,淥,0.7328368732458518
涤,溁,0.7314005114774934
