char1,char2,similarity
涠,涠,1.0
涠,溷,0.7723598916863288
涠,漍,0.759789744164908
涠,澜,0.7570854467979032
涠,渑,0.7365828951414092
涠,潿,0.7308156674041925
涠,潣,0.7256623465364697
涠,濶,0.7249046714894135
涠,涭,0.7230439797707627
涠,湢,0.722706301919295
