char1,char2,similarity
涯,涯,1.0
涯,洹,0.7693820640936537
涯,洭,0.7616558181939469
涯,沤,0.7518181790844968
涯,泟,0.7468074850377152
涯,开,0.7465719419962372
涯,派,0.7445877885956762
涯,洞,0.7427018916997323
涯,涅,0.7397077898299595
涯,洫,0.7364381942026209
