char1,char2,similarity
润,润,1.0
润,澖,0.7855901539484534
润,涧,0.775917950360503
润,泀,0.7685133308495012
润,澗,0.7602190835726397
润,潣,0.7583085078810392
润,泗,0.7564282072751835
润,濶,0.754836432113122
润,洄,0.7538594680421985
润,潤,0.7532416256708654
