char1,char2,similarity
涪,涪,1.0
涪,浯,0.7765204200487361
涪,洎,0.7647434421448527
涪,洁,0.7647126381669888
涪,涫,0.7565437248161564
涪,泞,0.7560178486638008
涪,浩,0.7538191312700109
涪,渵,0.7512097103598732
涪,信,0.7445084059971069
涪,泫,0.7418206750200415
