char1,char2,similarity
涧,涧,1.0
涧,洄,0.8119222115750983
涧,润,0.775917950360503
涧,涸,0.7582432154379085
涧,洞,0.7513780725201131
涧,泀,0.7477364551661777
涧,闬,0.7407107726189655
涧,浏,0.7403722160542489
涧,柌,0.7402219931414146
涧,湎,0.7359822405258101
