char1,char2,similarity
涬,涬,1.0
涬,滓,0.8054002833884262
涬,悻,0.7843200971513279
涬,浑,0.7794023769364072
涬,倖,0.7758754133497073
涬,淕,0.7756089581809854
涬,湳,0.772851183561796
涬,涍,0.7714196333354278
涬,沐,0.7711482446488013
涬,淖,0.7648514603998123
