char1,char2,similarity
涮,涮,1.0
涮,測,0.7412389122112859
涮,胴,0.73869016160534
涮,澜,0.7289828710989963
涮,溂,0.7230971264872667
涮,浏,0.7219935934352043
涮,溷,0.7216631227456396
涮,凮,0.7210965530719727
涮,肭,0.71972837965381
涮,聏,0.7167275719206748
