char1,char2,similarity
涰,涰,1.0
涰,啜,0.7625811836527717
涰,惙,0.7518009345055714
涰,湂,0.7363344594484922
涰,淈,0.734124024687151
涰,溊,0.730612431575202
涰,漝,0.7245618692263788
涰,湢,0.7226759637260185
涰,涀,0.7213956612586534
涰,溵,0.7197402522394687
