char1,char2,similarity
涹,涹,1.0
涹,溇,0.8133247252824569
涹,倭,0.8115295174707362
涹,诿,0.7862109302384838
涹,淁,0.7684521812900373
涹,湀,0.754894106790424
涹,浽,0.749156631748016
涹,潻,0.7448551480466019
涹,涶,0.742705302686787
涹,婑,0.7381849033366599
