char1,char2,similarity
涸,涸,1.0
涸,洇,0.844068752644636
涸,湎,0.799181077408019
涸,洄,0.7924776541134145
涸,凅,0.7821267214547416
涸,滔,0.7631925454477413
涸,涵,0.762089144060002
涸,洞,0.7591005139850339
涸,洒,0.7588251402248981
涸,涧,0.7582432154379085
