char1,char2,similarity
淁,淁,1.0
淁,溇,0.8099385284593331
淁,涜,0.778037243933199
淁,涥,0.7762696217364687
淁,湆,0.770606893733223
淁,湻,0.7697453808266848
淁,涹,0.7684521812900373
淁,漥,0.7676444581144279
淁,湷,0.7660031928835112
淁,湊,0.7637166693439582
