char1,char2,similarity
淀,淀,1.0
淀,涳,0.7519582928522401
淀,埞,0.7492053216676091
淀,浞,0.7487868982398097
淀,涴,0.747171386626933
淀,渧,0.7439126791922219
淀,浣,0.7418557120232253
淀,泸,0.7402906532942548
淀,滝,0.7374382512366364
淀,汁,0.73677626557761
