char1,char2,similarity
涽,涽,1.0
涽,溍,0.7846616422991142
涽,淸,0.7664301473527002
涽,涾,0.7540086229114036
涽,浴,0.7513419658814597
涽,湣,0.7510870818771168
涽,洭,0.7507667452295567
涽,湆,0.7496019227317241
涽,涶,0.7488212028960722
涽,涭,0.7454381184426073
