char1,char2,similarity
淂,淂,1.0
淂,得,0.7869528128094493
淂,湨,0.7772083378757342
淂,滒,0.762348703793913
淂,湜,0.7590796416247995
淂,滑,0.7575384003806784
淂,湣,0.7541011978462722
淂,浖,0.753784817975282
淂,涱,0.7518125859791283
淂,淏,0.7513175072428459
