char1,char2,similarity
涺,涺,1.0
涺,淍,0.7919056341463178
涺,浱,0.7827721997903855
涺,涒,0.7717640835650712
涺,淈,0.7629783541758461
涺,浿,0.7521855082699763
涺,浥,0.740267721995253
涺,淵,0.7342075947105352
涺,涢,0.7332654009051103
涺,倨,0.7326319921950019
