char1,char2,similarity
涼,涼,1.0
涼,谅,0.8334469546037603
涼,倞,0.7841662897031928
涼,洡,0.78065880031105
涼,猄,0.774865006443276
涼,琼,0.7726568748866091
涼,惊,0.7670294147718071
涼,掠,0.7648033177778617
涼,涳,0.764424139409518
涼,洓,0.7594584874524882
