char1,char2,similarity
淆,淆,1.0
淆,倄,0.783812720316299
淆,湇,0.7538495313903025
淆,浠,0.743679400233576
淆,湑,0.7294498102917572
淆,壻,0.7262000100796878
淆,溝,0.7261354084167657
淆,清,0.7250835521264736
淆,埥,0.7231265716894629
淆,睛,0.7220950732369095
