char1,char2,similarity
淉,淉,1.0
淉,捰,0.7984133808546021
淉,湡,0.7904285748031629
淉,猓,0.7753937643077088
淉,惈,0.7725973912338431
淉,浭,0.7700186727221748
淉,溗,0.7619702069818236
淉,浿,0.7603232259908554
淉,堁,0.7566816037262407
淉,湦,0.753687093707884
