char1,char2,similarity
淇,淇,1.0
淇,倛,0.7473730208252245
淇,滼,0.7403122836426465
淇,澿,0.7398656406511015
淇,滨,0.7318536368980944
淇,渫,0.7296166010772376
淇,渰,0.7252024772320208
淇,漤,0.7232980342947744
淇,渼,0.7223480462719094
淇,唭,0.7211649403815534
