char1,char2,similarity
淍,淍,1.0
淍,涺,0.7919056341463178
淍,睭,0.7707568075569721
淍,啁,0.7574040014468217
淍,倜,0.7572762378840904
淍,淈,0.7549675726895095
淍,渦,0.7535775533102466
淍,浱,0.7532625028897918
淍,渪,0.7486137772001457
淍,涓,0.7457663548581187
