char1,char2,similarity
淄,淄,1.0
淄,滔,0.7731082961988589
淄,涸,0.7280105151128664
淄,淫,0.7178936259840889
淄,泅,0.7169974978426839
淄,洎,0.71568377628909
淄,油,0.7151352454955124
淄,湽,0.7135394419950324
淄,洇,0.7119038886773161
淄,洒,0.7111788258866499
