char1,char2,similarity
淋,淋,1.0
淋,琳,0.7983828180449846
淋,啉,0.7661575370045758
淋,烌,0.754348821769652
淋,舛,0.7194975972252
淋,浺,0.7162696351634353
淋,卜,0.7093050673552732
淋,溥,0.698416769903635
淋,惏,0.6935287724135768
淋,溎,0.6934014859579567
