char1,char2,similarity
淔,淔,1.0
淔,渲,0.8139774843473853
淔,逭,0.77589893077917
淔,滀,0.7749344307031963
淔,迶,0.7741900395596566
淔,埴,0.7711963427154338
淔,渏,0.769917012645459
淔,瑄,0.7681409331562284
淔,沮,0.7632590234776118
淔,渿,0.7631495638102417
