char1,char2,similarity
淑,淑,1.0
淑,溆,0.7727152495210127
淑,漵,0.7376472199529462
淑,潋,0.7199878818814999
淑,渐,0.7198973580857312
淑,俶,0.719653627032804
淑,滧,0.7143793485193759
淑,漱,0.7122806511638345
淑,潄,0.712232170090933
淑,漖,0.7097512360431932
