char1,char2,similarity
淎,淎,1.0
淎,俸,0.8213521093631991
淎,津,0.777669300717851
淎,湋,0.7413343552772339
淎,湶,0.7360438198449125
淎,滦,0.7339676953554466
淎,漾,0.7314037505755904
淎,淖,0.7298654980952247
淎,淿,0.7280153444023842
淎,庘,0.7274053559720005
