char1,char2,similarity
淕,淕,1.0
淕,涬,0.7756089581809854
淕,洘,0.7689607054582341
淕,湳,0.7650536511268118
淕,滻,0.7599733590907528
淕,涍,0.7579689509019609
淕,浦,0.7513890528541575
淕,涳,0.7504544732550903
淕,汁,0.7477307636646873
淕,造,0.7430627010882821
