char1,char2,similarity
淒,淒,1.0
淒,湊,0.7910615747845885
淒,湸,0.7907308911019494
淒,捿,0.7838192137212533
淒,溒,0.7748617105090931
淒,渍,0.7736459296765076
淒,淸,0.7706666372581494
淒,悽,0.7686625322682783
淒,滈,0.7679835191098406
淒,痿,0.7646907066339024
