char1,char2,similarity
淠,淠,1.0
淠,浔,0.7788929677280623
淠,溲,0.7354736492944312
淠,严,0.731858485297981
淠,沔,0.728222094247866
淠,浇,0.7277337531641415
淠,湿,0.7241457927670825
淠,济,0.721688008858619
淠,滂,0.718990002091498
淠,潟,0.7168802155151697
