char1,char2,similarity
淚,淚,1.0
淚,涙,0.8569194914791511
淚,淭,0.8254963342093182
淚,瀇,0.7713810236284516
淚,溩,0.7518105642699183
淚,淁,0.7496348133053615
淚,滬,0.7494382973128246
淚,涥,0.7436494259597078
淚,浐,0.743450438382767
淚,淲,0.7393291549098232
