char1,char2,similarity
淛,淛,1.0
淛,浰,0.7510700796059072
淛,溂,0.7406154944657224
淛,悧,0.7165254707668978
淛,溮,0.7162915833764284
淛,洵,0.7153458510328508
淛,硐,0.7140036529160053
淛,涮,0.7125488416742989
淛,剢,0.7028337777304144
淛,潤,0.7027439055185538
