char1,char2,similarity
淙,淙,1.0
淙,倧,0.7637071980567707
淙,涞,0.7462355519452877
淙,涑,0.7432100401090871
淙,渖,0.7428843480241037
淙,淘,0.7404820876653067
淙,滴,0.7342121756277968
淙,滾,0.7265474031077986
淙,淀,0.7250524006868471
淙,滜,0.7239170492322687
