char1,char2,similarity
淫,淫,1.0
淫,涅,0.80010775754334
淫,洼,0.7583994411451741
淫,洹,0.7576323952489146
淫,浧,0.7415307544705825
淫,滔,0.7412263200131778
淫,漜,0.7411108986321353
淫,浬,0.7405596182534668
淫,湼,0.740041061173811
淫,圧,0.7375409192969553
