char1,char2,similarity
淣,淣,1.0
淣,涚,0.8180886285739895
淣,況,0.7901481802806308
淣,涀,0.7821850606264454
淣,倪,0.7789642614298965
淣,沅,0.7787815601003404
淣,说,0.770289379597461
淣,湼,0.7678691071417492
淣,泯,0.758277675446438
淣,涜,0.7577601504843905
