char1,char2,similarity
淩,淩,1.0
淩,倰,0.7877343781418562
淩,涜,0.7691243324718048
淩,浚,0.7647221826925997
淩,堎,0.7603918819797107
淩,淁,0.7539628687805745
淩,掕,0.7437958413893202
淩,湻,0.7423676788149886
淩,濆,0.7377473860948366
淩,棱,0.7362711393618825
