char1,char2,similarity
淪,淪,1.0
淪,泠,0.7851402437831843
淪,浍,0.7735576288197002
淪,惀,0.769610129497881
淪,涂,0.7676247458166358
淪,治,0.7649454691611446
淪,沽,0.7599902175712333
淪,倫,0.7552725236538798
淪,沴,0.7501835483132899
淪,濇,0.7446111296062553
