char1,char2,similarity
淨,淨,1.0
淨,湱,0.7450542280448613
淨,沛,0.7449623029765629
淨,汁,0.7439631585266909
淨,泮,0.7425835132304034
淨,掙,0.7399670645062574
淨,泘,0.7352735081912531
淨,泙,0.7341927335834247
淨,涉,0.7326366290892411
淨,沐,0.7311535162732881
