char1,char2,similarity
淳,淳,1.0
淳,涥,0.8146862094497682
淳,淖,0.8144323289861853
淳,谆,0.8044221884311876
淳,倬,0.7652032857935546
淳,涄,0.759186571260022
淳,弴,0.7586545571040672
淳,琸,0.7563441227627188
淳,湶,0.755436833654552
淳,湟,0.753115240434933
