char1,char2,similarity
淵,淵,1.0
淵,浀,0.7621081940106473
淵,浻,0.755252856587472
淵,浱,0.7510299031351008
淵,洏,0.7505024454667555
淵,渄,0.7468291372999457
淵,浘,0.7383085823671316
淵,泃,0.7365618015895735
淵,涺,0.7342075947105352
淵,渕,0.7340955392413037
