char1,char2,similarity
淯,淯,1.0
淯,湇,0.8143822643377784
淯,澝,0.8112852691498053
淯,唷,0.7819292158278942
淯,请,0.7778029602401073
淯,淸,0.7764582626470836
淯,焴,0.775893538502455
淯,渧,0.7741424389174657
淯,湑,0.7697223924677834
淯,湌,0.7673512557040678
