char1,char2,similarity
淴,淴,1.0
淴,偬,0.7588514669477218
淴,泡,0.7550274075943899
淴,唿,0.7353206571766127
淴,滺,0.734386608915347
淴,惚,0.7291317348820266
淴,漗,0.728843326868436
淴,漶,0.7285480157217347
淴,洘,0.7275386074491805
淴,洺,0.7264160556072076
