char1,char2,similarity
淭,淭,1.0
淭,淚,0.8254963342093182
淭,涙,0.8086748330664963
淭,瀇,0.7562473733162101
淭,滬,0.7525440110744424
淭,溩,0.7497039625052087
淭,滻,0.7493545255551827
淭,漗,0.7469679554228524
淭,溾,0.7417349978942986
淭,涥,0.7406161011631913
