char1,char2,similarity
淮,淮,1.0
淮,准,0.8210598964232452
淮,倠,0.7985202330966941
淮,谁,0.762299949454192
淮,浩,0.7478429159868869
淮,渵,0.7387816223558741
淮,沣,0.7310014383776078
淮,汕,0.7257874331019052
淮,难,0.7195975185166428
淮,琟,0.7184453768243192
