char1,char2,similarity
淸,淸,1.0
淸,溍,0.7817723261390894
淸,淯,0.7764582626470836
淸,湊,0.775692086073765
淸,湱,0.7748603321728491
淸,淒,0.7706666372581494
淸,涄,0.7691944872807468
淸,涽,0.7664301473527002
淸,清,0.7662325830811858
淸,湇,0.7646031278455204
