char1,char2,similarity
淶,淶,1.0
淶,沫,0.8041208412183923
淶,洓,0.7981130288699438
淶,沬,0.7886667302972261
淶,湅,0.7843790163302702
淶,诔,0.7827108179135123
淶,渁,0.7790515719604884
淶,倈,0.7764227434462155
淶,泲,0.7754574343870011
淶,洣,0.7743776611958301
