char1,char2,similarity
混,混,1.0
混,凬,0.747414868349523
混,温,0.7427008804600215
混,泺,0.7392638225344861
混,渑,0.7374126909896221
混,屇,0.7364706500634058
混,凮,0.7324065577857986
混,遐,0.7317694134173203
混,潟,0.7307727513560522
混,渦,0.7279965402970886
