char1,char2,similarity
淺,淺,1.0
淺,俴,0.8135812722535122
淺,浇,0.7314316538476785
淺,湇,0.7244544009022126
淺,渮,0.7242473968902222
淺,瀺,0.7226943120331576
淺,湗,0.722351863058654
淺,漨,0.7219332177292306
淺,湵,0.72020423627281
淺,湰,0.7180882564393988
