char1,char2,similarity
淼,淼,1.0
淼,森,0.693114778595084
淼,兗,0.6896220256872612
淼,垚,0.6875340766582801
淼,尒,0.684093257452049
淼,籴,0.6818655510750524
淼,兖,0.6816847243846061
淼,尭,0.6799708863477263
淼,奅,0.6795294235397197
淼,尛,0.6789043996555384
