char1,char2,similarity
渁,渁,1.0
渁,淶,0.7790515719604884
渁,湶,0.7681545866196756
渁,洓,0.758671511013806
渁,深,0.753452568575537
渁,沫,0.7477658365463966
渁,淥,0.7467297719311639
渁,涥,0.7437318000950377
渁,涼,0.7405394638415316
渁,涷,0.7386474846693304
