char1,char2,similarity
清,清,1.0
清,倩,0.8148478251915313
清,凊,0.8037206119684042
清,渍,0.7899886440857271
清,湇,0.7879142967829176
清,溃,0.7837233505035124
清,漕,0.7812598371628987
清,溝,0.7753834934172448
清,傋,0.7744686734327644
清,淯,0.7668558417092499
