char1,char2,similarity
渃,渃,1.0
渃,诺,0.81359603378217
渃,偌,0.8060801988803294
渃,溚,0.7655737840985347
渃,渵,0.7552829838753684
渃,渻,0.7534366541175923
渃,淓,0.7525778699444522
渃,浩,0.7519113622903949
渃,淽,0.7431972689960088
渃,涪,0.7407248516987305
