char1,char2,similarity
渇,渇,1.0
渇,淏,0.7678347746349539
渇,溻,0.7648327134856087
渇,谒,0.763109699447745
渇,渴,0.7623027356381152
渇,湨,0.7603810446029948
渇,掲,0.75167872578636
渇,漹,0.7500777951773051
渇,淂,0.7494999455189005
渇,堨,0.7466085686724226
