char1,char2,similarity
渉,渉,1.0
渉,涉,0.8163811658554994
渉,湊,0.7629866220048319
渉,淒,0.7567567830822738
渉,渋,0.7563694869948859
渉,渀,0.7554888763007204
渉,浾,0.7493904372198703
渉,滖,0.7474950469107869
渉,沙,0.7464547523801687
渉,湷,0.7439964239303647
