char1,char2,similarity
渊,渊,1.0
渊,洇,0.7441023510160263
渊,洄,0.7324432880559043
渊,测,0.7254254014223066
渊,淝,0.7229721907660549
渊,湄,0.7228848628942944
渊,濔,0.722231995281603
渊,涧,0.7189725389996191
渊,汹,0.7187650573857028
渊,涸,0.7184906352282667
