char1,char2,similarity
渑,渑,1.0
渑,澠,0.7601101719985074
渑,厘,0.7524591755946901
渑,湦,0.7447393484381837
渑,混,0.7374126909896221
渑,涠,0.7365828951414092
渑,浥,0.7362780840015368
渑,屋,0.7322092403217423
渑,浘,0.7315968127969307
渑,尾,0.7315962539437728
