char1,char2,similarity
渒,渒,1.0
渒,浡,0.7910666313099791
渒,涄,0.7783143041919642
渒,浄,0.7763706509002275
渒,涍,0.7757339830594967
渒,洠,0.766773182834322
渒,浶,0.7654346616942506
渒,溾,0.764772697312341
渒,滜,0.7534314254407366
渒,泀,0.7483196340957216
