char1,char2,similarity
渐,渐,1.0
渐,漸,0.7413385034957611
渐,淅,0.7407731097001495
渐,淑,0.7198973580857312
渐,唽,0.7189090771584217
渐,惭,0.7067200808422637
渐,湖,0.7021416983251328
渐,渚,0.7014828926193857
渐,溏,0.6989238723147364
渐,浙,0.6986980711284461
