char1,char2,similarity
渏,渏,1.0
渏,洿,0.7998403515003757
渏,掎,0.794486601676405
渏,浐,0.7895862944439327
渏,涄,0.787169830584249
渏,渮,0.7851516522630192
渏,湆,0.7849253640438497
渏,涥,0.7795665455778393
渏,濇,0.7766684683254054
渏,洀,0.7746754906327571
