char1,char2,similarity
渘,渘,1.0
渘,浿,0.7721890276532114
渘,揉,0.7649118547328863
渘,猱,0.7601142715198861
渘,潥,0.7525039727832994
渘,煣,0.7484010397032347
渘,淉,0.7478170415981925
渘,淏,0.7464162136687992
渘,澡,0.7446863755298451
渘,浫,0.7379474307519811
