char1,char2,similarity
渗,渗,1.0
渗,潢,0.70480341240628
渗,津,0.7044923046834156
渗,庈,0.7038163457038273
渗,汝,0.7029117094175743
渗,潘,0.7021169234182294
渗,溘,0.7020860442180132
渗,浴,0.7005217989005804
渗,涛,0.700338837038398
渗,溚,0.6993309169532218
