char1,char2,similarity
渖,渖,1.0
渖,谉,0.7558157795439353
渖,淙,0.7428843480241037
渖,谇,0.7404023366674138
渖,浦,0.7391709524409689
渖,淳,0.7381919876706923
渖,汁,0.7326476956682525
渖,洿,0.7314949719246194
渖,淀,0.7313729795565074
渖,卸,0.7306679755020605
