char1,char2,similarity
渚,渚,1.0
渚,诸,0.8241650955776927
渚,偖,0.7850465001534672
渚,洘,0.7675410145190663
渚,洧,0.7590845410218402
渚,猎,0.7418623776129639
渚,谙,0.74164035127897
渚,滲,0.7328949287987869
渚,洛,0.7277827310009334
渚,滍,0.7275884854901589
