char1,char2,similarity
渦,渦,1.0
渦,澗,0.7761668231823111
渦,渪,0.769399994498526
渦,湡,0.7665261915643446
渦,淍,0.7535775533102466
渦,澖,0.7390682709603543
渦,濶,0.7366396932893375
渦,滆,0.7334968871519898
渦,溤,0.7315640002198237
渦,渇,0.7313645126808551
