char1,char2,similarity
渢,渢,1.0
渢,湚,0.7828828474154733
渢,濿,0.7409430503089546
渢,偑,0.738790578930805
渢,溵,0.7338909922632242
渢,瀱,0.7302107697228303
渢,渑,0.7267682581180611
渢,佩,0.7263015359665469
渢,澽,0.7225752772818399
渢,混,0.7221231112046167
