char1,char2,similarity
測,測,1.0
測,渆,0.7689753951518065
測,側,0.7591396274682
測,惻,0.7526809207188924
測,涮,0.7412389122112859
測,哵,0.7184597985607171
測,澗,0.7133713356151588
測,渕,0.7133126736460355
測,混,0.7106246593457195
測,淍,0.7100804235176162
