char1,char2,similarity
渫,渫,1.0
渫,堞,0.7984226269512055
渫,偞,0.7897064138913602
渫,谍,0.7481381795433723
渫,凓,0.7378547571422214
渫,滐,0.730470894650969
渫,淇,0.7296166010772376
渫,滯,0.729060583740735
渫,湈,0.7264024204452154
渫,澡,0.7246872783726003
