char1,char2,similarity
渭,渭,1.0
渭,谓,0.8048045845190388
渭,湑,0.7688760747102537
渭,澙,0.7603525454238659
渭,滑,0.7571944527008239
渭,渲,0.7515127883817307
渭,湣,0.7510433201309553
渭,湩,0.750813053272366
渭,淂,0.7487362587091216
渭,滆,0.7482493073712541
