char1,char2,similarity
渷,渷,1.0
渷,湸,0.7873558544265171
渷,滰,0.7660101861512689
渷,沅,0.7588728698461783
渷,滖,0.758841272554077
渷,湥,0.7564275860078946
渷,済,0.7523350991628225
渷,涜,0.7521981157759356
渷,谠,0.751407830552494
渷,涀,0.7514053658678419
