char1,char2,similarity
渲,渲,1.0
渲,淔,0.8139774843473853
渲,塇,0.7722419146703381
渲,滀,0.7635272618917948
渲,瑄,0.761440998627484
渲,喧,0.7606308151760085
渲,渣,0.7563058487235369
渲,煊,0.755862253752879
渲,楦,0.7530241630122488
渲,暄,0.7523538783845908
