char1,char2,similarity
渻,渻,1.0
渻,偗,0.8075086669281452
渻,湆,0.7739883426776067
渻,潽,0.7631389307805405
渻,湝,0.7567592485728016
渻,浩,0.7557035568763207
渻,渃,0.7534366541175923
渻,沽,0.7516199764582949
渻,湷,0.7507681346292624
渻,洁,0.7497376078184903
