char1,char2,similarity
渵,渵,1.0
渵,淊,0.7680220041260825
渵,喵,0.7666954465710548
渵,谄,0.7657758908650929
渵,淽,0.7639818625496589
渵,渮,0.7606645938870615
渵,渃,0.7552829838753684
渵,涪,0.7512097103598732
渵,洎,0.747078607799339
渵,沣,0.7460499039278659
