char1,char2,similarity
渴,渴,1.0
渴,谒,0.8205558190016432
渴,渇,0.7623027356381152
渴,堨,0.7502163127365717
渴,渂,0.742194803461849
渴,涱,0.7384655763600418
渴,溻,0.7371234747253228
渴,涡,0.7361829033616722
渴,滆,0.7334827170452908
渴,淏,0.7309791829515246
