char1,char2,similarity
渾,渾,1.0
渾,喗,0.792839512009901
渾,揮,0.7750822206835576
渾,惲,0.7747162817261911
渾,湩,0.771072511734228
渾,湑,0.7699299204682596
渾,湏,0.7679754072365094
渾,暉,0.7654632751238378
渾,潀,0.7642103729422218
渾,浫,0.7605366996425834
