char1,char2,similarity
湁,湁,1.0
湁,湐,0.746701647780237
湁,洎,0.7449094874785
湁,沛,0.7315919683935062
湁,溎,0.731489544169927
湁,沐,0.7285828384630195
湁,湝,0.7272630806592637
湁,浊,0.7262536293622462
湁,泏,0.7259849447259112
湁,淞,0.7222903679160141
