char1,char2,similarity
渽,渽,1.0
渽,溨,0.8630363588602847
渽,涐,0.7788110034754336
渽,減,0.76239143051513
渽,滅,0.7590052613977532
渽,淢,0.7381185055245457
渽,漃,0.7331096400538623
渽,滃,0.7265238616056411
渽,瀧,0.7259167716541579
渽,滍,0.7251999840457223
