char1,char2,similarity
渿,渿,1.0
渿,湅,0.783349477189577
渿,滐,0.7636214396468443
渿,淶,0.7632631037696086
渿,淔,0.7631495638102417
渿,湰,0.7603761536215461
渿,滝,0.7552878946336965
渿,洓,0.7505921845668543
渿,渋,0.7493333120325695
渿,滀,0.7489556185735472
