char1,char2,similarity
湀,湀,1.0
湀,溌,0.8352624831434619
湀,湥,0.7607712435495252
湀,涹,0.754894106790424
湀,渶,0.7508158372062006
湀,淡,0.7474550492103359
湀,溇,0.7428960930005749
湀,渼,0.733524652826533
湀,洷,0.7334020507004948
湀,涝,0.731519854742614
