char1,char2,similarity
渼,渼,1.0
渼,淏,0.8088482106962764
渼,渓,0.7924768138538281
渼,湨,0.7911751307032705
渼,洖,0.785582937730133
渼,湵,0.7799623630615431
渼,湙,0.7556023555808851
渼,滯,0.7503810009574361
渼,渶,0.7480879549849406
渼,媄,0.7472901186631186
