char1,char2,similarity
湂,湂,1.0
湂,涓,0.7859681144604006
湂,愕,0.7836783589918113
湂,渨,0.772087807152613
湂,潯,0.7649566322201449
湂,湢,0.7612677649609453
湂,湏,0.7587610474666423
湂,淐,0.7561625208516735
湂,涄,0.7540428822130343
湂,溤,0.7513147239208816
