char1,char2,similarity
湊,湊,1.0
湊,湸,0.8004419647340628
湊,渍,0.7940104838646193
湊,淒,0.7910615747845885
湊,揍,0.7898093448185833
湊,溙,0.7815578562703509
湊,淸,0.775692086073765
湊,湷,0.7679187378464941
湊,滈,0.7640154780146637
湊,淁,0.7637166693439582
