char1,char2,similarity
湌,湌,1.0
湌,涻,0.775591490705526
湌,滾,0.77380675416874
湌,渰,0.772705926123209
湌,飡,0.7704743614072357
湌,淯,0.7673512557040678
湌,湇,0.7558893216647521
湌,滄,0.7538059532173622
湌,汝,0.7467117401457052
湌,滼,0.7459130120495062
