char1,char2,similarity
湎,湎,1.0
湎,涸,0.799181077408019
湎,洄,0.7927708099300922
湎,洇,0.7801596052015927
湎,酒,0.7603694320289953
湎,凅,0.7577079871648531
湎,洞,0.7507635168388378
湎,涵,0.7398845391115709
湎,涧,0.7359822405258101
湎,汹,0.729652181855306
