char1,char2,similarity
湔,湔,1.0
湔,泐,0.7350279916775309
湔,湴,0.7146687963785249
湔,瀄,0.7093240668866474
湔,滋,0.7083326939810143
湔,偂,0.7065252134157607
湔,濧,0.7046845490177878
湔,澵,0.7030764304641799
湔,峲,0.699583585276862
湔,渞,0.6987018964957238
