char1,char2,similarity
湑,湑,1.0
湑,渨,0.7769961847772054
湑,渾,0.7699299204682596
湑,淯,0.7697223924677834
湑,渭,0.7688760747102537
湑,湒,0.7638235756508228
湑,漹,0.760847234701603
湑,滑,0.7589534066866581
湑,湇,0.7555936986291023
湑,偦,0.7554279602839269
