char1,char2,similarity
湕,湕,1.0
湕,澾,0.7638639378847912
湕,健,0.7534831443083115
湕,涎,0.7436287552315648
湕,漣,0.7401387127407162
湕,墶,0.7397111536262618
湕,湟,0.7387887443164428
湕,睷,0.7378117614031332
湕,漠,0.7286483240317257
湕,餭,0.7254817641508484
