char1,char2,similarity
湒,湒,1.0
湒,楫,0.7761466758834236
湒,缉,0.7689350474388018
湒,湑,0.7638235756508228
湒,涀,0.7575903983939999
湒,渾,0.7512776395175504
湒,溳,0.7508607385013217
湒,湜,0.748013828932003
湒,濁,0.7475815760440289
湒,渨,0.7469450720152381
