char1,char2,similarity
湜,湜,1.0
湜,涱,0.7996697404967806
湜,滆,0.7946093705173707
湜,提,0.7928233530243636
湜,涀,0.7904026156335878
湜,湢,0.7893902207685484
湜,惿,0.7766651928824192
湜,徥,0.7707611721489227
湜,煶,0.7639931460509383
湜,澏,0.7594919491280834
