char1,char2,similarity
湡,湡,1.0
湡,渪,0.8545573406841926
湡,淉,0.7904285748031629
湡,潟,0.7846098461543373
湡,浭,0.7824506870034956
湡,偶,0.7744248729600381
湡,堣,0.7735340029925563
湡,湏,0.773412748948649
湡,湦,0.7696809923407183
湡,渦,0.7665261915643446
