char1,char2,similarity
湠,湠,1.0
湠,滖,0.7488739833345412
湠,淁,0.7376791958885148
湠,渋,0.736943667912478
湠,涉,0.7363059931836975
湠,渉,0.7354413657005584
湠,溒,0.7324305356417394
湠,溑,0.7321079858978313
湠,湊,0.7306474048998964
湠,滍,0.7282179725376057
