char1,char2,similarity
湚,湚,1.0
湚,渢,0.7828828474154733
湚,減,0.7328945578951448
湚,滼,0.730910695390331
湚,濿,0.7272758713517615
湚,漏,0.7191920039623945
湚,溵,0.7188691148332992
湚,凧,0.7187227506991092
湚,澁,0.718527946878804
湚,湌,0.7172133260513902
