char1,char2,similarity
湝,湝,1.0
湝,堦,0.8344454479879391
湝,瑎,0.8066964605745064
湝,媘,0.7896185562714587
湝,澘,0.7846735509661266
湝,谐,0.7831948590576391
湝,湆,0.7796384539275764
湝,喈,0.7763498280091029
湝,渞,0.7755938034477958
湝,潽,0.7723156426164911
