char1,char2,similarity
湤,湤,1.0
湤,漩,0.7229890114113303
湤,溎,0.721823056183989
湤,淝,0.7179844333746819
湤,渊,0.7140359004954094
湤,暆,0.7074784461759887
湤,漲,0.6976440425155758
湤,潂,0.6956064951545502
湤,湐,0.6936152545903523
湤,潊,0.693294232921676
