char1,char2,similarity
湧,湧,1.0
湧,潩,0.7612336677911058
湧,湨,0.7599741893073643
湧,湏,0.7471799085813446
湧,溑,0.7470028479097666
湧,渜,0.7457302825997526
湧,溭,0.7454005908799498
湧,潠,0.7378858697385468
湧,湢,0.734848927070875
湧,洋,0.7308306423834421
