char1,char2,similarity
湭,湭,1.0
湭,渞,0.801721531693071
湭,偤,0.7946338710621785
湭,湴,0.763147338379369
湭,洎,0.7510543737085199
湭,澑,0.7469928822406879
湭,湳,0.741449606028982
湭,涓,0.7289243517269085
湭,涌,0.7286812445451304
湭,沛,0.728276257497328
