char1,char2,similarity
湩,湩,1.0
湩,渾,0.771072511734228
湩,溋,0.7688588056680118
湩,煄,0.760125595348895
湩,漌,0.758342552354028
湩,溗,0.756248519224353
湩,湦,0.7535739069238914
湩,湼,0.752670797542912
湩,堹,0.7525818567455708
湩,偅,0.7516149673202093
