char1,char2,similarity
湦,湦,1.0
湦,湡,0.7696809923407183
湦,湣,0.7679872216613727
湦,浭,0.7633203736390425
湦,濹,0.7584982802080716
湦,泹,0.7549464590103958
湦,浘,0.7540371858431293
湦,淉,0.753687093707884
湦,湩,0.7535739069238914
湦,湼,0.7496704433996189
