char1,char2,similarity
湥,湥,1.0
湥,漥,0.7885997732014743
湥,漺,0.7756337991590964
湥,湸,0.7663902115358839
湥,湀,0.7607712435495252
湥,淁,0.756883805923603
湥,浃,0.7566310627442407
湥,渷,0.7564275860078946
湥,汉,0.755748342073452
湥,溛,0.754107868954031
