char1,char2,similarity
湴,湴,1.0
湴,溢,0.7681542544990715
湴,湭,0.763147338379369
湴,洫,0.7490279789871535
湴,迸,0.7448142882070471
湴,溔,0.7446104669801922
湴,渄,0.7383839126622994
湴,漣,0.7371769548267405
湴,滋,0.7351386515930787
湴,进,0.7337984034318376
