char1,char2,similarity
湮,湮,1.0
湮,凐,0.8405146111273274
湮,迺,0.7700451239545428
湮,逥,0.7585903050054228
湮,堙,0.7529773957460484
湮,洹,0.7442650477958116
湮,澶,0.7439603952759414
湮,迴,0.7356509137997246
湮,迵,0.7354660716019665
湮,埋,0.7289704725275384
