char1,char2,similarity
湲,湲,1.0
湲,谖,0.7982231099748679
湲,援,0.7734656018700404
湲,溭,0.7565009016675188
湲,喛,0.7505995519447949
湲,浸,0.7466199056962398
湲,涭,0.7436203691836464
湲,煖,0.7403496162890577
湲,滒,0.739038462965507
湲,漞,0.7387297674720215
