char1,char2,similarity
湵,湵,1.0
湵,渼,0.7799623630615431
湵,洟,0.7631793018053729
湵,溑,0.7481434100469411
湵,漠,0.7456196740255703
湵,湅,0.7448329833207943
湵,洖,0.7447987999077876
湵,渙,0.7387758302566333
湵,潢,0.7377328178539099
湵,湙,0.7364845395554622
