char1,char2,similarity
湯,湯,1.0
湯,啺,0.7876017018797455
湯,場,0.7613515416214063
湯,煬,0.7509784108193296
湯,滉,0.7492812634329833
湯,溻,0.7417096185066049
湯,楊,0.7411578649328161
湯,濕,0.7404221626388052
湯,渇,0.733005781655896
湯,渦,0.7293013032384712
