char1,char2,similarity
湰,湰,1.0
湰,渿,0.7603761536215461
湰,隆,0.7575251460024013
湰,漌,0.7541666282479247
湰,淔,0.7486250940068409
湰,灅,0.7471752045801593
湰,湼,0.7461460544952438
湰,涤,0.7456514383147395
湰,漄,0.7445735562435517
湰,澕,0.7416905841117245
