char1,char2,similarity
湱,湱,1.0
湱,淸,0.7748603321728491
湱,渞,0.7586385186771203
湱,湷,0.756317125292504
湱,泻,0.7548742864350582
湱,溒,0.7489731735931437
湱,湝,0.7489688065728053
湱,淒,0.747767137653163
湱,涄,0.7462652870151019
湱,淨,0.7450542280448613
