char1,char2,similarity
湾,湾,1.0
湾,淹,0.7514334387177355
湾,肓,0.7392094956935791
湾,澚,0.7370975445975625
湾,河,0.7369456567971914
湾,演,0.7330685692482289
湾,済,0.73169083730831
湾,污,0.7310138429698803
湾,焪,0.7292343509726411
湾,渻,0.7287481712898359
