char1,char2,similarity
湸,湸,1.0
湸,滈,0.8243092958394758
湸,渟,0.8194782322264091
湸,湊,0.8004419647340628
湸,滖,0.7913080919509476
湸,淒,0.7907308911019494
湸,涜,0.7887981528555222
湸,渷,0.7873558544265171
湸,滰,0.7760343399853317
湸,湥,0.7663902115358839
