char1,char2,similarity
湹,湹,1.0
湹,淈,0.7806858094762461
湹,洭,0.7618059008826153
湹,潳,0.7606016927152792
湹,溼,0.7497518827661829
湹,派,0.7470057720739502
湹,瀝,0.7409723523446341
湹,湢,0.739466827531452
湹,涽,0.7393410157793746
湹,滣,0.7390948635258124
