char1,char2,similarity
湻,湻,1.0
湻,湆,0.7970928126411845
湻,涥,0.7939960447662298
湻,湷,0.7801609340839375
湻,淿,0.7755942612444974
湻,滀,0.7746432626313501
湻,淁,0.7697453808266848
湻,湶,0.7694163151930269
湻,濇,0.7643987251825575
湻,溩,0.7640015836016194
