char1,char2,similarity
溁,溁,1.0
溁,湅,0.7895151350692053
溁,洓,0.7718669401444117
溁,滦,0.7561003029412441
溁,渧,0.7524709816154778
溁,滳,0.751642603022468
溁,涑,0.751240555875927
溁,濼,0.7511802515080095
溁,湶,0.7447519541433878
溁,涕,0.7433748364050042
