char1,char2,similarity
溄,溄,1.0
溄,滍,0.7503956408678076
溄,涼,0.7463635881150742
溄,潭,0.7432225771946286
溄,潉,0.743165427216111
溄,溗,0.7419117934685879
溄,渧,0.7355172084163928
溄,漅,0.7322242104035297
溄,洡,0.7322160492188154
溄,浶,0.7316973087570353
