char1,char2,similarity
溆,溆,1.0
溆,漵,0.7995857295000574
溆,淑,0.7727152495210127
溆,潋,0.7451392020664379
溆,潊,0.7451032003103781
溆,潄,0.7378933112556243
溆,漖,0.7206815729812618
溆,激,0.7107633220833058
溆,墩,0.7100649344076745
溆,澂,0.7083683700338055
