char1,char2,similarity
溊,溊,1.0
溊,假,0.7698760973162402
溊,潈,0.7324239332478988
溊,涰,0.730612431575202
溊,涡,0.7305397625728354
溊,溭,0.7273589899775833
溊,溺,0.7266345979703327
溊,澖,0.7266319886360788
溊,濔,0.7240792410946344
溊,溵,0.7221349528752614
