char1,char2,similarity
溋,溋,1.0
溋,濫,0.7898390208581384
溋,湩,0.7688588056680118
溋,湼,0.7632754927294814
溋,淂,0.7334739522744119
溋,湜,0.7295142565438885
溋,溔,0.7284351599123023
溋,渜,0.727993700066563
溋,渭,0.7259094953517218
溋,溫,0.7244184805801738
