char1,char2,similarity
溇,溇,1.0
溇,涹,0.8133247252824569
溇,淁,0.8099385284593331
溇,潾,0.7732034555007126
溇,浽,0.7661369601967328
溇,漛,0.747802201152648
溇,湀,0.7428960930005749
溇,湥,0.7386566424354418
溇,倭,0.736845668838848
溇,潻,0.7356748395008325
