char1,char2,similarity
溃,溃,1.0
溃,渍,0.8442002286790625
溃,清,0.7837233505035124
溃,啧,0.7819212111772808
溃,债,0.7799463175964247
溃,愦,0.7613991691866567
溃,湊,0.7585073777871473
溃,淸,0.7535674114264292
溃,溴,0.7459006781110414
溃,滇,0.7430404586650707
