char1,char2,similarity
溕,溕,1.0
溕,溭,0.7423260784812382
溕,漽,0.7373062807949208
溕,湨,0.7334664731052107
溕,潈,0.7316071391027074
溕,滆,0.7284994518300235
溕,滒,0.7283361563605274
溕,涀,0.7278824963898242
溕,渭,0.7267154011463276
溕,湧,0.7256381957081062
