char1,char2,similarity
溔,溔,1.0
溔,湴,0.7446104669801922
溔,湩,0.7396888669089392
溔,溌,0.7332519765418756
溔,涚,0.7314907822517634
溔,滛,0.7312042570882203
溔,涘,0.7306747557506664
溔,湈,0.7290938386035799
溔,溋,0.7284351599123023
溔,濫,0.7230064517309504
