char1,char2,similarity
溒,溒,1.0
溒,滖,0.8063584108174158
溒,滾,0.7975847317086373
溒,淒,0.7748617105090931
溒,溙,0.7741885859398465
溒,湷,0.7697130278058534
溒,滚,0.7684210878625377
溒,湋,0.7672708757293839
溒,滈,0.7630717540659656
溒,湊,0.7615124542421866
