char1,char2,similarity
源,源,1.0
源,渥,0.7677103167901383
源,湄,0.7413662894655182
源,溏,0.7217904868900137
源,涿,0.7182087494273308
源,湹,0.7162525142291656
源,淠,0.7139139559416244
源,溕,0.7121096884137939
源,滹,0.710596284954894
源,混,0.7086156963500917
