char1,char2,similarity
溌,溌,1.0
溌,湀,0.8352624831434619
溌,涜,0.7495510306111424
溌,湸,0.7438741477039295
溌,渷,0.7428607668309203
溌,渀,0.7404927947913813
溌,涚,0.7383493424366664
溌,湥,0.7383447967506968
溌,滉,0.7357893522667681
溌,澆,0.7341438922788832
