char1,char2,similarity
溙,溙,1.0
溙,湷,0.7928100008501583
溙,湊,0.7815578562703509
溙,溒,0.7741885859398465
溙,溹,0.7692779347175467
溙,湶,0.7624060243486878
溙,傣,0.7599612980703085
溙,滖,0.7589695861322625
溙,漛,0.7578809422745816
溙,漆,0.7555076710692774
