char1,char2,similarity
溛,溛,1.0
溛,漥,0.7819115328095084
溛,潌,0.7640074148347443
溛,湥,0.754107868954031
溛,溙,0.7523166403252607
溛,滱,0.7503464670949697
溛,流,0.7475930647896156
溛,溹,0.74749292836177
溛,滵,0.7470460469184239
溛,浐,0.7465628499275323
