char1,char2,similarity
溟,溟,1.0
溟,凕,0.8245111842240685
溟,漠,0.7678799951407437
溟,嫇,0.7455983385073558
溟,溴,0.7447113555903172
溟,塻,0.7403029737562173
溟,湏,0.7335767190896771
溟,慏,0.7306113032347504
溟,洹,0.7222990441232533
溟,谟,0.7196236761528294
