char1,char2,similarity
溚,溚,1.0
溚,塔,0.7906466327123594
溚,渃,0.7655737840985347
溚,洧,0.7614391920171782
溚,渞,0.7583464077828141
溚,澘,0.7542441247855014
溚,泔,0.7470535356997859
溚,湆,0.7423991946496711
溚,浴,0.74066995775852
溚,潽,0.7395932069385205
