char1,char2,similarity
準,準,1.0
準,凖,0.755991508193978
準,芈,0.7467766987301755
準,卒,0.7464883843954427
準,寜,0.7415253123621732
準,旱,0.7413663288402664
準,氒,0.7355666161602707
準,羊,0.7325749689535522
準,孪,0.7319015601514332
準,罕,0.728580386564591
