char1,char2,similarity
溞,溞,1.0
溞,湏,0.7705150884596869
溞,滍,0.7676784535612181
溞,搔,0.7641536828592569
溞,湢,0.7620489580295917
溞,慅,0.7603621660465191
溞,淐,0.7536687452335088
溞,溍,0.7480334465438693
溞,涢,0.7423179143734712
溞,澋,0.7398369626942454
