char1,char2,similarity
溠,溠,1.0
溠,傞,0.7749970737421183
溠,搓,0.7561197871389295
溠,嗟,0.7488469212199066
溠,溬,0.7437093689623004
溠,澅,0.7408592693476465
溠,泞,0.7372294631184395
溠,漄,0.7367943131984412
溠,漜,0.7336520288068523
溠,湴,0.7328564628021184
