char1,char2,similarity
溣,溣,1.0
溣,滫,0.7520940532076276
溣,洇,0.7348934458785964
溣,湍,0.733193263990741
溣,滴,0.727123412670589
溣,灁,0.7198634172835209
溣,濶,0.7189087289265655
溣,润,0.7170466586418867
溣,涸,0.7160126660475162
溣,尬,0.7152630565669017
