char1,char2,similarity
溤,溤,1.0
溤,湢,0.7717760248041939
溤,涓,0.7648601940725039
溤,渨,0.7598496940324923
溤,澙,0.7582024665469639
溤,湡,0.7567189358353625
溤,淐,0.7560944563100808
溤,湏,0.7531012798154142
溤,滆,0.7525618005745449
溤,湂,0.7513147239208816
