char1,char2,similarity
溨,溨,1.0
溨,渽,0.8630363588602847
溨,涐,0.8004593567404319
溨,漃,0.7484387403364342
溨,減,0.7413667071517962
溨,滅,0.7382929229384548
溨,潄,0.7372925848888836
溨,澵,0.7282291668273174
溨,漖,0.7282000294297699
溨,滶,0.7230330027210694
