char1,char2,similarity
溬,溬,1.0
溬,溾,0.7955008470814393
溬,嗴,0.7542806538745553
溬,満,0.7448506347184167
溬,湅,0.744220498071602
溬,溠,0.7437093689623004
溬,涼,0.7399326031441732
溬,涚,0.7382254654279585
溬,涗,0.7374746149990751
溬,溓,0.7374565430218407
