char1,char2,similarity
溫,溫,1.0
溫,慍,0.8049065678128984
溫,濜,0.7649820825710409
溫,浥,0.7568299045976578
溫,湨,0.7472971897124667
溫,涀,0.7444773145506519
溫,愠,0.7422045871845854
溫,滉,0.7405711527918435
溫,漞,0.7402075350284798
溫,淏,0.7383864396402715
