char1,char2,similarity
溭,溭,1.0
溭,谡,0.8281292228076097
溭,湲,0.7565009016675188
溭,湨,0.7552805659199322
溭,渨,0.749274359890488
溭,惾,0.7471056942908978
溭,湧,0.7454005908799498
溭,浸,0.7441752062591225
溭,渂,0.7431820425990007
溭,溕,0.7423260784812382
