char1,char2,similarity
溳,溳,1.0
溳,熉,0.7926100825057325
溳,涢,0.7903814335343782
溳,損,0.7813819240173131
溳,澴,0.758317743223262
溳,隕,0.7576445721663887
溳,浿,0.7572391178300857
溳,塤,0.7561308575769115
溳,湏,0.7548073922471272
溳,愪,0.7536068873528907
