char1,char2,similarity
溴,溴,1.0
溴,嗅,0.7746056217476913
溴,澳,0.7703854888094399
溴,漠,0.7641345760682666
溴,淒,0.7640136369950875
溴,搝,0.7624444719977692
溴,渍,0.7615476346382681
溴,湸,0.7553474282501434
溴,湊,0.7496745995043651
溴,滜,0.7481131712231863
