char1,char2,similarity
溽,溽,1.0
溽,潯,0.7179579624412429
溽,滣,0.7130626796479336
溽,游,0.7111768838773622
溽,濿,0.709131128896215
溽,嗕,0.708820362078983
溽,漏,0.7066058176231259
溽,澐,0.7048257793315992
溽,澪,0.7047760581009584
溽,瀝,0.7005975006823517
