char1,char2,similarity
溶,溶,1.0
溶,傛,0.8000961647461248
溶,愹,0.744602856746498
溶,塎,0.7401799498306563
溶,湷,0.7273410424557535
溶,湇,0.7224469647762384
溶,溥,0.7198988696171911
溶,渚,0.7183045177819564
溶,洽,0.7180441837562118
溶,庰,0.7170502007131967
