char1,char2,similarity
溺,溺,1.0
溺,洞,0.7588648766850031
溺,刚,0.7325163913560068
溺,扇,0.7320760213054517
溺,溊,0.7266345979703327
溺,酒,0.7259511914223601
溺,愵,0.7222593081975142
溺,湮,0.7185123293475923
溺,词,0.7177065643481088
溺,汹,0.716667885137074
