char1,char2,similarity
溼,溼,1.0
溼,浧,0.8016871974709212
溼,浬,0.7851812868367521
溼,湼,0.7648989792918676
溼,浢,0.7609322391585358
溼,湜,0.757002128233309
溼,湢,0.7555202314491773
溼,洹,0.7527069622726384
溼,湹,0.7497518827661829
溼,洭,0.749434637367871
