char1,char2,similarity
滀,滀,1.0
滀,傗,0.7988359423413516
滀,搐,0.7928234526747394
滀,淔,0.7749344307031963
滀,湻,0.7746432626313501
滀,渲,0.7635272618917948
滀,湆,0.7603129042974888
滀,慉,0.7583020143016919
滀,滝,0.7580856833961543
滀,濇,0.755821676036279
