char1,char2,similarity
滁,滁,1.0
滁,駼,0.7277107530951439
滁,賖,0.7210086950389425
滁,濻,0.7118114742637107
滁,艅,0.7034537852537883
滁,慦,0.7012318929080904
滁,餘,0.6951672491395204
滁,廿,0.6942435197362229
滁,祘,0.6942221441961308
滁,矜,0.6931660002566955
