char1,char2,similarity
溾,溾,1.0
溾,溬,0.7955008470814393
溾,隗,0.7888248924436883
溾,傀,0.7647879649474202
溾,渒,0.764772697312341
溾,愧,0.7568874795287258
溾,溩,0.7500764060562692
溾,湅,0.7425785698249489
溾,涴,0.7417439882064091
溾,淭,0.7417349978942986
