char1,char2,similarity
滇,滇,1.0
滇,傎,0.8237275747316857
滇,填,0.8026025002715815
滇,嗔,0.7816989712139618
滇,搷,0.7750373774226245
滇,慎,0.7708809576421048
滇,渍,0.7642613454682565
滇,缜,0.7505170652471038
滇,滨,0.7436071119501285
滇,溃,0.7430404586650707
