char1,char2,similarity
滑,滑,1.0
滑,湑,0.7589534066866581
滑,浳,0.7582144406067877
滑,淂,0.7575384003806784
滑,渭,0.7571944527008239
滑,滒,0.7556907190883516
滑,愲,0.7407273855804066
滑,峟,0.739703341287135
滑,淯,0.7382508137356848
滑,谓,0.7362248137027171
