char1,char2,similarity
滐,滐,1.0
滐,傑,0.8015481305521683
滐,湈,0.7899515381202898
滐,濚,0.7642570313849844
滐,渿,0.7636214396468443
滐,湅,0.7533428736339552
滐,潗,0.7479189778529407
滐,濼,0.7464608481226278
滐,涤,0.7436283921596928
滐,灤,0.7397236133285456
