char1,char2,similarity
滎,滎,1.0
滎,禜,0.7815508593462343
滎,澩,0.759349171714289
滎,煢,0.7540103707732896
滎,洯,0.7483647940381705
滎,熒,0.741906493542044
滎,罃,0.7371050211141169
滎,漀,0.7342351773076812
滎,犖,0.7245755170294069
滎,条,0.7215207994382721
