char1,char2,similarity
滍,滍,1.0
滍,嗤,0.8170975380644193
滍,湢,0.7686973184084044
滍,溞,0.7676784535612181
滍,浦,0.7544492863460046
滍,澏,0.7531606346932636
滍,溄,0.7503956408678076
滍,進,0.744695993819857
滍,湌,0.7446823879507336
滍,涾,0.744538322122154
