char1,char2,similarity
滌,滌,1.0
滌,滫,0.7566755344430811
滌,滟,0.7148094467332513
滌,溣,0.7114512784117274
滌,津,0.7053974198413457
滌,潤,0.7003776605542446
滌,滴,0.6991562700262962
滌,浺,0.6969606507972538
滌,涛,0.6964753603041531
滌,漶,0.6937172005570044
