char1,char2,similarity
滈,滈,1.0
滈,傐,0.8447929960302059
滈,湸,0.8243092958394758
滈,塙,0.7955104252061155
滈,涥,0.7945725337378794
滈,涜,0.7892865910052769
滈,滳,0.7795754402049841
滈,滖,0.7769386647351165
滈,嗃,0.7761629160546415
滈,淒,0.7679835191098406
