char1,char2,similarity
滊,滊,1.0
滊,愾,0.7801791815196476
滊,溸,0.7550370602587283
滊,漈,0.7325041554661742
滊,沶,0.7271790406979972
滊,溾,0.724061829478847
滊,渧,0.7238143875297756
滊,澭,0.7224031340126721
滊,湪,0.7223100348815362
滊,汍,0.722251300411879
