char1,char2,similarity
滒,滒,1.0
滒,淂,0.762348703793913
滒,滭,0.7557617722064836
滒,滑,0.7556907190883516
滒,湨,0.7456588202859233
滒,潬,0.7447665178961865
滒,浸,0.7445513685187825
滒,湣,0.7427873260615082
滒,浯,0.7414498982459022
滒,湑,0.7401010541685906
