char1,char2,similarity
滓,滓,1.0
滓,涬,0.8054002833884262
滓,淖,0.7801772246170148
滓,浑,0.7685445471371075
滓,漥,0.7609366187649451
滓,泸,0.7516570700035036
滓,泽,0.7511988226605604
滓,滵,0.7506688687918219
滓,湥,0.7485112509709546
滓,濘,0.7450017179199035
