char1,char2,similarity
滖,滖,1.0
滖,溒,0.8063584108174158
滖,湸,0.7913080919509476
滖,滾,0.7812545107300662
滖,滈,0.7769386647351165
滖,湇,0.774729504771675
滖,湊,0.7629114131014374
滖,滚,0.7615146195234527
滖,涥,0.7611610032172443
滖,湷,0.7602016958675404
