char1,char2,similarity
滕,滕,1.0
滕,媵,0.7957274215822275
滕,榺,0.770372326596115
滕,膘,0.7378565029290762
滕,幐,0.7365917618709698
滕,腾,0.7271238005421524
滕,腂,0.7217961797789327
滕,膆,0.7210800584493215
滕,臊,0.7200333462700167
滕,塍,0.7186714752458504
