char1,char2,similarity
滚,滚,1.0
滚,滾,0.8025581701169275
滚,溒,0.7684210878625377
滚,滖,0.7615146195234527
滚,湌,0.7413475909813336
滚,瀤,0.7361266957724965
滚,渷,0.7352043913757854
滚,湇,0.728410920973566
滚,溹,0.726277811641476
滚,偯,0.7258614039893679
