char1,char2,similarity
滜,滜,1.0
滜,渟,0.7816124368076884
滜,湸,0.7539117279542354
滜,渒,0.7534314254407366
滜,湇,0.7520102202630261
滜,滝,0.7510019435204885
滜,溙,0.7505300395882195
滜,湋,0.750279611069458
滜,溒,0.7481734948365177
滜,溴,0.7481131712231863
