char1,char2,similarity
滣,滣,1.0
滣,滘,0.793935934368502
滣,潳,0.7553012713494593
滣,湢,0.7478669505307957
滣,涒,0.7474991050133459
滣,滭,0.7442926970269087
滣,漘,0.7404779778640708
滣,漊,0.7394201978272907
滣,湹,0.7390948635258124
滣,滒,0.7341906921505481
