char1,char2,similarity
滝,滝,1.0
滝,湇,0.7750323655488356
滝,滀,0.7580856833961543
滝,淯,0.7555454172959658
滝,渿,0.7552878946336965
滝,漌,0.7510298166065668
滝,滜,0.7510019435204885
滝,淔,0.7418751367443212
滝,澝,0.7411601981697576
滝,涬,0.7383983999340671
