char1,char2,similarity
滢,滢,1.0
滢,庖,0.7373990102253534
滢,潸,0.7372547072839183
滢,渲,0.7364371254726175
滢,遆,0.7347226360202082
滢,溘,0.7332450561462632
滢,溬,0.7297125288611871
滢,漜,0.7266410763448109
滢,滏,0.722936600204233
滢,盍,0.7218472788863659
