char1,char2,similarity
滥,滥,1.0
滥,洫,0.7751425505569647
滥,温,0.7444933436146285
滥,洮,0.7313871780081102
滥,湓,0.7192028862751848
滥,溢,0.7190277070620118
滥,泓,0.7175440465134905
滥,涯,0.7156289938293687
滥,湴,0.7134198633006679
滥,淤,0.7130726500885931
