char1,char2,similarity
滤,滤,1.0
滤,灖,0.7329631862715592
滤,淲,0.7245246967264285
滤,滅,0.7150229058693517
滤,澳,0.7143438138929838
滤,俿,0.7139141063884511
滤,瀉,0.7124511049641218
滤,泻,0.7124044274652542
滤,澽,0.7085577460841216
滤,谑,0.7082007870917303
