char1,char2,similarity
滟,滟,1.0
滟,艷,0.7301443613657977
滟,北,0.7232606302581482
滟,滌,0.7148094467332513
滟,骲,0.7076846183498852
滟,苝,0.7058871378273447
滟,浺,0.7051268173370369
滟,灗,0.7022084042869162
滟,亚,0.6989091812582072
滟,潲,0.698715294777785
