char1,char2,similarity
滬,滬,1.0
滬,瀇,0.7937876237610884
滬,澺,0.7844849654624669
滬,漗,0.7730377794148302
滬,漌,0.7573354988266792
滬,淭,0.7525440110744424
滬,淚,0.7494382973128246
滬,漶,0.7466988008950287
滬,滻,0.7451309950905749
滬,漄,0.7399233885202572
