char1,char2,similarity
滦,滦,1.0
滦,溁,0.7561003029412441
滦,湅,0.7385745084924744
滦,湶,0.7374001659038446
滦,涂,0.736014229424702
滦,淎,0.7339676953554466
滦,濼,0.7290557070833295
滦,滐,0.7280136415348045
滦,涑,0.7272518979613133
滦,渿,0.7250524588462302
