char1,char2,similarity
滪,滪,1.0
滪,澦,0.7929483695398114
滪,灏,0.7471527737529164
滪,灝,0.7376343929238051
滪,漒,0.7326836435636596
滪,瀩,0.729276207632224
滪,漲,0.7269807135868812
滪,瀬,0.7240400664571756
滪,滘,0.721458863809013
滪,澑,0.7189523222114304
