char1,char2,similarity
滨,滨,1.0
滨,傧,0.7615124767798078
滨,湞,0.750294986475602
滨,湥,0.7487740199496227
滨,滇,0.7436071119501285
滨,淒,0.7342192466365041
滨,演,0.7330293480173421
滨,溴,0.7327091786773237
滨,滱,0.7323047037327954
滨,淇,0.7318536368980944
