char1,char2,similarity
滩,滩,1.0
滩,潍,0.8037579647391775
滩,濉,0.77518984603782
滩,滞,0.7139810958460839
滩,雡,0.7059433410380646
滩,離,0.7058683450413022
滩,雔,0.7026779954170886
滩,傩,0.6970608791407517
滩,醀,0.6935431884413339
滩,雞,0.6885838694079963
