char1,char2,similarity
滱,滱,1.0
滱,洈,0.7520902158063536
滱,滰,0.7518981696960767
滱,溛,0.7503464670949697
滱,澝,0.7460398282027448
滱,涴,0.7456633522566998
滱,漨,0.7410658756157618
滱,漁,0.7402159728993766
滱,渲,0.740199944002431
滱,滵,0.7391113301043664
