char1,char2,similarity
滴,滴,1.0
滴,滳,0.8007691153561092
滴,谪,0.794482215561928
滴,淌,0.7628056131736007
滴,湸,0.7555534400980662
滴,墑,0.7540857325321028
滴,滈,0.7476901218979892
滴,滻,0.7458587946618582
滴,澫,0.7414915200521559
滴,濶,0.7376701551791076
