char1,char2,similarity
滰,滰,1.0
滰,傹,0.7936723898210012
滰,璄,0.783459832982865
滰,澺,0.778855670236022
滰,摬,0.7777869586792256
滰,湸,0.7760343399853317
滰,渷,0.7660101861512689
滰,漞,0.7644778832512567
滰,境,0.7627574086808018
滰,溑,0.7624151431091207
