char1,char2,similarity
滷,滷,1.0
滷,涵,0.742195603773897
滷,泸,0.7398920096052118
滷,滴,0.7371210006373012
滷,涧,0.72041791574719
滷,滳,0.7201419237832457
滷,满,0.7165967952054769
滷,浈,0.7157326548767057
滷,淊,0.7151588726259576
滷,滿,0.713724114499891
