char1,char2,similarity
滺,滺,1.0
滺,漗,0.7632126162591979
滺,淴,0.734386608915347
滺,滬,0.7256411016305371
滺,漶,0.7198856782848964
滺,湺,0.7092000319952634
滺,涬,0.7091115958185997
滺,溾,0.7070906269433754
滺,漚,0.7057394824505998
滺,泲,0.7048020460684652
