char1,char2,similarity
滽,滽,1.0
滽,傭,0.8117435852476357
滽,慵,0.7988668466590773
滽,漮,0.753425671574493
滽,滻,0.7446846423715228
滽,滵,0.7376271372897721
滽,漗,0.7333504273209753
滽,嘃,0.7326920196424325
滽,溩,0.730885700584652
滽,镛,0.7298276708037129
