char1,char2,similarity
漃,漃,1.0
漃,潡,0.7530759619905276
漃,涳,0.7493378487307519
漃,溨,0.7484387403364342
漃,湅,0.7477622207804442
漃,湆,0.7430726196843992
漃,溒,0.7379225110095001
漃,渲,0.7352529108357649
漃,浓,0.734205276497698
漃,渽,0.7331096400538623
