char1,char2,similarity
漁,漁,1.0
漁,渙,0.7513209854762459
漁,滱,0.7402159728993766
漁,洈,0.7377576683901261
漁,湼,0.7345403340824355
漁,渼,0.7339603985068833
漁,渹,0.7319442496932426
漁,滰,0.7317568632592449
漁,浄,0.7314692687525991
漁,滃,0.7296350135862705
