char1,char2,similarity
漇,漇,1.0
漇,漎,0.8659358883706979
漇,澓,0.7410630545441985
漇,嘥,0.7367706402709744
漇,滳,0.7361417353641714
漇,渉,0.7284415093363573
漇,溎,0.7282340042590842
漇,浾,0.7273963975137197
漇,湙,0.7257582845485855
漇,洏,0.7251816190597061
