char1,char2,similarity
漄,漄,1.0
漄,滻,0.7717562984390993
漄,嘊,0.7557106182818275
漄,湰,0.7445735562435517
漄,漨,0.7400780679007264
漄,滬,0.7399233885202572
漄,溠,0.7367943131984412
漄,潱,0.7366331555773354
漄,渲,0.7353916086653697
漄,渭,0.7306394683606294
