char1,char2,similarity
漈,漈,1.0
漈,湅,0.7402843065673363
漈,涼,0.7393830090581299
漈,湶,0.7368514897735722
漈,湈,0.735142111795585
漈,溗,0.7333326381426865
漈,滊,0.7325041554661742
漈,傺,0.7285805608470117
漈,濴,0.7285800600376623
漈,渿,0.728420637463851
