char1,char2,similarity
漆,漆,1.0
漆,溙,0.7555076710692774
漆,淳,0.7171911379350456
漆,埭,0.716325447237294
漆,凍,0.7126661759274908
漆,渁,0.7118130817650536
漆,涞,0.7108852178746522
漆,溸,0.7054426248876241
漆,湶,0.7051442350362445
漆,潦,0.7046341042900564
